0	0	0	0	0	0
64	0	0	63	0	0
128	0	0	129	0	0
192	0	0	196	0	0
256	0	0	261	0	0
320	0	0	327	0	0
384	0	0	392	0	0
448	0	0	455	0	0
512	0	0	517	0	0
576	0	0	581	0	0
640	0	0	643	0	0
704	0	0	705	0	0
768	0	0	769	0	0
832	0	0	833	0	0
896	0	0	896	0	0
960	0	0	959	0	0
1023	0	0	1019	0	0
0	64	0	0	63	0
64	64	0	63	63	0
128	64	0	129	63	0
192	64	0	196	63	0
256	64	0	260	63	0
320	64	0	327	63	0
384	64	0	392	63	0
448	64	0	455	63	0
512	64	0	517	63	0
576	64	0	581	63	0
640	64	0	643	63	0
704	64	0	705	63	0
768	64	0	769	63	0
832	64	0	833	63	0
896	64	0	896	63	0
960	64	0	959	63	0
1023	64	0	1019	63	0
0	128	0	0	125	0
64	128	0	63	125	0
128	128	0	129	125	0
192	128	0	195	125	0
256	128	0	260	125	0
320	128	0	326	125	0
384	128	0	392	125	0
448	128	0	454	125	0
512	128	0	516	125	0
576	128	0	581	125	0
640	128	0	642	125	0
704	128	0	704	125	0
768	128	0	769	125	0
832	128	0	832	125	0
896	128	0	895	125	0
960	128	0	958	125	0
1023	128	0	1019	125	0
0	192	0	0	188	0
64	192	0	63	188	0
128	192	0	129	188	0
192	192	0	195	188	0
256	192	0	260	188	0
320	192	0	326	188	0
384	192	0	391	188	0
448	192	0	454	188	0
512	192	0	515	188	0
576	192	0	580	188	0
640	192	0	641	188	0
704	192	0	703	188	0
768	192	0	768	188	0
832	192	0	831	188	0
896	192	0	895	188	0
960	192	0	958	188	0
1023	192	0	1018	188	0
0	256	0	0	249	0
64	256	0	63	249	0
128	256	0	129	249	0
192	256	0	194	249	0
256	256	0	259	250	0
320	256	0	325	250	0
384	256	0	390	250	0
448	256	0	453	250	0
512	256	0	514	250	0
576	256	0	578	250	0
640	256	0	640	250	0
704	256	0	701	250	0
768	256	0	766	250	0
832	256	0	830	250	0
896	256	0	893	250	0
960	256	0	957	250	0
1023	256	0	1017	249	0
0	320	0	0	311	0
64	320	0	63	311	0
128	320	0	128	311	0
192	320	0	193	312	0
256	320	0	258	312	0
320	320	0	324	313	0
384	320	0	389	313	0
448	320	0	452	313	0
512	320	0	513	313	0
576	320	0	577	313	0
640	320	0	638	313	0
704	320	0	700	313	0
768	320	0	765	313	0
832	320	0	828	312	0
896	320	0	892	312	0
960	320	0	956	312	0
1023	320	0	1016	312	0
0	384	0	0	373	0
64	384	0	63	373	0
128	384	0	128	373	0
192	384	0	193	374	0
256	384	0	258	375	0
320	384	0	323	375	0
384	384	0	389	375	0
448	384	0	451	375	0
512	384	0	512	375	0
576	384	0	576	375	0
640	384	0	637	375	0
704	384	0	699	375	0
768	384	0	764	375	0
832	384	0	827	374	0
896	384	0	890	374	0
960	384	0	955	375	0
1023	384	0	1015	374	0
0	448	0	0	435	0
64	448	0	63	435	0
128	448	0	128	435	0
192	448	0	193	436	0
256	448	0	258	436	0
320	448	0	323	437	0
384	448	0	389	438	0
448	448	0	451	437	0
512	448	0	511	437	0
576	448	0	575	437	0
640	448	0	637	437	0
704	448	0	698	437	0
768	448	0	762	436	0
832	448	0	826	436	0
896	448	0	889	436	0
960	448	0	954	436	0
1023	448	0	1015	436	0
0	512	0	0	497	0
64	512	0	63	497	0
128	512	0	128	497	0
192	512	0	193	498	0
256	512	0	258	498	0
320	512	0	323	498	0
384	512	0	389	499	0
448	512	0	451	499	0
512	512	0	511	498	0
576	512	0	575	498	0
640	512	0	636	498	0
704	512	0	697	499	0
768	512	0	762	498	0
832	512	0	825	497	0
896	512	0	889	497	0
960	512	0	953	498	0
1023	512	0	1014	498	0
0	576	0	0	559	0
64	576	0	63	559	0
128	576	0	128	559	0
192	576	0	193	560	0
256	576	0	258	560	0
320	576	0	323	561	0
384	576	0	388	561	0
448	576	0	450	561	0
512	576	0	511	560	0
576	576	0	575	560	0
640	576	0	636	560	0
704	576	0	697	560	0
768	576	0	761	560	0
832	576	0	824	559	0
896	576	0	888	559	0
960	576	0	953	559	0
1023	576	0	1014	559	0
0	640	0	0	621	0
64	640	0	63	621	0
128	640	0	128	621	0
192	640	0	193	621	0
256	640	0	258	622	0
320	640	0	323	622	0
384	640	0	388	622	0
448	640	0	450	622	0
512	640	0	511	622	0
576	640	0	575	622	0
640	640	0	636	622	0
704	640	0	697	622	0
768	640	0	761	621	0
832	640	0	824	620	0
896	640	0	888	621	0
960	640	0	952	620	0
1023	640	0	1012	620	0
0	704	0	0	682	0
64	704	0	63	682	0
128	704	0	128	682	0
192	704	0	193	683	0
256	704	0	258	683	0
320	704	0	323	684	0
384	704	0	389	684	0
448	704	0	451	684	0
512	704	0	512	684	0
576	704	0	576	684	0
640	704	0	637	683	0
704	704	0	697	683	0
768	704	0	762	683	0
832	704	0	824	682	0
896	704	0	888	682	0
960	704	0	951	681	0
1023	704	0	1012	681	0
0	768	0	0	745	0
64	768	0	63	745	0
128	768	0	128	745	0
192	768	0	193	746	0
256	768	0	258	746	0
320	768	0	324	746	0
384	768	0	389	746	0
448	768	0	451	746	0
512	768	0	512	746	0
576	768	0	576	746	0
640	768	0	637	746	0
704	768	0	698	745	0
768	768	0	762	745	0
832	768	0	824	743	0
896	768	0	888	744	0
960	768	0	952	744	0
1023	768	0	1013	745	0
0	832	0	0	808	0
64	832	0	63	808	0
128	832	0	129	808	0
192	832	0	194	808	0
256	832	0	259	809	0
320	832	0	324	809	0
384	832	0	390	809	0
448	832	0	452	809	0
512	832	0	513	808	0
576	832	0	578	808	0
640	832	0	638	808	0
704	832	0	699	807	0
768	832	0	763	807	0
832	832	0	825	805	0
896	832	0	889	806	0
960	832	0	952	806	0
1023	832	0	1014	808	0
0	896	0	0	870	0
64	896	0	63	870	0
128	896	0	129	870	0
192	896	0	194	870	0
256	896	0	259	870	0
320	896	0	324	871	0
384	896	0	390	871	0
448	896	0	451	870	0
512	896	0	512	869	0
576	896	0	577	868	0
640	896	0	638	869	0
704	896	0	699	870	0
768	896	0	763	868	0
832	896	0	826	868	0
896	896	0	889	868	0
960	896	0	952	867	0
1023	896	0	1012	868	0
0	960	0	0	931	0
64	960	0	66	931	0
128	960	0	129	931	0
192	960	0	194	931	0
256	960	0	259	931	0
320	960	0	325	931	0
384	960	0	390	931	0
448	960	0	452	930	0
512	960	0	513	930	0
576	960	0	578	930	0
640	960	0	638	929	0
704	960	0	699	929	0
768	960	0	763	928	0
832	960	0	827	929	0
896	960	0	889	928	0
960	960	0	954	929	0
1023	960	0	1014	929	0
0	1023	0	23	992	0
64	1023	0	69	992	0
128	1023	0	130	992	0
192	1023	0	195	992	0
256	1023	0	260	992	0
320	1023	0	325	992	0
384	1023	0	390	992	0
448	1023	0	453	992	0
512	1023	0	514	991	0
576	1023	0	578	990	0
640	1023	0	639	990	0
704	1023	0	700	990	0
768	1023	0	765	990	0
832	1023	0	828	990	0
896	1023	0	890	989	0
960	1023	0	954	990	0
1023	1023	0	1015	990	0
0	0	64	0	0	60
64	0	64	63	0	60
128	0	64	129	0	60
192	0	64	196	0	60
256	0	64	260	0	60
320	0	64	327	0	60
384	0	64	392	0	60
448	0	64	455	0	60
512	0	64	517	0	60
576	0	64	581	0	60
640	0	64	643	0	60
704	0	64	705	0	60
768	0	64	769	0	60
832	0	64	833	0	60
896	0	64	896	0	60
960	0	64	959	0	60
1023	0	64	1019	0	60
0	64	64	0	63	63
64	64	64	63	63	63
128	64	64	129	63	60
192	64	64	195	63	60
256	64	64	260	63	60
320	64	64	327	63	60
384	64	64	392	63	60
448	64	64	454	63	60
512	64	64	517	63	60
576	64	64	581	63	60
640	64	64	643	63	60
704	64	64	705	63	60
768	64	64	769	63	60
832	64	64	833	63	60
896	64	64	895	63	60
960	64	64	959	63	60
1023	64	64	1019	63	60
0	128	64	0	125	63
64	128	64	63	125	63
128	128	64	129	125	60
192	128	64	195	125	60
256	128	64	260	125	60
320	128	64	326	125	60
384	128	64	392	125	60
448	128	64	454	125	60
512	128	64	516	125	60
576	128	64	581	125	60
640	128	64	642	125	60
704	128	64	704	125	60
768	128	64	769	125	60
832	128	64	832	125	60
896	128	64	895	125	60
960	128	64	958	125	60
1023	128	64	1019	125	60
0	192	64	0	188	63
64	192	64	63	188	63
128	192	64	129	188	60
192	192	64	195	188	60
256	192	64	260	188	60
320	192	64	326	188	60
384	192	64	391	188	60
448	192	64	453	188	60
512	192	64	515	188	60
576	192	64	580	188	60
640	192	64	641	188	60
704	192	64	703	188	60
768	192	64	767	188	60
832	192	64	831	188	60
896	192	64	894	188	60
960	192	64	958	188	60
1023	192	64	1018	188	60
0	256	64	0	249	63
64	256	64	63	249	63
128	256	64	129	249	60
192	256	64	194	250	60
256	256	64	259	250	60
320	256	64	325	250	60
384	256	64	390	250	60
448	256	64	453	250	60
512	256	64	514	251	60
576	256	64	578	251	60
640	256	64	640	250	60
704	256	64	701	250	60
768	256	64	766	250	60
832	256	64	830	250	60
896	256	64	893	250	60
960	256	64	957	250	60
1023	256	64	1017	249	60
0	320	64	0	311	63
64	320	64	63	311	63
128	320	64	128	311	63
192	320	64	193	312	60
256	320	64	258	312	60
320	320	64	324	313	60
384	320	64	389	313	60
448	320	64	451	313	60
512	320	64	513	313	60
576	320	64	577	313	60
640	320	64	638	313	60
704	320	64	700	313	60
768	320	64	764	313	60
832	320	64	828	313	60
896	320	64	892	313	60
960	320	64	956	312	60
1023	320	64	1016	312	60
0	384	64	0	373	63
64	384	64	63	373	63
128	384	64	128	374	63
192	384	64	193	374	60
256	384	64	258	375	60
320	384	64	323	375	60
384	384	64	389	376	60
448	384	64	451	376	60
512	384	64	512	375	60
576	384	64	576	375	60
640	384	64	637	375	60
704	384	64	698	375	60
768	384	64	763	375	60
832	384	64	826	375	60
896	384	64	890	375	60
960	384	64	955	375	60
1023	384	64	1015	374	60
0	448	64	0	435	63
64	448	64	63	435	63
128	448	64	128	436	63
192	448	64	193	436	63
256	448	64	258	437	60
320	448	64	323	437	60
384	448	64	389	438	60
448	448	64	451	438	60
512	448	64	511	437	60
576	448	64	575	437	60
640	448	64	637	437	60
704	448	64	698	437	60
768	448	64	762	437	60
832	448	64	826	436	60
896	448	64	889	436	60
960	448	64	954	436	60
1023	448	64	1015	436	60
0	512	64	0	497	63
64	512	64	63	497	63
128	512	64	128	497	63
192	512	64	193	498	63
256	512	64	258	498	60
320	512	64	322	499	60
384	512	64	388	499	60
448	512	64	450	499	60
512	512	64	511	499	60
576	512	64	575	498	60
640	512	64	636	499	60
704	512	64	697	499	60
768	512	64	762	498	60
832	512	64	825	498	60
896	512	64	889	497	60
960	512	64	953	498	60
1023	512	64	1014	498	60
0	576	64	0	559	63
64	576	64	63	559	63
128	576	64	128	559	63
192	576	64	193	560	63
256	576	64	258	560	63
320	576	64	322	561	60
384	576	64	388	561	60
448	576	64	450	561	60
512	576	64	511	561	60
576	576	64	575	560	60
640	576	64	636	560	60
704	576	64	697	560	60
768	576	64	761	560	60
832	576	64	824	559	60
896	576	64	888	559	60
960	576	64	952	559	60
1023	576	64	1014	560	60
0	640	64	0	621	63
64	640	64	63	621	63
128	640	64	128	621	63
192	640	64	193	621	63
256	640	64	258	622	60
320	640	64	323	623	60
384	640	64	388	622	60
448	640	64	450	622	60
512	640	64	511	622	60
576	640	64	575	622	60
640	640	64	636	622	60
704	640	64	697	622	60
768	640	64	761	621	60
832	640	64	824	620	60
896	640	64	888	621	60
960	640	64	951	620	60
1023	640	64	1012	620	60
0	704	64	0	682	63
64	704	64	63	682	63
128	704	64	128	683	63
192	704	64	193	683	63
256	704	64	258	684	63
320	704	64	323	684	60
384	704	64	388	684	60
448	704	64	451	684	60
512	704	64	512	684	60
576	704	64	576	684	60
640	704	64	636	683	60
704	704	64	697	683	60
768	704	64	762	683	60
832	704	64	824	682	60
896	704	64	888	682	60
960	704	64	951	682	60
1023	704	64	1011	682	60
0	768	64	0	745	63
64	768	64	63	745	63
128	768	64	128	745	63
192	768	64	193	746	63
256	768	64	258	746	63
320	768	64	323	747	63
384	768	64	389	746	63
448	768	64	451	746	60
512	768	64	512	746	60
576	768	64	576	746	60
640	768	64	637	746	60
704	768	64	697	745	60
768	768	64	762	745	60
832	768	64	824	744	60
896	768	64	887	744	60
960	768	64	952	744	60
1023	768	64	1013	745	63
0	832	64	0	808	63
64	832	64	63	808	63
128	832	64	128	808	63
192	832	64	194	809	63
256	832	64	259	809	63
320	832	64	324	809	63
384	832	64	389	809	60
448	832	64	452	809	60
512	832	64	513	809	60
576	832	64	577	808	60
640	832	64	638	808	60
704	832	64	699	808	60
768	832	64	763	807	60
832	832	64	824	805	60
896	832	64	888	806	60
960	832	64	952	806	60
1023	832	64	1014	808	63
0	896	64	0	870	63
64	896	64	63	870	63
128	896	64	129	870	63
192	896	64	194	870	63
256	896	64	259	870	63
320	896	64	324	871	63
384	896	64	390	871	63
448	896	64	451	870	63
512	896	64	512	869	63
576	896	64	576	869	63
640	896	64	638	870	63
704	896	64	699	870	63
768	896	64	763	868	63
832	896	64	826	868	63
896	896	64	889	868	63
960	896	64	952	868	63
1023	896	64	1012	868	63
0	960	64	0	931	63
64	960	64	66	931	63
128	960	64	129	931	63
192	960	64	194	931	63
256	960	64	259	932	63
320	960	64	325	931	63
384	960	64	390	931	63
448	960	64	452	930	63
512	960	64	513	930	63
576	960	64	577	930	63
640	960	64	638	929	63
704	960	64	699	929	63
768	960	64	763	929	60
832	960	64	826	929	63
896	960	64	889	928	63
960	960	64	953	929	63
1023	960	64	1014	929	60
0	1023	64	23	993	63
64	1023	64	69	993	63
128	1023	64	130	992	63
192	1023	64	195	992	63
256	1023	64	260	992	63
320	1023	64	325	992	63
384	1023	64	390	992	63
448	1023	64	453	992	63
512	1023	64	514	991	63
576	1023	64	578	991	63
640	1023	64	639	990	63
704	1023	64	700	990	63
768	1023	64	765	990	60
832	1023	64	827	990	60
896	1023	64	890	989	60
960	1023	64	954	990	60
1023	1023	64	1014	990	60
0	0	128	0	0	123
64	0	128	63	0	123
128	0	128	129	0	123
192	0	128	195	0	122
256	0	128	260	0	122
320	0	128	326	0	122
384	0	128	392	0	122
448	0	128	454	0	122
512	0	128	516	0	122
576	0	128	581	0	122
640	0	128	643	0	122
704	0	128	704	0	122
768	0	128	769	0	122
832	0	128	832	0	122
896	0	128	895	0	122
960	0	128	958	0	122
1023	0	128	1019	0	122
0	64	128	0	63	123
64	64	128	63	63	123
128	64	128	129	63	123
192	64	128	195	63	123
256	64	128	260	63	122
320	64	128	326	63	122
384	64	128	392	63	122
448	64	128	454	63	122
512	64	128	516	63	122
576	64	128	581	63	122
640	64	128	642	63	122
704	64	128	704	63	122
768	64	128	769	63	122
832	64	128	832	63	122
896	64	128	895	63	122
960	64	128	958	63	122
1023	64	128	1019	63	122
0	128	128	0	125	123
64	128	128	63	125	123
128	128	128	129	125	123
192	128	128	195	125	123
256	128	128	260	125	122
320	128	128	326	125	122
384	128	128	391	126	122
448	128	128	454	126	122
512	128	128	516	126	122
576	128	128	580	126	122
640	128	128	642	125	122
704	128	128	703	125	122
768	128	128	768	125	122
832	128	128	832	125	122
896	128	128	895	125	122
960	128	128	958	125	122
1023	128	128	1018	125	122
0	192	128	0	188	123
64	192	128	63	188	123
128	192	128	129	188	123
192	192	128	194	188	123
256	192	128	259	188	122
320	192	128	325	188	122
384	192	128	391	188	122
448	192	128	453	189	122
512	192	128	515	189	122
576	192	128	579	189	122
640	192	128	641	189	122
704	192	128	702	188	122
768	192	128	767	188	122
832	192	128	831	188	122
896	192	128	894	188	122
960	192	128	957	188	122
1023	192	128	1017	188	122
0	256	128	0	250	123
64	256	128	63	250	123
128	256	128	129	250	123
192	256	128	194	250	123
256	256	128	259	250	122
320	256	128	324	250	122
384	256	128	390	250	122
448	256	128	452	251	122
512	256	128	514	251	122
576	256	128	578	251	122
640	256	128	639	251	122
704	256	128	701	251	122
768	256	128	765	250	122
832	256	128	829	250	122
896	256	128	893	250	122
960	256	128	956	250	122
1023	256	128	1016	250	122
0	320	128	0	312	123
64	320	128	63	312	123
128	320	128	128	312	123
192	320	128	193	312	123
256	320	128	258	313	122
320	320	128	323	313	122
384	320	128	389	313	122
448	320	128	451	314	122
512	320	128	512	314	122
576	320	128	576	314	122
640	320	128	638	314	122
704	320	128	699	314	122
768	320	128	764	313	122
832	320	128	827	313	122
896	320	128	891	313	120
960	320	128	955	313	122
1023	320	128	1015	312	122
0	384	128	0	374	123
64	384	128	63	374	123
128	384	128	128	374	123
192	384	128	193	375	123
256	384	128	258	375	122
320	384	128	323	376	122
384	384	128	388	376	122
448	384	128	451	376	122
512	384	128	511	376	122
576	384	128	575	376	122
640	384	128	637	376	122
704	384	128	698	376	122
768	384	128	763	376	122
832	384	128	826	375	122
896	384	128	889	375	120
960	384	128	954	375	122
1023	384	128	1014	375	122
0	448	128	0	436	123
64	448	128	63	436	123
128	448	128	128	436	123
192	448	128	193	437	123
256	448	128	257	437	122
320	448	128	322	438	122
384	448	128	388	438	122
448	448	128	450	438	122
512	448	128	511	438	122
576	448	128	575	438	122
640	448	128	636	438	122
704	448	128	697	438	122
768	448	128	762	437	122
832	448	128	825	437	122
896	448	128	888	437	122
960	448	128	953	437	120
1023	448	128	1014	437	122
0	512	128	0	498	123
64	512	128	63	498	123
128	512	128	128	498	123
192	512	128	193	498	123
256	512	128	257	499	122
320	512	128	322	499	122
384	512	128	388	500	122
448	512	128	450	500	122
512	512	128	511	499	122
576	512	128	575	499	122
640	512	128	636	499	122
704	512	128	697	499	122
768	512	128	761	499	122
832	512	128	824	498	122
896	512	128	888	498	122
960	512	128	952	498	122
1023	512	128	1013	498	122
0	576	128	0	560	123
64	576	128	63	560	123
128	576	128	128	560	123
192	576	128	193	560	123
256	576	128	257	561	122
320	576	128	322	561	122
384	576	128	388	561	122
448	576	128	450	561	122
512	576	128	511	561	122
576	576	128	575	561	122
640	576	128	635	561	122
704	576	128	696	561	122
768	576	128	761	561	122
832	576	128	823	559	120
896	576	128	888	560	122
960	576	128	952	560	120
1023	576	128	1013	560	122
0	640	128	0	621	123
64	640	128	63	621	123
128	640	128	128	622	123
192	640	128	193	622	123
256	640	128	258	623	122
320	640	128	322	623	122
384	640	128	388	623	122
448	640	128	450	623	122
512	640	128	510	623	122
576	640	128	575	623	122
640	640	128	636	623	122
704	640	128	697	623	122
768	640	128	760	622	122
832	640	128	823	621	120
896	640	128	887	622	122
960	640	128	951	621	120
1023	640	128	1011	621	122
0	704	128	0	683	123
64	704	128	63	683	123
128	704	128	128	683	123
192	704	128	193	683	123
256	704	128	258	684	123
320	704	128	323	685	122
384	704	128	388	684	122
448	704	128	450	685	122
512	704	128	511	685	122
576	704	128	575	685	122
640	704	128	636	684	122
704	704	128	696	684	122
768	704	128	761	684	122
832	704	128	823	683	122
896	704	128	887	683	122
960	704	128	950	682	122
1023	704	128	1011	682	122
0	768	128	0	746	123
64	768	128	63	746	123
128	768	128	128	746	123
192	768	128	193	746	123
256	768	128	258	747	123
320	768	128	323	747	122
384	768	128	388	747	122
448	768	128	451	747	122
512	768	128	511	747	122
576	768	128	576	747	122
640	768	128	637	747	122
704	768	128	697	746	122
768	768	128	761	746	122
832	768	128	823	744	122
896	768	128	887	745	122
960	768	128	951	745	122
1023	768	128	1012	746	122
0	832	128	0	809	123
64	832	128	63	809	123
128	832	128	128	809	123
192	832	128	193	809	123
256	832	128	258	809	123
320	832	128	324	810	122
384	832	128	389	810	122
448	832	128	451	810	122
512	832	128	512	809	122
576	832	128	577	809	122
640	832	128	637	809	122
704	832	128	698	808	122
768	832	128	762	808	122
832	832	128	824	806	122
896	832	128	888	807	122
960	832	128	951	807	122
1023	832	128	1013	808	122
0	896	128	0	870	123
64	896	128	63	870	123
128	896	128	128	871	123
192	896	128	193	871	123
256	896	128	259	871	123
320	896	128	324	871	122
384	896	128	389	871	122
448	896	128	451	871	122
512	896	128	512	870	122
576	896	128	576	869	122
640	896	128	638	870	122
704	896	128	699	871	122
768	896	128	762	869	122
832	896	128	825	869	122
896	896	128	888	869	122
960	896	128	951	868	122
1023	896	128	1011	869	122
0	960	128	0	932	125
64	960	128	66	932	125
128	960	128	129	932	123
192	960	128	194	932	123
256	960	128	259	932	123
320	960	128	324	932	122
384	960	128	389	931	122
448	960	128	451	931	122
512	960	128	512	931	122
576	960	128	577	930	122
640	960	128	638	930	122
704	960	128	698	930	122
768	960	128	763	929	122
832	960	128	826	930	122
896	960	128	888	929	122
960	960	128	953	929	122
1023	960	128	1013	930	122
0	1023	128	23	993	125
64	1023	128	69	993	125
128	1023	128	130	993	125
192	1023	128	195	993	123
256	1023	128	259	993	123
320	1023	128	325	993	123
384	1023	128	390	992	123
448	1023	128	452	992	122
512	1023	128	513	992	122
576	1023	128	577	991	122
640	1023	128	638	991	122
704	1023	128	699	991	122
768	1023	128	764	991	122
832	1023	128	827	991	122
896	1023	128	889	990	122
960	1023	128	953	991	122
1023	1023	128	1014	991	122
0	0	192	0	0	182
64	0	192	63	0	182
128	0	192	129	0	181
192	0	192	195	0	181
256	0	192	260	0	181
320	0	192	326	0	180
384	0	192	391	0	180
448	0	192	453	0	180
512	0	192	515	0	180
576	0	192	580	0	181
640	0	192	642	0	181
704	0	192	703	0	180
768	0	192	768	0	180
832	0	192	831	0	180
896	0	192	894	0	180
960	0	192	957	0	180
1023	0	192	1018	0	180
0	64	192	0	63	183
64	64	192	63	63	182
128	64	192	129	63	182
192	64	192	195	63	181
256	64	192	260	63	181
320	64	192	326	63	180
384	64	192	391	63	180
448	64	192	453	63	180
512	64	192	515	63	180
576	64	192	580	63	180
640	64	192	642	63	180
704	64	192	703	63	180
768	64	192	767	63	180
832	64	192	831	63	180
896	64	192	894	63	180
960	64	192	957	63	180
1023	64	192	1018	63	180
0	128	192	0	125	183
64	128	192	63	125	182
128	128	192	129	125	182
192	128	192	194	125	181
256	128	192	259	125	181
320	128	192	325	126	180
384	128	192	390	126	180
448	128	192	453	126	180
512	128	192	515	126	180
576	128	192	579	126	180
640	128	192	641	126	180
704	128	192	702	126	180
768	128	192	767	125	180
832	128	192	830	125	180
896	128	192	893	125	180
960	128	192	957	125	180
1023	128	192	1017	125	180
0	192	192	0	188	183
64	192	192	63	188	182
128	192	192	129	188	182
192	192	192	194	188	182
256	192	192	259	188	181
320	192	192	324	189	180
384	192	192	390	189	180
448	192	192	452	189	180
512	192	192	514	189	180
576	192	192	578	189	180
640	192	192	640	189	180
704	192	192	701	189	180
768	192	192	766	189	180
832	192	192	829	189	180
896	192	192	893	189	180
960	192	192	956	188	180
1023	192	192	1017	188	180
0	256	192	0	250	183
64	256	192	63	250	183
128	256	192	128	250	182
192	256	192	193	250	182
256	256	192	258	251	181
320	256	192	323	251	180
384	256	192	389	251	180
448	256	192	451	252	180
512	256	192	512	252	180
576	256	192	577	252	180
640	256	192	638	252	180
704	256	192	700	252	180
768	256	192	764	252	180
832	256	192	828	251	180
896	256	192	891	251	179
960	256	192	955	251	180
1023	256	192	1015	250	180
0	320	192	0	312	183
64	320	192	63	312	182
128	320	192	128	313	182
192	320	192	193	313	181
256	320	192	258	313	181
320	320	192	323	314	180
384	320	192	388	314	180
448	320	192	450	314	180
512	320	192	511	314	180
576	320	192	575	314	180
640	320	192	637	315	180
704	320	192	698	315	179
768	320	192	762	314	179
832	320	192	826	314	179
896	320	192	890	314	179
960	320	192	954	314	179
1023	320	192	1014	313	179
0	384	192	0	375	183
64	384	192	63	375	183
128	384	192	128	375	182
192	384	192	193	375	182
256	384	192	257	376	181
320	384	192	322	376	180
384	384	192	388	377	180
448	384	192	450	377	180
512	384	192	511	377	180
576	384	192	575	377	180
640	384	192	636	376	180
704	384	192	697	377	180
768	384	192	762	376	179
832	384	192	825	376	179
896	384	192	888	376	179
960	384	192	953	376	179
1023	384	192	1013	376	179
0	448	192	0	437	183
64	448	192	63	437	182
128	448	192	128	437	182
192	448	192	193	438	182
256	448	192	257	438	181
320	448	192	322	439	180
384	448	192	388	439	180
448	448	192	449	439	180
512	448	192	510	438	180
576	448	192	574	438	180
640	448	192	635	439	180
704	448	192	696	439	180
768	448	192	761	438	179
832	448	192	824	438	179
896	448	192	887	438	179
960	448	192	951	438	179
1023	448	192	1012	438	179
0	512	192	0	499	183
64	512	192	63	499	182
128	512	192	128	499	182
192	512	192	193	499	182
256	512	192	256	500	181
320	512	192	322	500	180
384	512	192	387	501	180
448	512	192	449	500	180
512	512	192	510	500	180
576	512	192	574	500	180
640	512	192	635	500	180
704	512	192	696	500	179
768	512	192	760	500	179
832	512	192	823	499	179
896	512	192	887	499	179
960	512	192	951	499	179
1023	512	192	1012	499	179
0	576	192	0	561	183
64	576	192	63	561	182
128	576	192	128	561	182
192	576	192	193	561	182
256	576	192	256	562	181
320	576	192	322	562	180
384	576	192	387	562	180
448	576	192	449	562	180
512	576	192	510	562	180
576	576	192	574	562	180
640	576	192	634	562	179
704	576	192	695	562	179
768	576	192	760	562	179
832	576	192	822	561	179
896	576	192	886	561	179
960	576	192	950	561	179
1023	576	192	1011	561	179
0	640	192	0	622	183
64	640	192	63	623	182
128	640	192	128	623	182
192	640	192	193	623	182
256	640	192	257	624	181
320	640	192	322	624	180
384	640	192	387	624	180
448	640	192	449	624	180
512	640	192	510	624	180
576	640	192	574	624	180
640	640	192	635	624	179
704	640	192	695	624	179
768	640	192	759	623	179
832	640	192	822	622	179
896	640	192	886	623	179
960	640	192	949	622	179
1023	640	192	1010	623	179
0	704	192	0	684	183
64	704	192	63	684	183
128	704	192	128	684	182
192	704	192	193	685	182
256	704	192	257	685	182
320	704	192	322	686	180
384	704	192	387	685	180
448	704	192	449	686	180
512	704	192	510	686	180
576	704	192	574	686	180
640	704	192	635	685	179
704	704	192	695	685	179
768	704	192	760	685	179
832	704	192	822	684	179
896	704	192	885	684	179
960	704	192	949	684	179
1023	704	192	1009	684	179
0	768	192	0	747	183
64	768	192	63	747	183
128	768	192	128	747	182
192	768	192	193	747	182
256	768	192	257	748	181
320	768	192	322	748	181
384	768	192	388	748	180
448	768	192	450	748	180
512	768	192	510	748	180
576	768	192	575	748	180
640	768	192	635	748	180
704	768	192	696	747	180
768	768	192	760	747	179
832	768	192	822	746	179
896	768	192	886	746	179
960	768	192	950	746	179
1023	768	192	1011	747	179
0	832	192	0	810	183
64	832	192	63	810	182
128	832	192	128	810	182
192	832	192	193	810	182
256	832	192	258	810	181
320	832	192	323	810	181
384	832	192	388	810	180
448	832	192	450	810	180
512	832	192	511	810	180
576	832	192	575	810	180
640	832	192	636	810	180
704	832	192	697	810	180
768	832	192	761	809	180
832	832	192	823	808	179
896	832	192	886	808	179
960	832	192	950	808	179
1023	832	192	1011	809	179
0	896	192	0	871	183
64	896	192	63	871	183
128	896	192	128	871	183
192	896	192	193	872	182
256	896	192	258	872	182
320	896	192	323	872	181
384	896	192	389	872	181
448	896	192	450	872	181
512	896	192	511	871	180
576	896	192	575	871	180
640	896	192	636	872	180
704	896	192	697	872	180
768	896	192	761	871	180
832	896	192	824	870	180
896	896	192	887	871	180
960	896	192	950	870	180
1023	896	192	1010	870	179
0	960	192	0	933	184
64	960	192	66	933	183
128	960	192	129	933	183
192	960	192	193	933	183
256	960	192	258	933	182
320	960	192	323	933	181
384	960	192	388	932	181
448	960	192	450	932	180
512	960	192	511	932	180
576	960	192	575	932	180
640	960	192	636	932	180
704	960	192	697	931	180
768	960	192	762	931	180
832	960	192	825	931	180
896	960	192	887	930	180
960	960	192	951	931	180
1023	960	192	1012	931	180
0	1023	192	23	994	184
64	1023	192	66	994	184
128	1023	192	129	994	183
192	1023	192	194	994	183
256	1023	192	259	994	182
320	1023	192	324	994	181
384	1023	192	389	994	181
448	1023	192	451	993	181
512	1023	192	512	993	181
576	1023	192	576	993	180
640	1023	192	637	992	180
704	1023	192	698	992	180
768	1023	192	762	992	180
832	1023	192	826	992	180
896	1023	192	888	991	180
960	1023	192	952	992	179
1023	1023	192	1012	992	179
0	0	256	0	0	243
64	0	256	63	0	242
128	0	256	129	0	242
192	0	256	194	0	242
256	0	256	259	0	242
320	0	256	325	0	241
384	0	256	390	0	242
448	0	256	452	0	242
512	0	256	514	0	242
576	0	256	579	0	242
640	0	256	640	0	242
704	0	256	702	0	241
768	0	256	766	0	241
832	0	256	830	0	241
896	0	256	892	0	241
960	0	256	956	0	241
1023	0	256	1017	0	241
0	64	256	0	63	244
64	64	256	63	63	242
128	64	256	129	63	242
192	64	256	194	63	242
256	64	256	259	63	242
320	64	256	324	63	241
384	64	256	390	63	241
448	64	256	452	63	241
512	64	256	514	63	241
576	64	256	578	63	242
640	64	256	640	63	242
704	64	256	702	63	241
768	64	256	766	63	241
832	64	256	830	63	240
896	64	256	892	63	240
960	64	256	956	63	240
1023	64	256	1017	63	241
0	128	256	0	125	244
64	128	256	63	125	242
128	128	256	129	125	242
192	128	256	194	125	242
256	128	256	259	126	242
320	128	256	324	126	241
384	128	256	389	126	241
448	128	256	452	126	241
512	128	256	513	126	241
576	128	256	578	126	241
640	128	256	640	126	242
704	128	256	701	126	241
768	128	256	765	126	241
832	128	256	829	126	240
896	128	256	892	126	240
960	128	256	955	126	240
1023	128	256	1016	126	241
0	192	256	0	188	244
64	192	256	63	188	243
128	192	256	128	188	243
192	192	256	193	189	242
256	192	256	258	189	242
320	192	256	323	189	241
384	192	256	389	189	241
448	192	256	451	190	241
512	192	256	512	190	241
576	192	256	577	190	241
640	192	256	639	190	242
704	192	256	700	190	241
768	192	256	764	190	241
832	192	256	828	189	240
896	192	256	891	189	240
960	192	256	954	189	240
1023	192	256	1015	189	241
0	256	256	0	251	244
64	256	256	63	251	243
128	256	256	128	251	243
192	256	256	193	251	243
256	256	256	258	252	243
320	256	256	322	252	241
384	256	256	388	252	241
448	256	256	450	252	241
512	256	256	511	252	241
576	256	256	575	253	241
640	256	256	637	253	242
704	256	256	698	253	241
768	256	256	762	252	241
832	256	256	826	252	240
896	256	256	889	252	240
960	256	256	953	252	240
1023	256	256	1014	252	241
0	320	256	0	314	244
64	320	256	63	314	243
128	320	256	128	314	242
192	320	256	193	314	242
256	320	256	257	315	242
320	320	256	322	315	241
384	320	256	387	315	241
448	320	256	449	315	241
512	320	256	510	316	240
576	320	256	574	316	240
640	320	256	635	316	240
704	320	256	696	316	240
768	320	256	761	316	240
832	320	256	824	315	240
896	320	256	888	315	240
960	320	256	952	315	240
1023	320	256	1012	315	240
0	384	256	0	376	244
64	384	256	63	376	243
128	384	256	128	376	243
192	384	256	193	377	243
256	384	256	256	378	243
320	384	256	321	378	241
384	384	256	386	378	241
448	384	256	448	378	241
512	384	256	509	378	240
576	384	256	573	378	240
640	384	256	634	378	240
704	384	256	695	378	240
768	384	256	760	378	240
832	384	256	823	378	240
896	384	256	886	377	240
960	384	256	951	377	240
1023	384	256	1011	377	240
0	448	256	0	438	244
64	448	256	63	438	243
128	448	256	128	438	243
192	448	256	192	439	243
256	448	256	256	440	242
320	448	256	321	440	241
384	448	256	386	440	241
448	448	256	448	440	241
512	448	256	509	440	240
576	448	256	573	440	240
640	448	256	634	440	240
704	448	256	695	440	240
768	448	256	759	440	240
832	448	256	822	439	240
896	448	256	885	439	240
960	448	256	949	439	240
1023	448	256	1010	439	240
0	512	256	0	500	244
64	512	256	63	500	243
128	512	256	128	501	243
192	512	256	192	501	243
256	512	256	256	501	242
320	512	256	321	502	241
384	512	256	386	502	241
448	512	256	448	502	241
512	512	256	509	502	240
576	512	256	573	502	240
640	512	256	633	502	240
704	512	256	694	502	240
768	512	256	758	501	240
832	512	256	821	501	240
896	512	256	885	501	240
960	512	256	949	501	239
1023	512	256	1009	501	239
0	576	256	0	562	244
64	576	256	63	562	243
128	576	256	126	563	243
192	576	256	192	563	243
256	576	256	256	563	242
320	576	256	321	564	241
384	576	256	386	564	241
448	576	256	447	564	240
512	576	256	508	564	240
576	576	256	572	564	240
640	576	256	633	564	240
704	576	256	693	564	240
768	576	256	758	563	240
832	576	256	820	562	239
896	576	256	884	563	240
960	576	256	948	562	239
1023	576	256	1009	563	239
0	640	256	0	624	244
64	640	256	63	624	243
128	640	256	126	624	243
192	640	256	192	625	243
256	640	256	256	625	242
320	640	256	321	626	241
384	640	256	386	626	241
448	640	256	447	626	240
512	640	256	508	626	240
576	640	256	572	626	240
640	640	256	633	626	240
704	640	256	693	626	240
768	640	256	758	625	240
832	640	256	820	624	239
896	640	256	883	625	239
960	640	256	947	624	239
1023	640	256	1008	625	240
0	704	256	0	685	244
64	704	256	63	685	244
128	704	256	128	686	243
192	704	256	193	686	243
256	704	256	256	687	243
320	704	256	321	687	241
384	704	256	386	687	241
448	704	256	448	687	240
512	704	256	509	687	240
576	704	256	573	687	240
640	704	256	633	687	240
704	704	256	693	687	240
768	704	256	758	687	240
832	704	256	820	686	239
896	704	256	883	686	239
960	704	256	947	686	239
1023	704	256	1008	686	240
0	768	256	0	748	244
64	768	256	63	748	243
128	768	256	128	748	243
192	768	256	192	749	243
256	768	256	256	749	242
320	768	256	321	749	241
384	768	256	386	750	241
448	768	256	448	749	241
512	768	256	509	749	240
576	768	256	573	749	240
640	768	256	634	749	240
704	768	256	694	749	240
768	768	256	759	749	240
832	768	256	820	748	240
896	768	256	884	748	240
960	768	256	948	748	240
1023	768	256	1009	749	240
0	832	256	0	811	245
64	832	256	63	811	243
128	832	256	128	811	242
192	832	256	193	811	242
256	832	256	257	811	242
320	832	256	322	812	242
384	832	256	387	812	241
448	832	256	449	812	241
512	832	256	510	812	241
576	832	256	574	812	240
640	832	256	634	811	240
704	832	256	695	811	240
768	832	256	759	811	240
832	832	256	821	810	240
896	832	256	884	810	240
960	832	256	948	810	240
1023	832	256	1009	811	240
0	896	256	0	873	245
64	896	256	63	873	244
128	896	256	128	873	244
192	896	256	193	873	243
256	896	256	257	873	243
320	896	256	322	874	242
384	896	256	387	874	242
448	896	256	449	874	241
512	896	256	509	873	241
576	896	256	573	873	240
640	896	256	635	874	241
704	896	256	696	874	240
768	896	256	759	873	240
832	896	256	822	872	240
896	896	256	885	873	240
960	896	256	948	872	240
1023	896	256	1008	872	240
0	960	256	0	934	245
64	960	256	63	934	244
128	960	256	128	934	244
192	960	256	193	934	244
256	960	256	258	934	243
320	960	256	322	934	242
384	960	256	387	934	242
448	960	256	449	934	241
512	960	256	510	933	241
576	960	256	574	933	241
640	960	256	635	934	241
704	960	256	696	934	241
768	960	256	760	933	240
832	960	256	823	933	240
896	960	256	886	933	240
960	960	256	949	933	240
1023	960	256	1010	933	240
0	1023	256	23	996	245
64	1023	256	66	996	245
128	1023	256	129	996	245
192	1023	256	194	996	244
256	1023	256	258	995	244
320	1023	256	323	995	242
384	1023	256	388	995	242
448	1023	256	450	995	242
512	1023	256	511	995	241
576	1023	256	575	994	241
640	1023	256	636	995	241
704	1023	256	697	995	241
768	1023	256	761	994	240
832	1023	256	824	994	240
896	1023	256	886	994	240
960	1023	256	950	994	240
1023	1023	256	1010	994	240
0	0	320	0	0	304
64	0	320	63	0	304
128	0	320	128	0	304
192	0	320	193	0	303
256	0	320	258	0	302
320	0	320	324	0	302
384	0	320	389	0	302
448	0	320	451	0	302
512	0	320	512	0	302
576	0	320	577	0	302
640	0	320	639	0	302
704	0	320	700	0	302
768	0	320	764	0	301
832	0	320	828	0	301
896	0	320	891	0	301
960	0	320	954	0	301
1023	0	320	1015	0	301
0	64	320	0	63	305
64	64	320	63	63	304
128	64	320	128	63	304
192	64	320	193	63	303
256	64	320	258	63	302
320	64	320	323	63	301
384	64	320	389	63	301
448	64	320	451	63	301
512	64	320	512	63	301
576	64	320	577	63	301
640	64	320	639	63	301
704	64	320	700	63	301
768	64	320	764	63	300
832	64	320	828	63	300
896	64	320	890	63	300
960	64	320	954	63	300
1023	64	320	1015	63	300
0	128	320	0	126	305
64	128	320	63	126	304
128	128	320	128	126	304
192	128	320	193	126	303
256	128	320	258	126	302
320	128	320	323	126	301
384	128	320	389	126	301
448	128	320	450	126	301
512	128	320	512	126	301
576	128	320	577	126	301
640	128	320	638	128	301
704	128	320	699	128	301
768	128	320	763	126	300
832	128	320	827	126	300
896	128	320	890	126	300
960	128	320	954	126	300
1023	128	320	1015	126	300
0	192	320	0	189	305
64	192	320	63	189	305
128	192	320	128	189	304
192	192	320	193	190	303
256	192	320	258	190	303
320	192	320	322	190	301
384	192	320	388	190	301
448	192	320	450	191	301
512	192	320	511	191	301
576	192	320	575	191	301
640	192	320	637	191	301
704	192	320	698	191	301
768	192	320	762	191	300
832	192	320	826	190	300
896	192	320	889	190	300
960	192	320	953	190	300
1023	192	320	1014	190	300
0	256	320	0	252	305
64	256	320	63	252	305
128	256	320	128	252	304
192	256	320	193	252	303
256	256	320	257	253	303
320	256	320	322	253	301
384	256	320	387	253	301
448	256	320	449	253	301
512	256	320	510	253	301
576	256	320	574	253	301
640	256	320	635	254	301
704	256	320	697	254	301
768	256	320	760	253	300
832	256	320	824	253	300
896	256	320	887	253	300
960	256	320	951	253	300
1023	256	320	1012	253	300
0	320	320	0	315	304
64	320	320	63	315	304
128	320	320	128	315	304
192	320	320	192	316	303
256	320	320	256	316	302
320	320	320	321	317	301
384	320	320	386	317	301
448	320	320	447	317	301
512	320	320	508	317	300
576	320	320	573	317	300
640	320	320	634	317	300
704	320	320	695	317	300
768	320	320	759	317	300
832	320	320	822	317	300
896	320	320	885	316	299
960	320	320	950	316	299
1023	320	320	1011	316	299
0	384	320	0	378	304
64	384	320	63	378	304
128	384	320	126	378	304
192	384	320	192	378	303
256	384	320	256	379	302
320	384	320	320	379	301
384	384	320	385	379	301
448	384	320	447	379	301
512	384	320	508	379	300
576	384	320	572	380	300
640	384	320	632	379	300
704	384	320	693	379	300
768	384	320	758	379	300
832	384	320	821	379	300
896	384	320	883	379	299
960	384	320	948	379	299
1023	384	320	1009	379	299
0	448	320	0	440	304
64	448	320	63	440	304
128	448	320	126	440	304
192	448	320	192	441	303
256	448	320	255	442	303
320	448	320	320	442	302
384	448	320	385	442	301
448	448	320	447	442	301
512	448	320	508	442	301
576	448	320	572	442	300
640	448	320	632	442	300
704	448	320	693	442	300
768	448	320	757	442	300
832	448	320	820	441	299
896	448	320	883	441	299
960	448	320	947	441	299
1023	448	320	1008	441	299
0	512	320	0	502	305
64	512	320	63	502	304
128	512	320	126	502	304
192	512	320	192	503	303
256	512	320	255	504	302
320	512	320	320	504	301
384	512	320	385	504	301
448	512	320	447	504	300
512	512	320	507	504	300
576	512	320	571	504	300
640	512	320	632	504	300
704	512	320	692	504	300
768	512	320	756	503	299
832	512	320	819	503	299
896	512	320	882	503	299
960	512	320	946	502	299
1023	512	320	1007	502	299
0	576	320	0	564	304
64	576	320	63	564	304
128	576	320	126	564	304
192	576	320	191	565	303
256	576	320	255	565	302
320	576	320	320	566	301
384	576	320	385	566	301
448	576	320	446	566	300
512	576	320	507	566	300
576	576	320	571	566	300
640	576	320	631	566	300
704	576	320	691	566	300
768	576	320	756	565	299
832	576	320	818	565	299
896	576	320	882	565	299
960	576	320	945	564	299
1023	576	320	1006	565	299
0	640	320	0	626	304
64	640	320	63	626	304
128	640	320	126	626	304
192	640	320	191	627	303
256	640	320	255	627	302
320	640	320	320	628	301
384	640	320	384	627	301
448	640	320	446	628	300
512	640	320	507	628	300
576	640	320	571	628	300
640	640	320	631	628	300
704	640	320	691	628	300
768	640	320	756	627	299
832	640	320	817	626	299
896	640	320	881	627	299
960	640	320	944	626	299
1023	640	320	1006	627	299
0	704	320	0	687	304
64	704	320	63	687	304
128	704	320	126	687	304
192	704	320	192	688	303
256	704	320	255	689	302
320	704	320	320	689	301
384	704	320	385	689	301
448	704	320	446	689	300
512	704	320	507	689	300
576	704	320	571	689	300
640	704	320	631	689	300
704	704	320	692	689	300
768	704	320	756	689	300
832	704	320	818	688	299
896	704	320	881	688	299
960	704	320	945	688	299
1023	704	320	1006	689	299
0	768	320	0	750	305
64	768	320	63	750	305
128	768	320	126	750	304
192	768	320	191	750	304
256	768	320	255	751	303
320	768	320	320	751	302
384	768	320	385	751	302
448	768	320	447	752	301
512	768	320	507	751	301
576	768	320	571	751	300
640	768	320	632	751	300
704	768	320	692	751	300
768	768	320	756	751	300
832	768	320	818	750	300
896	768	320	882	750	299
960	768	320	946	751	300
1023	768	320	1006	751	300
0	832	320	0	813	305
64	832	320	63	813	305
128	832	320	126	813	304
192	832	320	192	813	303
256	832	320	256	813	303
320	832	320	321	813	302
384	832	320	385	813	301
448	832	320	447	814	301
512	832	320	508	814	301
576	832	320	572	814	301
640	832	320	632	814	301
704	832	320	693	814	300
768	832	320	757	813	300
832	832	320	819	812	300
896	832	320	882	811	299
960	832	320	946	813	300
1023	832	320	1006	813	300
0	896	320	0	875	305
64	896	320	63	875	305
128	896	320	126	875	304
192	896	320	192	875	304
256	896	320	256	875	303
320	896	320	321	876	302
384	896	320	386	876	302
448	896	320	447	876	301
512	896	320	508	875	301
576	896	320	571	875	300
640	896	320	633	876	301
704	896	320	694	876	301
768	896	320	758	875	300
832	896	320	820	875	300
896	896	320	883	875	300
960	896	320	946	874	300
1023	896	320	1006	875	300
0	960	320	0	936	306
64	960	320	63	936	305
128	960	320	128	936	305
192	960	320	192	936	304
256	960	320	256	936	303
320	960	320	321	936	302
384	960	320	386	936	302
448	960	320	447	935	301
512	960	320	508	935	301
576	960	320	572	936	301
640	960	320	633	936	301
704	960	320	694	937	301
768	960	320	758	935	300
832	960	320	821	935	300
896	960	320	883	935	300
960	960	320	947	935	300
1023	960	320	1008	936	300
0	1023	320	23	998	306
64	1023	320	66	998	306
128	1023	320	129	997	305
192	1023	320	193	997	304
256	1023	320	257	997	303
320	1023	320	322	997	302
384	1023	320	387	997	302
448	1023	320	448	997	302
512	1023	320	509	997	301
576	1023	320	573	997	301
640	1023	320	634	997	301
704	1023	320	695	997	301
768	1023	320	759	996	300
832	1023	320	822	997	300
896	1023	320	884	996	300
960	1023	320	948	996	300
1023	1023	320	1008	996	300
0	0	384	0	0	367
64	0	384	63	0	365
128	0	384	129	0	365
192	0	384	194	0	365
256	0	384	259	0	364
320	0	384	324	0	364
384	0	384	390	0	364
448	0	384	451	0	363
512	0	384	512	0	363
576	0	384	578	0	363
640	0	384	639	0	363
704	0	384	701	0	363
768	0	384	765	0	363
832	0	384	828	0	362
896	0	384	891	0	362
960	0	384	955	0	362
1023	0	384	1016	0	362
0	64	384	0	63	367
64	64	384	63	63	365
128	64	384	128	63	365
192	64	384	194	63	365
256	64	384	259	63	364
320	64	384	324	63	363
384	64	384	390	63	363
448	64	384	451	63	363
512	64	384	512	63	363
576	64	384	577	63	363
640	64	384	639	63	363
704	64	384	700	63	363
768	64	384	765	63	362
832	64	384	828	63	361
896	64	384	891	63	361
960	64	384	954	63	361
1023	64	384	1015	63	361
0	128	384	0	126	367
64	128	384	63	126	365
128	128	384	128	126	365
192	128	384	193	126	365
256	128	384	258	126	364
320	128	384	324	126	363
384	128	384	389	128	363
448	128	384	451	128	363
512	128	384	512	128	363
576	128	384	577	128	363
640	128	384	639	128	363
704	128	384	700	128	363
768	128	384	764	126	362
832	128	384	827	126	361
896	128	384	890	126	361
960	128	384	954	126	361
1023	128	384	1015	126	361
0	192	384	0	189	367
64	192	384	63	189	366
128	192	384	128	190	366
192	192	384	193	190	365
256	192	384	258	190	365
320	192	384	323	191	363
384	192	384	389	191	363
448	192	384	451	191	363
512	192	384	511	191	363
576	192	384	576	191	363
640	192	384	637	192	363
704	192	384	699	192	363
768	192	384	763	191	362
832	192	384	826	191	361
896	192	384	889	191	361
960	192	384	953	191	361
1023	192	384	1014	191	361
0	256	384	0	252	367
64	256	384	63	252	366
128	256	384	128	252	366
192	256	384	193	253	366
256	256	384	257	253	365
320	256	384	322	254	363
384	256	384	388	254	363
448	256	384	450	254	363
512	256	384	510	254	363
576	256	384	575	254	363
640	256	384	636	255	363
704	256	384	697	255	363
768	256	384	761	254	362
832	256	384	824	253	361
896	256	384	887	253	361
960	256	384	951	253	361
1023	256	384	1012	253	361
0	320	384	0	315	366
64	320	384	63	315	365
128	320	384	128	316	365
192	320	384	193	316	364
256	320	384	256	317	363
320	320	384	322	317	363
384	320	384	387	317	363
448	320	384	448	317	362
512	320	384	509	317	362
576	320	384	573	317	361
640	320	384	634	318	361
704	320	384	695	318	361
768	320	384	759	317	361
832	320	384	822	317	360
896	320	384	886	317	360
960	320	384	950	317	360
1023	320	384	1011	317	360
0	384	384	0	378	366
64	384	384	63	378	366
128	384	384	126	379	366
192	384	384	192	379	365
256	384	384	256	379	365
320	384	384	321	380	363
384	384	384	386	380	363
448	384	384	447	380	362
512	384	384	508	380	362
576	384	384	572	380	361
640	384	384	633	380	361
704	384	384	694	381	361
768	384	384	758	380	361
832	384	384	821	380	360
896	384	384	884	379	360
960	384	384	948	379	360
1023	384	384	1009	379	360
0	448	384	0	441	366
64	448	384	63	441	365
128	448	384	126	441	365
192	448	384	192	442	365
256	448	384	256	442	364
320	448	384	321	443	362
384	448	384	385	443	362
448	448	384	447	443	361
512	448	384	508	443	361
576	448	384	572	443	361
640	448	384	632	443	361
704	448	384	693	443	361
768	448	384	757	442	360
832	448	384	820	442	360
896	448	384	883	442	360
960	448	384	947	442	360
1023	448	384	1008	442	360
0	512	384	0	503	366
64	512	384	63	503	365
128	512	384	126	503	365
192	512	384	192	504	364
256	512	384	256	504	364
320	512	384	321	505	362
384	512	384	385	505	362
448	512	384	447	505	361
512	512	384	508	504	361
576	512	384	572	504	361
640	512	384	632	504	361
704	512	384	693	505	361
768	512	384	757	504	360
832	512	384	819	504	360
896	512	384	883	504	359
960	512	384	946	504	359
1023	512	384	1007	504	359
0	576	384	0	565	366
64	576	384	63	565	365
128	576	384	126	565	365
192	576	384	192	566	364
256	576	384	255	566	363
320	576	384	320	567	362
384	576	384	385	567	362
448	576	384	447	567	361
512	576	384	507	566	361
576	576	384	571	566	361
640	576	384	632	567	361
704	576	384	692	567	360
768	576	384	756	566	360
832	576	384	819	566	359
896	576	384	882	566	360
960	576	384	945	565	359
1023	576	384	1006	566	359
0	640	384	0	627	366
64	640	384	63	627	365
128	640	384	126	627	365
192	640	384	192	627	365
256	640	384	255	628	364
320	640	384	320	628	362
384	640	384	385	628	361
448	640	384	447	629	361
512	640	384	507	629	361
576	640	384	571	628	361
640	640	384	631	628	361
704	640	384	692	629	360
768	640	384	756	628	360
832	640	384	819	628	359
896	640	384	882	628	359
960	640	384	945	628	359
1023	640	384	1006	628	359
0	704	384	0	688	366
64	704	384	63	689	366
128	704	384	126	689	366
192	704	384	192	689	365
256	704	384	255	690	365
320	704	384	320	690	362
384	704	384	385	690	362
448	704	384	447	690	361
512	704	384	508	690	361
576	704	384	571	690	361
640	704	384	632	690	360
704	704	384	692	690	360
768	704	384	757	690	360
832	704	384	819	690	360
896	704	384	882	690	359
960	704	384	945	689	359
1023	704	384	1006	689	359
0	768	384	0	751	366
64	768	384	63	751	365
128	768	384	126	751	365
192	768	384	192	751	364
256	768	384	256	752	364
320	768	384	320	752	362
384	768	384	385	752	362
448	768	384	447	752	361
512	768	384	508	752	361
576	768	384	571	752	361
640	768	384	632	753	361
704	768	384	693	753	361
768	768	384	757	752	360
832	768	384	819	751	360
896	768	384	882	751	360
960	768	384	946	751	359
1023	768	384	1006	751	360
0	832	384	0	814	367
64	832	384	63	814	364
128	832	384	126	814	364
192	832	384	192	814	363
256	832	384	256	814	363
320	832	384	321	814	362
384	832	384	386	814	362
448	832	384	447	814	362
512	832	384	508	815	361
576	832	384	572	814	361
640	832	384	633	815	361
704	832	384	694	815	361
768	832	384	758	814	360
832	832	384	820	814	360
896	832	384	883	813	360
960	832	384	946	814	360
1023	832	384	1007	814	360
0	896	384	0	875	366
64	896	384	63	875	366
128	896	384	128	876	366
192	896	384	193	876	365
256	896	384	256	877	365
320	896	384	321	877	363
384	896	384	386	877	363
448	896	384	448	877	362
512	896	384	509	877	362
576	896	384	573	877	361
640	896	384	633	877	361
704	896	384	694	877	361
768	896	384	758	876	361
832	896	384	820	876	360
896	896	384	883	875	360
960	896	384	947	876	360
1023	896	384	1007	877	360
0	960	384	0	937	367
64	960	384	63	937	366
128	960	384	128	937	366
192	960	384	193	937	365
256	960	384	256	937	365
320	960	384	322	937	363
384	960	384	386	937	363
448	960	384	448	937	362
512	960	384	509	937	362
576	960	384	572	937	361
640	960	384	633	937	361
704	960	384	694	937	361
768	960	384	758	936	361
832	960	384	820	936	360
896	960	384	883	936	360
960	960	384	947	936	360
1023	960	384	1007	936	360
0	1023	384	0	998	367
64	1023	384	66	998	366
128	1023	384	128	998	366
192	1023	384	193	998	366
256	1023	384	258	998	365
320	1023	384	322	999	363
384	1023	384	387	999	363
448	1023	384	449	999	363
512	1023	384	510	998	362
576	1023	384	573	998	362
640	1023	384	634	998	362
704	1023	384	695	998	361
768	1023	384	759	998	361
832	1023	384	822	998	361
896	1023	384	884	997	361
960	1023	384	948	997	360
1023	1023	384	1008	997	360
0	0	448	0	0	428
64	0	448	63	0	427
128	0	448	129	0	427
192	0	448	194	0	426
256	0	448	259	0	425
320	0	448	325	0	424
384	0	448	390	0	424
448	0	448	452	0	423
512	0	448	513	0	423
576	0	448	578	0	423
640	0	448	640	0	423
704	0	448	701	0	423
768	0	448	766	0	422
832	0	448	828	0	422
896	0	448	892	0	422
960	0	448	955	0	421
1023	0	448	1016	0	422
0	64	448	0	63	427
64	64	448	63	63	426
128	64	448	129	63	426
192	64	448	194	63	425
256	64	448	259	63	424
320	64	448	325	63	423
384	64	448	390	63	423
448	64	448	452	63	422
512	64	448	513	63	422
576	64	448	578	63	422
640	64	448	639	63	422
704	64	448	701	63	421
768	64	448	766	63	421
832	64	448	828	63	420
896	64	448	891	63	420
960	64	448	955	63	420
1023	64	448	1016	63	420
0	128	448	0	126	427
64	128	448	63	126	426
128	128	448	129	126	426
192	128	448	194	126	425
256	128	448	259	126	424
320	128	448	324	128	423
384	128	448	390	128	423
448	128	448	452	128	422
512	128	448	512	128	422
576	128	448	577	128	422
640	128	448	639	128	422
704	128	448	700	128	421
768	128	448	765	128	421
832	128	448	827	126	420
896	128	448	891	126	420
960	128	448	954	126	420
1023	128	448	1015	128	420
0	192	448	0	190	427
64	192	448	63	190	426
128	192	448	128	190	426
192	192	448	193	190	425
256	192	448	258	191	424
320	192	448	324	191	423
384	192	448	389	192	423
448	192	448	451	192	422
512	192	448	512	192	422
576	192	448	576	192	422
640	192	448	638	192	422
704	192	448	699	192	421
768	192	448	763	191	421
832	192	448	826	191	420
896	192	448	890	191	420
960	192	448	953	191	420
1023	192	448	1014	191	420
0	256	448	0	253	427
64	256	448	63	253	427
128	256	448	128	253	426
192	256	448	193	253	426
256	256	448	258	254	424
320	256	448	323	255	423
384	256	448	389	255	423
448	256	448	450	255	422
512	256	448	511	255	422
576	256	448	575	255	422
640	256	448	636	255	422
704	256	448	697	255	421
768	256	448	761	255	421
832	256	448	824	254	420
896	256	448	888	254	420
960	256	448	952	254	420
1023	256	448	1013	254	420
0	320	448	0	316	426
64	320	448	63	316	425
128	320	448	128	316	425
192	320	448	193	317	424
256	320	448	257	317	423
320	320	448	322	318	422
384	320	448	388	318	422
448	320	448	449	318	421
512	320	448	510	318	420
576	320	448	574	318	420
640	320	448	635	318	420
704	320	448	695	318	420
768	320	448	760	318	419
832	320	448	822	317	419
896	320	448	886	317	419
960	320	448	950	317	419
1023	320	448	1011	317	419
0	384	448	0	379	426
64	384	448	63	379	426
128	384	448	128	379	425
192	384	448	192	379	425
256	384	448	256	380	423
320	384	448	321	381	422
384	384	448	386	381	422
448	384	448	448	381	421
512	384	448	508	381	420
576	384	448	573	381	420
640	384	448	634	381	420
704	384	448	694	381	420
768	384	448	758	381	420
832	384	448	821	380	419
896	384	448	885	380	419
960	384	448	948	380	419
1023	384	448	1009	380	419
0	448	448	0	442	426
64	448	448	63	442	425
128	448	448	126	442	425
192	448	448	192	442	424
256	448	448	256	443	423
320	448	448	321	443	421
384	448	448	386	443	421
448	448	448	447	443	421
512	448	448	508	443	420
576	448	448	572	443	420
640	448	448	633	443	420
704	448	448	693	443	420
768	448	448	758	443	419
832	448	448	820	443	419
896	448	448	884	443	419
960	448	448	948	443	419
1023	448	448	1008	442	419
0	512	448	0	504	426
64	512	448	63	504	425
128	512	448	128	504	425
192	512	448	192	504	424
256	512	448	256	505	423
320	512	448	321	506	422
384	512	448	386	506	421
448	512	448	447	505	421
512	512	448	508	505	420
576	512	448	572	505	420
640	512	448	633	505	420
704	512	448	693	505	419
768	512	448	757	505	419
832	512	448	820	504	419
896	512	448	883	504	418
960	512	448	947	504	418
1023	512	448	1007	504	418
0	576	448	0	566	426
64	576	448	63	566	425
128	576	448	126	566	424
192	576	448	192	566	424
256	576	448	256	567	422
320	576	448	321	567	421
384	576	448	385	568	421
448	576	448	447	568	420
512	576	448	508	567	420
576	576	448	571	567	419
640	576	448	633	568	420
704	576	448	693	568	419
768	576	448	756	566	418
832	576	448	819	567	419
896	576	448	882	567	418
960	576	448	946	566	418
1023	576	448	1006	567	418
0	640	448	0	628	426
64	640	448	63	628	425
128	640	448	126	628	425
192	640	448	192	628	424
256	640	448	255	629	423
320	640	448	320	629	421
384	640	448	385	629	421
448	640	448	447	629	420
512	640	448	508	629	420
576	640	448	571	629	419
640	640	448	632	629	419
704	640	448	693	629	419
768	640	448	757	629	419
832	640	448	820	629	419
896	640	448	883	629	419
960	640	448	946	629	418
1023	640	448	1006	629	418
0	704	448	0	689	426
64	704	448	63	690	426
128	704	448	126	690	425
192	704	448	192	690	424
256	704	448	256	691	423
320	704	448	320	691	421
384	704	448	385	691	421
448	704	448	447	691	420
512	704	448	508	691	420
576	704	448	572	691	420
640	704	448	633	691	420
704	704	448	693	691	419
768	704	448	757	691	419
832	704	448	820	691	419
896	704	448	883	691	419
960	704	448	946	690	418
1023	704	448	1006	690	418
0	768	448	0	752	426
64	768	448	63	752	425
128	768	448	126	752	425
192	768	448	192	753	424
256	768	448	256	753	423
320	768	448	321	753	422
384	768	448	386	753	421
448	768	448	447	753	421
512	768	448	508	753	421
576	768	448	572	753	420
640	768	448	633	754	420
704	768	448	694	754	420
768	768	448	758	753	419
832	768	448	820	752	419
896	768	448	883	752	419
960	768	448	946	752	418
1023	768	448	1006	752	418
0	832	448	0	815	427
64	832	448	63	815	425
128	832	448	128	815	425
192	832	448	192	815	424
256	832	448	256	815	423
320	832	448	321	815	422
384	832	448	386	815	421
448	832	448	448	816	421
512	832	448	509	815	421
576	832	448	572	815	420
640	832	448	633	816	420
704	832	448	695	817	420
768	832	448	758	815	420
832	832	448	821	815	419
896	832	448	884	815	419
960	832	448	947	814	419
1023	832	448	1008	815	419
0	896	448	0	876	426
64	896	448	63	876	426
128	896	448	128	877	426
192	896	448	193	877	425
256	896	448	257	878	424
320	896	448	322	878	422
384	896	448	386	878	422
448	896	448	448	878	421
512	896	448	510	879	421
576	896	448	573	878	421
640	896	448	633	878	420
704	896	448	694	878	420
768	896	448	759	878	420
832	896	448	821	877	419
896	896	448	883	876	419
960	896	448	947	877	419
1023	896	448	1008	878	420
0	960	448	0	937	427
64	960	448	63	937	426
128	960	448	128	937	426
192	960	448	193	937	425
256	960	448	257	938	424
320	960	448	322	938	422
384	960	448	387	938	422
448	960	448	448	938	422
512	960	448	509	938	421
576	960	448	573	938	421
640	960	448	634	938	420
704	960	448	694	938	420
768	960	448	759	938	420
832	960	448	821	937	419
896	960	448	884	937	419
960	960	448	947	937	419
1023	960	448	1008	937	419
0	1023	448	0	998	427
64	1023	448	63	998	427
128	1023	448	128	998	426
192	1023	448	193	999	425
256	1023	448	258	999	424
320	1023	448	322	1000	423
384	1023	448	388	1000	422
448	1023	448	450	1000	422
512	1023	448	510	1000	422
576	1023	448	574	1000	421
640	1023	448	635	1000	421
704	1023	448	695	999	420
768	1023	448	759	999	420
832	1023	448	822	998	420
896	1023	448	885	998	419
960	1023	448	948	998	419
1023	1023	448	1008	998	419
0	0	512	0	0	487
64	0	512	63	0	487
128	0	512	129	0	486
192	0	512	194	0	485
256	0	512	259	0	483
320	0	512	325	0	482
384	0	512	391	0	482
448	0	512	452	0	481
512	0	512	514	0	481
576	0	512	578	0	481
640	0	512	640	0	481
704	0	512	701	0	480
768	0	512	766	0	480
832	0	512	829	0	479
896	0	512	893	0	479
960	0	512	955	0	478
1023	0	512	1017	0	479
0	64	512	0	63	485
64	64	512	63	63	485
128	64	512	129	63	484
192	64	512	194	63	483
256	64	512	259	63	481
320	64	512	325	63	480
384	64	512	390	63	479
448	64	512	452	63	479
512	64	512	514	63	479
576	64	512	578	63	479
640	64	512	640	63	479
704	64	512	701	63	478
768	64	512	766	63	477
832	64	512	829	63	477
896	64	512	893	63	477
960	64	512	955	63	477
1023	64	512	1017	63	477
0	128	512	0	126	485
64	128	512	63	126	485
128	128	512	129	126	484
192	128	512	194	126	483
256	128	512	259	126	481
320	128	512	325	128	480
384	128	512	390	128	479
448	128	512	452	128	479
512	128	512	513	128	479
576	128	512	578	128	479
640	128	512	639	128	479
704	128	512	700	128	478
768	128	512	765	128	477
832	128	512	828	126	477
896	128	512	892	126	477
960	128	512	954	128	477
1023	128	512	1016	128	477
0	192	512	0	190	485
64	192	512	63	190	485
128	192	512	128	190	484
192	192	512	194	191	483
256	192	512	259	191	481
320	192	512	324	192	480
384	192	512	389	192	479
448	192	512	451	192	479
512	192	512	512	192	479
576	192	512	577	192	479
640	192	512	638	192	479
704	192	512	699	192	478
768	192	512	763	192	477
832	192	512	827	191	477
896	192	512	890	191	477
960	192	512	953	191	477
1023	192	512	1015	192	477
0	256	512	0	253	485
64	256	512	63	253	485
128	256	512	128	253	484
192	256	512	193	253	483
256	256	512	258	254	481
320	256	512	323	255	480
384	256	512	388	255	479
448	256	512	451	255	479
512	256	512	511	255	479
576	256	512	575	255	479
640	256	512	636	255	479
704	256	512	697	255	478
768	256	512	762	255	477
832	256	512	824	254	477
896	256	512	888	254	477
960	256	512	952	255	477
1023	256	512	1014	255	477
0	320	512	0	316	484
64	320	512	63	317	483
128	320	512	128	317	483
192	320	512	193	317	482
256	320	512	257	317	480
320	320	512	322	318	479
384	320	512	388	318	479
448	320	512	449	318	478
512	320	512	510	318	477
576	320	512	574	318	477
640	320	512	635	319	477
704	320	512	695	318	477
768	320	512	760	318	477
832	320	512	822	317	477
896	320	512	886	317	477
960	320	512	950	318	477
1023	320	512	1012	318	476
0	384	512	0	379	484
64	384	512	63	379	483
128	384	512	128	379	483
192	384	512	192	380	482
256	384	512	256	381	480
320	384	512	321	381	479
384	384	512	387	382	479
448	384	512	448	381	478
512	384	512	509	381	477
576	384	512	573	381	477
640	384	512	634	382	477
704	384	512	694	382	477
768	384	512	759	381	477
832	384	512	821	381	477
896	384	512	885	381	477
960	384	512	949	381	477
1023	384	512	1009	380	476
0	448	512	0	442	483
64	448	512	63	442	483
128	448	512	126	442	483
192	448	512	192	443	482
256	448	512	256	443	480
320	448	512	321	444	479
384	448	512	386	444	478
448	448	512	448	444	478
512	448	512	509	444	478
576	448	512	573	444	478
640	448	512	633	444	477
704	448	512	694	444	477
768	448	512	758	443	477
832	448	512	821	443	477
896	448	512	884	443	476
960	448	512	948	443	477
1023	448	512	1008	443	476
0	512	512	0	504	484
64	512	512	63	504	484
128	512	512	128	505	483
192	512	512	192	505	482
256	512	512	256	506	481
320	512	512	321	506	479
384	512	512	386	506	479
448	512	512	448	506	478
512	512	512	508	506	477
576	512	512	573	506	477
640	512	512	633	506	477
704	512	512	693	506	477
768	512	512	758	505	476
832	512	512	821	505	476
896	512	512	883	505	476
960	512	512	947	505	476
1023	512	512	1008	505	476
0	576	512	0	567	483
64	576	512	63	567	483
128	576	512	126	567	483
192	576	512	192	567	481
256	576	512	256	568	479
320	576	512	321	568	478
384	576	512	386	568	477
448	576	512	447	568	477
512	576	512	508	568	477
576	576	512	572	568	477
640	576	512	633	569	477
704	576	512	693	568	477
768	576	512	757	567	476
832	576	512	820	567	476
896	576	512	882	567	476
960	576	512	946	567	476
1023	576	512	1006	567	476
0	640	512	0	628	484
64	640	512	63	629	483
128	640	512	126	629	483
192	640	512	192	629	481
256	640	512	255	629	479
320	640	512	320	629	478
384	640	512	385	630	478
448	640	512	447	630	477
512	640	512	508	630	477
576	640	512	572	630	477
640	640	512	633	630	477
704	640	512	693	630	477
768	640	512	757	629	477
832	640	512	820	629	476
896	640	512	883	630	477
960	640	512	946	629	476
1023	640	512	1006	629	476
0	704	512	0	690	483
64	704	512	63	690	483
128	704	512	126	690	483
192	704	512	192	691	482
256	704	512	256	691	480
320	704	512	321	692	479
384	704	512	386	692	479
448	704	512	447	692	478
512	704	512	508	692	477
576	704	512	572	692	477
640	704	512	633	693	477
704	704	512	694	692	477
768	704	512	758	691	477
832	704	512	821	691	477
896	704	512	883	691	476
960	704	512	946	691	476
1023	704	512	1007	691	476
0	768	512	0	753	485
64	768	512	63	753	484
128	768	512	128	753	484
192	768	512	192	753	482
256	768	512	256	754	481
320	768	512	321	754	479
384	768	512	386	754	479
448	768	512	448	754	479
512	768	512	509	754	478
576	768	512	573	754	478
640	768	512	634	755	478
704	768	512	695	755	478
768	768	512	759	754	477
832	768	512	821	754	477
896	768	512	884	754	477
960	768	512	947	753	477
1023	768	512	1007	753	476
0	832	512	0	815	485
64	832	512	63	815	484
128	832	512	128	815	484
192	832	512	193	816	482
256	832	512	256	816	481
320	832	512	322	817	479
384	832	512	387	817	479
448	832	512	448	817	479
512	832	512	509	816	478
576	832	512	573	816	478
640	832	512	634	817	478
704	832	512	695	818	478
768	832	512	759	816	477
832	832	512	821	816	477
896	832	512	885	816	477
960	832	512	947	815	477
1023	832	512	1008	816	477
0	896	512	0	877	484
64	896	512	63	877	484
128	896	512	128	878	483
192	896	512	193	878	483
256	896	512	257	879	481
320	896	512	322	879	480
384	896	512	387	879	479
448	896	512	449	879	479
512	896	512	510	879	479
576	896	512	574	879	479
640	896	512	634	879	478
704	896	512	695	879	478
768	896	512	759	879	477
832	896	512	821	878	477
896	896	512	884	878	477
960	896	512	948	879	477
1023	896	512	1009	879	477
0	960	512	0	937	485
64	960	512	63	938	485
128	960	512	128	938	484
192	960	512	193	938	483
256	960	512	257	939	481
320	960	512	322	939	480
384	960	512	387	939	480
448	960	512	449	939	479
512	960	512	510	939	479
576	960	512	574	940	479
640	960	512	634	939	478
704	960	512	695	939	478
768	960	512	759	939	477
832	960	512	821	938	477
896	960	512	884	938	477
960	960	512	948	938	477
1023	960	512	1009	939	477
0	1023	512	0	999	485
64	1023	512	63	999	485
128	1023	512	128	999	485
192	1023	512	193	1000	483
256	1023	512	258	1000	482
320	1023	512	322	1000	480
384	1023	512	388	1000	480
448	1023	512	450	1000	479
512	1023	512	511	1000	479
576	1023	512	575	1000	479
640	1023	512	635	1000	479
704	1023	512	696	1000	478
768	1023	512	760	1000	478
832	1023	512	822	999	477
896	1023	512	885	999	477
960	1023	512	949	999	477
1023	1023	512	1009	999	477
0	0	576	0	0	547
64	0	576	63	0	542
128	0	576	129	0	542
192	0	576	195	0	541
256	0	576	260	0	541
320	0	576	326	0	540
384	0	576	391	0	540
448	0	576	453	0	540
512	0	576	514	0	539
576	0	576	578	0	539
640	0	576	640	0	539
704	0	576	701	0	538
768	0	576	767	0	538
832	0	576	831	0	538
896	0	576	894	0	538
960	0	576	958	0	538
1023	0	576	1019	0	538
0	64	576	0	63	547
64	64	576	63	63	541
128	64	576	129	63	541
192	64	576	195	63	541
256	64	576	260	63	541
320	64	576	326	63	540
384	64	576	391	63	540
448	64	576	453	63	540
512	64	576	514	63	539
576	64	576	578	63	539
640	64	576	640	63	539
704	64	576	701	63	538
768	64	576	766	63	538
832	64	576	831	63	538
896	64	576	894	63	538
960	64	576	958	63	538
1023	64	576	1019	63	538
0	128	576	0	126	547
64	128	576	63	126	542
128	128	576	129	126	542
192	128	576	194	128	542
256	128	576	259	128	542
320	128	576	325	128	540
384	128	576	391	128	540
448	128	576	453	128	540
512	128	576	514	128	539
576	128	576	578	128	539
640	128	576	639	128	539
704	128	576	700	128	538
768	128	576	766	128	538
832	128	576	830	128	538
896	128	576	893	128	538
960	128	576	957	128	538
1023	128	576	1018	128	538
0	192	576	0	191	547
64	192	576	63	191	543
128	192	576	129	191	543
192	192	576	194	191	543
256	192	576	259	192	543
320	192	576	324	192	540
384	192	576	390	192	540
448	192	576	452	193	540
512	192	576	513	193	539
576	192	576	577	193	539
640	192	576	638	193	539
704	192	576	699	193	538
768	192	576	764	193	538
832	192	576	829	192	538
896	192	576	892	192	538
960	192	576	956	192	538
1023	192	576	1017	192	538
0	256	576	0	253	547
64	256	576	63	253	545
128	256	576	128	254	545
192	256	576	193	254	545
256	256	576	258	255	545
320	256	576	323	255	541
384	256	576	389	255	541
448	256	576	451	256	540
512	256	576	512	256	539
576	256	576	576	256	539
640	256	576	637	256	539
704	256	576	697	256	538
768	256	576	762	256	538
832	256	576	826	256	538
896	256	576	890	255	538
960	256	576	953	255	538
1023	256	576	1015	255	538
0	320	576	0	317	543
64	320	576	63	317	540
128	320	576	128	317	540
192	320	576	193	318	540
256	320	576	258	318	540
320	320	576	322	319	538
384	320	576	388	319	538
448	320	576	450	319	538
512	320	576	511	319	537
576	320	576	575	320	537
640	320	576	636	320	537
704	320	576	696	319	536
768	320	576	761	319	536
832	320	576	824	319	536
896	320	576	888	319	536
960	320	576	952	319	535
1023	320	576	1013	319	535
0	384	576	0	380	543
64	384	576	63	381	543
128	384	576	128	381	543
192	384	576	193	381	542
256	384	576	257	382	542
320	384	576	322	382	538
384	384	576	388	382	538
448	384	576	450	383	538
512	384	576	510	383	538
576	384	576	574	383	537
640	384	576	635	383	537
704	384	576	696	383	536
768	384	576	760	382	536
832	384	576	823	382	536
896	384	576	886	381	536
960	384	576	951	382	536
1023	384	576	1012	382	535
0	448	576	0	443	542
64	448	576	63	443	540
128	448	576	128	443	540
192	448	576	193	444	540
256	448	576	256	444	540
320	448	576	322	445	538
384	448	576	387	445	538
448	448	576	449	445	537
512	448	576	510	445	537
576	448	576	574	445	536
640	448	576	635	445	536
704	448	576	695	446	536
768	448	576	759	444	535
832	448	576	822	444	535
896	448	576	885	444	534
960	448	576	950	444	535
1023	448	576	1010	444	535
0	512	576	0	505	542
64	512	576	63	505	540
128	512	576	128	505	540
192	512	576	193	506	540
256	512	576	256	506	539
320	512	576	322	507	537
384	512	576	387	507	537
448	512	576	448	507	537
512	512	576	509	507	536
576	512	576	573	507	536
640	512	576	634	507	536
704	512	576	695	508	535
768	512	576	759	507	535
832	512	576	821	506	535
896	512	576	884	506	534
960	512	576	948	506	534
1023	512	576	1009	506	534
0	576	576	0	567	542
64	576	576	63	567	540
128	576	576	128	568	540
192	576	576	193	568	540
256	576	576	256	569	539
320	576	576	322	570	537
384	576	576	386	570	537
448	576	576	448	570	536
512	576	576	509	570	536
576	576	576	573	570	536
640	576	576	634	570	536
704	576	576	694	570	535
768	576	576	759	569	535
832	576	576	820	568	534
896	576	576	884	568	534
960	576	576	948	569	534
1023	576	576	1009	570	535
0	640	576	0	629	542
64	640	576	63	630	540
128	640	576	128	630	540
192	640	576	192	630	540
256	640	576	256	631	540
320	640	576	321	632	537
384	640	576	387	632	537
448	640	576	449	632	537
512	640	576	509	632	536
576	640	576	573	632	536
640	640	576	634	632	536
704	640	576	695	632	535
768	640	576	758	631	535
832	640	576	821	630	534
896	640	576	884	631	534
960	640	576	947	631	534
1023	640	576	1008	631	535
0	704	576	0	691	542
64	704	576	63	691	542
128	704	576	128	692	542
192	704	576	193	692	542
256	704	576	256	693	542
320	704	576	322	694	537
384	704	576	387	694	537
448	704	576	448	693	537
512	704	576	509	693	536
576	704	576	574	694	536
640	704	576	634	693	536
704	704	576	695	694	535
768	704	576	759	693	534
832	704	576	821	692	534
896	704	576	883	692	534
960	704	576	948	692	534
1023	704	576	1009	693	534
0	768	576	0	754	542
64	768	576	63	754	540
128	768	576	128	754	540
192	768	576	193	754	539
256	768	576	256	755	539
320	768	576	322	756	537
384	768	576	387	756	537
448	768	576	449	756	537
512	768	576	510	756	536
576	768	576	574	756	536
640	768	576	635	756	536
704	768	576	695	756	536
768	768	576	760	756	535
832	768	576	822	755	534
896	768	576	884	755	534
960	768	576	948	755	534
1023	768	576	1009	755	535
0	832	576	0	816	543
64	832	576	63	816	538
128	832	576	128	817	538
192	832	576	193	817	538
256	832	576	257	817	538
320	832	576	322	818	538
384	832	576	388	820	538
448	832	576	449	818	537
512	832	576	510	818	537
576	832	576	574	818	536
640	832	576	635	818	536
704	832	576	696	818	536
768	832	576	760	818	536
832	832	576	822	817	535
896	832	576	885	817	535
960	832	576	948	817	534
1023	832	576	1009	818	535
0	896	576	0	879	543
64	896	576	63	879	542
128	896	576	128	879	542
192	896	576	193	879	542
256	896	576	257	879	542
320	896	576	322	880	538
384	896	576	387	880	538
448	896	576	449	880	538
512	896	576	510	880	537
576	896	576	574	880	536
640	896	576	635	881	537
704	896	576	696	881	536
768	896	576	760	880	535
832	896	576	822	880	535
896	896	576	886	880	535
960	896	576	949	879	535
1023	896	576	1009	879	534
0	960	576	0	939	543
64	960	576	63	939	542
128	960	576	128	939	542
192	960	576	193	940	542
256	960	576	257	940	541
320	960	576	322	940	538
384	960	576	388	940	538
448	960	576	449	940	537
512	960	576	510	940	537
576	960	576	575	941	537
640	960	576	635	941	537
704	960	576	696	941	536
768	960	576	760	941	535
832	960	576	823	940	535
896	960	576	886	940	535
960	960	576	949	940	535
1023	960	576	1009	940	535
0	1023	576	0	1001	544
64	1023	576	63	1001	543
128	1023	576	128	1001	543
192	1023	576	193	1001	542
256	1023	576	258	1001	542
320	1023	576	323	1001	538
384	1023	576	388	1002	538
448	1023	576	450	1002	538
512	1023	576	511	1002	537
576	1023	576	575	1002	537
640	1023	576	636	1001	537
704	1023	576	696	1001	536
768	1023	576	761	1001	536
832	1023	576	824	1001	535
896	1023	576	886	1001	535
960	1023	576	950	1001	535
1023	1023	576	1011	1002	535
0	0	640	0	0	609
64	0	640	63	0	603
128	0	640	129	0	603
192	0	640	195	0	603
256	0	640	260	0	603
320	0	640	326	0	602
384	0	640	392	0	602
448	0	640	454	0	601
512	0	640	515	0	601
576	0	640	580	0	601
640	0	640	641	0	600
704	0	640	702	0	599
768	0	640	767	0	600
832	0	640	831	0	600
896	0	640	894	0	598
960	0	640	959	0	600
1023	0	640	1020	0	600
0	64	640	0	63	609
64	64	640	63	63	603
128	64	640	129	63	603
192	64	640	195	63	603
256	64	640	260	63	603
320	64	640	326	63	602
384	64	640	392	63	602
448	64	640	453	63	601
512	64	640	515	63	601
576	64	640	579	63	600
640	64	640	641	63	600
704	64	640	702	63	599
768	64	640	767	63	599
832	64	640	831	63	599
896	64	640	893	63	598
960	64	640	959	63	599
1023	64	640	1020	63	599
0	128	640	0	128	609
64	128	640	63	128	604
128	128	640	129	128	604
192	128	640	195	128	604
256	128	640	260	128	604
320	128	640	326	128	602
384	128	640	391	128	602
448	128	640	453	128	601
512	128	640	515	128	601
576	128	640	579	128	600
640	128	640	640	128	600
704	128	640	701	128	599
768	128	640	767	128	599
832	128	640	830	128	599
896	128	640	893	128	598
960	128	640	958	128	599
1023	128	640	1019	128	599
0	192	640	0	191	609
64	192	640	63	191	605
128	192	640	129	192	605
192	192	640	194	192	605
256	192	640	259	192	605
320	192	640	325	193	602
384	192	640	391	193	602
448	192	640	453	193	601
512	192	640	514	193	601
576	192	640	578	193	601
640	192	640	639	193	600
704	192	640	700	193	599
768	192	640	765	193	599
832	192	640	829	193	599
896	192	640	892	193	599
960	192	640	957	193	599
1023	192	640	1018	193	599
0	256	640	0	254	609
64	256	640	63	255	607
128	256	640	128	255	607
192	256	640	194	255	607
256	256	640	259	255	607
320	256	640	324	256	603
384	256	640	390	256	603
448	256	640	452	256	602
512	256	640	513	256	601
576	256	640	577	256	601
640	256	640	638	256	600
704	256	640	699	256	599
768	256	640	763	256	599
832	256	640	827	256	599
896	256	640	890	256	599
960	256	640	955	256	599
1023	256	640	1016	256	599
0	320	640	0	318	605
64	320	640	63	318	601
128	320	640	128	318	601
192	320	640	193	319	601
256	320	640	258	319	601
320	320	640	323	320	599
384	320	640	389	320	599
448	320	640	451	320	598
512	320	640	512	320	598
576	320	640	576	320	598
640	320	640	637	320	598
704	320	640	697	320	597
768	320	640	762	320	597
832	320	640	825	320	597
896	320	640	889	320	597
960	320	640	953	319	597
1023	320	640	1014	319	597
0	384	640	0	381	605
64	384	640	63	381	604
128	384	640	128	382	604
192	384	640	193	382	604
256	384	640	258	383	604
320	384	640	322	383	600
384	384	640	388	383	600
448	384	640	450	383	599
512	384	640	511	383	598
576	384	640	575	384	598
640	384	640	636	384	598
704	384	640	696	383	597
768	384	640	761	383	597
832	384	640	823	382	597
896	384	640	887	382	597
960	384	640	951	382	597
1023	384	640	1012	383	597
0	448	640	0	444	604
64	448	640	63	444	602
128	448	640	128	444	602
192	448	640	193	445	602
256	448	640	257	445	602
320	448	640	322	446	599
384	448	640	387	446	599
448	448	640	449	446	598
512	448	640	510	446	598
576	448	640	575	446	597
640	448	640	636	446	597
704	448	640	696	446	596
768	448	640	760	446	596
832	448	640	822	445	595
896	448	640	886	445	595
960	448	640	950	445	595
1023	448	640	1011	445	596
0	512	640	0	506	604
64	512	640	63	506	601
128	512	640	128	506	601
192	512	640	193	507	601
256	512	640	257	508	601
320	512	640	322	508	598
384	512	640	387	508	598
448	512	640	449	508	597
512	512	640	510	508	597
576	512	640	574	508	597
640	512	640	635	508	597
704	512	640	696	508	596
768	512	640	760	508	596
832	512	640	822	507	595
896	512	640	885	507	595
960	512	640	949	507	595
1023	512	640	1009	507	595
0	576	640	0	568	603
64	576	640	63	568	601
128	576	640	128	569	601
192	576	640	193	569	601
256	576	640	257	570	601
320	576	640	322	571	598
384	576	640	387	571	598
448	576	640	449	570	597
512	576	640	510	570	597
576	576	640	574	570	597
640	576	640	634	570	596
704	576	640	695	571	596
768	576	640	760	570	596
832	576	640	822	569	595
896	576	640	884	569	595
960	576	640	948	569	595
1023	576	640	1009	570	595
0	640	640	0	631	603
64	640	640	63	631	601
128	640	640	128	631	601
192	640	640	193	632	601
256	640	640	257	633	601
320	640	640	322	633	598
384	640	640	387	633	598
448	640	640	449	633	598
512	640	640	510	633	597
576	640	640	574	633	596
640	640	640	635	633	596
704	640	640	695	633	596
768	640	640	759	632	595
832	640	640	822	632	595
896	640	640	885	632	595
960	640	640	948	632	595
1023	640	640	1008	632	595
0	704	640	0	693	604
64	704	640	63	693	603
128	704	640	128	693	603
192	704	640	193	694	603
256	704	640	257	695	603
320	704	640	322	695	599
384	704	640	388	695	599
448	704	640	449	695	598
512	704	640	510	694	597
576	704	640	574	694	596
640	704	640	635	695	597
704	704	640	696	695	596
768	704	640	760	694	595
832	704	640	822	693	595
896	704	640	885	693	595
960	704	640	949	693	595
1023	704	640	1008	693	595
0	768	640	0	755	603
64	768	640	63	755	601
128	768	640	128	755	601
192	768	640	193	756	601
256	768	640	257	757	600
320	768	640	322	757	598
384	768	640	388	757	598
448	768	640	450	757	598
512	768	640	511	758	597
576	768	640	575	757	597
640	768	640	635	757	597
704	768	640	696	757	596
768	768	640	760	757	596
832	768	640	823	756	595
896	768	640	885	755	595
960	768	640	949	756	595
1023	768	640	1010	757	595
0	832	640	0	817	604
64	832	640	63	817	600
128	832	640	128	817	600
192	832	640	193	818	599
256	832	640	257	819	599
320	832	640	322	819	598
384	832	640	388	819	598
448	832	640	450	819	598
512	832	640	511	819	597
576	832	640	575	819	597
640	832	640	636	820	597
704	832	640	696	819	596
768	832	640	760	819	596
832	832	640	823	818	595
896	832	640	886	818	596
960	832	640	949	818	595
1023	832	640	1010	819	596
0	896	640	0	879	604
64	896	640	63	879	603
128	896	640	128	880	603
192	896	640	193	880	603
256	896	640	257	881	603
320	896	640	322	881	599
384	896	640	388	881	599
448	896	640	450	881	598
512	896	640	510	881	597
576	896	640	575	881	597
640	896	640	636	882	597
704	896	640	697	881	597
768	896	640	761	881	596
832	896	640	823	881	595
896	896	640	887	881	596
960	896	640	950	881	595
1023	896	640	1010	881	595
0	960	640	0	940	605
64	960	640	63	940	603
128	960	640	128	940	603
192	960	640	193	941	603
256	960	640	258	941	603
320	960	640	322	942	599
384	960	640	388	941	599
448	960	640	450	941	598
512	960	640	511	941	598
576	960	640	575	942	598
640	960	640	636	942	597
704	960	640	696	941	597
768	960	640	761	941	596
832	960	640	824	942	596
896	960	640	886	940	596
960	960	640	951	942	596
1023	960	640	1010	942	595
0	1023	640	0	1000	604
64	1023	640	63	1000	603
128	1023	640	128	1000	603
192	1023	640	193	1001	603
256	1023	640	258	1002	603
320	1023	640	323	1002	599
384	1023	640	389	1003	599
448	1023	640	451	1003	598
512	1023	640	512	1003	598
576	1023	640	576	1002	598
640	1023	640	637	1003	598
704	1023	640	697	1002	597
768	1023	640	762	1002	597
832	1023	640	824	1002	596
896	1023	640	886	1001	595
960	1023	640	951	1003	596
1023	1023	640	1011	1002	596
0	0	704	0	0	666
64	0	704	63	0	665
128	0	704	129	0	665
192	0	704	196	0	664
256	0	704	261	0	662
320	0	704	327	0	661
384	0	704	392	0	660
448	0	704	454	0	659
512	0	704	515	0	658
576	0	704	579	0	658
640	0	704	641	0	658
704	0	704	702	0	657
768	0	704	766	0	656
832	0	704	831	0	656
896	0	704	894	0	655
960	0	704	958	0	655
1023	0	704	1019	0	655
0	64	704	0	63	662
64	64	704	63	63	662
128	64	704	129	63	661
192	64	704	196	63	660
256	64	704	260	63	658
320	64	704	327	66	657
384	64	704	392	66	656
448	64	704	454	66	656
512	64	704	515	66	655
576	64	704	579	66	655
640	64	704	641	63	655
704	64	704	702	63	655
768	64	704	766	63	654
832	64	704	830	63	653
896	64	704	893	63	653
960	64	704	958	63	653
1023	64	704	1019	63	653
0	128	704	0	126	662
64	128	704	63	126	662
128	128	704	129	128	661
192	128	704	195	128	660
256	128	704	260	128	658
320	128	704	326	128	657
384	128	704	392	129	656
448	128	704	453	129	656
512	128	704	514	128	655
576	128	704	578	129	655
640	128	704	640	129	655
704	128	704	702	128	655
768	128	704	766	128	654
832	128	704	830	128	653
896	128	704	893	128	653
960	128	704	957	128	653
1023	128	704	1018	128	653
0	192	704	0	191	662
64	192	704	63	191	662
128	192	704	129	191	661
192	192	704	195	192	660
256	192	704	260	192	659
320	192	704	325	193	657
384	192	704	391	193	657
448	192	704	453	193	656
512	192	704	514	193	655
576	192	704	578	193	655
640	192	704	640	193	655
704	192	704	701	193	655
768	192	704	764	193	654
832	192	704	828	193	653
896	192	704	892	193	653
960	192	704	956	193	653
1023	192	704	1017	193	653
0	256	704	0	254	662
64	256	704	63	254	662
128	256	704	129	254	661
192	256	704	194	255	660
256	256	704	259	255	659
320	256	704	324	256	657
384	256	704	390	256	657
448	256	704	452	256	656
512	256	704	513	256	655
576	256	704	577	256	655
640	256	704	638	257	655
704	256	704	699	257	655
768	256	704	763	256	654
832	256	704	826	256	653
896	256	704	890	256	653
960	256	704	954	256	653
1023	256	704	1015	256	653
0	320	704	0	318	662
64	320	704	63	318	661
128	320	704	128	318	660
192	320	704	193	318	659
256	320	704	258	319	657
320	320	704	323	320	655
384	320	704	389	320	655
448	320	704	451	320	655
512	320	704	512	320	654
576	320	704	576	320	654
640	320	704	637	321	654
704	320	704	698	321	654
768	320	704	761	320	652
832	320	704	824	320	652
896	320	704	888	320	652
960	320	704	952	320	652
1023	320	704	1013	320	652
0	384	704	0	382	662
64	384	704	63	382	661
128	384	704	128	382	661
192	384	704	193	382	659
256	384	704	257	383	657
320	384	704	322	383	655
384	384	704	388	383	655
448	384	704	450	384	655
512	384	704	511	383	654
576	384	704	575	383	654
640	384	704	636	384	654
704	384	704	697	384	654
768	384	704	760	383	652
832	384	704	823	383	652
896	384	704	887	383	652
960	384	704	951	383	652
1023	384	704	1011	382	652
0	448	704	0	444	660
64	448	704	63	444	660
128	448	704	128	444	660
192	448	704	193	445	659
256	448	704	257	446	657
320	448	704	322	446	655
384	448	704	388	446	655
448	448	704	450	446	655
512	448	704	511	446	654
576	448	704	575	446	654
640	448	704	636	446	654
704	448	704	697	447	654
768	448	704	760	446	653
832	448	704	822	445	652
896	448	704	886	445	651
960	448	704	950	445	652
1023	448	704	1010	446	652
0	512	704	0	506	661
64	512	704	63	506	660
128	512	704	128	507	660
192	512	704	193	507	659
256	512	704	257	508	657
320	512	704	322	508	655
384	512	704	388	509	655
448	512	704	449	508	654
512	512	704	510	508	654
576	512	704	575	508	653
640	512	704	635	508	653
704	512	704	696	509	653
768	512	704	760	508	652
832	512	704	822	508	652
896	512	704	885	507	652
960	512	704	949	508	652
1023	512	704	1010	508	652
0	576	704	0	569	661
64	576	704	63	569	661
128	576	704	128	569	660
192	576	704	193	570	659
256	576	704	256	570	657
320	576	704	322	571	655
384	576	704	387	571	654
448	576	704	449	570	654
512	576	704	510	571	654
576	576	704	574	571	653
640	576	704	635	571	653
704	576	704	696	571	653
768	576	704	760	570	652
832	576	704	822	570	652
896	576	704	885	570	651
960	576	704	949	570	651
1023	576	704	1009	570	652
0	640	704	0	630	660
64	640	704	63	630	660
128	640	704	128	631	659
192	640	704	193	632	658
256	640	704	256	632	656
320	640	704	322	633	655
384	640	704	387	633	655
448	640	704	449	633	654
512	640	704	510	633	654
576	640	704	574	633	653
640	640	704	635	633	653
704	640	704	695	633	652
768	640	704	760	633	652
832	640	704	822	633	652
896	640	704	884	632	651
960	640	704	949	633	652
1023	640	704	1009	633	652
0	704	704	0	692	660
64	704	704	63	692	660
128	704	704	128	693	660
192	704	704	193	693	659
256	704	704	256	694	657
320	704	704	322	695	655
384	704	704	388	695	655
448	704	704	449	695	654
512	704	704	510	695	654
576	704	704	574	695	654
640	704	704	635	695	653
704	704	704	695	694	652
768	704	704	760	694	652
832	704	704	822	694	652
896	704	704	884	693	651
960	704	704	949	694	652
1023	704	704	1009	694	652
0	768	704	0	756	661
64	768	704	63	756	661
128	768	704	128	756	660
192	768	704	193	756	659
256	768	704	256	757	657
320	768	704	322	757	655
384	768	704	387	757	655
448	768	704	449	757	655
512	768	704	510	757	654
576	768	704	574	757	654
640	768	704	635	757	654
704	768	704	696	757	654
768	768	704	760	757	653
832	768	704	823	756	653
896	768	704	886	756	653
960	768	704	949	756	652
1023	768	704	1009	756	652
0	832	704	0	818	661
64	832	704	63	818	661
128	832	704	128	818	660
192	832	704	193	818	659
256	832	704	256	818	657
320	832	704	322	819	655
384	832	704	388	820	655
448	832	704	450	820	655
512	832	704	511	820	655
576	832	704	575	820	654
640	832	704	636	819	654
704	832	704	696	819	653
768	832	704	761	820	653
832	832	704	824	820	653
896	832	704	886	818	652
960	832	704	950	819	652
1023	832	704	1010	819	652
0	896	704	0	879	661
64	896	704	63	879	661
128	896	704	128	880	661
192	896	704	193	880	660
256	896	704	257	881	658
320	896	704	322	882	656
384	896	704	388	882	656
448	896	704	450	882	655
512	896	704	512	882	655
576	896	704	576	883	655
640	896	704	636	882	654
704	896	704	697	882	654
768	896	704	761	882	653
832	896	704	823	880	652
896	896	704	886	881	653
960	896	704	950	881	652
1023	896	704	1010	881	652
0	960	704	0	940	662
64	960	704	63	940	661
128	960	704	128	940	661
192	960	704	193	941	660
256	960	704	257	941	657
320	960	704	322	942	656
384	960	704	388	942	656
448	960	704	450	942	655
512	960	704	511	942	655
576	960	704	575	942	654
640	960	704	636	942	654
704	960	704	698	943	655
768	960	704	761	942	653
832	960	704	824	942	653
896	960	704	887	942	653
960	960	704	950	942	653
1023	960	704	1010	942	652
0	1023	704	0	1001	662
64	1023	704	63	1001	662
128	1023	704	128	1001	661
192	1023	704	193	1001	660
256	1023	704	258	1002	658
320	1023	704	323	1003	656
384	1023	704	389	1004	657
448	1023	704	451	1003	656
512	1023	704	511	1002	655
576	1023	704	575	1002	655
640	1023	704	637	1003	655
704	1023	704	698	1004	655
768	1023	704	762	1002	654
832	1023	704	824	1002	653
896	1023	704	888	1003	653
960	1023	704	951	1002	653
1023	1023	704	1011	1002	652
0	0	768	0	0	726
64	0	768	63	0	723
128	0	768	129	0	723
192	0	768	195	0	722
256	0	768	260	0	721
320	0	768	326	0	719
384	0	768	392	0	719
448	0	768	454	0	719
512	0	768	516	0	718
576	0	768	580	0	717
640	0	768	641	0	717
704	0	768	703	0	716
768	0	768	768	0	716
832	0	768	832	0	715
896	0	768	895	0	715
960	0	768	959	0	714
1023	0	768	1020	0	714
0	64	768	0	63	724
64	64	768	63	63	721
128	64	768	129	63	721
192	64	768	195	63	720
256	64	768	260	63	718
320	64	768	326	66	717
384	64	768	392	66	716
448	64	768	454	66	716
512	64	768	516	66	716
576	64	768	580	66	715
640	64	768	641	63	715
704	64	768	703	63	714
768	64	768	768	63	714
832	64	768	832	63	713
896	64	768	895	63	713
960	64	768	959	63	713
1023	64	768	1019	63	713
0	128	768	0	128	724
64	128	768	63	128	722
128	128	768	129	128	721
192	128	768	195	128	720
256	128	768	260	128	719
320	128	768	326	129	717
384	128	768	392	129	716
448	128	768	454	129	716
512	128	768	516	129	716
576	128	768	580	129	715
640	128	768	641	129	715
704	128	768	702	129	714
768	128	768	767	129	714
832	128	768	831	128	713
896	128	768	894	128	713
960	128	768	958	128	713
1023	128	768	1019	128	713
0	192	768	0	192	724
64	192	768	63	192	722
128	192	768	129	192	722
192	192	768	195	192	721
256	192	768	260	193	719
320	192	768	325	193	717
384	192	768	391	193	717
448	192	768	453	193	716
512	192	768	515	193	716
576	192	768	579	193	715
640	192	768	640	193	715
704	192	768	701	193	714
768	192	768	766	193	714
832	192	768	830	193	713
896	192	768	893	193	713
960	192	768	957	193	713
1023	192	768	1018	193	713
0	256	768	0	255	724
64	256	768	63	255	723
128	256	768	129	255	722
192	256	768	194	255	721
256	256	768	259	256	720
320	256	768	325	256	717
384	256	768	390	256	717
448	256	768	453	257	716
512	256	768	514	257	716
576	256	768	578	257	715
640	256	768	639	257	715
704	256	768	700	257	714
768	256	768	764	257	714
832	256	768	828	256	713
896	256	768	891	256	713
960	256	768	955	256	713
1023	256	768	1016	256	713
0	320	768	0	318	721
64	320	768	63	318	719
128	320	768	128	319	719
192	320	768	193	319	718
256	320	768	258	320	716
320	320	768	324	320	714
384	320	768	389	321	714
448	320	768	452	321	714
512	320	768	513	321	713
576	320	768	577	321	713
640	320	768	638	321	713
704	320	768	699	321	712
768	320	768	763	321	712
832	320	768	826	320	711
896	320	768	889	320	711
960	320	768	953	320	711
1023	320	768	1014	320	711
0	384	768	0	382	721
64	384	768	63	382	721
128	384	768	128	382	720
192	384	768	193	383	719
256	384	768	258	383	718
320	384	768	323	384	714
384	384	768	389	384	714
448	384	768	451	384	714
512	384	768	512	384	713
576	384	768	576	384	713
640	384	768	637	384	713
704	384	768	698	384	712
768	384	768	762	384	712
832	384	768	824	383	711
896	384	768	888	383	711
960	384	768	952	383	711
1023	384	768	1012	384	711
0	448	768	0	445	720
64	448	768	63	445	719
128	448	768	128	445	718
192	448	768	193	445	717
256	448	768	257	446	716
320	448	768	322	447	714
384	448	768	389	447	714
448	448	768	451	447	713
512	448	768	511	447	713
576	448	768	575	447	712
640	448	768	637	447	712
704	448	768	698	447	712
768	448	768	761	446	711
832	448	768	824	446	711
896	448	768	887	446	710
960	448	768	951	446	710
1023	448	768	1011	446	710
0	512	768	0	507	719
64	512	768	63	507	718
128	512	768	128	507	718
192	512	768	193	508	717
256	512	768	257	508	716
320	512	768	322	509	714
384	512	768	388	509	713
448	512	768	450	509	713
512	512	768	511	509	712
576	512	768	575	509	712
640	512	768	636	509	712
704	512	768	697	509	711
768	512	768	761	509	711
832	512	768	823	508	710
896	512	768	886	508	710
960	512	768	950	508	710
1023	512	768	1010	508	710
0	576	768	0	569	719
64	576	768	63	569	718
128	576	768	128	569	718
192	576	768	193	570	717
256	576	768	257	571	716
320	576	768	322	572	714
384	576	768	388	572	713
448	576	768	450	572	713
512	576	768	511	572	713
576	576	768	575	572	712
640	576	768	636	572	712
704	576	768	697	572	711
768	576	768	761	572	711
832	576	768	823	571	710
896	576	768	886	571	710
960	576	768	950	571	710
1023	576	768	1010	572	710
0	640	768	0	632	719
64	640	768	63	632	719
128	640	768	128	632	718
192	640	768	193	633	717
256	640	768	257	634	716
320	640	768	322	634	714
384	640	768	388	635	714
448	640	768	450	635	713
512	640	768	511	634	713
576	640	768	575	634	712
640	640	768	636	634	712
704	640	768	697	634	711
768	640	768	761	634	711
832	640	768	823	633	710
896	640	768	886	633	710
960	640	768	950	633	710
1023	640	768	1010	633	710
0	704	768	0	693	719
64	704	768	63	693	719
128	704	768	128	694	719
192	704	768	193	695	718
256	704	768	257	695	717
320	704	768	322	696	714
384	704	768	388	696	714
448	704	768	450	696	713
512	704	768	511	696	713
576	704	768	575	696	712
640	704	768	636	696	712
704	704	768	697	696	712
768	704	768	760	695	711
832	704	768	823	695	710
896	704	768	886	694	710
960	704	768	950	695	710
1023	704	768	1009	694	710
0	768	768	0	756	720
64	768	768	63	756	719
128	768	768	128	756	718
192	768	768	193	757	718
256	768	768	257	758	716
320	768	768	322	759	714
384	768	768	388	759	714
448	768	768	451	759	714
512	768	768	512	759	713
576	768	768	576	759	713
640	768	768	637	759	713
704	768	768	697	759	712
768	768	768	762	758	712
832	768	768	823	757	711
896	768	768	887	757	710
960	768	768	950	757	711
1023	768	768	1011	758	711
0	832	768	0	818	720
64	832	768	63	818	718
128	832	768	128	819	718
192	832	768	193	819	717
256	832	768	258	821	716
320	832	768	323	821	715
384	832	768	389	821	714
448	832	768	451	821	714
512	832	768	512	822	714
576	832	768	576	821	713
640	832	768	637	821	713
704	832	768	698	821	712
768	832	768	762	821	712
832	832	768	824	819	711
896	832	768	887	819	711
960	832	768	951	820	711
1023	832	768	1012	821	711
0	896	768	0	881	721
64	896	768	63	881	720
128	896	768	128	881	720
192	896	768	193	882	719
256	896	768	258	883	718
320	896	768	323	883	715
384	896	768	389	883	715
448	896	768	451	883	714
512	896	768	512	883	713
576	896	768	576	883	713
640	896	768	637	884	713
704	896	768	698	883	712
768	896	768	762	882	712
832	896	768	825	882	711
896	896	768	887	882	711
960	896	768	951	882	711
1023	896	768	1011	882	711
0	960	768	0	941	721
64	960	768	63	941	720
128	960	768	128	941	720
192	960	768	193	942	719
256	960	768	258	942	717
320	960	768	322	943	715
384	960	768	388	943	714
448	960	768	451	943	714
512	960	768	512	943	714
576	960	768	576	943	713
640	960	768	637	943	713
704	960	768	698	943	713
768	960	768	762	943	712
832	960	768	825	943	712
896	960	768	888	943	711
960	960	768	951	943	711
1023	960	768	1012	943	711
0	1023	768	0	1003	722
64	1023	768	63	1003	721
128	1023	768	128	1003	721
192	1023	768	193	1004	720
256	1023	768	258	1004	718
320	1023	768	323	1005	716
384	1023	768	389	1004	715
448	1023	768	451	1004	714
512	1023	768	512	1004	714
576	1023	768	577	1004	714
640	1023	768	638	1005	713
704	1023	768	698	1004	713
768	1023	768	763	1005	713
832	1023	768	826	1004	712
896	1023	768	888	1003	711
960	1023	768	952	1004	712
1023	1023	768	1012	1004	712
0	0	832	0	0	789
64	0	832	63	0	784
128	0	832	129	0	784
192	0	832	196	0	783
256	0	832	260	0	783
320	0	832	327	0	782
384	0	832	393	0	782
448	0	832	455	0	782
512	0	832	517	0	781
576	0	832	581	0	780
640	0	832	642	0	780
704	0	832	704	0	779
768	0	832	770	0	779
832	0	832	833	0	778
896	0	832	897	0	778
960	0	832	961	0	778
1023	0	832	1022	0	778
0	64	832	0	63	788
64	64	832	63	63	783
128	64	832	129	63	783
192	64	832	195	63	783
256	64	832	260	63	782
320	64	832	327	66	781
384	64	832	392	66	781
448	64	832	455	66	781
512	64	832	517	66	780
576	64	832	581	66	780
640	64	832	642	63	779
704	64	832	704	63	778
768	64	832	769	63	778
832	64	832	833	63	777
896	64	832	896	63	777
960	64	832	961	63	777
1023	64	832	1021	63	777
0	128	832	0	128	788
64	128	832	63	128	784
128	128	832	129	128	784
192	128	832	195	128	784
256	128	832	260	129	783
320	128	832	327	129	781
384	128	832	392	129	781
448	128	832	454	129	781
512	128	832	517	129	780
576	128	832	581	129	780
640	128	832	642	129	779
704	128	832	703	129	778
768	128	832	769	129	778
832	128	832	832	129	777
896	128	832	896	129	777
960	128	832	960	129	777
1023	128	832	1021	129	777
0	192	832	0	192	788
64	192	832	63	192	785
128	192	832	129	193	785
192	192	832	195	193	785
256	192	832	260	193	784
320	192	832	326	193	781
384	192	832	392	193	781
448	192	832	454	193	781
512	192	832	516	193	780
576	192	832	580	194	780
640	192	832	641	193	779
704	192	832	702	193	778
768	192	832	768	193	778
832	192	832	831	193	777
896	192	832	894	193	777
960	192	832	959	193	777
1023	192	832	1019	193	777
0	256	832	0	255	788
64	256	832	63	255	787
128	256	832	129	256	787
192	256	832	194	256	786
256	256	832	259	257	786
320	256	832	325	257	782
384	256	832	390	257	781
448	256	832	453	257	781
512	256	832	515	258	780
576	256	832	579	258	780
640	256	832	640	258	779
704	256	832	701	258	778
768	256	832	766	258	778
832	256	832	829	258	777
896	256	832	892	257	777
960	256	832	957	258	777
1023	256	832	1017	257	777
0	320	832	0	319	785
64	320	832	63	319	781
128	320	832	129	320	781
192	320	832	194	320	781
256	320	832	259	321	780
320	320	832	324	321	778
384	320	832	390	321	777
448	320	832	452	322	777
512	320	832	514	322	777
576	320	832	578	322	776
640	320	832	639	322	776
704	320	832	700	322	775
768	320	832	764	322	775
832	320	832	827	321	774
896	320	832	890	321	774
960	320	832	955	321	774
1023	320	832	1015	321	774
0	384	832	0	383	785
64	384	832	63	383	784
128	384	832	128	383	784
192	384	832	193	384	784
256	384	832	258	384	783
320	384	832	324	385	778
384	384	832	389	385	778
448	384	832	452	385	777
512	384	832	513	385	777
576	384	832	578	385	776
640	384	832	638	385	776
704	384	832	699	385	775
768	384	832	764	385	775
832	384	832	826	384	774
896	384	832	889	385	774
960	384	832	953	384	774
1023	384	832	1014	385	774
0	448	832	0	446	784
64	448	832	63	446	781
128	448	832	128	446	781
192	448	832	193	447	781
256	448	832	258	447	780
320	448	832	323	448	777
384	448	832	389	448	777
448	448	832	451	448	776
512	448	832	512	448	775
576	448	832	577	448	775
640	448	832	638	448	775
704	448	832	699	448	775
768	448	832	763	448	774
832	448	832	826	447	773
896	448	832	889	447	773
960	448	832	952	447	773
1023	448	832	1012	447	774
0	512	832	0	508	783
64	512	832	63	508	780
128	512	832	128	509	780
192	512	832	193	509	780
256	512	832	258	510	779
320	512	832	323	510	777
384	512	832	389	511	777
448	512	832	451	511	776
512	512	832	512	510	775
576	512	832	577	510	775
640	512	832	638	511	775
704	512	832	699	510	774
768	512	832	762	510	774
832	512	832	825	510	773
896	512	832	888	509	773
960	512	832	952	510	773
1023	512	832	1012	509	773
0	576	832	0	571	783
64	576	832	63	571	780
128	576	832	128	571	780
192	576	832	193	572	779
256	576	832	257	572	779
320	576	832	323	573	776
384	576	832	389	573	776
448	576	832	451	573	776
512	576	832	512	573	775
576	576	832	577	573	775
640	576	832	637	573	774
704	576	832	698	573	774
768	576	832	762	573	773
832	576	832	825	572	773
896	576	832	887	572	772
960	576	832	951	572	773
1023	576	832	1012	573	773
0	640	832	0	633	782
64	640	832	63	633	780
128	640	832	128	633	780
192	640	832	193	634	780
256	640	832	257	635	780
320	640	832	323	636	777
384	640	832	389	636	776
448	640	832	451	636	776
512	640	832	512	636	775
576	640	832	576	636	775
640	640	832	637	636	775
704	640	832	698	636	774
768	640	832	762	635	774
832	640	832	825	635	773
896	640	832	887	635	773
960	640	832	951	635	773
1023	640	832	1011	635	773
0	704	832	0	695	782
64	704	832	63	695	782
128	704	832	128	695	782
192	704	832	193	696	781
256	704	832	258	697	781
320	704	832	323	698	777
384	704	832	389	698	777
448	704	832	451	698	776
512	704	832	512	697	775
576	704	832	576	697	775
640	704	832	638	698	775
704	704	832	698	697	774
768	704	832	762	696	774
832	704	832	825	696	773
896	704	832	887	696	772
960	704	832	952	696	773
1023	704	832	1011	696	772
0	768	832	0	757	783
64	768	832	63	757	780
128	768	832	128	758	780
192	768	832	193	758	780
256	768	832	258	759	779
320	768	832	323	760	777
384	768	832	389	760	777
448	768	832	451	760	776
512	768	832	512	760	775
576	768	832	577	760	775
640	768	832	637	760	775
704	768	832	699	760	774
768	768	832	763	759	774
832	768	832	825	759	773
896	768	832	888	759	773
960	768	832	952	759	773
1023	768	832	1013	760	774
0	832	832	0	819	783
64	832	832	63	819	779
128	832	832	128	820	779
192	832	832	193	821	779
256	832	832	258	822	778
320	832	832	323	822	777
384	832	832	389	822	777
448	832	832	451	822	776
512	832	832	513	823	776
576	832	832	578	823	776
640	832	832	638	822	775
704	832	832	699	822	775
768	832	832	764	822	775
832	832	832	825	821	774
896	832	832	888	821	773
960	832	832	952	821	773
1023	832	832	1013	822	774
0	896	832	0	882	783
64	896	832	63	882	782
128	896	832	128	883	782
192	896	832	193	883	782
256	896	832	258	884	781
320	896	832	323	885	777
384	896	832	389	884	777
448	896	832	451	885	776
512	896	832	513	885	776
576	896	832	577	885	776
640	896	832	639	885	776
704	896	832	699	885	775
768	896	832	763	884	774
832	896	832	826	884	774
896	896	832	889	884	774
960	896	832	953	885	774
1023	896	832	1013	884	774
0	960	832	0	943	784
64	960	832	63	943	782
128	960	832	128	943	782
192	960	832	193	944	782
256	960	832	258	944	781
320	960	832	323	945	777
384	960	832	389	945	777
448	960	832	451	945	777
512	960	832	513	945	776
576	960	832	577	945	776
640	960	832	638	945	775
704	960	832	699	945	775
768	960	832	764	946	775
832	960	832	827	945	774
896	960	832	890	945	774
960	960	832	953	945	774
1023	960	832	1013	945	774
0	1023	832	0	1004	784
64	1023	832	63	1004	783
128	1023	832	128	1004	783
192	1023	832	193	1005	782
256	1023	832	258	1005	782
320	1023	832	324	1006	778
384	1023	832	390	1006	778
448	1023	832	452	1006	777
512	1023	832	513	1006	777
576	1023	832	578	1006	776
640	1023	832	639	1006	776
704	1023	832	700	1006	776
768	1023	832	764	1006	775
832	1023	832	827	1006	775
896	1023	832	889	1005	774
960	1023	832	954	1006	774
1023	1023	832	1014	1006	774
0	0	896	0	0	848
64	0	896	66	0	846
128	0	896	129	0	846
192	0	896	196	0	845
256	0	896	261	0	844
320	0	896	327	0	843
384	0	896	394	0	842
448	0	896	457	0	842
512	0	896	518	0	841
576	0	896	583	0	841
640	0	896	644	0	840
704	0	896	705	0	840
768	0	896	771	0	839
832	0	896	834	0	838
896	0	896	897	0	837
960	0	896	961	0	837
1023	0	896	1023	0	837
0	64	896	0	63	846
64	64	896	66	63	844
128	64	896	129	63	844
192	64	896	196	66	843
256	64	896	261	66	841
320	64	896	327	66	840
384	64	896	394	66	839
448	64	896	457	66	839
512	64	896	518	66	838
576	64	896	583	66	838
640	64	896	644	66	837
704	64	896	705	66	837
768	64	896	771	66	835
832	64	896	833	63	835
896	64	896	897	63	834
960	64	896	961	63	834
1023	64	896	1023	63	834
0	128	896	0	128	846
64	128	896	66	128	844
128	128	896	129	128	844
192	128	896	196	129	843
256	128	896	261	129	841
320	128	896	327	129	840
384	128	896	393	129	839
448	128	896	456	129	839
512	128	896	518	129	838
576	128	896	582	129	838
640	128	896	644	129	837
704	128	896	705	129	837
768	128	896	770	129	835
832	128	896	833	129	835
896	128	896	896	129	834
960	128	896	960	129	834
1023	128	896	1022	129	834
0	192	896	0	193	846
64	192	896	63	193	845
128	192	896	129	193	844
192	192	896	195	193	843
256	192	896	260	193	842
320	192	896	327	194	840
384	192	896	393	194	839
448	192	896	455	194	839
512	192	896	517	194	838
576	192	896	581	194	838
640	192	896	643	194	837
704	192	896	704	194	837
768	192	896	769	194	835
832	192	896	832	194	835
896	192	896	895	193	834
960	192	896	959	193	834
1023	192	896	1020	193	834
0	256	896	0	256	846
64	256	896	63	256	845
128	256	896	129	256	845
192	256	896	195	256	844
256	256	896	260	257	842
320	256	896	326	258	840
384	256	896	392	258	840
448	256	896	454	258	839
512	256	896	516	258	838
576	256	896	580	258	838
640	256	896	642	258	837
704	256	896	703	259	837
768	256	896	767	258	835
832	256	896	830	258	835
896	256	896	893	258	834
960	256	896	957	258	834
1023	256	896	1018	258	834
0	320	896	0	320	844
64	320	896	63	320	842
128	320	896	129	320	842
192	320	896	194	321	840
256	320	896	259	322	839
320	320	896	325	322	837
384	320	896	391	322	836
448	320	896	453	322	836
512	320	896	515	322	835
576	320	896	579	322	834
640	320	896	640	322	834
704	320	896	701	322	834
768	320	896	765	322	833
832	320	896	828	322	832
896	320	896	891	322	832
960	320	896	956	322	832
1023	320	896	1015	322	832
0	384	896	0	384	844
64	384	896	63	384	843
128	384	896	128	384	843
192	384	896	193	384	842
256	384	896	258	385	840
320	384	896	324	385	837
384	384	896	390	385	837
448	384	896	452	386	836
512	384	896	514	386	835
576	384	896	578	385	834
640	384	896	639	386	834
704	384	896	700	386	834
768	384	896	764	385	833
832	384	896	827	385	832
896	384	896	890	385	832
960	384	896	954	385	832
1023	384	896	1014	385	832
0	448	896	0	446	843
64	448	896	63	447	842
128	448	896	128	447	841
192	448	896	193	447	840
256	448	896	258	448	838
320	448	896	323	449	836
384	448	896	390	449	835
448	448	896	452	449	835
512	448	896	514	449	834
576	448	896	578	449	834
640	448	896	639	449	833
704	448	896	700	449	833
768	448	896	764	448	832
832	448	896	826	448	832
896	448	896	890	448	832
960	448	896	953	448	832
1023	448	896	1014	448	832
0	512	896	0	509	842
64	512	896	63	509	841
128	512	896	128	509	840
192	512	896	193	510	839
256	512	896	258	510	837
320	512	896	323	511	835
384	512	896	389	511	835
448	512	896	452	511	834
512	512	896	513	511	834
576	512	896	578	511	833
640	512	896	639	511	833
704	512	896	700	511	833
768	512	896	764	511	832
832	512	896	826	510	832
896	512	896	889	510	832
960	512	896	953	510	831
1023	512	896	1013	510	831
0	576	896	0	571	842
64	576	896	63	572	840
128	576	896	128	572	840
192	576	896	193	572	839
256	576	896	257	573	837
320	576	896	323	574	834
384	576	896	389	574	834
448	576	896	451	574	834
512	576	896	513	574	833
576	576	896	577	574	833
640	576	896	638	574	833
704	576	896	699	574	832
768	576	896	763	574	832
832	576	896	826	573	832
896	576	896	889	573	831
960	576	896	952	573	831
1023	576	896	1012	573	831
0	640	896	0	634	842
64	640	896	63	634	841
128	640	896	128	634	840
192	640	896	193	635	839
256	640	896	257	636	838
320	640	896	322	636	835
384	640	896	389	636	834
448	640	896	451	636	834
512	640	896	512	636	834
576	640	896	577	637	833
640	640	896	638	637	833
704	640	896	699	636	833
768	640	896	763	636	832
832	640	896	826	636	832
896	640	896	889	636	831
960	640	896	953	636	832
1023	640	896	1013	636	832
0	704	896	0	696	841
64	704	896	63	696	841
128	704	896	128	696	841
192	704	896	193	697	840
256	704	896	257	697	838
320	704	896	322	698	835
384	704	896	389	698	835
448	704	896	451	698	834
512	704	896	512	698	834
576	704	896	577	698	833
640	704	896	638	698	833
704	704	896	698	697	832
768	704	896	763	698	832
832	704	896	826	698	832
896	704	896	889	697	832
960	704	896	953	698	832
1023	704	896	1012	697	831
0	768	896	0	759	842
64	768	896	63	759	841
128	768	896	128	759	840
192	768	896	193	759	839
256	768	896	257	760	838
320	768	896	322	760	835
384	768	896	389	761	835
448	768	896	451	761	835
512	768	896	513	760	834
576	768	896	577	760	834
640	768	896	639	761	834
704	768	896	700	761	834
768	768	896	764	760	833
832	768	896	826	760	832
896	768	896	890	760	832
960	768	896	953	760	832
1023	768	896	1013	760	832
0	832	896	0	821	842
64	832	896	63	821	840
128	832	896	128	821	840
192	832	896	193	822	839
256	832	896	258	822	837
320	832	896	323	823	835
384	832	896	389	823	835
448	832	896	452	823	835
512	832	896	514	823	835
576	832	896	578	823	834
640	832	896	639	824	834
704	832	896	700	824	834
768	832	896	764	823	833
832	832	896	827	823	833
896	832	896	890	823	833
960	832	896	953	823	832
1023	832	896	1013	823	832
0	896	896	0	882	842
64	896	896	63	883	841
128	896	896	128	883	841
192	896	896	193	884	840
256	896	896	258	885	839
320	896	896	323	886	836
384	896	896	389	886	836
448	896	896	452	886	835
512	896	896	514	886	835
576	896	896	578	886	834
640	896	896	639	886	834
704	896	896	700	886	834
768	896	896	764	885	833
832	896	896	827	885	833
896	896	896	890	885	832
960	896	896	953	885	832
1023	896	896	1014	886	833
0	960	896	0	944	843
64	960	896	63	944	842
128	960	896	128	944	842
192	960	896	193	945	840
256	960	896	258	946	839
320	960	896	323	946	836
384	960	896	389	947	836
448	960	896	452	947	835
512	960	896	514	946	835
576	960	896	578	946	835
640	960	896	639	947	835
704	960	896	700	947	834
768	960	896	764	946	833
832	960	896	827	946	833
896	960	896	890	946	833
960	960	896	954	946	833
1023	960	896	1014	946	833
0	1023	896	0	1005	843
64	1023	896	63	1005	843
128	1023	896	128	1005	842
192	1023	896	193	1006	841
256	1023	896	258	1007	840
320	1023	896	324	1007	837
384	1023	896	390	1008	837
448	1023	896	453	1008	836
512	1023	896	514	1007	835
576	1023	896	578	1007	835
640	1023	896	640	1008	835
704	1023	896	702	1009	835
768	1023	896	765	1007	834
832	1023	896	828	1007	834
896	1023	896	891	1007	834
960	1023	896	954	1007	833
1023	1023	896	1015	1007	833
0	0	960	0	0	907
64	0	960	63	0	907
128	0	960	129	0	906
192	0	960	196	0	905
256	0	960	261	0	904
320	0	960	327	0	902
384	0	960	393	23	902
448	0	960	456	0	901
512	0	960	518	0	901
576	0	960	582	0	900
640	0	960	644	0	900
704	0	960	705	0	900
768	0	960	771	0	899
832	0	960	833	0	898
896	0	960	897	0	898
960	0	960	961	0	897
1023	0	960	1022	0	897
0	64	960	0	63	905
64	64	960	63	63	905
128	64	960	129	63	904
192	64	960	196	66	902
256	64	960	261	66	900
320	64	960	327	66	899
384	64	960	393	66	898
448	64	960	456	66	898
512	64	960	518	66	897
576	64	960	582	66	896
640	64	960	643	66	896
704	64	960	705	63	895
768	64	960	771	66	894
832	64	960	833	63	893
896	64	960	897	63	893
960	64	960	961	63	893
1023	64	960	1021	63	893
0	128	960	0	128	905
64	128	960	63	128	905
128	128	960	129	128	904
192	128	960	195	129	902
256	128	960	260	129	900
320	128	960	327	129	899
384	128	960	393	129	898
448	128	960	455	129	898
512	128	960	517	129	897
576	128	960	582	129	896
640	128	960	643	129	896
704	128	960	705	129	895
768	128	960	770	129	894
832	128	960	832	129	893
896	128	960	896	129	893
960	128	960	960	129	893
1023	128	960	1021	129	893
0	192	960	0	192	905
64	192	960	63	192	905
128	192	960	129	193	904
192	192	960	195	193	902
256	192	960	260	193	900
320	192	960	326	194	899
384	192	960	392	194	898
448	192	960	455	194	898
512	192	960	516	194	897
576	192	960	581	194	896
640	192	960	643	194	896
704	192	960	704	194	895
768	192	960	769	194	894
832	192	960	831	193	893
896	192	960	895	193	893
960	192	960	959	193	893
1023	192	960	1019	193	893
0	256	960	0	255	905
64	256	960	63	255	905
128	256	960	129	256	904
192	256	960	194	256	902
256	256	960	259	257	900
320	256	960	325	258	899
384	256	960	391	258	898
448	256	960	454	258	898
512	256	960	515	258	897
576	256	960	580	258	896
640	256	960	642	259	896
704	256	960	702	258	895
768	256	960	767	258	894
832	256	960	829	258	893
896	256	960	893	258	893
960	256	960	957	258	893
1023	256	960	1018	258	893
0	320	960	0	319	903
64	320	960	63	319	903
128	320	960	128	320	902
192	320	960	193	320	900
256	320	960	258	321	898
320	320	960	324	322	896
384	320	960	390	322	895
448	320	960	453	322	895
512	320	960	514	322	894
576	320	960	579	322	894
640	320	960	640	322	893
704	320	960	701	322	893
768	320	960	765	322	892
832	320	960	828	322	892
896	320	960	891	322	892
960	320	960	955	322	892
1023	320	960	1016	322	891
0	384	960	0	383	903
64	384	960	63	384	903
128	384	960	128	384	902
192	384	960	193	384	900
256	384	960	258	384	898
320	384	960	323	385	896
384	384	960	389	385	896
448	384	960	452	385	895
512	384	960	513	385	894
576	384	960	578	385	894
640	384	960	639	385	893
704	384	960	700	385	893
768	384	960	764	385	892
832	384	960	827	385	892
896	384	960	890	385	892
960	384	960	954	385	892
1023	384	960	1014	385	891
0	448	960	0	446	902
64	448	960	63	446	902
128	448	960	128	447	901
192	448	960	193	447	900
256	448	960	257	448	898
320	448	960	323	448	896
384	448	960	389	449	895
448	448	960	452	449	895
512	448	960	513	449	894
576	448	960	578	449	894
640	448	960	639	449	893
704	448	960	699	448	892
768	448	960	764	448	892
832	448	960	826	448	891
896	448	960	889	447	891
960	448	960	953	448	891
1023	448	960	1013	448	891
0	512	960	0	509	902
64	512	960	63	509	902
128	512	960	128	509	901
192	512	960	193	510	899
256	512	960	257	510	897
320	512	960	323	511	895
384	512	960	389	511	894
448	512	960	451	511	893
512	512	960	513	511	893
576	512	960	578	511	893
640	512	960	639	511	893
704	512	960	699	511	893
768	512	960	763	510	892
832	512	960	826	510	891
896	512	960	889	510	891
960	512	960	953	511	892
1023	512	960	1013	511	892
0	576	960	0	572	902
64	576	960	63	572	902
128	576	960	128	572	901
192	576	960	193	573	899
256	576	960	257	573	897
320	576	960	322	574	895
384	576	960	389	574	894
448	576	960	451	574	894
512	576	960	513	574	893
576	576	960	577	574	893
640	576	960	638	574	892
704	576	960	699	574	892
768	576	960	763	573	892
832	576	960	826	574	892
896	576	960	889	573	891
960	576	960	953	574	892
1023	576	960	1013	574	891
0	640	960	0	634	902
64	640	960	63	634	901
128	640	960	128	635	900
192	640	960	193	635	899
256	640	960	257	636	896
320	640	960	322	636	894
384	640	960	388	637	894
448	640	960	451	637	894
512	640	960	512	637	893
576	640	960	577	636	893
640	640	960	638	636	893
704	640	960	699	636	892
768	640	960	763	636	892
832	640	960	826	636	891
896	640	960	888	635	891
960	640	960	953	636	892
1023	640	960	1013	636	891
0	704	960	0	695	901
64	704	960	63	695	901
128	704	960	128	696	900
192	704	960	193	697	899
256	704	960	257	698	897
320	704	960	322	698	895
384	704	960	388	698	894
448	704	960	451	698	894
512	704	960	513	698	894
576	704	960	577	698	893
640	704	960	638	698	893
704	704	960	699	698	893
768	704	960	764	698	892
832	704	960	825	697	891
896	704	960	888	697	891
960	704	960	953	698	892
1023	704	960	1013	698	891
0	768	960	0	759	902
64	768	960	63	759	902
128	768	960	128	759	901
192	768	960	193	759	899
256	768	960	256	760	897
320	768	960	322	760	895
384	768	960	389	761	895
448	768	960	451	761	895
512	768	960	512	760	894
576	768	960	577	760	893
640	768	960	638	761	894
704	768	960	699	761	894
768	768	960	764	761	893
832	768	960	827	761	893
896	768	960	890	760	892
960	768	960	953	760	892
1023	768	960	1013	761	892
0	832	960	0	821	902
64	832	960	63	821	902
128	832	960	128	821	901
192	832	960	193	822	900
256	832	960	256	822	897
320	832	960	322	822	895
384	832	960	389	823	895
448	832	960	451	823	895
512	832	960	513	823	894
576	832	960	577	823	894
640	832	960	638	823	894
704	832	960	699	823	893
768	832	960	764	823	893
832	832	960	828	824	893
896	832	960	890	823	893
960	832	960	954	823	893
1023	832	960	1014	823	892
0	896	960	0	883	902
64	896	960	63	883	902
128	896	960	128	883	901
192	896	960	193	884	900
256	896	960	258	886	898
320	896	960	323	886	896
384	896	960	389	886	896
448	896	960	452	886	896
512	896	960	513	886	895
576	896	960	578	886	895
640	896	960	639	887	895
704	896	960	700	886	894
768	896	960	764	886	893
832	896	960	827	885	892
896	896	960	890	885	892
960	896	960	953	885	892
1023	896	960	1014	886	892
0	960	960	0	944	903
64	960	960	63	944	903
128	960	960	128	944	902
192	960	960	193	945	900
256	960	960	257	945	898
320	960	960	322	946	896
384	960	960	389	947	896
448	960	960	451	947	895
512	960	960	513	946	895
576	960	960	577	946	894
640	960	960	639	947	894
704	960	960	700	947	895
768	960	960	764	946	894
832	960	960	827	946	893
896	960	960	890	946	893
960	960	960	954	946	893
1023	960	960	1014	946	892
0	1023	960	0	1005	904
64	1023	960	63	1006	903
128	1023	960	128	1006	902
192	1023	960	193	1006	901
256	1023	960	257	1006	898
320	1023	960	323	1007	896
384	1023	960	389	1007	896
448	1023	960	452	1007	895
512	1023	960	514	1007	895
576	1023	960	578	1007	895
640	1023	960	640	1008	895
704	1023	960	701	1008	895
768	1023	960	765	1007	894
832	1023	960	828	1007	894
896	1023	960	890	1007	893
960	1023	960	955	1007	893
1023	1023	960	1014	1007	893
0	0	1023	0	0	966
64	0	1023	63	0	961
128	0	1023	129	0	961
192	0	1023	195	0	961
256	0	1023	260	0	961
320	0	1023	327	23	960
384	0	1023	393	23	959
448	0	1023	455	23	959
512	0	1023	518	23	959
576	0	1023	582	23	958
640	0	1023	644	0	959
704	0	1023	705	0	958
768	0	1023	770	0	957
832	0	1023	834	0	957
896	0	1023	898	0	957
960	0	1023	962	0	956
1023	0	1023	1023	0	956
0	64	1023	0	66	966
64	64	1023	63	66	961
128	64	1023	129	66	961
192	64	1023	195	66	961
256	64	1023	260	66	960
320	64	1023	327	66	959
384	64	1023	393	66	959
448	64	1023	455	66	959
512	64	1023	518	66	958
576	64	1023	582	66	958
640	64	1023	644	66	958
704	64	1023	705	66	957
768	64	1023	770	66	956
832	64	1023	834	63	956
896	64	1023	897	63	956
960	64	1023	962	63	955
1023	64	1023	1023	63	955
0	128	1023	0	128	966
64	128	1023	63	128	962
128	128	1023	129	128	962
192	128	1023	195	129	961
256	128	1023	260	129	961
320	128	1023	326	129	959
384	128	1023	393	129	959
448	128	1023	455	129	959
512	128	1023	517	129	958
576	128	1023	582	129	958
640	128	1023	643	129	958
704	128	1023	705	129	957
768	128	1023	770	129	957
832	128	1023	833	129	956
896	128	1023	897	129	956
960	128	1023	961	129	955
1023	128	1023	1022	129	955
0	192	1023	0	193	966
64	192	1023	63	193	963
128	192	1023	129	193	963
192	192	1023	195	193	962
256	192	1023	260	193	962
320	192	1023	326	194	959
384	192	1023	392	194	959
448	192	1023	454	194	959
512	192	1023	517	194	958
576	192	1023	581	194	958
640	192	1023	643	194	958
704	192	1023	704	194	957
768	192	1023	769	194	957
832	192	1023	832	194	956
896	192	1023	895	194	956
960	192	1023	960	193	956
1023	192	1023	1020	194	955
0	256	1023	0	256	966
64	256	1023	63	256	964
128	256	1023	129	256	964
192	256	1023	194	256	964
256	256	1023	259	257	964
320	256	1023	325	258	960
384	256	1023	391	258	959
448	256	1023	454	258	959
512	256	1023	516	258	958
576	256	1023	580	258	958
640	256	1023	642	259	958
704	256	1023	702	258	958
768	256	1023	767	258	957
832	256	1023	830	258	956
896	256	1023	893	258	956
960	256	1023	957	258	956
1023	256	1023	1018	258	955
0	320	1023	0	320	963
64	320	1023	63	320	959
128	320	1023	128	320	959
192	320	1023	193	321	959
256	320	1023	258	321	958
320	320	1023	324	322	956
384	320	1023	390	322	956
448	320	1023	453	322	955
512	320	1023	515	322	954
576	320	1023	579	322	954
640	320	1023	640	322	954
704	320	1023	701	322	953
768	320	1023	766	322	952
832	320	1023	829	322	952
896	320	1023	892	322	951
960	320	1023	955	322	951
1023	320	1023	1016	322	951
0	384	1023	0	384	963
64	384	1023	63	384	962
128	384	1023	128	384	962
192	384	1023	193	385	962
256	384	1023	258	385	962
320	384	1023	323	385	957
384	384	1023	390	386	956
448	384	1023	453	386	955
512	384	1023	514	386	955
576	384	1023	578	386	954
640	384	1023	640	386	954
704	384	1023	700	386	953
768	384	1023	765	386	952
832	384	1023	827	385	952
896	384	1023	890	385	952
960	384	1023	954	385	951
1023	384	1023	1015	385	951
0	448	1023	0	447	962
64	448	1023	63	447	960
128	448	1023	128	447	959
192	448	1023	193	447	959
256	448	1023	257	448	959
320	448	1023	323	449	955
384	448	1023	390	449	955
448	448	1023	452	449	954
512	448	1023	513	449	953
576	448	1023	578	449	952
640	448	1023	639	449	952
704	448	1023	700	449	951
768	448	1023	764	448	951
832	448	1023	827	448	949
896	448	1023	890	448	949
960	448	1023	954	448	949
1023	448	1023	1014	448	950
0	512	1023	0	509	961
64	512	1023	63	509	958
128	512	1023	128	509	958
192	512	1023	193	510	958
256	512	1023	257	511	957
320	512	1023	323	511	954
384	512	1023	389	511	954
448	512	1023	451	511	953
512	512	1023	513	511	952
576	512	1023	577	511	951
640	512	1023	639	511	951
704	512	1023	699	511	950
768	512	1023	764	511	950
832	512	1023	827	510	949
896	512	1023	889	510	949
960	512	1023	953	511	949
1023	512	1023	1014	511	949
0	576	1023	0	571	961
64	576	1023	63	572	957
128	576	1023	128	572	957
192	576	1023	193	573	957
256	576	1023	256	573	956
320	576	1023	322	574	953
384	576	1023	388	574	953
448	576	1023	451	574	952
512	576	1023	513	574	951
576	576	1023	577	574	951
640	576	1023	639	575	951
704	576	1023	699	574	950
768	576	1023	763	574	950
832	576	1023	826	573	949
896	576	1023	889	573	949
960	576	1023	952	573	949
1023	576	1023	1013	574	949
0	640	1023	0	634	960
64	640	1023	63	634	958
128	640	1023	128	634	958
192	640	1023	193	635	957
256	640	1023	256	636	957
320	640	1023	322	637	953
384	640	1023	388	637	953
448	640	1023	451	637	952
512	640	1023	513	637	951
576	640	1023	577	637	951
640	640	1023	638	637	951
704	640	1023	699	637	950
768	640	1023	763	636	950
832	640	1023	826	636	949
896	640	1023	889	636	949
960	640	1023	952	636	949
1023	640	1023	1012	636	948
0	704	1023	0	696	960
64	704	1023	63	696	959
128	704	1023	128	696	959
192	704	1023	193	697	959
256	704	1023	257	698	959
320	704	1023	322	699	953
384	704	1023	388	699	953
448	704	1023	451	699	952
512	704	1023	512	699	952
576	704	1023	578	699	951
640	704	1023	639	699	951
704	704	1023	699	699	950
768	704	1023	764	698	950
832	704	1023	826	697	949
896	704	1023	890	698	949
960	704	1023	952	697	949
1023	704	1023	1013	698	949
0	768	1023	0	758	959
64	768	1023	63	758	956
128	768	1023	128	758	956
192	768	1023	193	759	956
256	768	1023	256	760	955
320	768	1023	322	761	953
384	768	1023	388	761	953
448	768	1023	451	761	952
512	768	1023	513	762	952
576	768	1023	578	762	952
640	768	1023	639	762	951
704	768	1023	700	762	951
768	768	1023	764	761	950
832	768	1023	827	761	950
896	768	1023	890	761	950
960	768	1023	953	761	949
1023	768	1023	1014	761	950
0	832	1023	0	821	960
64	832	1023	63	821	955
128	832	1023	128	821	955
192	832	1023	193	822	954
256	832	1023	256	823	954
320	832	1023	322	823	953
384	832	1023	389	823	953
448	832	1023	451	823	952
512	832	1023	513	824	952
576	832	1023	578	824	952
640	832	1023	639	824	952
704	832	1023	700	824	951
768	832	1023	764	824	950
832	832	1023	827	823	950
896	832	1023	890	823	950
960	832	1023	954	823	950
1023	832	1023	1014	824	950
0	896	1023	0	883	961
64	896	1023	63	883	959
128	896	1023	128	884	959
192	896	1023	193	884	959
256	896	1023	256	885	958
320	896	1023	322	886	954
384	896	1023	388	886	953
448	896	1023	451	886	953
512	896	1023	513	886	952
576	896	1023	578	886	952
640	896	1023	639	886	952
704	896	1023	701	887	952
768	896	1023	765	886	951
832	896	1023	827	886	951
896	896	1023	890	886	950
960	896	1023	954	886	950
1023	896	1023	1014	886	950
0	960	1023	0	945	961
64	960	1023	63	945	959
128	960	1023	128	945	959
192	960	1023	193	945	958
256	960	1023	256	946	958
320	960	1023	322	947	954
384	960	1023	389	947	954
448	960	1023	451	947	953
512	960	1023	513	947	953
576	960	1023	578	947	952
640	960	1023	639	947	952
704	960	1023	700	947	952
768	960	1023	765	947	951
832	960	1023	828	947	951
896	960	1023	890	946	951
960	960	1023	954	947	951
1023	960	1023	1015	947	951
0	1023	1023	0	1005	961
64	1023	1023	63	1005	960
128	1023	1023	128	1006	960
192	1023	1023	193	1006	959
256	1023	1023	257	1007	959
320	1023	1023	322	1008	955
384	1023	1023	389	1008	954
448	1023	1023	452	1008	954
512	1023	1023	514	1008	954
576	1023	1023	578	1008	953
640	1023	1023	640	1008	953
704	1023	1023	701	1008	952
768	1023	1023	766	1008	952
832	1023	1023	828	1007	951
896	1023	1023	891	1008	951
960	1023	1023	955	1008	951
1023	1023	1023	1015	1008	951
