0	0	0	0	0	0
64	0	0	63	0	0
128	0	0	125	0	0
192	0	0	188	23	0
256	0	0	251	23	0
320	0	0	314	32	0
384	0	0	377	44	0
448	0	0	438	53	0
512	0	0	497	60	0
576	0	0	556	66	0
640	0	0	619	72	0
704	0	0	675	80	0
768	0	0	736	85	0
832	0	0	800	93	0
896	0	0	858	101	0
960	0	0	919	106	0
1023	0	0	978	113	0
0	64	0	0	63	0
64	64	0	66	63	0
128	64	0	125	63	0
192	64	0	189	66	0
256	64	0	251	66	0
320	64	0	314	69	0
384	64	0	377	72	0
448	64	0	438	77	0
512	64	0	497	82	0
576	64	0	556	87	0
640	64	0	619	91	0
704	64	0	675	95	0
768	64	0	735	103	0
832	64	0	800	108	0
896	64	0	858	116	0
960	64	0	919	120	0
1023	64	0	978	126	0
0	128	0	32	123	23
64	128	0	69	123	23
128	128	0	128	123	23
192	128	0	190	126	23
256	128	0	252	126	23
320	128	0	314	128	23
384	128	0	377	129	0
448	128	0	438	133	0
512	128	0	497	136	0
576	128	0	556	138	0
640	128	0	619	141	0
704	128	0	675	143	0
768	128	0	735	147	0
832	128	0	800	151	0
896	128	0	858	156	0
960	128	0	919	160	0
1023	128	0	978	164	0
0	192	0	48	187	32
64	192	0	77	187	32
128	192	0	132	187	32
192	192	0	193	188	32
256	192	0	253	188	23
320	192	0	315	189	23
384	192	0	378	190	23
448	192	0	438	193	23
512	192	0	497	194	23
576	192	0	556	197	23
640	192	0	618	198	23
704	192	0	675	199	23
768	192	0	735	202	23
832	192	0	799	206	23
896	192	0	858	209	23
960	192	0	919	212	23
1023	192	0	978	215	0
0	256	0	63	248	38
64	256	0	89	248	38
128	256	0	137	248	38
192	256	0	196	250	38
256	256	0	256	250	38
320	256	0	317	250	38
384	256	0	379	252	38
448	256	0	439	253	38
512	256	0	497	255	38
576	256	0	556	257	38
640	256	0	618	257	32
704	256	0	675	259	32
768	256	0	734	261	32
832	256	0	799	263	32
896	256	0	858	266	32
960	256	0	919	269	32
1023	256	0	979	271	32
0	320	0	82	310	48
64	320	0	101	310	48
128	320	0	145	311	48
192	320	0	201	311	48
256	320	0	259	312	48
320	320	0	319	313	48
384	320	0	381	314	48
448	320	0	440	315	48
512	320	0	498	317	44
576	320	0	557	318	44
640	320	0	618	319	44
704	320	0	675	320	44
768	320	0	734	322	44
832	320	0	799	324	44
896	320	0	859	326	44
960	320	0	919	327	44
1023	320	0	979	330	44
0	384	0	99	373	60
64	384	0	113	373	60
128	384	0	155	374	60
192	384	0	206	374	57
256	384	0	263	376	57
320	384	0	322	376	57
384	384	0	384	377	57
448	384	0	443	378	57
512	384	0	500	379	57
576	384	0	559	380	57
640	384	0	619	381	57
704	384	0	676	382	57
768	384	0	735	384	53
832	384	0	800	385	53
896	384	0	859	387	53
960	384	0	919	388	53
1023	384	0	979	390	53
0	448	0	116	434	69
64	448	0	128	434	69
128	448	0	164	434	69
192	448	0	214	436	69
256	448	0	269	436	69
320	448	0	327	437	69
384	448	0	387	438	69
448	448	0	445	439	69
512	448	0	502	439	69
576	448	0	561	440	69
640	448	0	621	441	66
704	448	0	678	442	63
768	448	0	736	443	66
832	448	0	801	444	63
896	448	0	860	446	63
960	448	0	920	446	63
1023	448	0	979	448	63
0	512	0	133	495	77
64	512	0	143	495	77
128	512	0	176	495	77
192	512	0	222	496	77
256	512	0	275	497	77
320	512	0	332	497	77
384	512	0	392	498	77
448	512	0	449	499	77
512	512	0	505	500	77
576	512	0	563	500	77
640	512	0	623	501	77
704	512	0	680	502	77
768	512	0	738	503	77
832	512	0	802	504	77
896	512	0	861	505	75
960	512	0	921	505	75
1023	512	0	980	506	75
0	576	0	149	557	87
64	576	0	159	557	87
128	576	0	188	557	87
192	576	0	232	558	87
256	576	0	283	558	87
320	576	0	338	559	87
384	576	0	397	560	87
448	576	0	453	560	87
512	576	0	509	561	87
576	576	0	567	561	87
640	576	0	626	562	87
704	576	0	682	563	87
768	576	0	739	564	87
832	576	0	803	565	85
896	576	0	862	565	85
960	576	0	922	566	85
1023	576	0	981	568	85
0	640	0	165	618	99
64	640	0	175	618	99
128	640	0	201	618	99
192	640	0	242	619	99
256	640	0	291	620	97
320	640	0	345	620	97
384	640	0	402	621	97
448	640	0	457	621	95
512	640	0	512	621	95
576	640	0	570	622	95
640	640	0	628	623	95
704	640	0	684	623	95
768	640	0	741	623	95
832	640	0	804	624	95
896	640	0	863	625	95
960	640	0	923	626	95
1023	640	0	982	627	93
0	704	0	183	678	108
64	704	0	191	678	108
128	704	0	215	678	108
192	704	0	253	679	108
256	704	0	300	680	108
320	704	0	353	680	106
384	704	0	408	680	106
448	704	0	462	681	106
512	704	0	517	682	106
576	704	0	574	682	106
640	704	0	631	681	104
704	704	0	686	682	104
768	704	0	744	683	104
832	704	0	807	683	104
896	704	0	865	684	104
960	704	0	926	686	106
1023	704	0	983	686	104
0	768	0	199	740	117
64	768	0	206	740	117
128	768	0	229	740	117
192	768	0	264	741	116
256	768	0	309	741	116
320	768	0	360	741	116
384	768	0	414	741	116
448	768	0	467	741	116
512	768	0	521	741	116
576	768	0	578	742	116
640	768	0	635	743	116
704	768	0	690	744	116
768	768	0	747	744	116
832	768	0	809	745	116
896	768	0	868	746	114
960	768	0	928	747	114
1023	768	0	986	749	114
0	832	0	215	803	128
64	832	0	222	803	128
128	832	0	242	803	128
192	832	0	276	804	128
256	832	0	319	804	125
320	832	0	369	805	125
384	832	0	421	805	125
448	832	0	473	805	125
512	832	0	527	805	125
576	832	0	584	806	125
640	832	0	639	807	125
704	832	0	694	807	125
768	832	0	752	808	125
832	832	0	813	809	125
896	832	0	871	809	125
960	832	0	932	811	125
1023	832	0	988	811	123
0	896	0	232	864	136
64	896	0	238	864	136
128	896	0	257	865	136
192	896	0	289	865	136
256	896	0	330	866	136
320	896	0	378	866	136
384	896	0	428	866	136
448	896	0	479	866	134
512	896	0	532	866	136
576	896	0	589	866	136
640	896	0	643	867	136
704	896	0	699	868	134
768	896	0	756	868	136
832	896	0	816	869	134
896	896	0	875	870	134
960	896	0	935	871	133
1023	896	0	990	871	133
0	960	0	248	925	145
64	960	0	254	925	145
128	960	0	271	925	145
192	960	0	302	926	145
256	960	0	342	926	145
320	960	0	388	926	145
384	960	0	437	926	145
448	960	0	486	926	144
512	960	0	538	926	144
576	960	0	594	926	143
640	960	0	648	927	143
704	960	0	703	928	143
768	960	0	761	928	143
832	960	0	821	929	143
896	960	0	878	929	143
960	960	0	937	929	143
1023	960	0	993	930	143
0	1023	0	265	985	156
64	1023	0	270	985	156
128	1023	0	287	985	155
192	1023	0	316	985	155
256	1023	0	353	985	155
320	1023	0	398	985	155
384	1023	0	445	985	155
448	1023	0	494	985	155
512	1023	0	545	985	155
576	1023	0	601	986	155
640	1023	0	654	986	155
704	1023	0	708	986	153
768	1023	0	765	986	152
832	1023	0	823	986	152
896	1023	0	881	987	152
960	1023	0	940	988	153
1023	1023	0	997	989	152
0	0	64	0	0	60
64	0	64	63	0	60
128	0	64	125	23	60
192	0	64	188	23	60
256	0	64	251	32	60
320	0	64	314	38	60
384	0	64	376	44	60
448	0	64	437	53	60
512	0	64	496	60	60
576	0	64	556	66	60
640	0	64	619	72	60
704	0	64	675	80	60
768	0	64	735	87	57
832	0	64	800	93	57
896	0	64	858	101	57
960	0	64	919	106	57
1023	0	64	978	113	57
0	64	64	23	63	60
64	64	64	66	63	60
128	64	64	125	63	60
192	64	64	189	66	60
256	64	64	251	69	60
320	64	64	314	72	60
384	64	64	376	75	60
448	64	64	438	80	60
512	64	64	496	82	60
576	64	64	556	87	60
640	64	64	619	91	60
704	64	64	675	97	60
768	64	64	735	104	60
832	64	64	800	109	57
896	64	64	858	116	57
960	64	64	919	120	57
1023	64	64	978	126	57
0	128	64	32	123	66
64	128	64	69	123	66
128	128	64	128	123	63
192	128	64	190	126	63
256	128	64	252	128	63
320	128	64	314	129	63
384	128	64	377	130	63
448	128	64	438	133	60
512	128	64	497	136	60
576	128	64	556	138	60
640	128	64	618	141	60
704	128	64	675	144	60
768	128	64	735	148	60
832	128	64	799	152	60
896	128	64	858	156	60
960	128	64	919	160	60
1023	128	64	978	164	60
0	192	64	48	187	69
64	192	64	77	187	69
128	192	64	132	187	69
192	192	64	193	188	66
256	192	64	253	189	66
320	192	64	315	189	63
384	192	64	378	191	63
448	192	64	438	193	63
512	192	64	497	194	63
576	192	64	556	197	63
640	192	64	618	198	63
704	192	64	675	201	63
768	192	64	734	202	63
832	192	64	799	206	63
896	192	64	858	209	63
960	192	64	919	212	63
1023	192	64	978	215	60
0	256	64	63	248	72
64	256	64	89	248	72
128	256	64	137	248	72
192	256	64	196	250	69
256	256	64	255	250	69
320	256	64	317	251	69
384	256	64	379	252	69
448	256	64	439	253	69
512	256	64	497	255	69
576	256	64	556	257	69
640	256	64	617	258	69
704	256	64	674	259	66
768	256	64	734	262	66
832	256	64	799	264	66
896	256	64	858	266	66
960	256	64	919	269	66
1023	256	64	978	271	66
0	320	64	82	311	77
64	320	64	101	311	77
128	320	64	144	311	77
192	320	64	201	312	77
256	320	64	259	313	77
320	320	64	319	314	77
384	320	64	381	315	75
448	320	64	440	316	77
512	320	64	498	317	77
576	320	64	557	318	75
640	320	64	618	319	72
704	320	64	675	321	72
768	320	64	733	322	75
832	320	64	799	324	72
896	320	64	858	326	75
960	320	64	919	328	72
1023	320	64	979	330	72
0	384	64	99	374	82
64	384	64	113	374	82
128	384	64	155	374	82
192	384	64	206	375	82
256	384	64	263	376	82
320	384	64	322	376	82
384	384	64	384	377	82
448	384	64	442	378	82
512	384	64	500	379	82
576	384	64	558	381	82
640	384	64	619	382	82
704	384	64	676	382	80
768	384	64	734	384	80
832	384	64	800	385	77
896	384	64	859	387	80
960	384	64	919	388	77
1023	384	64	979	391	77
0	448	64	116	434	89
64	448	64	128	434	89
128	448	64	164	435	89
192	448	64	213	436	89
256	448	64	269	436	89
320	448	64	327	437	89
384	448	64	387	438	89
448	448	64	445	439	89
512	448	64	502	440	89
576	448	64	560	440	89
640	448	64	621	441	89
704	448	64	677	442	87
768	448	64	736	443	87
832	448	64	800	445	87
896	448	64	860	446	87
960	448	64	919	447	85
1023	448	64	979	448	87
0	512	64	133	495	97
64	512	64	143	495	97
128	512	64	176	495	95
192	512	64	222	496	95
256	512	64	275	497	95
320	512	64	332	498	95
384	512	64	392	498	95
448	512	64	448	499	95
512	512	64	505	500	95
576	512	64	563	500	95
640	512	64	623	501	95
704	512	64	679	502	95
768	512	64	738	504	95
832	512	64	802	504	95
896	512	64	861	505	93
960	512	64	920	506	93
1023	512	64	980	507	93
0	576	64	149	557	104
64	576	64	159	557	104
128	576	64	188	557	104
192	576	64	232	558	104
256	576	64	282	559	103
320	576	64	338	560	103
384	576	64	397	560	103
448	576	64	452	561	103
512	576	64	509	561	103
576	576	64	566	562	103
640	576	64	626	562	103
704	576	64	682	564	103
768	576	64	739	564	103
832	576	64	803	565	101
896	576	64	862	565	101
960	576	64	922	566	101
1023	576	64	981	568	101
0	640	64	165	618	113
64	640	64	175	618	113
128	640	64	201	618	113
192	640	64	242	619	113
256	640	64	291	620	113
320	640	64	345	621	113
384	640	64	402	621	113
448	640	64	457	621	113
512	640	64	512	622	111
576	640	64	570	623	111
640	640	64	628	623	109
704	640	64	684	624	109
768	640	64	741	624	109
832	640	64	804	624	109
896	640	64	862	625	109
960	640	64	923	626	109
1023	640	64	982	628	109
0	704	64	182	678	120
64	704	64	191	678	120
128	704	64	215	679	120
192	704	64	253	679	120
256	704	64	300	680	120
320	704	64	352	680	120
384	704	64	408	680	120
448	704	64	462	681	119
512	704	64	517	682	119
576	704	64	574	682	119
640	704	64	631	682	119
704	704	64	686	682	117
768	704	64	744	683	119
832	704	64	807	684	119
896	704	64	865	684	119
960	704	64	925	686	119
1023	704	64	983	687	119
0	768	64	199	740	129
64	768	64	206	740	129
128	768	64	229	740	129
192	768	64	264	741	129
256	768	64	309	742	128
320	768	64	360	741	128
384	768	64	414	741	128
448	768	64	467	741	128
512	768	64	521	742	128
576	768	64	578	743	128
640	768	64	635	743	128
704	768	64	690	744	128
768	768	64	747	745	128
832	768	64	809	745	128
896	768	64	868	746	128
960	768	64	928	747	126
1023	768	64	986	749	126
0	832	64	215	803	138
64	832	64	221	803	138
128	832	64	242	803	138
192	832	64	276	804	138
256	832	64	319	805	138
320	832	64	368	805	137
384	832	64	421	805	136
448	832	64	473	805	136
512	832	64	526	806	136
576	832	64	584	807	136
640	832	64	639	807	136
704	832	64	694	808	136
768	832	64	752	808	136
832	832	64	813	809	136
896	832	64	871	810	136
960	832	64	931	811	136
1023	832	64	988	812	134
0	896	64	232	864	145
64	896	64	238	864	145
128	896	64	257	865	145
192	896	64	289	866	145
256	896	64	330	866	145
320	896	64	378	866	145
384	896	64	428	866	145
448	896	64	479	866	145
512	896	64	532	866	145
576	896	64	588	867	145
640	896	64	643	867	145
704	896	64	699	868	145
768	896	64	755	868	145
832	896	64	816	869	145
896	896	64	875	870	144
960	896	64	935	871	143
1023	896	64	990	871	143
0	960	64	248	925	156
64	960	64	253	925	156
128	960	64	271	926	156
192	960	64	302	926	155
256	960	64	341	926	155
320	960	64	388	926	155
384	960	64	437	926	155
448	960	64	486	926	155
512	960	64	538	926	155
576	960	64	594	927	155
640	960	64	648	927	153
704	960	64	703	928	153
768	960	64	760	928	153
832	960	64	820	929	153
896	960	64	878	930	152
960	960	64	937	930	152
1023	960	64	993	931	152
0	1023	64	265	985	165
64	1023	64	270	985	165
128	1023	64	286	985	165
192	1023	64	316	985	163
256	1023	64	353	985	163
320	1023	64	398	985	163
384	1023	64	445	985	163
448	1023	64	494	985	163
512	1023	64	545	986	163
576	1023	64	601	986	163
640	1023	64	653	986	163
704	1023	64	708	987	163
768	1023	64	765	986	163
832	1023	64	823	986	162
896	1023	64	881	988	162
960	1023	64	940	988	162
1023	1023	64	996	989	162
0	0	128	0	23	122
64	0	128	66	23	122
128	0	128	125	23	122
192	0	128	189	32	122
256	0	128	251	38	122
320	0	128	313	38	122
384	0	128	376	53	122
448	0	128	437	57	122
512	0	128	496	60	122
576	0	128	555	66	122
640	0	128	618	75	122
704	0	128	675	82	120
768	0	128	735	87	120
832	0	128	799	95	120
896	0	128	858	103	120
960	0	128	918	108	120
1023	0	128	977	116	120
0	64	128	23	66	122
64	64	128	66	66	122
128	64	128	126	66	122
192	64	128	189	69	122
256	64	128	251	69	122
320	64	128	314	72	122
384	64	128	376	77	122
448	64	128	437	82	122
512	64	128	496	87	122
576	64	128	556	91	122
640	64	128	618	95	122
704	64	128	675	101	122
768	64	128	735	104	120
832	64	128	799	111	120
896	64	128	858	116	120
960	64	128	918	122	120
1023	64	128	977	129	120
0	128	128	32	125	123
64	128	128	72	125	123
128	128	128	128	126	123
192	128	128	191	128	123
256	128	128	252	128	123
320	128	128	314	129	123
384	128	128	377	133	122
448	128	128	438	134	122
512	128	128	496	137	122
576	128	128	555	139	122
640	128	128	618	142	122
704	128	128	675	145	122
768	128	128	734	149	122
832	128	128	799	153	122
896	128	128	858	157	122
960	128	128	918	161	122
1023	128	128	977	166	120
0	192	128	48	188	125
64	192	128	80	188	125
128	192	128	132	188	125
192	192	128	193	189	125
256	192	128	253	189	123
320	192	128	315	191	123
384	192	128	377	192	123
448	192	128	438	193	123
512	192	128	496	196	123
576	192	128	556	198	123
640	192	128	617	199	123
704	192	128	674	201	123
768	192	128	734	204	123
832	192	128	798	207	123
896	192	128	858	209	123
960	192	128	918	213	123
1023	192	128	978	216	122
0	256	128	66	250	128
64	256	128	89	250	126
128	256	128	138	250	126
192	256	128	196	250	126
256	256	128	256	251	126
320	256	128	317	252	126
384	256	128	379	253	126
448	256	128	438	254	126
512	256	128	497	256	126
576	256	128	556	258	126
640	256	128	617	258	125
704	256	128	674	261	125
768	256	128	733	262	125
832	256	128	798	265	125
896	256	128	857	267	125
960	256	128	918	270	125
1023	256	128	978	272	125
0	320	128	85	311	130
64	320	128	101	312	130
128	320	128	145	312	130
192	320	128	201	313	130
256	320	128	258	314	129
320	320	128	319	315	129
384	320	128	381	316	129
448	320	128	440	317	128
512	320	128	498	317	128
576	320	128	557	319	128
640	320	128	617	320	128
704	320	128	674	322	128
768	320	128	733	323	128
832	320	128	798	325	128
896	320	128	858	327	128
960	320	128	918	328	128
1023	320	128	978	331	128
0	384	128	99	375	133
64	384	128	113	375	133
128	384	128	155	375	133
192	384	128	207	376	133
256	384	128	263	376	133
320	384	128	322	378	132
384	384	128	383	378	132
448	384	128	442	379	132
512	384	128	500	380	132
576	384	128	558	381	132
640	384	128	619	382	132
704	384	128	675	383	132
768	384	128	734	385	130
832	384	128	799	386	130
896	384	128	858	388	130
960	384	128	918	389	130
1023	384	128	978	391	130
0	448	128	116	436	137
64	448	128	129	436	137
128	448	128	164	436	137
192	448	128	214	437	137
256	448	128	269	437	137
320	448	128	327	438	137
384	448	128	387	439	136
448	448	128	445	440	136
512	448	128	502	441	136
576	448	128	560	441	137
640	448	128	620	442	134
704	448	128	677	443	134
768	448	128	735	444	134
832	448	128	800	445	134
896	448	128	859	447	134
960	448	128	919	447	134
1023	448	128	978	449	134
0	512	128	133	496	142
64	512	128	143	496	142
128	512	128	175	496	142
192	512	128	223	497	141
256	512	128	275	498	141
320	512	128	331	498	141
384	512	128	392	499	141
448	512	128	448	500	141
512	512	128	505	501	141
576	512	128	563	501	141
640	512	128	622	502	139
704	512	128	679	503	139
768	512	128	737	504	141
832	512	128	801	505	139
896	512	128	860	506	139
960	512	128	920	506	139
1023	512	128	979	508	138
0	576	128	149	558	147
64	576	128	159	558	147
128	576	128	188	558	147
192	576	128	231	559	147
256	576	128	282	560	147
320	576	128	338	560	145
384	576	128	396	561	145
448	576	128	452	561	145
512	576	128	508	562	145
576	576	128	566	562	145
640	576	128	625	563	145
704	576	128	681	564	145
768	576	128	739	565	145
832	576	128	802	566	144
896	576	128	861	566	144
960	576	128	921	567	144
1023	576	128	980	569	144
0	640	128	166	619	152
64	640	128	174	619	152
128	640	128	201	619	152
192	640	128	242	620	152
256	640	128	290	621	152
320	640	128	345	621	151
384	640	128	402	622	150
448	640	128	456	622	150
512	640	128	512	623	150
576	640	128	570	623	150
640	640	128	628	624	150
704	640	128	683	624	150
768	640	128	740	625	150
832	640	128	804	625	150
896	640	128	862	626	150
960	640	128	922	627	150
1023	640	128	981	628	149
0	704	128	183	679	159
64	704	128	190	679	159
128	704	128	215	679	159
192	704	128	252	680	158
256	704	128	300	681	158
320	704	128	352	681	158
384	704	128	408	682	157
448	704	128	461	682	157
512	704	128	516	683	157
576	704	128	573	683	157
640	704	128	630	683	156
704	704	128	685	683	156
768	704	128	743	684	156
832	704	128	806	685	156
896	704	128	864	685	157
960	704	128	925	687	157
1023	704	128	982	687	156
0	768	128	198	741	164
64	768	128	206	741	164
128	768	128	228	741	164
192	768	128	264	742	164
256	768	128	309	742	163
320	768	128	360	742	163
384	768	128	414	742	163
448	768	128	466	742	163
512	768	128	520	743	163
576	768	128	578	744	163
640	768	128	634	744	163
704	768	128	689	745	163
768	768	128	746	746	163
832	768	128	809	746	163
896	768	128	867	748	161
960	768	128	927	748	161
1023	768	128	985	750	161
0	832	128	216	804	172
64	832	128	222	804	171
128	832	128	242	804	171
192	832	128	275	805	170
256	832	128	318	805	169
320	832	128	368	806	169
384	832	128	421	806	169
448	832	128	472	806	169
512	832	128	526	807	169
576	832	128	583	807	169
640	832	128	638	808	169
704	832	128	693	808	169
768	832	128	751	809	169
832	832	128	813	810	169
896	832	128	871	811	169
960	832	128	931	812	169
1023	832	128	987	813	168
0	896	128	232	865	178
64	896	128	238	865	178
128	896	128	257	866	177
192	896	128	288	866	177
256	896	128	330	867	177
320	896	128	378	867	177
384	896	128	428	867	177
448	896	128	479	867	177
512	896	128	531	867	177
576	896	128	588	868	177
640	896	128	643	868	177
704	896	128	698	869	177
768	896	128	755	869	177
832	896	128	816	870	177
896	896	128	874	871	175
960	896	128	934	872	175
1023	896	128	989	872	175
0	960	128	248	926	186
64	960	128	253	926	186
128	960	128	272	927	186
192	960	128	301	927	185
256	960	128	341	927	185
320	960	128	388	927	185
384	960	128	436	927	184
448	960	128	485	927	184
512	960	128	538	927	184
576	960	128	593	928	183
640	960	128	647	928	183
704	960	128	702	929	183
768	960	128	760	929	184
832	960	128	820	930	184
896	960	128	877	931	183
960	960	128	936	930	183
1023	960	128	992	932	183
0	1023	128	265	985	193
64	1023	128	270	986	193
128	1023	128	286	986	193
192	1023	128	316	986	193
256	1023	128	353	986	193
320	1023	128	398	986	192
384	1023	128	444	986	192
448	1023	128	493	986	192
512	1023	128	545	987	191
576	1023	128	600	987	191
640	1023	128	653	987	191
704	1023	128	707	988	191
768	1023	128	764	987	191
832	1023	128	822	987	191
896	1023	128	880	988	191
960	1023	128	940	989	191
1023	1023	128	996	990	191
0	0	192	23	38	184
64	0	192	66	38	184
128	0	192	126	38	184
192	0	192	188	38	183
256	0	192	251	44	183
320	0	192	313	48	182
384	0	192	376	57	182
448	0	192	436	60	182
512	0	192	495	66	182
576	0	192	555	72	183
640	0	192	617	80	183
704	0	192	674	85	183
768	0	192	733	91	183
832	0	192	798	99	182
896	0	192	857	106	182
960	0	192	917	113	182
1023	0	192	976	117	182
0	64	192	23	72	184
64	64	192	69	72	184
128	64	192	126	72	184
192	64	192	189	72	184
256	64	192	251	75	183
320	64	192	313	77	182
384	64	192	376	82	182
448	64	192	437	87	182
512	64	192	495	89	182
576	64	192	555	91	183
640	64	192	617	99	183
704	64	192	674	103	183
768	64	192	733	108	183
832	64	192	798	114	183
896	64	192	857	119	182
960	64	192	917	125	182
1023	64	192	976	130	182
0	128	192	38	129	185
64	128	192	72	129	185
128	128	192	129	129	184
192	128	192	190	129	184
256	128	192	252	130	184
320	128	192	314	133	183
384	128	192	376	134	183
448	128	192	437	137	183
512	128	192	495	139	183
576	128	192	555	141	184
640	128	192	617	144	183
704	128	192	674	148	183
768	128	192	733	151	183
832	128	192	798	155	183
896	128	192	857	159	182
960	128	192	917	163	183
1023	128	192	976	167	183
0	192	192	53	189	186
64	192	192	80	190	186
128	192	192	133	190	186
192	192	192	193	190	185
256	192	192	253	192	185
320	192	192	315	193	184
384	192	192	377	194	184
448	192	192	437	195	184
512	192	192	496	198	183
576	192	192	555	199	184
640	192	192	617	201	184
704	192	192	673	203	184
768	192	192	733	206	184
832	192	192	797	209	184
896	192	192	857	211	184
960	192	192	917	215	184
1023	192	192	976	218	184
0	256	192	66	251	188
64	256	192	91	251	188
128	256	192	138	251	187
192	256	192	196	252	186
256	256	192	255	253	186
320	256	192	316	254	185
384	256	192	378	255	185
448	256	192	438	256	185
512	256	192	496	258	185
576	256	192	555	259	186
640	256	192	616	261	186
704	256	192	673	262	186
768	256	192	732	264	185
832	256	192	797	266	185
896	256	192	856	269	185
960	256	192	917	271	185
1023	256	192	977	273	185
0	320	192	85	313	189
64	320	192	101	313	188
128	320	192	145	314	188
192	320	192	201	314	188
256	320	192	258	315	188
320	320	192	318	316	188
384	320	192	380	317	188
448	320	192	439	318	188
512	320	192	497	319	188
576	320	192	556	321	188
640	320	192	616	322	188
704	320	192	673	323	187
768	320	192	732	325	187
832	320	192	797	327	187
896	320	192	856	329	186
960	320	192	917	330	186
1023	320	192	977	332	186
0	384	192	101	376	191
64	384	192	114	376	191
128	384	192	155	377	191
192	384	192	206	377	191
256	384	192	263	378	190
320	384	192	322	379	189
384	384	192	383	380	189
448	384	192	441	381	189
512	384	192	499	382	189
576	384	192	557	383	189
640	384	192	618	384	189
704	384	192	674	385	189
768	384	192	733	387	189
832	384	192	798	388	189
896	384	192	857	389	188
960	384	192	917	391	188
1023	384	192	977	393	188
0	448	192	116	437	193
64	448	192	129	437	193
128	448	192	165	438	193
192	448	192	214	438	193
256	448	192	269	439	193
320	448	192	326	440	193
384	448	192	386	441	193
448	448	192	444	441	193
512	448	192	501	442	193
576	448	192	559	443	193
640	448	192	619	444	193
704	448	192	676	445	192
768	448	192	734	446	191
832	448	192	798	447	191
896	448	192	858	448	191
960	448	192	917	449	191
1023	448	192	976	451	191
0	512	192	133	497	197
64	512	192	143	498	197
128	512	192	176	498	197
192	512	192	222	499	196
256	512	192	275	500	196
320	512	192	331	500	195
384	512	192	391	501	195
448	512	192	447	501	195
512	512	192	504	502	195
576	512	192	562	503	195
640	512	192	621	504	194
704	512	192	678	505	194
768	512	192	736	506	194
832	512	192	800	506	194
896	512	192	859	508	194
960	512	192	918	508	194
1023	512	192	977	509	194
0	576	192	150	559	200
64	576	192	159	560	200
128	576	192	188	560	200
192	576	192	231	560	200
256	576	192	281	561	199
320	576	192	337	562	199
384	576	192	395	562	198
448	576	192	451	563	198
512	576	192	507	563	198
576	576	192	565	564	198
640	576	192	624	565	198
704	576	192	680	566	198
768	576	192	738	567	198
832	576	192	801	567	198
896	576	192	860	568	198
960	576	192	920	569	198
1023	576	192	978	570	198
0	640	192	166	620	204
64	640	192	174	620	204
128	640	192	201	621	204
192	640	192	241	621	204
256	640	192	290	623	204
320	640	192	344	623	202
384	640	192	401	624	202
448	640	192	456	624	202
512	640	192	511	624	202
576	640	192	569	625	202
640	640	192	627	626	202
704	640	192	682	626	202
768	640	192	739	626	202
832	640	192	802	627	202
896	640	192	861	627	201
960	640	192	921	629	202
1023	640	192	979	630	201
0	704	192	183	680	209
64	704	192	191	680	209
128	704	192	215	681	209
192	704	192	253	681	209
256	704	192	299	682	207
320	704	192	351	683	207
384	704	192	407	683	207
448	704	192	461	684	206
512	704	192	516	684	206
576	704	192	573	684	206
640	704	192	629	684	206
704	704	192	685	685	206
768	704	192	742	686	206
832	704	192	805	687	206
896	704	192	863	687	206
960	704	192	923	689	206
1023	704	192	981	689	206
0	768	192	199	742	213
64	768	192	206	742	213
128	768	192	228	743	213
192	768	192	263	743	212
256	768	192	308	744	212
320	768	192	359	744	212
384	768	192	413	744	212
448	768	192	465	744	212
512	768	192	520	745	212
576	768	192	577	745	210
640	768	192	633	746	210
704	768	192	688	747	210
768	768	192	745	747	210
832	768	192	808	748	210
896	768	192	866	749	211
960	768	192	926	750	211
1023	768	192	984	752	210
0	832	192	215	806	218
64	832	192	221	806	218
128	832	192	242	806	218
192	832	192	275	807	218
256	832	192	318	807	217
320	832	192	368	807	217
384	832	192	420	808	216
448	832	192	471	808	216
512	832	192	525	808	216
576	832	192	582	809	216
640	832	192	637	810	216
704	832	192	692	810	215
768	832	192	750	811	215
832	832	192	811	812	215
896	832	192	869	812	215
960	832	192	929	814	215
1023	832	192	986	814	215
0	896	192	232	867	223
64	896	192	237	867	223
128	896	192	256	867	223
192	896	192	288	868	223
256	896	192	329	868	222
320	896	192	377	868	222
384	896	192	427	869	221
448	896	192	478	868	221
512	896	192	531	869	221
576	896	192	587	870	221
640	896	192	642	870	221
704	896	192	697	871	221
768	896	192	754	871	221
832	896	192	814	872	221
896	896	192	873	873	221
960	896	192	932	874	221
1023	896	192	988	874	221
0	960	192	248	927	229
64	960	192	253	928	229
128	960	192	271	928	229
192	960	192	301	928	228
256	960	192	340	929	228
320	960	192	387	929	228
384	960	192	435	929	228
448	960	192	485	929	227
512	960	192	537	929	227
576	960	192	593	929	227
640	960	192	646	930	227
704	960	192	701	931	227
768	960	192	759	931	226
832	960	192	818	932	227
896	960	192	876	932	226
960	960	192	934	932	226
1023	960	192	991	933	226
0	1023	192	265	987	234
64	1023	192	269	987	234
128	1023	192	286	987	234
192	1023	192	315	987	234
256	1023	192	352	987	234
320	1023	192	397	987	233
384	1023	192	443	987	233
448	1023	192	492	988	233
512	1023	192	544	988	233
576	1023	192	600	989	233
640	1023	192	652	989	233
704	1023	192	706	990	233
768	1023	192	763	989	232
832	1023	192	821	989	232
896	1023	192	879	990	232
960	1023	192	938	991	232
1023	1023	192	994	992	232
0	0	256	32	48	244
64	0	256	66	48	244
128	0	256	128	48	244
192	0	256	189	53	244
256	0	256	251	53	243
320	0	256	313	60	243
384	0	256	375	66	243
448	0	256	436	69	243
512	0	256	494	72	243
576	0	256	553	80	243
640	0	256	616	85	243
704	0	256	672	89	243
768	0	256	732	97	243
832	0	256	796	104	243
896	0	256	855	109	243
960	0	256	915	116	243
1023	0	256	975	123	243
0	64	256	32	77	244
64	64	256	66	77	244
128	64	256	128	77	244
192	64	256	189	80	244
256	64	256	250	80	243
320	64	256	312	85	243
384	64	256	375	87	243
448	64	256	436	91	243
512	64	256	494	95	243
576	64	256	553	99	244
640	64	256	615	103	243
704	64	256	672	106	243
768	64	256	731	113	243
832	64	256	796	117	243
896	64	256	855	125	243
960	64	256	915	129	243
1023	64	256	974	136	243
0	128	256	44	132	245
64	128	256	75	132	245
128	128	256	130	132	245
192	128	256	189	133	244
256	128	256	251	134	243
320	128	256	313	136	243
384	128	256	376	138	243
448	128	256	436	141	243
512	128	256	494	143	243
576	128	256	553	145	244
640	128	256	615	148	244
704	128	256	672	150	244
768	128	256	731	155	243
832	128	256	796	159	243
896	128	256	855	163	244
960	128	256	915	167	244
1023	128	256	975	171	243
0	192	256	57	193	245
64	192	256	82	193	245
128	192	256	134	193	245
192	192	256	193	193	245
256	192	256	253	194	245
320	192	256	314	196	244
384	192	256	376	196	244
448	192	256	436	198	244
512	192	256	494	199	244
576	192	256	554	202	245
640	192	256	615	204	245
704	192	256	672	206	245
768	192	256	731	209	245
832	192	256	796	212	245
896	192	256	855	215	245
960	192	256	915	218	244
1023	192	256	975	221	244
0	256	256	69	253	247
64	256	256	91	253	247
128	256	256	139	253	247
192	256	256	196	255	247
256	256	256	255	255	246
320	256	256	316	256	245
384	256	256	378	258	245
448	256	256	437	259	245
512	256	256	495	261	245
576	256	256	554	262	245
640	256	256	615	263	245
704	256	256	672	265	245
768	256	256	730	267	245
832	256	256	795	269	245
896	256	256	854	271	245
960	256	256	915	274	245
1023	256	256	975	276	245
0	320	256	87	316	248
64	320	256	103	316	248
128	320	256	147	316	248
192	320	256	200	317	248
256	320	256	258	318	247
320	320	256	318	318	247
384	320	256	379	320	247
448	320	256	438	321	246
512	320	256	496	322	247
576	320	256	555	323	246
640	320	256	615	324	246
704	320	256	672	326	246
768	320	256	730	327	247
832	320	256	795	329	247
896	320	256	854	331	247
960	320	256	915	333	246
1023	320	256	975	335	246
0	384	256	103	379	251
64	384	256	116	379	251
128	384	256	155	379	250
192	384	256	206	380	250
256	384	256	262	381	250
320	384	256	322	382	248
384	384	256	382	382	248
448	384	256	441	384	248
512	384	256	498	384	248
576	384	256	556	385	248
640	384	256	616	386	248
704	384	256	672	388	248
768	384	256	730	389	248
832	384	256	795	390	248
896	384	256	855	392	248
960	384	256	915	393	248
1023	384	256	974	395	248
0	448	256	117	439	252
64	448	256	130	439	252
128	448	256	165	440	252
192	448	256	214	441	252
256	448	256	268	442	252
320	448	256	326	443	251
384	448	256	386	443	251
448	448	256	443	444	250
512	448	256	500	444	250
576	448	256	558	445	250
640	448	256	618	446	250
704	448	256	674	447	250
768	448	256	732	448	250
832	448	256	796	449	250
896	448	256	855	451	250
960	448	256	915	451	250
1023	448	256	974	453	250
0	512	256	133	500	255
64	512	256	145	500	255
128	512	256	177	501	255
192	512	256	222	501	254
256	512	256	274	502	254
320	512	256	331	503	253
384	512	256	390	503	253
448	512	256	447	504	253
512	512	256	503	504	253
576	512	256	561	505	253
640	512	256	620	506	252
704	512	256	676	507	252
768	512	256	734	508	252
832	512	256	798	509	252
896	512	256	857	510	252
960	512	256	916	510	252
1023	512	256	975	512	252
0	576	256	150	562	257
64	576	256	159	562	257
128	576	256	188	562	257
192	576	256	231	563	257
256	576	256	281	564	257
320	576	256	336	564	256
384	576	256	395	565	255
448	576	256	450	565	255
512	576	256	506	566	255
576	576	256	564	566	255
640	576	256	622	567	255
704	576	256	678	568	255
768	576	256	736	569	255
832	576	256	800	570	255
896	576	256	858	571	255
960	576	256	917	571	255
1023	576	256	976	573	255
0	640	256	166	623	261
64	640	256	174	623	261
128	640	256	201	623	261
192	640	256	241	624	261
256	640	256	289	625	259
320	640	256	343	625	258
384	640	256	400	626	258
448	640	256	454	626	258
512	640	256	510	627	258
576	640	256	567	628	258
640	640	256	626	628	258
704	640	256	681	628	258
768	640	256	738	629	258
832	640	256	801	629	258
896	640	256	859	630	257
960	640	256	919	631	257
1023	640	256	977	633	256
0	704	256	182	683	264
64	704	256	190	683	264
128	704	256	214	683	264
192	704	256	252	684	263
256	704	256	298	685	262
320	704	256	350	685	262
384	704	256	407	686	262
448	704	256	460	686	262
512	704	256	514	687	262
576	704	256	571	687	262
640	704	256	628	687	261
704	704	256	683	688	261
768	704	256	740	689	261
832	704	256	803	689	261
896	704	256	861	690	261
960	704	256	921	691	261
1023	704	256	978	692	260
0	768	256	199	744	266
64	768	256	206	745	266
128	768	256	228	745	266
192	768	256	263	746	266
256	768	256	308	746	265
320	768	256	358	747	265
384	768	256	412	747	265
448	768	256	464	747	265
512	768	256	518	748	265
576	768	256	575	748	265
640	768	256	632	749	264
704	768	256	687	749	265
768	768	256	743	750	264
832	768	256	806	751	263
896	768	256	864	752	264
960	768	256	924	753	264
1023	768	256	982	755	265
0	832	256	215	808	271
64	832	256	221	808	271
128	832	256	242	808	271
192	832	256	274	809	271
256	832	256	317	809	269
320	832	256	367	810	269
384	832	256	419	810	269
448	832	256	470	811	269
512	832	256	524	811	269
576	832	256	580	812	269
640	832	256	636	812	269
704	832	256	691	813	269
768	832	256	748	814	268
832	832	256	810	815	268
896	832	256	867	815	268
960	832	256	927	816	268
1023	832	256	984	817	268
0	896	256	231	869	275
64	896	256	237	869	275
128	896	256	256	869	275
192	896	256	286	870	275
256	896	256	328	870	274
320	896	256	376	871	274
384	896	256	426	871	273
448	896	256	477	871	273
512	896	256	529	872	273
576	896	256	586	872	272
640	896	256	640	873	272
704	896	256	695	874	272
768	896	256	752	874	272
832	896	256	813	874	272
896	896	256	871	876	272
960	896	256	931	877	272
1023	896	256	985	876	272
0	960	256	247	930	280
64	960	256	252	930	280
128	960	256	271	930	280
192	960	256	300	930	278
256	960	256	340	931	277
320	960	256	386	931	277
384	960	256	434	931	277
448	960	256	483	931	277
512	960	256	535	931	276
576	960	256	591	932	276
640	960	256	645	933	277
704	960	256	700	934	277
768	960	256	757	934	277
832	960	256	817	935	277
896	960	256	874	935	277
960	960	256	932	935	276
1023	960	256	988	936	276
0	1023	256	264	989	284
64	1023	256	269	989	284
128	1023	256	285	989	284
192	1023	256	314	990	283
256	1023	256	351	990	283
320	1023	256	396	990	283
384	1023	256	442	990	282
448	1023	256	491	990	282
512	1023	256	542	991	282
576	1023	256	598	992	282
640	1023	256	650	992	281
704	1023	256	704	993	281
768	1023	256	761	991	281
832	1023	256	819	992	281
896	1023	256	877	993	281
960	1023	256	936	994	281
1023	1023	256	992	995	281
0	0	320	38	60	308
64	0	320	69	60	308
128	0	320	129	60	307
192	0	320	189	63	307
256	0	320	250	69	306
320	0	320	312	72	305
384	0	320	375	72	305
448	0	320	435	77	305
512	0	320	493	82	304
576	0	320	552	87	304
640	0	320	614	93	304
704	0	320	671	99	304
768	0	320	729	106	305
832	0	320	794	109	304
896	0	320	854	116	304
960	0	320	913	122	304
1023	0	320	973	129	304
0	64	320	38	85	308
64	64	320	69	85	308
128	64	320	129	85	307
192	64	320	189	87	307
256	64	320	250	89	306
320	64	320	312	91	305
384	64	320	375	95	305
448	64	320	435	99	305
512	64	320	493	101	304
576	64	320	552	104	304
640	64	320	614	109	305
704	64	320	671	114	305
768	64	320	729	119	305
832	64	320	794	125	304
896	64	320	854	128	304
960	64	320	913	134	304
1023	64	320	973	141	305
0	128	320	48	137	308
64	128	320	75	137	308
128	128	320	132	137	307
192	128	320	191	138	307
256	128	320	251	138	306
320	128	320	313	141	305
384	128	320	375	143	305
448	128	320	435	145	305
512	128	320	493	148	305
576	128	320	552	150	305
640	128	320	614	152	305
704	128	320	671	157	305
768	128	320	729	159	305
832	128	320	794	163	304
896	128	320	853	166	305
960	128	320	913	171	305
1023	128	320	973	175	305
0	192	320	60	196	308
64	192	320	85	196	308
128	192	320	136	196	308
192	192	320	193	198	307
256	192	320	252	198	306
320	192	320	314	199	306
384	192	320	376	201	305
448	192	320	436	202	305
512	192	320	493	204	305
576	192	320	552	206	305
640	192	320	614	208	305
704	192	320	671	210	305
768	192	320	729	212	305
832	192	320	794	215	305
896	192	320	853	218	305
960	192	320	913	221	305
1023	192	320	973	225	305
0	256	320	72	256	309
64	256	320	93	256	309
128	256	320	139	257	308
192	256	320	196	258	308
256	256	320	255	259	307
320	256	320	315	259	306
384	256	320	377	261	306
448	256	320	436	262	306
512	256	320	494	263	306
576	256	320	553	265	306
640	256	320	613	266	306
704	256	320	670	269	306
768	256	320	729	270	306
832	256	320	793	272	306
896	256	320	852	274	306
960	256	320	913	277	306
1023	256	320	973	280	306
0	320	320	87	319	310
64	320	320	104	319	310
128	320	320	147	319	309
192	320	320	201	320	309
256	320	320	258	321	308
320	320	320	317	322	307
384	320	320	379	323	308
448	320	320	438	324	307
512	320	320	495	325	307
576	320	320	553	326	307
640	320	320	614	327	307
704	320	320	670	329	307
768	320	320	729	331	307
832	320	320	793	332	307
896	320	320	852	334	307
960	320	320	912	336	307
1023	320	320	972	338	307
0	384	320	104	382	311
64	384	320	117	382	311
128	384	320	155	382	311
192	384	320	207	383	311
256	384	320	262	384	310
320	384	320	321	385	308
384	384	320	382	386	308
448	384	320	440	387	308
512	384	320	497	387	308
576	384	320	555	388	308
640	384	320	615	389	308
704	384	320	671	390	308
768	384	320	729	392	308
832	384	320	794	393	308
896	384	320	853	395	308
960	384	320	913	396	308
1023	384	320	972	398	307
0	448	320	119	442	313
64	448	320	130	442	313
128	448	320	166	443	312
192	448	320	214	444	312
256	448	320	268	445	311
320	448	320	325	446	310
384	448	320	385	446	310
448	448	320	443	447	310
512	448	320	499	447	310
576	448	320	557	448	310
640	448	320	617	449	310
704	448	320	672	450	309
768	448	320	730	451	309
832	448	320	795	452	309
896	448	320	853	454	309
960	448	320	913	454	309
1023	448	320	972	456	309
0	512	320	134	503	315
64	512	320	145	503	315
128	512	320	177	503	315
192	512	320	222	504	314
256	512	320	274	505	313
320	512	320	331	506	312
384	512	320	389	506	312
448	512	320	446	506	312
512	512	320	502	507	312
576	512	320	560	508	311
640	512	320	619	509	311
704	512	320	674	509	311
768	512	320	733	511	311
832	512	320	796	512	311
896	512	320	855	513	311
960	512	320	914	513	311
1023	512	320	973	514	311
0	576	320	150	565	317
64	576	320	159	565	317
128	576	320	188	565	317
192	576	320	231	566	316
256	576	320	281	566	316
320	576	320	336	567	315
384	576	320	394	567	314
448	576	320	449	568	314
512	576	320	505	568	314
576	576	320	563	569	314
640	576	320	621	570	314
704	576	320	677	571	313
768	576	320	735	572	313
832	576	320	798	573	313
896	576	320	856	573	313
960	576	320	915	574	313
1023	576	320	974	575	313
0	640	320	166	625	318
64	640	320	175	625	318
128	640	320	201	625	318
192	640	320	241	626	318
256	640	320	289	627	317
320	640	320	343	628	317
384	640	320	400	628	317
448	640	320	454	629	316
512	640	320	510	630	316
576	640	320	567	630	316
640	640	320	625	631	316
704	640	320	680	631	316
768	640	320	737	632	316
832	640	320	800	632	315
896	640	320	857	633	315
960	640	320	917	634	315
1023	640	320	975	635	315
0	704	320	183	685	321
64	704	320	191	685	321
128	704	320	214	685	321
192	704	320	252	686	320
256	704	320	297	687	319
320	704	320	350	688	319
384	704	320	406	689	319
448	704	320	459	689	319
512	704	320	514	689	318
576	704	320	570	690	318
640	704	320	627	689	318
704	704	320	682	690	318
768	704	320	739	691	318
832	704	320	802	692	318
896	704	320	860	693	318
960	704	320	920	694	317
1023	704	320	977	695	317
0	768	320	199	747	324
64	768	320	206	747	324
128	768	320	228	747	324
192	768	320	263	748	323
256	768	320	307	749	322
320	768	320	358	749	322
384	768	320	411	749	322
448	768	320	464	749	322
512	768	320	518	750	321
576	768	320	575	751	321
640	768	320	631	751	321
704	768	320	686	752	321
768	768	320	742	752	321
832	768	320	805	753	321
896	768	320	863	754	321
960	768	320	923	755	321
1023	768	320	981	757	321
0	832	320	215	810	327
64	832	320	221	810	327
128	832	320	242	810	327
192	832	320	274	811	326
256	832	320	317	811	325
320	832	320	367	812	325
384	832	320	419	813	325
448	832	320	470	813	324
512	832	320	523	813	324
576	832	320	580	814	324
640	832	320	635	814	324
704	832	320	690	815	324
768	832	320	747	816	324
832	832	320	809	817	324
896	832	320	867	818	324
960	832	320	926	818	324
1023	832	320	983	819	324
0	896	320	231	871	330
64	896	320	237	871	330
128	896	320	256	871	330
192	896	320	286	872	329
256	896	320	328	872	328
320	896	320	376	873	328
384	896	320	426	873	328
448	896	320	476	873	328
512	896	320	529	874	327
576	896	320	585	874	327
640	896	320	640	875	327
704	896	320	695	876	327
768	896	320	752	876	327
832	896	320	812	877	327
896	896	320	870	878	327
960	896	320	929	879	327
1023	896	320	985	878	327
0	960	320	248	932	334
64	960	320	253	932	334
128	960	320	271	932	333
192	960	320	300	932	332
256	960	320	340	932	332
320	960	320	385	932	332
384	960	320	433	933	331
448	960	320	483	933	331
512	960	320	535	933	331
576	960	320	591	934	331
640	960	320	645	935	331
704	960	320	699	936	331
768	960	320	757	936	331
832	960	320	816	937	331
896	960	320	873	937	331
960	960	320	932	937	330
1023	960	320	988	938	330
0	1023	320	264	991	337
64	1023	320	269	991	337
128	1023	320	285	991	337
192	1023	320	314	991	336
256	1023	320	352	991	336
320	1023	320	396	991	336
384	1023	320	442	992	335
448	1023	320	491	992	335
512	1023	320	542	993	335
576	1023	320	598	993	335
640	1023	320	650	993	335
704	1023	320	704	994	334
768	1023	320	761	993	334
832	1023	320	819	994	334
896	1023	320	877	995	334
960	1023	320	936	996	334
1023	1023	320	991	997	334
0	0	384	44	72	367
64	0	384	72	72	367
128	0	384	130	72	367
192	0	384	190	77	366
256	0	384	251	80	366
320	0	384	312	82	366
384	0	384	375	82	365
448	0	384	436	87	366
512	0	384	494	91	365
576	0	384	552	95	365
640	0	384	614	101	365
704	0	384	672	106	365
768	0	384	730	113	365
832	0	384	795	116	365
896	0	384	855	122	366
960	0	384	914	128	366
1023	0	384	974	134	366
0	64	384	48	93	367
64	64	384	75	93	367
128	64	384	130	93	367
192	64	384	191	97	366
256	64	384	251	99	366
320	64	384	313	99	366
384	64	384	376	103	366
448	64	384	436	106	366
512	64	384	494	108	365
576	64	384	553	113	365
640	64	384	614	116	365
704	64	384	672	120	365
768	64	384	730	125	365
832	64	384	795	130	365
896	64	384	854	134	366
960	64	384	914	141	366
1023	64	384	974	145	366
0	128	384	53	142	367
64	128	384	77	142	367
128	128	384	133	142	367
192	128	384	192	143	367
256	128	384	252	145	366
320	128	384	313	145	366
384	128	384	376	148	366
448	128	384	436	150	366
512	128	384	494	152	366
576	128	384	553	155	366
640	128	384	614	158	366
704	128	384	671	161	366
768	128	384	730	164	366
832	128	384	795	167	365
896	128	384	854	171	366
960	128	384	914	175	366
1023	128	384	974	180	366
0	192	384	63	199	368
64	192	384	87	199	368
128	192	384	137	200	368
192	192	384	193	201	368
256	192	384	253	202	367
320	192	384	315	202	366
384	192	384	377	204	366
448	192	384	437	206	366
512	192	384	494	207	366
576	192	384	553	209	366
640	192	384	614	211	366
704	192	384	671	213	366
768	192	384	729	216	366
832	192	384	794	218	366
896	192	384	854	221	366
960	192	384	914	225	366
1023	192	384	974	228	366
0	256	384	77	259	369
64	256	384	97	259	369
128	256	384	141	259	369
192	256	384	198	261	369
256	256	384	255	262	368
320	256	384	317	263	366
384	256	384	378	264	366
448	256	384	437	265	366
512	256	384	495	266	366
576	256	384	553	268	366
640	256	384	614	269	366
704	256	384	671	271	366
768	256	384	729	273	366
832	256	384	794	275	366
896	256	384	853	277	366
960	256	384	913	280	366
1023	256	384	973	282	366
0	320	384	89	321	369
64	320	384	108	321	369
128	320	384	148	322	369
192	320	384	202	322	369
256	320	384	259	323	368
320	320	384	318	325	368
384	320	384	380	326	368
448	320	384	438	326	367
512	320	384	496	327	367
576	320	384	554	328	367
640	320	384	614	330	367
704	320	384	671	331	367
768	320	384	729	333	367
832	320	384	794	334	366
896	320	384	853	336	366
960	320	384	913	338	367
1023	320	384	973	340	367
0	384	384	106	384	372
64	384	384	119	384	372
128	384	384	157	384	372
192	384	384	207	385	371
256	384	384	263	386	371
320	384	384	322	387	368
384	384	384	382	388	368
448	384	384	440	389	368
512	384	384	497	389	368
576	384	384	555	390	368
640	384	384	616	392	368
704	384	384	672	393	368
768	384	384	730	394	368
832	384	384	794	395	368
896	384	384	853	397	368
960	384	384	914	398	368
1023	384	384	972	400	368
0	448	384	120	444	372
64	448	384	132	444	372
128	448	384	167	445	372
192	448	384	215	446	372
256	448	384	268	447	371
320	448	384	326	447	370
384	448	384	386	448	370
448	448	384	443	449	369
512	448	384	500	449	369
576	448	384	558	451	369
640	448	384	618	451	369
704	448	384	673	452	369
768	448	384	731	453	369
832	448	384	795	454	369
896	448	384	853	455	369
960	448	384	914	456	369
1023	448	384	973	458	368
0	512	384	136	505	374
64	512	384	147	505	374
128	512	384	179	505	374
192	512	384	223	506	373
256	512	384	275	507	373
320	512	384	331	508	372
384	512	384	390	508	372
448	512	384	447	509	371
512	512	384	503	509	371
576	512	384	561	510	370
640	512	384	620	511	370
704	512	384	675	511	370
768	512	384	733	513	370
832	512	384	797	513	370
896	512	384	854	514	370
960	512	384	914	515	370
1023	512	384	973	516	370
0	576	384	152	566	376
64	576	384	161	566	376
128	576	384	190	567	376
192	576	384	232	567	375
256	576	384	282	568	375
320	576	384	337	569	374
384	576	384	395	570	373
448	576	384	450	570	373
512	576	384	506	570	372
576	576	384	564	571	372
640	576	384	623	572	372
704	576	384	678	573	372
768	576	384	735	574	372
832	576	384	798	574	372
896	576	384	857	575	372
960	576	384	916	576	372
1023	576	384	974	578	372
0	640	384	167	627	378
64	640	384	177	627	378
128	640	384	202	628	377
192	640	384	242	628	377
256	640	384	289	629	377
320	640	384	343	630	375
384	640	384	400	630	375
448	640	384	455	631	375
512	640	384	510	632	375
576	640	384	567	632	375
640	640	384	625	632	375
704	640	384	680	633	375
768	640	384	737	633	374
832	640	384	800	634	374
896	640	384	859	635	374
960	640	384	918	636	374
1023	640	384	976	637	374
0	704	384	185	687	380
64	704	384	192	688	380
128	704	384	216	688	380
192	704	384	253	689	380
256	704	384	299	690	378
320	704	384	351	690	378
384	704	384	407	691	378
448	704	384	460	691	378
512	704	384	514	691	377
576	704	384	571	691	377
640	704	384	628	691	376
704	704	384	683	692	376
768	704	384	740	693	376
832	704	384	803	694	376
896	704	384	861	694	376
960	704	384	920	696	376
1023	704	384	978	696	376
0	768	384	200	748	381
64	768	384	206	748	381
128	768	384	229	749	381
192	768	384	263	749	381
256	768	384	308	750	379
320	768	384	358	750	379
384	768	384	412	750	379
448	768	384	464	751	379
512	768	384	518	752	379
576	768	384	575	752	379
640	768	384	632	753	379
704	768	384	687	754	379
768	768	384	744	755	379
832	768	384	806	755	378
896	768	384	864	756	378
960	768	384	923	757	378
1023	768	384	981	759	379
0	832	384	216	811	385
64	832	384	223	812	385
128	832	384	242	812	385
192	832	384	275	813	385
256	832	384	318	813	382
320	832	384	367	814	382
384	832	384	419	814	382
448	832	384	470	814	382
512	832	384	524	815	382
576	832	384	580	816	381
640	832	384	636	816	381
704	832	384	690	817	381
768	832	384	747	817	381
832	832	384	809	818	381
896	832	384	867	819	381
960	832	384	926	820	381
1023	832	384	983	821	381
0	896	384	233	872	388
64	896	384	238	872	388
128	896	384	256	873	387
192	896	384	287	873	387
256	896	384	329	874	385
320	896	384	377	874	385
384	896	384	426	874	385
448	896	384	477	875	385
512	896	384	529	875	384
576	896	384	586	876	384
640	896	384	640	876	384
704	896	384	695	877	384
768	896	384	752	878	384
832	896	384	812	878	384
896	896	384	870	879	384
960	896	384	929	880	384
1023	896	384	985	880	384
0	960	384	248	933	390
64	960	384	254	933	390
128	960	384	271	934	390
192	960	384	301	934	388
256	960	384	340	934	388
320	960	384	387	934	388
384	960	384	434	934	388
448	960	384	484	934	387
512	960	384	536	935	387
576	960	384	592	936	387
640	960	384	645	936	387
704	960	384	699	937	387
768	960	384	757	938	387
832	960	384	816	937	387
896	960	384	873	938	386
960	960	384	932	939	386
1023	960	384	989	941	386
0	1023	384	265	992	393
64	1023	384	270	992	393
128	1023	384	286	993	393
192	1023	384	315	993	392
256	1023	384	352	993	392
320	1023	384	397	993	392
384	1023	384	443	993	391
448	1023	384	491	994	391
512	1023	384	543	994	391
576	1023	384	598	995	390
640	1023	384	650	994	390
704	1023	384	704	995	390
768	1023	384	761	995	390
832	1023	384	820	996	390
896	1023	384	877	997	390
960	1023	384	936	998	390
1023	1023	384	992	998	390
0	0	448	53	87	429
64	0	448	77	87	429
128	0	448	133	87	428
192	0	448	191	89	428
256	0	448	252	91	427
320	0	448	313	91	426
384	0	448	376	95	426
448	0	448	436	99	426
512	0	448	495	103	425
576	0	448	553	106	425
640	0	448	615	109	425
704	0	448	672	114	425
768	0	448	731	119	425
832	0	448	796	125	425
896	0	448	855	129	425
960	0	448	915	136	425
1023	0	448	975	141	425
0	64	448	53	104	429
64	64	448	82	104	429
128	64	448	133	104	429
192	64	448	192	106	428
256	64	448	252	106	427
320	64	448	313	109	426
384	64	448	376	113	426
448	64	448	437	114	426
512	64	448	495	117	426
576	64	448	553	120	425
640	64	448	615	123	425
704	64	448	672	128	425
768	64	448	730	133	425
832	64	448	796	137	425
896	64	448	855	141	425
960	64	448	915	147	425
1023	64	448	975	152	425
0	128	448	60	148	429
64	128	448	85	148	429
128	128	448	136	149	429
192	128	448	193	150	428
256	128	448	253	150	427
320	128	448	314	152	426
384	128	448	377	155	426
448	128	448	437	157	426
512	128	448	495	158	426
576	128	448	553	161	425
640	128	448	615	163	425
704	128	448	672	165	425
768	128	448	730	169	425
832	128	448	796	173	425
896	128	448	855	176	425
960	128	448	915	180	425
1023	128	448	974	185	425
0	192	448	69	204	429
64	192	448	91	204	429
128	192	448	139	204	429
192	192	448	195	206	429
256	192	448	255	206	427
320	192	448	315	207	426
384	192	448	378	209	426
448	192	448	438	210	426
512	192	448	495	212	426
576	192	448	553	214	426
640	192	448	615	215	426
704	192	448	672	218	426
768	192	448	730	220	426
832	192	448	795	223	426
896	192	448	854	225	426
960	192	448	915	228	425
1023	192	448	974	232	426
0	256	448	80	263	431
64	256	448	99	263	430
128	256	448	143	263	430
192	256	448	199	265	429
256	256	448	256	265	428
320	256	448	317	266	427
384	256	448	379	267	427
448	256	448	438	269	427
512	256	448	495	270	427
576	256	448	554	271	426
640	256	448	615	272	426
704	256	448	671	274	426
768	256	448	729	276	426
832	256	448	794	279	426
896	256	448	853	280	426
960	256	448	914	283	426
1023	256	448	973	285	426
0	320	448	93	324	430
64	320	448	109	324	430
128	320	448	150	325	430
192	320	448	203	325	429
256	320	448	260	327	428
320	320	448	319	327	427
384	320	448	381	328	427
448	320	448	439	329	427
512	320	448	497	330	426
576	320	448	555	331	427
640	320	448	615	333	427
704	320	448	672	334	427
768	320	448	730	335	426
832	320	448	794	337	426
896	320	448	853	339	426
960	320	448	914	341	427
1023	320	448	973	343	426
0	384	448	109	387	431
64	384	448	122	387	431
128	384	448	159	387	431
192	384	448	209	388	431
256	384	448	264	388	430
320	384	448	322	389	428
384	384	448	383	390	428
448	384	448	441	391	428
512	384	448	498	392	427
576	384	448	556	393	427
640	384	448	617	395	427
704	384	448	673	395	427
768	384	448	731	397	427
832	384	448	795	398	427
896	384	448	854	400	427
960	384	448	914	401	427
1023	384	448	972	402	427
0	448	448	123	447	432
64	448	448	136	447	432
128	448	448	169	447	432
192	448	448	215	448	431
256	448	448	269	449	431
320	448	448	327	450	429
384	448	448	387	451	429
448	448	448	444	451	429
512	448	448	501	452	429
576	448	448	559	452	428
640	448	448	619	453	428
704	448	448	674	454	428
768	448	448	732	455	428
832	448	448	796	456	428
896	448	448	854	457	428
960	448	448	914	459	428
1023	448	448	973	460	428
0	512	448	138	507	433
64	512	448	149	507	433
128	512	448	180	507	433
192	512	448	225	508	432
256	512	448	275	509	432
320	512	448	332	510	431
384	512	448	391	510	431
448	512	448	447	511	430
512	512	448	504	511	430
576	512	448	561	512	430
640	512	448	621	513	430
704	512	448	676	514	430
768	512	448	734	514	429
832	512	448	797	515	429
896	512	448	855	516	429
960	512	448	915	517	429
1023	512	448	974	519	429
0	576	448	155	568	434
64	576	448	163	568	434
128	576	448	191	569	434
192	576	448	233	569	434
256	576	448	282	570	433
320	576	448	338	571	432
384	576	448	396	572	432
448	576	448	451	572	431
512	576	448	507	573	431
576	576	448	564	573	431
640	576	448	623	574	431
704	576	448	679	575	431
768	576	448	735	575	430
832	576	448	799	576	430
896	576	448	857	577	431
960	576	448	917	578	430
1023	576	448	975	580	430
0	640	448	169	629	436
64	640	448	177	629	436
128	640	448	204	630	436
192	640	448	243	630	436
256	640	448	290	631	434
320	640	448	344	632	433
384	640	448	401	632	433
448	640	448	456	633	433
512	640	448	511	633	433
576	640	448	568	633	432
640	640	448	625	634	432
704	640	448	681	635	432
768	640	448	737	635	432
832	640	448	801	636	432
896	640	448	860	637	432
960	640	448	919	638	432
1023	640	448	977	639	432
0	704	448	187	690	439
64	704	448	193	690	439
128	704	448	217	690	438
192	704	448	254	691	438
256	704	448	299	692	436
320	704	448	352	691	436
384	704	448	407	692	435
448	704	448	460	692	435
512	704	448	514	693	434
576	704	448	571	693	434
640	704	448	628	693	434
704	704	448	683	694	433
768	704	448	741	695	434
832	704	448	804	696	434
896	704	448	861	696	433
960	704	448	921	697	433
1023	704	448	978	698	433
0	768	448	201	750	439
64	768	448	207	750	439
128	768	448	230	750	438
192	768	448	264	751	438
256	768	448	308	751	437
320	768	448	359	752	437
384	768	448	412	752	436
448	768	448	465	753	436
512	768	448	519	753	436
576	768	448	576	754	436
640	768	448	632	755	436
704	768	448	687	756	436
768	768	448	744	757	436
832	768	448	806	757	436
896	768	448	864	758	436
960	768	448	924	759	436
1023	768	448	981	761	436
0	832	448	217	813	442
64	832	448	223	813	442
128	832	448	243	814	441
192	832	448	275	814	441
256	832	448	319	815	439
320	832	448	368	815	439
384	832	448	420	816	439
448	832	448	471	816	438
512	832	448	524	816	438
576	832	448	581	817	438
640	832	448	636	818	438
704	832	448	691	818	438
768	832	448	748	819	438
832	832	448	810	820	438
896	832	448	868	821	438
960	832	448	926	821	438
1023	832	448	983	822	438
0	896	448	233	874	444
64	896	448	239	874	444
128	896	448	258	874	443
192	896	448	289	875	443
256	896	448	329	875	442
320	896	448	377	876	441
384	896	448	427	876	441
448	896	448	478	877	441
512	896	448	530	877	441
576	896	448	586	878	441
640	896	448	641	878	441
704	896	448	696	879	441
768	896	448	753	880	441
832	896	448	813	880	440
896	896	448	871	881	440
960	896	448	930	881	440
1023	896	448	985	882	440
0	960	448	249	935	446
64	960	448	255	935	446
128	960	448	272	935	446
192	960	448	302	936	444
256	960	448	341	936	444
320	960	448	387	936	444
384	960	448	435	936	444
448	960	448	485	936	444
512	960	448	537	937	443
576	960	448	593	938	443
640	960	448	646	938	443
704	960	448	700	939	443
768	960	448	757	939	443
832	960	448	816	939	443
896	960	448	873	940	442
960	960	448	933	940	443
1023	960	448	990	942	443
0	1023	448	265	993	449
64	1023	448	270	994	449
128	1023	448	286	994	448
192	1023	448	315	994	447
256	1023	448	353	994	447
320	1023	448	398	995	447
384	1023	448	443	995	447
448	1023	448	492	995	446
512	1023	448	543	996	446
576	1023	448	598	996	446
640	1023	448	650	996	445
704	1023	448	704	996	445
768	1023	448	762	997	445
832	1023	448	820	998	445
896	1023	448	878	998	445
960	1023	448	937	999	445
1023	1023	448	992	1000	445
0	0	512	60	99	489
64	0	512	85	99	489
128	0	512	136	99	488
192	0	512	193	101	487
256	0	512	253	101	486
320	0	512	315	103	485
384	0	512	377	106	485
448	0	512	437	109	485
512	0	512	495	113	484
576	0	512	554	116	484
640	0	512	616	120	484
704	0	512	673	123	484
768	0	512	731	129	484
832	0	512	797	133	484
896	0	512	856	138	484
960	0	512	916	144	484
1023	0	512	975	149	483
0	64	512	60	114	489
64	64	512	87	114	489
128	64	512	136	114	488
192	64	512	193	116	487
256	64	512	253	116	486
320	64	512	314	119	485
384	64	512	377	120	485
448	64	512	437	125	485
512	64	512	495	125	484
576	64	512	554	129	484
640	64	512	616	133	484
704	64	512	673	136	484
768	64	512	731	141	484
832	64	512	797	145	484
896	64	512	856	149	484
960	64	512	916	155	484
1023	64	512	974	159	483
0	128	512	66	156	489
64	128	512	89	156	489
128	128	512	138	156	488
192	128	512	194	157	487
256	128	512	254	158	486
320	128	512	315	159	485
384	128	512	378	161	485
448	128	512	438	163	485
512	128	512	495	165	485
576	128	512	554	167	484
640	128	512	616	170	484
704	128	512	673	172	484
768	128	512	731	176	484
832	128	512	796	179	484
896	128	512	856	184	484
960	128	512	916	187	484
1023	128	512	974	190	483
0	192	512	75	209	489
64	192	512	95	209	489
128	192	512	141	209	489
192	192	512	197	210	488
256	192	512	255	210	486
320	192	512	316	212	485
384	192	512	379	213	485
448	192	512	438	215	485
512	192	512	496	216	485
576	192	512	554	218	485
640	192	512	616	221	485
704	192	512	672	223	485
768	192	512	730	225	484
832	192	512	796	228	484
896	192	512	855	230	484
960	192	512	915	233	484
1023	192	512	973	236	484
0	256	512	85	267	489
64	256	512	103	267	489
128	256	512	145	267	489
192	256	512	201	268	488
256	256	512	257	269	486
320	256	512	317	270	485
384	256	512	379	271	485
448	256	512	439	273	485
512	256	512	497	274	485
576	256	512	555	275	485
640	256	512	616	277	485
704	256	512	672	279	485
768	256	512	730	280	485
832	256	512	795	282	485
896	256	512	854	284	485
960	256	512	914	287	484
1023	256	512	972	289	484
0	320	512	97	327	490
64	320	512	113	327	490
128	320	512	152	328	489
192	320	512	204	328	488
256	320	512	261	329	487
320	320	512	320	330	486
384	320	512	382	332	485
448	320	512	441	333	485
512	320	512	498	334	485
576	320	512	556	335	485
640	320	512	617	336	486
704	320	512	673	338	485
768	320	512	730	339	485
832	320	512	795	340	485
896	320	512	854	343	485
960	320	512	914	344	484
1023	320	512	973	346	484
0	384	512	111	390	491
64	384	512	125	390	491
128	384	512	161	390	490
192	384	512	210	390	489
256	384	512	265	391	488
320	384	512	323	392	486
384	384	512	384	393	486
448	384	512	442	394	486
512	384	512	499	395	486
576	384	512	557	395	485
640	384	512	618	398	486
704	384	512	674	399	486
768	384	512	732	400	486
832	384	512	796	401	486
896	384	512	854	402	485
960	384	512	914	403	485
1023	384	512	973	405	485
0	448	512	128	449	491
64	448	512	138	449	491
128	448	512	171	450	491
192	448	512	218	450	490
256	448	512	270	451	489
320	448	512	328	452	488
384	448	512	388	453	487
448	448	512	445	454	487
512	448	512	502	454	487
576	448	512	560	455	487
640	448	512	620	456	487
704	448	512	675	457	487
768	448	512	732	458	486
832	448	512	796	458	486
896	448	512	854	460	486
960	448	512	914	461	486
1023	448	512	974	462	486
0	512	512	141	509	492
64	512	512	151	509	492
128	512	512	182	509	492
192	512	512	226	510	491
256	512	512	276	511	490
320	512	512	333	512	489
384	512	512	392	512	489
448	512	512	448	513	488
512	512	512	504	513	488
576	512	512	562	514	488
640	512	512	621	515	488
704	512	512	677	516	488
768	512	512	734	516	487
832	512	512	797	517	487
896	512	512	856	518	487
960	512	512	916	519	487
1023	512	512	975	521	488
0	576	512	157	570	494
64	576	512	165	570	493
128	576	512	193	571	493
192	576	512	234	572	492
256	576	512	283	573	491
320	576	512	339	573	490
384	576	512	397	574	490
448	576	512	452	574	490
512	576	512	508	575	489
576	576	512	565	575	489
640	576	512	624	576	489
704	576	512	679	576	488
768	576	512	735	577	488
832	576	512	800	578	488
896	576	512	858	580	488
960	576	512	917	581	488
1023	576	512	976	582	489
0	640	512	171	631	495
64	640	512	179	631	495
128	640	512	206	632	494
192	640	512	243	632	493
256	640	512	291	633	492
320	640	512	345	634	491
384	640	512	402	634	491
448	640	512	457	635	491
512	640	512	511	635	491
576	640	512	568	635	490
640	640	512	626	636	490
704	640	512	681	637	490
768	640	512	738	636	489
832	640	512	802	638	490
896	640	512	860	639	489
960	640	512	919	640	490
1023	640	512	977	641	490
0	704	512	188	691	496
64	704	512	195	692	496
128	704	512	218	692	496
192	704	512	255	693	495
256	704	512	300	693	493
320	704	512	352	693	493
384	704	512	407	693	492
448	704	512	460	694	492
512	704	512	515	694	492
576	704	512	572	695	491
640	704	512	629	696	492
704	704	512	685	696	492
768	704	512	742	697	492
832	704	512	805	698	491
896	704	512	861	697	491
960	704	512	922	699	491
1023	704	512	979	700	491
0	768	512	202	752	497
64	768	512	209	752	496
128	768	512	231	752	496
192	768	512	265	753	495
256	768	512	309	754	494
320	768	512	359	754	494
384	768	512	413	754	494
448	768	512	465	755	494
512	768	512	519	755	494
576	768	512	577	756	494
640	768	512	633	757	493
704	768	512	688	757	493
768	768	512	745	759	493
832	768	512	807	759	493
896	768	512	865	760	493
960	768	512	925	761	493
1023	768	512	982	762	493
0	832	512	218	815	498
64	832	512	224	815	498
128	832	512	245	815	498
192	832	512	276	816	497
256	832	512	319	817	496
320	832	512	368	817	496
384	832	512	420	818	496
448	832	512	472	818	496
512	832	512	525	818	495
576	832	512	582	819	495
640	832	512	637	820	495
704	832	512	692	820	495
768	832	512	749	821	495
832	832	512	810	822	495
896	832	512	868	823	495
960	832	512	927	822	495
1023	832	512	983	824	495
0	896	512	234	876	501
64	896	512	240	876	501
128	896	512	259	876	500
192	896	512	289	877	499
256	896	512	330	877	498
320	896	512	378	877	498
384	896	512	427	878	498
448	896	512	479	879	498
512	896	512	531	879	498
576	896	512	588	880	498
640	896	512	642	881	498
704	896	512	697	882	497
768	896	512	754	882	497
832	896	512	813	882	497
896	896	512	871	882	497
960	896	512	930	883	497
1023	896	512	986	884	497
0	960	512	250	937	503
64	960	512	256	937	502
128	960	512	273	937	502
192	960	512	302	937	501
256	960	512	342	938	501
320	960	512	388	938	501
384	960	512	436	938	501
448	960	512	486	939	500
512	960	512	538	939	500
576	960	512	593	940	500
640	960	512	646	940	500
704	960	512	701	941	500
768	960	512	758	940	499
832	960	512	817	941	499
896	960	512	874	941	499
960	960	512	933	942	499
1023	960	512	990	944	499
0	1023	512	266	995	505
64	1023	512	271	995	505
128	1023	512	287	996	504
192	1023	512	315	996	503
256	1023	512	354	996	503
320	1023	512	398	997	503
384	1023	512	444	997	503
448	1023	512	493	997	502
512	1023	512	544	997	502
576	1023	512	598	997	502
640	1023	512	651	997	501
704	1023	512	705	998	501
768	1023	512	763	999	501
832	1023	512	821	999	501
896	1023	512	878	1000	501
960	1023	512	938	1001	501
1023	1023	512	993	1002	501
0	0	576	66	111	546
64	0	576	89	111	546
128	0	576	137	111	546
192	0	576	195	113	546
256	0	576	255	114	546
320	0	576	315	116	544
384	0	576	378	119	544
448	0	576	438	120	544
512	0	576	496	123	544
576	0	576	555	126	544
640	0	576	617	132	544
704	0	576	673	134	544
768	0	576	732	138	544
832	0	576	798	143	544
896	0	576	857	148	544
960	0	576	917	151	544
1023	0	576	975	157	543
0	64	576	69	125	546
64	64	576	91	125	546
128	64	576	137	125	546
192	64	576	195	126	546
256	64	576	255	128	546
320	64	576	316	130	545
384	64	576	378	130	544
448	64	576	438	134	544
512	64	576	496	136	544
576	64	576	555	138	544
640	64	576	617	143	544
704	64	576	673	145	544
768	64	576	732	150	544
832	64	576	798	153	544
896	64	576	857	158	544
960	64	576	917	162	544
1023	64	576	975	166	543
0	128	576	72	164	547
64	128	576	93	164	547
128	128	576	139	164	547
192	128	576	197	164	547
256	128	576	255	165	547
320	128	576	316	167	545
384	128	576	379	169	545
448	128	576	438	170	545
512	128	576	497	172	544
576	128	576	555	174	544
640	128	576	617	178	544
704	128	576	673	180	544
768	128	576	732	184	544
832	128	576	797	187	544
896	128	576	856	191	544
960	128	576	917	193	545
1023	128	576	975	197	544
0	192	576	80	215	548
64	192	576	99	215	548
128	192	576	143	215	548
192	192	576	198	216	548
256	192	576	257	216	548
320	192	576	317	218	545
384	192	576	379	219	545
448	192	576	439	221	545
512	192	576	497	222	545
576	192	576	555	224	544
640	192	576	617	226	544
704	192	576	673	229	544
768	192	576	731	231	544
832	192	576	797	233	544
896	192	576	856	236	545
960	192	576	916	238	545
1023	192	576	975	241	544
0	256	576	91	271	550
64	256	576	108	271	550
128	256	576	148	272	550
192	256	576	202	272	550
256	256	576	259	274	550
320	256	576	318	274	546
384	256	576	381	275	546
448	256	576	440	277	545
512	256	576	497	278	545
576	256	576	556	279	545
640	256	576	617	282	545
704	256	576	673	283	545
768	256	576	731	285	544
832	256	576	796	287	545
896	256	576	855	289	545
960	256	576	915	291	545
1023	256	576	974	293	544
0	320	576	103	331	547
64	320	576	117	331	547
128	320	576	155	332	547
192	320	576	206	332	547
256	320	576	262	333	547
320	320	576	321	334	545
384	320	576	383	335	545
448	320	576	441	337	545
512	320	576	498	337	544
576	320	576	557	338	545
640	320	576	618	340	544
704	320	576	673	341	544
768	320	576	732	343	544
832	320	576	796	344	544
896	320	576	855	346	544
960	320	576	915	348	544
1023	320	576	974	350	544
0	384	576	116	393	550
64	384	576	128	393	550
128	384	576	163	394	550
192	384	576	212	394	550
256	384	576	266	395	550
320	384	576	324	396	545
384	384	576	385	397	545
448	384	576	443	398	546
512	384	576	500	399	545
576	384	576	558	399	545
640	384	576	618	400	545
704	384	576	674	401	545
768	384	576	732	403	545
832	384	576	796	404	545
896	384	576	854	405	545
960	384	576	915	407	544
1023	384	576	975	409	544
0	448	576	130	453	550
64	448	576	141	453	550
128	448	576	173	454	550
192	448	576	219	454	549
256	448	576	271	455	549
320	448	576	329	455	546
384	448	576	389	456	546
448	448	576	446	457	546
512	448	576	503	457	546
576	448	576	561	458	545
640	448	576	620	459	545
704	448	576	676	460	545
768	448	576	733	460	545
832	448	576	797	462	545
896	448	576	855	462	544
960	448	576	916	464	544
1023	448	576	975	465	545
0	512	576	144	512	552
64	512	576	153	512	551
128	512	576	184	513	551
192	512	576	228	513	550
256	512	576	277	514	549
320	512	576	334	515	548
384	512	576	393	515	547
448	512	576	450	516	547
512	512	576	506	517	547
576	512	576	564	517	547
640	512	576	622	518	546
704	512	576	678	518	546
768	512	576	735	519	546
832	512	576	799	520	545
896	512	576	857	521	545
960	512	576	917	522	545
1023	512	576	976	524	546
0	576	576	159	574	553
64	576	576	167	574	553
128	576	576	195	574	552
192	576	576	236	575	551
256	576	576	284	576	550
320	576	576	340	576	549
384	576	576	398	577	549
448	576	576	453	577	548
512	576	576	509	578	548
576	576	576	567	578	548
640	576	576	624	578	547
704	576	576	680	579	547
768	576	576	737	580	547
832	576	576	800	581	547
896	576	576	859	582	547
960	576	576	919	583	547
1023	576	576	977	584	547
0	640	576	173	635	554
64	640	576	182	635	554
128	640	576	206	635	553
192	640	576	245	635	552
256	640	576	292	636	551
320	640	576	346	636	550
384	640	576	402	636	549
448	640	576	457	637	549
512	640	576	512	637	549
576	640	576	570	638	549
640	640	576	627	638	549
704	640	576	683	639	549
768	640	576	740	640	548
832	640	576	803	640	548
896	640	576	861	642	548
960	640	576	921	643	548
1023	640	576	979	644	548
0	704	576	189	693	554
64	704	576	196	693	554
128	704	576	219	694	554
192	704	576	255	694	553
256	704	576	301	695	551
320	704	576	353	695	551
384	704	576	408	695	550
448	704	576	462	697	551
512	704	576	517	697	551
576	704	576	574	698	550
640	704	576	630	698	550
704	704	576	686	699	550
768	704	576	743	700	550
832	704	576	805	700	549
896	704	576	863	701	549
960	704	576	923	701	549
1023	704	576	980	702	549
0	768	576	205	754	555
64	768	576	211	754	555
128	768	576	232	755	554
192	768	576	266	756	553
256	768	576	310	756	553
320	768	576	361	757	553
384	768	576	414	757	553
448	768	576	467	758	552
512	768	576	521	758	552
576	768	576	578	758	551
640	768	576	634	759	551
704	768	576	689	760	551
768	768	576	746	761	551
832	768	576	808	761	551
896	768	576	866	762	551
960	768	576	926	763	551
1023	768	576	982	764	551
0	832	576	220	817	557
64	832	576	226	817	556
128	832	576	245	817	556
192	832	576	277	818	555
256	832	576	320	818	554
320	832	576	369	819	554
384	832	576	421	820	554
448	832	576	473	820	553
512	832	576	526	821	553
576	832	576	582	821	553
640	832	576	638	822	553
704	832	576	693	823	553
768	832	576	750	823	553
832	832	576	811	824	552
896	832	576	868	823	552
960	832	576	928	825	553
1023	832	576	984	826	553
0	896	576	236	878	558
64	896	576	242	878	558
128	896	576	259	879	558
192	896	576	290	880	557
256	896	576	331	880	556
320	896	576	379	880	556
384	896	576	429	880	556
448	896	576	480	881	556
512	896	576	532	882	556
576	896	576	588	882	556
640	896	576	643	883	555
704	896	576	697	883	555
768	896	576	754	883	554
832	896	576	814	883	554
896	896	576	871	884	554
960	896	576	931	885	554
1023	896	576	988	886	554
0	960	576	252	938	560
64	960	576	257	938	560
128	960	576	274	939	560
192	960	576	303	939	559
256	960	576	343	940	559
320	960	576	389	940	559
384	960	576	437	941	558
448	960	576	486	941	558
512	960	576	538	941	557
576	960	576	594	941	557
640	960	576	646	941	556
704	960	576	701	942	557
768	960	576	759	942	557
832	960	576	818	943	557
896	960	576	875	944	556
960	960	576	935	945	556
1023	960	576	992	946	557
0	1023	576	267	998	562
64	1023	576	272	998	562
128	1023	576	288	998	562
192	1023	576	317	998	561
256	1023	576	354	998	561
320	1023	576	399	999	561
384	1023	576	445	999	560
448	1023	576	494	999	560
512	1023	576	544	998	559
576	1023	576	600	999	559
640	1023	576	652	999	559
704	1023	576	705	1000	558
768	1023	576	764	1001	559
832	1023	576	822	1002	559
896	1023	576	880	1003	559
960	1023	576	939	1004	559
1023	1023	576	995	1005	559
0	0	640	75	123	608
64	0	640	95	123	608
128	0	640	142	125	608
192	0	640	198	125	607
256	0	640	257	128	607
320	0	640	317	128	606
384	0	640	379	130	606
448	0	640	439	132	605
512	0	640	497	136	605
576	0	640	556	138	604
640	0	640	617	141	604
704	0	640	674	145	604
768	0	640	733	150	604
832	0	640	799	152	604
896	0	640	858	157	604
960	0	640	917	161	604
1023	0	640	977	166	604
0	64	640	75	136	608
64	64	640	97	136	608
128	64	640	142	137	608
192	64	640	198	138	607
256	64	640	257	138	607
320	64	640	317	141	606
384	64	640	380	143	606
448	64	640	439	144	605
512	64	640	497	147	605
576	64	640	556	150	604
640	64	640	617	152	604
704	64	640	674	156	604
768	64	640	733	159	604
832	64	640	799	163	604
896	64	640	858	166	604
960	64	640	917	171	604
1023	64	640	977	175	604
0	128	640	82	172	609
64	128	640	99	172	609
128	128	640	144	173	609
192	128	640	199	173	608
256	128	640	257	175	608
320	128	640	318	176	606
384	128	640	380	177	606
448	128	640	440	179	605
512	128	640	498	181	605
576	128	640	557	184	604
640	128	640	617	186	604
704	128	640	674	188	604
768	128	640	733	192	604
832	128	640	798	194	604
896	128	640	857	197	604
960	128	640	917	201	604
1023	128	640	976	204	604
0	192	640	89	221	610
64	192	640	104	222	610
128	192	640	148	222	610
192	192	640	201	223	609
256	192	640	259	223	609
320	192	640	319	225	606
384	192	640	381	226	606
448	192	640	440	228	606
512	192	640	498	229	605
576	192	640	557	231	605
640	192	640	617	232	604
704	192	640	674	234	604
768	192	640	733	238	604
832	192	640	798	240	604
896	192	640	856	241	605
960	192	640	916	245	604
1023	192	640	976	247	604
0	256	640	95	277	611
64	256	640	111	277	611
128	256	640	152	277	611
192	256	640	205	278	611
256	256	640	261	279	611
320	256	640	320	280	606
384	256	640	382	282	606
448	256	640	441	282	606
512	256	640	499	284	605
576	256	640	557	285	605
640	256	640	618	286	604
704	256	640	674	288	604
768	256	640	733	290	605
832	256	640	797	292	605
896	256	640	855	293	605
960	256	640	915	296	604
1023	256	640	975	298	604
0	320	640	108	336	608
64	320	640	120	336	608
128	320	640	159	337	608
192	320	640	209	337	608
256	320	640	264	338	607
320	320	640	323	340	606
384	320	640	384	340	606
448	320	640	443	341	605
512	320	640	500	342	605
576	320	640	558	343	605
640	320	640	618	344	604
704	320	640	675	346	604
768	320	640	733	347	604
832	320	640	797	348	604
896	320	640	855	350	604
960	320	640	915	352	604
1023	320	640	975	354	604
0	384	640	120	397	610
64	384	640	132	397	610
128	384	640	167	397	610
192	384	640	215	398	609
256	384	640	268	399	607
320	384	640	326	400	606
384	384	640	387	401	606
448	384	640	444	401	606
512	384	640	501	402	605
576	384	640	559	403	605
640	384	640	620	404	605
704	384	640	676	405	605
768	384	640	733	406	604
832	384	640	797	407	604
896	384	640	855	408	604
960	384	640	915	410	604
1023	384	640	974	412	604
0	448	640	133	455	611
64	448	640	143	455	610
128	448	640	176	456	610
192	448	640	221	457	609
256	448	640	273	458	608
320	448	640	330	459	607
384	448	640	390	459	606
448	448	640	447	459	606
512	448	640	503	460	606
576	448	640	561	461	605
640	448	640	620	461	604
704	448	640	676	462	605
768	448	640	734	464	605
832	448	640	797	464	604
896	448	640	856	465	604
960	448	640	916	467	604
1023	448	640	975	469	605
0	512	640	148	515	611
64	512	640	157	515	611
128	512	640	186	515	611
192	512	640	229	516	610
256	512	640	279	517	609
320	512	640	335	517	608
384	512	640	394	518	607
448	512	640	450	518	607
512	512	640	506	519	607
576	512	640	564	519	606
640	512	640	622	519	605
704	512	640	678	520	606
768	512	640	736	522	605
832	512	640	799	523	605
896	512	640	858	524	605
960	512	640	917	525	605
1023	512	640	976	527	606
0	576	640	161	576	612
64	576	640	169	576	612
128	576	640	197	577	612
192	576	640	237	577	611
256	576	640	285	578	609
320	576	640	340	579	609
384	576	640	399	579	608
448	576	640	454	580	608
512	576	640	509	580	607
576	576	640	567	580	607
640	576	640	625	581	607
704	576	640	681	582	607
768	576	640	738	583	607
832	576	640	802	584	607
896	576	640	860	584	607
960	576	640	919	585	606
1023	576	640	978	587	607
0	640	640	175	636	613
64	640	640	184	636	613
128	640	640	208	636	612
192	640	640	246	637	611
256	640	640	293	638	610
320	640	640	346	638	609
384	640	640	404	639	609
448	640	640	458	639	609
512	640	640	513	639	609
576	640	640	570	640	608
640	640	640	628	641	608
704	640	640	684	641	608
768	640	640	741	643	608
832	640	640	804	643	608
896	640	640	862	644	607
960	640	640	922	645	608
1023	640	640	980	646	608
0	704	640	191	695	614
64	704	640	198	695	614
128	704	640	221	696	613
192	704	640	256	696	612
256	704	640	301	697	611
320	704	640	354	698	610
384	704	640	409	698	610
448	704	640	462	698	610
512	704	640	516	699	609
576	704	640	574	699	609
640	704	640	631	700	609
704	704	640	686	700	609
768	704	640	743	701	609
832	704	640	806	702	609
896	704	640	865	704	609
960	704	640	925	705	608
1023	704	640	980	704	608
0	768	640	206	757	615
64	768	640	212	757	614
128	768	640	234	757	614
192	768	640	267	758	613
256	768	640	311	759	612
320	768	640	362	759	611
384	768	640	415	759	611
448	768	640	468	760	611
512	768	640	522	761	611
576	768	640	579	761	611
640	768	640	635	762	610
704	768	640	690	763	610
768	768	640	748	764	611
832	768	640	809	764	610
896	768	640	867	765	610
960	768	640	925	764	609
1023	768	640	983	766	610
0	832	640	221	819	616
64	832	640	227	819	615
128	832	640	247	819	615
192	832	640	279	820	614
256	832	640	321	821	613
320	832	640	370	821	613
384	832	640	421	821	613
448	832	640	473	822	612
512	832	640	527	823	612
576	832	640	584	823	612
640	832	640	639	824	612
704	832	640	693	824	612
768	832	640	750	824	611
832	832	640	811	825	611
896	832	640	869	826	611
960	832	640	928	826	611
1023	832	640	985	828	611
0	896	640	237	880	618
64	896	640	242	880	617
128	896	640	261	881	617
192	896	640	291	882	616
256	896	640	332	882	615
320	896	640	380	882	615
384	896	640	429	882	615
448	896	640	480	883	614
512	896	640	533	883	614
576	896	640	589	884	614
640	896	640	643	884	613
704	896	640	698	885	613
768	896	640	754	884	612
832	896	640	814	885	612
896	896	640	873	886	613
960	896	640	932	887	613
1023	896	640	988	888	613
0	960	640	252	940	619
64	960	640	258	940	619
128	960	640	274	940	618
192	960	640	304	941	617
256	960	640	343	941	617
320	960	640	389	941	617
384	960	640	438	942	617
448	960	640	487	942	616
512	960	640	539	943	616
576	960	640	594	942	615
640	960	640	647	943	615
704	960	640	702	943	615
768	960	640	759	944	615
832	960	640	819	945	615
896	960	640	876	945	614
960	960	640	935	947	615
1023	960	640	992	948	615
0	1023	640	268	999	620
64	1023	640	272	999	620
128	1023	640	289	1000	620
192	1023	640	317	1000	619
256	1023	640	355	999	619
320	1023	640	399	999	618
384	1023	640	445	1000	618
448	1023	640	494	1001	618
512	1023	640	545	1001	618
576	1023	640	600	1001	617
640	1023	640	653	1002	617
704	1023	640	707	1002	617
768	1023	640	765	1003	617
832	1023	640	823	1003	617
896	1023	640	880	1004	617
960	1023	640	939	1005	617
1023	1023	640	996	1007	617
0	0	704	82	137	668
64	0	704	101	137	668
128	0	704	145	137	668
192	0	704	199	138	667
256	0	704	257	138	665
320	0	704	318	141	663
384	0	704	380	143	663
448	0	704	440	144	663
512	0	704	498	147	663
576	0	704	557	150	662
640	0	704	618	152	662
704	0	704	675	157	663
768	0	704	734	159	662
832	0	704	798	163	661
896	0	704	856	166	661
960	0	704	917	171	661
1023	0	704	977	175	661
0	64	704	82	148	668
64	64	704	103	148	668
128	64	704	145	148	668
192	64	704	199	148	667
256	64	704	257	150	665
320	64	704	317	151	663
384	64	704	380	153	663
448	64	704	440	155	663
512	64	704	498	158	663
576	64	704	557	160	662
640	64	704	618	163	662
704	64	704	675	166	663
768	64	704	734	168	662
832	64	704	798	172	661
896	64	704	856	176	661
960	64	704	917	180	661
1023	64	704	977	184	661
0	128	704	87	180	669
64	128	704	103	180	668
128	128	704	148	181	668
192	128	704	201	182	667
256	128	704	258	182	665
320	128	704	318	184	663
384	128	704	381	187	663
448	128	704	440	188	663
512	128	704	499	190	663
576	128	704	557	192	662
640	128	704	618	193	662
704	128	704	675	197	663
768	128	704	734	199	662
832	128	704	798	202	661
896	128	704	856	204	661
960	128	704	917	208	661
1023	128	704	976	212	661
0	192	704	93	228	669
64	192	704	108	228	669
128	192	704	150	229	668
192	192	704	202	229	667
256	192	704	259	230	665
320	192	704	319	232	664
384	192	704	382	233	664
448	192	704	441	234	663
512	192	704	499	236	663
576	192	704	557	237	663
640	192	704	618	239	663
704	192	704	675	241	663
768	192	704	733	243	663
832	192	704	797	245	661
896	192	704	856	247	661
960	192	704	916	250	661
1023	192	704	976	253	662
0	256	704	103	282	670
64	256	704	116	282	669
128	256	704	155	282	669
192	256	704	206	283	668
256	256	704	262	284	666
320	256	704	321	285	664
384	256	704	383	286	664
448	256	704	442	288	664
512	256	704	500	289	663
576	256	704	558	290	663
640	256	704	619	292	663
704	256	704	676	294	663
768	256	704	733	296	663
832	256	704	796	297	662
896	256	704	855	299	661
960	256	704	916	301	661
1023	256	704	975	304	662
0	320	704	113	340	668
64	320	704	125	340	668
128	320	704	161	341	668
192	320	704	210	342	667
256	320	704	265	343	666
320	320	704	324	344	664
384	320	704	385	345	664
448	320	704	443	345	664
512	320	704	501	346	663
576	320	704	559	347	663
640	320	704	619	348	663
704	320	704	676	350	662
768	320	704	733	351	662
832	320	704	796	352	661
896	320	704	855	354	661
960	320	704	916	356	661
1023	320	704	975	358	662
0	384	704	125	401	670
64	384	704	136	401	669
128	384	704	169	401	669
192	384	704	216	402	668
256	384	704	270	403	667
320	384	704	327	404	665
384	384	704	388	405	664
448	384	704	445	406	664
512	384	704	502	406	664
576	384	704	561	407	663
640	384	704	621	408	662
704	384	704	675	409	662
768	384	704	733	409	662
832	384	704	797	411	662
896	384	704	856	412	662
960	384	704	916	413	662
1023	384	704	975	415	662
0	448	704	137	459	669
64	448	704	147	459	669
128	448	704	179	459	668
192	448	704	223	460	668
256	448	704	274	461	667
320	448	704	331	462	665
384	448	704	391	462	665
448	448	704	447	462	665
512	448	704	504	463	664
576	448	704	562	464	663
640	448	704	622	465	663
704	448	704	677	465	663
768	448	704	735	467	663
832	448	704	798	467	663
896	448	704	857	469	663
960	448	704	916	470	662
1023	448	704	976	471	663
0	512	704	150	518	670
64	512	704	159	518	670
128	512	704	188	518	669
192	512	704	230	519	668
256	512	704	280	520	667
320	512	704	336	520	666
384	512	704	395	521	666
448	512	704	451	521	665
512	512	704	507	521	664
576	512	704	564	522	664
640	512	704	623	523	664
704	512	704	679	524	664
768	512	704	737	525	664
832	512	704	801	526	664
896	512	704	859	527	664
960	512	704	918	528	664
1023	512	704	977	529	664
0	576	704	164	579	671
64	576	704	172	579	671
128	576	704	198	579	670
192	576	704	238	580	669
256	576	704	286	581	668
320	576	704	342	581	666
384	576	704	399	581	665
448	576	704	454	582	665
512	576	704	510	582	665
576	576	704	567	583	665
640	576	704	626	584	665
704	576	704	681	584	664
768	576	704	739	586	665
832	576	704	802	586	664
896	576	704	861	588	665
960	576	704	920	588	664
1023	576	704	979	590	665
0	640	704	178	638	671
64	640	704	186	638	671
128	640	704	210	638	670
192	640	704	248	639	669
256	640	704	294	640	667
320	640	704	348	640	667
384	640	704	404	640	666
448	640	704	458	641	666
512	640	704	513	642	666
576	640	704	571	642	666
640	640	704	629	643	666
704	640	704	684	644	665
768	640	704	741	645	665
832	640	704	805	645	665
896	640	704	863	646	665
960	640	704	923	647	666
1023	640	704	981	649	666
0	704	704	194	698	672
64	704	704	201	698	672
128	704	704	223	698	672
192	704	704	258	699	671
256	704	704	303	700	668
320	704	704	355	700	668
384	704	704	410	700	668
448	704	704	463	701	667
512	704	704	518	701	667
576	704	704	575	701	667
640	704	704	632	702	667
704	704	704	687	703	667
768	704	704	744	704	667
832	704	704	807	705	667
896	704	704	865	705	667
960	704	704	925	707	666
1023	704	704	981	706	666
0	768	704	208	759	672
64	768	704	215	759	672
128	768	704	236	759	672
192	768	704	268	760	671
256	768	704	312	761	669
320	768	704	363	761	669
384	768	704	416	762	669
448	768	704	469	762	669
512	768	704	523	763	668
576	768	704	580	763	668
640	768	704	635	764	668
704	768	704	691	765	668
768	768	704	748	766	668
832	768	704	809	766	667
896	768	704	867	767	667
960	768	704	926	767	667
1023	768	704	983	768	667
0	832	704	223	822	673
64	832	704	229	822	673
128	832	704	248	822	672
192	832	704	280	823	672
256	832	704	322	824	671
320	832	704	372	824	671
384	832	704	423	824	671
448	832	704	475	825	671
512	832	704	529	826	670
576	832	704	585	826	670
640	832	704	640	826	669
704	832	704	694	827	669
768	832	704	751	826	669
832	832	704	812	827	668
896	832	704	870	827	669
960	832	704	929	829	669
1023	832	704	986	830	669
0	896	704	238	882	675
64	896	704	243	882	675
128	896	704	262	883	675
192	896	704	292	884	673
256	896	704	333	884	673
320	896	704	381	884	673
384	896	704	431	885	672
448	896	704	481	885	672
512	896	704	534	886	672
576	896	704	590	886	672
640	896	704	643	886	671
704	896	704	698	887	671
768	896	704	756	887	671
832	896	704	816	888	670
896	896	704	873	888	670
960	896	704	933	890	670
1023	896	704	989	890	670
0	960	704	254	943	677
64	960	704	259	943	677
128	960	704	276	943	676
192	960	704	305	944	675
256	960	704	345	944	675
320	960	704	390	944	675
384	960	704	438	944	674
448	960	704	488	945	674
512	960	704	539	944	673
576	960	704	595	944	672
640	960	704	648	945	672
704	960	704	703	946	672
768	960	704	761	946	672
832	960	704	820	947	672
896	960	704	878	948	672
960	960	704	937	949	672
1023	960	704	993	950	672
0	1023	704	269	1001	678
64	1023	704	274	1001	678
128	1023	704	289	1001	677
192	1023	704	318	1001	676
256	1023	704	356	1002	676
320	1023	704	401	1002	676
384	1023	704	446	1002	675
448	1023	704	495	1002	675
512	1023	704	546	1003	675
576	1023	704	602	1004	675
640	1023	704	654	1004	674
704	1023	704	708	1005	675
768	1023	704	766	1006	675
832	1023	704	824	1006	675
896	1023	704	882	1007	675
960	1023	704	941	1008	674
1023	1023	704	996	1009	675
0	0	768	89	148	728
64	0	768	106	148	728
128	0	768	148	150	728
192	0	768	202	150	727
256	0	768	259	152	726
320	0	768	319	152	725
384	0	768	382	155	724
448	0	768	441	157	724
512	0	768	500	160	723
576	0	768	558	162	723
640	0	768	619	165	723
704	0	768	676	167	723
768	0	768	735	170	722
832	0	768	800	173	722
896	0	768	858	178	722
960	0	768	918	182	721
1023	0	768	978	186	721
0	64	768	91	159	728
64	64	768	108	159	728
128	64	768	149	159	728
192	64	768	202	160	727
256	64	768	259	161	726
320	64	768	319	163	725
384	64	768	382	165	724
448	64	768	442	166	724
512	64	768	500	168	723
576	64	768	559	171	723
640	64	768	619	174	723
704	64	768	676	177	723
768	64	768	735	179	722
832	64	768	800	183	722
896	64	768	858	186	722
960	64	768	918	189	721
1023	64	768	978	193	721
0	128	768	93	190	729
64	128	768	111	190	729
128	128	768	150	191	728
192	128	768	204	191	728
256	128	768	260	193	727
320	128	768	320	194	725
384	128	768	382	195	724
448	128	768	442	198	724
512	128	768	500	199	723
576	128	768	559	201	723
640	128	768	620	203	723
704	128	768	677	205	723
768	128	768	735	208	722
832	128	768	799	210	722
896	128	768	858	213	722
960	128	768	918	216	721
1023	128	768	978	219	721
0	192	768	99	236	729
64	192	768	114	236	729
128	192	768	155	236	729
192	192	768	206	237	728
256	192	768	262	238	727
320	192	768	321	239	725
384	192	768	383	240	725
448	192	768	443	242	724
512	192	768	500	243	724
576	192	768	559	245	723
640	192	768	620	247	723
704	192	768	677	248	723
768	192	768	734	250	723
832	192	768	799	252	722
896	192	768	858	255	722
960	192	768	918	257	722
1023	192	768	977	260	721
0	256	768	108	288	730
64	256	768	120	288	730
128	256	768	159	288	730
192	256	768	209	289	729
256	256	768	263	290	728
320	256	768	323	292	725
384	256	768	385	292	725
448	256	768	443	294	724
512	256	768	501	295	724
576	256	768	560	297	724
640	256	768	621	298	723
704	256	768	677	300	722
768	256	768	734	301	721
832	256	768	798	303	721
896	256	768	857	305	721
960	256	768	917	307	721
1023	256	768	976	309	721
0	320	768	117	346	728
64	320	768	129	346	728
128	320	768	165	346	727
192	320	768	213	347	727
256	320	768	266	348	726
320	320	768	325	348	724
384	320	768	386	349	724
448	320	768	445	350	723
512	320	768	502	351	723
576	320	768	561	353	723
640	320	768	621	354	722
704	320	768	677	355	722
768	320	768	734	356	722
832	320	768	799	357	721
896	320	768	857	359	721
960	320	768	917	361	721
1023	320	768	977	363	722
0	384	768	128	405	727
64	384	768	138	405	727
128	384	768	173	406	726
192	384	768	218	406	726
256	384	768	271	407	725
320	384	768	328	408	724
384	384	768	389	409	724
448	384	768	447	409	723
512	384	768	504	410	722
576	384	768	562	411	722
640	384	768	622	412	722
704	384	768	678	413	722
768	384	768	735	414	722
832	384	768	799	415	722
896	384	768	858	416	722
960	384	768	918	418	722
1023	384	768	977	419	722
0	448	768	141	463	729
64	448	768	150	463	729
128	448	768	181	463	729
192	448	768	225	464	728
256	448	768	275	465	727
320	448	768	332	465	724
384	448	768	392	466	724
448	448	768	449	467	724
512	448	768	505	467	723
576	448	768	563	467	723
640	448	768	623	468	722
704	448	768	679	469	722
768	448	768	737	471	723
832	448	768	800	471	722
896	448	768	859	473	722
960	448	768	919	474	722
1023	448	768	977	475	722
0	512	768	153	521	729
64	512	768	162	521	729
128	512	768	191	522	729
192	512	768	232	522	728
256	512	768	281	523	727
320	512	768	337	524	725
384	512	768	396	524	724
448	512	768	452	524	724
512	512	768	508	525	723
576	512	768	566	525	723
640	512	768	625	526	723
704	512	768	681	527	723
768	512	768	739	529	723
832	512	768	802	529	723
896	512	768	860	530	722
960	512	768	920	531	723
1023	512	768	978	533	723
0	576	768	167	582	729
64	576	768	175	582	729
128	576	768	201	582	729
192	576	768	240	583	728
256	576	768	288	584	727
320	576	768	343	584	725
384	576	768	400	584	725
448	576	768	455	585	724
512	576	768	511	585	724
576	576	768	569	586	724
640	576	768	627	587	723
704	576	768	683	588	723
768	576	768	740	589	723
832	576	768	804	590	723
896	576	768	862	591	723
960	576	768	922	592	723
1023	576	768	980	593	724
0	640	768	182	641	730
64	640	768	189	641	730
128	640	768	212	641	730
192	640	768	250	642	729
256	640	768	295	643	726
320	640	768	349	643	726
384	640	768	406	643	725
448	640	768	460	644	725
512	640	768	514	644	725
576	640	768	572	645	725
640	640	768	630	646	724
704	640	768	686	646	725
768	640	768	742	647	724
832	640	768	806	648	724
896	640	768	865	649	724
960	640	768	924	650	724
1023	640	768	982	652	724
0	704	768	196	700	729
64	704	768	202	700	729
128	704	768	225	701	728
192	704	768	259	702	728
256	704	768	304	702	727
320	704	768	357	703	727
384	704	768	411	703	726
448	704	768	465	704	726
512	704	768	519	704	726
576	704	768	576	704	726
640	704	768	633	706	726
704	704	768	689	707	726
768	704	768	746	707	726
832	704	768	808	707	725
896	704	768	867	709	725
960	704	768	926	709	725
1023	704	768	983	710	725
0	768	768	210	762	731
64	768	768	216	762	731
128	768	768	237	763	731
192	768	768	270	763	730
256	768	768	314	764	728
320	768	768	364	765	728
384	768	768	417	765	728
448	768	768	470	766	728
512	768	768	524	767	728
576	768	768	581	767	727
640	768	768	637	767	727
704	768	768	693	768	727
768	768	768	749	768	727
832	768	768	811	769	726
896	768	768	869	770	726
960	768	768	928	771	726
1023	768	768	985	772	726
0	832	768	225	825	731
64	832	768	231	825	731
128	832	768	250	825	731
192	832	768	282	826	730
256	832	768	324	826	730
320	832	768	373	827	730
384	832	768	425	827	729
448	832	768	476	828	729
512	832	768	530	829	729
576	832	768	586	829	728
640	832	768	641	829	728
704	832	768	695	829	727
768	832	768	753	829	727
832	832	768	814	830	727
896	832	768	871	831	727
960	832	768	931	832	728
1023	832	768	988	833	727
0	896	768	241	885	735
64	896	768	246	885	735
128	896	768	263	885	734
192	896	768	293	886	731
256	896	768	334	887	731
320	896	768	382	887	731
384	896	768	432	888	731
448	896	768	483	888	730
512	896	768	535	888	730
576	896	768	591	888	730
640	896	768	645	889	729
704	896	768	699	889	729
768	896	768	757	890	729
832	896	768	817	891	729
896	896	768	875	891	728
960	896	768	935	892	729
1023	896	768	991	893	729
0	960	768	256	945	736
64	960	768	261	945	736
128	960	768	277	946	736
192	960	768	307	946	733
256	960	768	346	946	733
320	960	768	392	946	732
384	960	768	439	946	732
448	960	768	489	946	731
512	960	768	540	947	731
576	960	768	597	948	731
640	960	768	650	948	731
704	960	768	705	949	731
768	960	768	763	950	731
832	960	768	821	950	731
896	960	768	879	951	730
960	960	768	938	952	731
1023	960	768	995	953	731
0	1023	768	270	1003	737
64	1023	768	275	1003	737
128	1023	768	290	1003	736
192	1023	768	319	1004	734
256	1023	768	357	1004	734
320	1023	768	401	1005	734
384	1023	768	447	1005	733
448	1023	768	496	1005	733
512	1023	768	548	1006	733
576	1023	768	603	1007	733
640	1023	768	655	1007	733
704	1023	768	709	1008	733
768	1023	768	768	1008	733
832	1023	768	825	1009	732
896	1023	768	883	1009	733
960	1023	768	942	1011	733
1023	1023	768	998	1012	733
0	0	832	97	162	792
64	0	832	113	162	792
128	0	832	152	163	792
192	0	832	205	163	792
256	0	832	261	164	792
320	0	832	321	165	790
384	0	832	383	167	790
448	0	832	443	169	789
512	0	832	501	171	789
576	0	832	560	173	789
640	0	832	621	176	789
704	0	832	677	179	788
768	0	832	735	182	787
832	0	832	800	185	787
896	0	832	859	189	786
960	0	832	919	192	786
1023	0	832	979	196	786
0	64	832	97	171	792
64	64	832	113	171	792
128	64	832	152	171	792
192	64	832	206	172	792
256	64	832	261	173	792
320	64	832	320	175	790
384	64	832	383	176	790
448	64	832	443	178	789
512	64	832	501	180	789
576	64	832	560	182	789
640	64	832	621	185	789
704	64	832	677	187	788
768	64	832	735	191	787
832	64	832	800	193	787
896	64	832	859	196	786
960	64	832	919	199	786
1023	64	832	979	203	786
0	128	832	101	200	793
64	128	832	116	201	793
128	128	832	155	201	793
192	128	832	206	202	793
256	128	832	262	202	793
320	128	832	321	204	790
384	128	832	383	205	790
448	128	832	443	206	790
512	128	832	501	209	789
576	128	832	560	210	789
640	128	832	621	212	789
704	128	832	677	214	788
768	128	832	735	217	787
832	128	832	800	219	787
896	128	832	859	222	786
960	128	832	919	225	786
1023	128	832	979	228	786
0	192	832	106	243	794
64	192	832	119	243	794
128	192	832	159	244	794
192	192	832	208	245	794
256	192	832	263	246	794
320	192	832	322	247	790
384	192	832	384	248	790
448	192	832	443	249	790
512	192	832	502	251	790
576	192	832	561	252	789
640	192	832	621	254	789
704	192	832	677	255	788
768	192	832	735	258	788
832	192	832	799	260	787
896	192	832	858	262	787
960	192	832	919	265	787
1023	192	832	978	267	787
0	256	832	113	295	796
64	256	832	128	295	796
128	256	832	162	296	794
192	256	832	212	296	794
256	256	832	265	297	789
320	256	832	324	298	787
384	256	832	385	299	787
448	256	832	444	300	787
512	256	832	502	301	787
576	256	832	561	303	787
640	256	832	621	304	785
704	256	832	677	306	785
768	256	832	735	307	785
832	256	832	799	309	785
896	256	832	858	310	785
960	256	832	918	313	785
1023	256	832	978	315	785
0	320	832	122	351	792
64	320	832	134	351	792
128	320	832	168	352	792
192	320	832	215	352	792
256	320	832	268	353	792
320	320	832	327	354	788
384	320	832	388	355	788
448	320	832	446	356	787
512	320	832	503	357	787
576	320	832	561	357	787
640	320	832	621	359	786
704	320	832	677	359	785
768	320	832	735	361	785
832	320	832	800	363	785
896	320	832	858	365	785
960	320	832	918	366	785
1023	320	832	978	368	785
0	384	832	133	410	789
64	384	832	144	410	789
128	384	832	176	410	789
192	384	832	221	411	789
256	384	832	272	412	789
320	384	832	330	413	788
384	384	832	390	413	788
448	384	832	448	414	787
512	384	832	504	414	785
576	384	832	562	414	785
640	384	832	622	415	785
704	384	832	678	417	785
768	384	832	736	418	785
832	384	832	801	419	785
896	384	832	859	420	785
960	384	832	919	422	785
1023	384	832	978	424	786
0	448	832	144	467	794
64	448	832	153	467	794
128	448	832	184	467	794
192	448	832	227	468	794
256	448	832	277	468	794
320	448	832	334	469	789
384	448	832	393	469	789
448	448	832	450	470	788
512	448	832	506	470	787
576	448	832	565	471	786
640	448	832	624	472	785
704	448	832	680	474	785
768	448	832	738	474	786
832	448	832	802	475	786
896	448	832	861	477	786
960	448	832	920	478	786
1023	448	832	979	479	786
0	512	832	157	525	793
64	512	832	165	525	793
128	512	832	193	525	793
192	512	832	234	526	793
256	512	832	282	526	793
320	512	832	338	527	788
384	512	832	397	528	788
448	512	832	453	528	788
512	512	832	509	529	787
576	512	832	567	529	787
640	512	832	626	530	787
704	512	832	682	531	787
768	512	832	740	532	787
832	512	832	804	533	787
896	512	832	862	534	787
960	512	832	922	536	787
1023	512	832	980	537	787
0	576	832	171	585	793
64	576	832	179	585	793
128	576	832	204	586	793
192	576	832	242	586	793
256	576	832	289	587	792
320	576	832	344	588	789
384	576	832	402	588	789
448	576	832	457	589	788
512	576	832	513	590	788
576	576	832	571	590	788
640	576	832	629	591	788
704	576	832	685	592	788
768	576	832	742	593	788
832	576	832	806	593	788
896	576	832	864	595	787
960	576	832	924	596	788
1023	576	832	982	597	787
0	640	832	184	645	794
64	640	832	191	645	794
128	640	832	215	645	794
192	640	832	252	646	794
256	640	832	297	647	790
320	640	832	351	647	790
384	640	832	407	648	790
448	640	832	461	648	790
512	640	832	517	648	790
576	640	832	575	649	789
640	640	832	633	650	789
704	640	832	688	651	789
768	640	832	745	652	788
832	640	832	808	652	789
896	640	832	867	653	789
960	640	832	926	654	789
1023	640	832	983	655	789
0	704	832	198	704	792
64	704	832	205	704	792
128	704	832	226	704	792
192	704	832	261	705	792
256	704	832	306	706	792
320	704	832	359	707	792
384	704	832	413	708	791
448	704	832	467	708	791
512	704	832	521	708	791
576	704	832	578	708	790
640	704	832	635	709	790
704	704	832	691	710	790
768	704	832	747	710	790
832	704	832	811	711	790
896	704	832	868	712	789
960	704	832	927	712	789
1023	704	832	985	713	789
0	768	832	213	766	796
64	768	832	219	766	796
128	768	832	239	767	795
192	768	832	271	767	794
256	768	832	315	768	793
320	768	832	366	768	793
384	768	832	419	768	792
448	768	832	471	769	792
512	768	832	526	770	792
576	768	832	583	771	792
640	768	832	639	771	792
704	768	832	694	772	792
768	768	832	751	772	790
832	768	832	812	772	790
896	768	832	871	774	790
960	768	832	930	774	791
1023	768	832	987	776	791
0	832	832	228	828	797
64	832	832	233	828	797
128	832	832	252	829	796
192	832	832	283	829	795
256	832	832	325	830	795
320	832	832	375	830	794
384	832	832	426	831	794
448	832	832	477	831	794
512	832	832	531	832	794
576	832	832	587	832	793
640	832	832	642	831	792
704	832	832	697	832	792
768	832	832	755	833	792
832	832	832	815	834	792
896	832	832	874	834	791
960	832	832	933	836	791
1023	832	832	990	837	792
0	896	832	242	889	798
64	896	832	248	889	798
128	896	832	265	890	797
192	896	832	295	890	796
256	896	832	336	890	796
320	896	832	384	891	795
384	896	832	433	891	795
448	896	832	484	892	795
512	896	832	536	891	794
576	896	832	592	891	793
640	896	832	646	892	793
704	896	832	702	893	794
768	896	832	759	893	793
832	896	832	820	895	793
896	896	832	877	895	793
960	896	832	937	896	793
1023	896	832	993	897	793
0	960	832	257	948	798
64	960	832	262	948	798
128	960	832	279	948	797
192	960	832	308	948	796
256	960	832	347	949	796
320	960	832	393	949	796
384	960	832	441	949	796
448	960	832	490	949	795
512	960	832	542	950	795
576	960	832	598	950	795
640	960	832	651	951	795
704	960	832	706	952	795
768	960	832	764	953	794
832	960	832	822	953	794
896	960	832	880	954	794
960	960	832	940	955	795
1023	960	832	996	956	794
0	1023	832	271	1006	799
64	1023	832	276	1006	799
128	1023	832	292	1006	798
192	1023	832	320	1007	798
256	1023	832	359	1007	798
320	1023	832	403	1007	797
384	1023	832	449	1008	797
448	1023	832	498	1008	797
512	1023	832	549	1009	797
576	1023	832	604	1010	797
640	1023	832	657	1010	797
704	1023	832	711	1011	796
768	1023	832	769	1011	796
832	1023	832	827	1012	796
896	1023	832	885	1013	796
960	1023	832	944	1014	796
1023	1023	832	998	1013	795
0	0	896	104	174	853
64	0	896	119	174	852
128	0	896	157	176	852
192	0	896	207	176	851
256	0	896	263	177	850
320	0	896	322	179	848
384	0	896	385	180	848
448	0	896	444	182	847
512	0	896	502	184	846
576	0	896	561	186	846
640	0	896	621	188	845
704	0	896	678	191	845
768	0	896	737	194	844
832	0	896	801	197	844
896	0	896	861	199	844
960	0	896	921	203	844
1023	0	896	981	207	844
0	64	896	104	184	853
64	64	896	119	184	853
128	64	896	157	185	852
192	64	896	208	185	851
256	64	896	263	187	850
320	64	896	322	188	848
384	64	896	385	189	848
448	64	896	444	190	847
512	64	896	502	192	847
576	64	896	561	194	846
640	64	896	621	196	845
704	64	896	678	198	845
768	64	896	737	202	844
832	64	896	801	204	844
896	64	896	860	207	844
960	64	896	921	211	844
1023	64	896	980	214	844
0	128	896	108	211	853
64	128	896	122	211	853
128	128	896	159	212	852
192	128	896	209	212	852
256	128	896	263	213	851
320	128	896	323	215	848
384	128	896	385	216	848
448	128	896	444	217	847
512	128	896	502	218	847
576	128	896	561	220	846
640	128	896	621	222	845
704	128	896	678	224	845
768	128	896	737	228	845
832	128	896	801	229	844
896	128	896	860	232	844
960	128	896	920	235	844
1023	128	896	980	238	844
0	192	896	113	252	853
64	192	896	125	252	853
128	192	896	162	253	853
192	192	896	210	253	852
256	192	896	265	255	851
320	192	896	324	256	849
384	192	896	386	257	848
448	192	896	445	258	848
512	192	896	503	259	847
576	192	896	561	261	846
640	192	896	621	262	845
704	192	896	678	264	845
768	192	896	736	266	845
832	192	896	801	267	844
896	192	896	860	270	844
960	192	896	920	272	844
1023	192	896	980	275	844
0	256	896	119	302	850
64	256	896	133	302	850
128	256	896	166	303	850
192	256	896	214	303	849
256	256	896	266	305	848
320	256	896	326	306	846
384	256	896	388	306	846
448	256	896	446	307	845
512	256	896	503	308	844
576	256	896	562	309	844
640	256	896	622	310	843
704	256	896	678	312	843
768	256	896	736	315	843
832	256	896	801	316	843
896	256	896	859	317	843
960	256	896	920	320	843
1023	256	896	979	322	843
0	320	896	128	357	852
64	320	896	141	357	852
128	320	896	171	358	851
192	320	896	218	358	850
256	320	896	270	359	849
320	320	896	328	360	847
384	320	896	389	361	846
448	320	896	447	361	845
512	320	896	504	362	845
576	320	896	562	363	844
640	320	896	623	364	844
704	320	896	679	366	844
768	320	896	737	367	843
832	320	896	801	369	843
896	320	896	860	370	843
960	320	896	920	373	843
1023	320	896	979	374	843
0	384	896	138	415	849
64	384	896	148	415	849
128	384	896	179	415	849
192	384	896	223	415	848
256	384	896	273	416	847
320	384	896	331	417	845
384	384	896	391	417	845
448	384	896	448	418	845
512	384	896	505	419	844
576	384	896	564	420	844
640	384	896	624	421	844
704	384	896	680	422	844
768	384	896	738	423	844
832	384	896	802	424	843
896	384	896	861	426	843
960	384	896	921	427	844
1023	384	896	980	429	844
0	448	896	149	471	852
64	448	896	158	471	852
128	448	896	188	471	852
192	448	896	229	472	851
256	448	896	278	473	850
320	448	896	335	473	846
384	448	896	394	474	846
448	448	896	451	475	845
512	448	896	508	475	845
576	448	896	566	476	844
640	448	896	626	477	844
704	448	896	682	478	844
768	448	896	740	479	844
832	448	896	804	480	844
896	448	896	862	481	844
960	448	896	922	482	844
1023	448	896	980	484	844
0	512	896	161	528	851
64	512	896	169	528	851
128	512	896	196	529	851
192	512	896	236	530	850
256	512	896	284	531	849
320	512	896	340	531	846
384	512	896	399	532	846
448	512	896	455	533	845
512	512	896	511	533	845
576	512	896	569	534	845
640	512	896	628	535	845
704	512	896	684	536	845
768	512	896	742	537	845
832	512	896	805	537	844
896	512	896	864	538	845
960	512	896	924	540	845
1023	512	896	982	541	845
0	576	896	174	589	852
64	576	896	182	589	851
128	576	896	207	590	851
192	576	896	245	590	850
256	576	896	290	592	847
320	576	896	346	592	847
384	576	896	404	592	847
448	576	896	458	593	846
512	576	896	514	593	846
576	576	896	573	595	846
640	576	896	630	595	846
704	576	896	686	596	845
768	576	896	744	597	845
832	576	896	807	598	845
896	576	896	866	598	845
960	576	896	925	600	845
1023	576	896	982	600	845
0	640	896	188	648	853
64	640	896	194	648	853
128	640	896	218	649	852
192	640	896	254	649	852
256	640	896	299	650	848
320	640	896	352	651	848
384	640	896	408	651	847
448	640	896	463	652	847
512	640	896	518	652	847
576	640	896	576	653	847
640	640	896	633	653	847
704	640	896	689	655	846
768	640	896	746	655	846
832	640	896	810	656	846
896	640	896	867	656	846
960	640	896	926	657	846
1023	640	896	984	658	845
0	704	896	201	707	851
64	704	896	207	707	851
128	704	896	229	708	850
192	704	896	263	708	850
256	704	896	308	709	849
320	704	896	359	710	848
384	704	896	414	710	848
448	704	896	467	710	848
512	704	896	522	711	848
576	704	896	580	712	847
640	704	896	636	712	847
704	704	896	691	712	846
768	704	896	749	713	846
832	704	896	811	714	846
896	704	896	869	714	846
960	704	896	929	716	846
1023	704	896	987	717	847
0	768	896	215	769	853
64	768	896	221	769	853
128	768	896	241	770	853
192	768	896	273	771	852
256	768	896	317	771	850
320	768	896	367	771	850
384	768	896	420	772	849
448	768	896	473	773	849
512	768	896	527	773	849
576	768	896	584	773	848
640	768	896	639	773	847
704	768	896	694	774	847
768	768	896	752	775	847
832	768	896	814	776	847
896	768	896	872	777	847
960	768	896	932	778	847
1023	768	896	989	779	848
0	832	896	230	832	853
64	832	896	235	832	853
128	832	896	254	832	853
192	832	896	284	833	852
256	832	896	327	833	851
320	832	896	376	833	850
384	832	896	427	833	850
448	832	896	478	834	850
512	832	896	532	834	850
576	832	896	589	835	850
640	832	896	644	835	849
704	832	896	699	836	849
768	832	896	756	836	849
832	832	896	817	837	849
896	832	896	876	838	849
960	832	896	935	839	849
1023	832	896	992	840	849
0	896	896	244	892	856
64	896	896	250	892	856
128	896	896	266	892	856
192	896	896	296	893	853
256	896	896	337	893	852
320	896	896	385	893	852
384	896	896	434	893	851
448	896	896	485	893	851
512	896	896	537	894	851
576	896	896	594	894	851
640	896	896	648	895	851
704	896	896	703	896	851
768	896	896	761	896	850
832	896	896	820	897	850
896	896	896	878	898	850
960	896	896	938	899	850
1023	896	896	994	900	851
0	960	896	258	950	857
64	960	896	263	950	857
128	960	896	279	951	856
192	960	896	308	951	853
256	960	896	348	951	853
320	960	896	394	952	853
384	960	896	442	952	853
448	960	896	491	953	852
512	960	896	543	953	852
576	960	896	599	954	852
640	960	896	652	954	852
704	960	896	707	955	852
768	960	896	765	955	851
832	960	896	824	956	851
896	960	896	882	957	852
960	960	896	942	958	852
1023	960	896	997	958	851
0	1023	896	273	1009	858
64	1023	896	277	1009	858
128	1023	896	293	1009	854
192	1023	896	322	1009	855
256	1023	896	360	1010	855
320	1023	896	405	1011	854
384	1023	896	450	1011	854
448	1023	896	499	1011	854
512	1023	896	550	1012	853
576	1023	896	606	1012	853
640	1023	896	658	1013	853
704	1023	896	712	1014	854
768	1023	896	771	1014	853
832	1023	896	828	1014	853
896	1023	896	885	1015	853
960	1023	896	944	1015	852
1023	1023	896	999	1016	852
0	0	960	111	188	913
64	0	960	125	188	913
128	0	960	161	189	912
192	0	960	209	189	911
256	0	960	264	190	909
320	0	960	323	191	907
384	0	960	385	193	907
448	0	960	444	194	907
512	0	960	502	196	907
576	0	960	562	198	906
640	0	960	622	200	906
704	0	960	679	202	905
768	0	960	738	206	905
832	0	960	803	209	905
896	0	960	861	211	905
960	0	960	922	215	904
1023	0	960	982	218	905
0	64	960	113	196	913
64	64	960	125	196	913
128	64	960	161	196	912
192	64	960	210	197	911
256	64	960	264	198	909
320	64	960	323	198	907
384	64	960	385	201	907
448	64	960	444	202	907
512	64	960	503	203	907
576	64	960	562	206	906
640	64	960	622	207	906
704	64	960	679	210	905
768	64	960	738	212	905
832	64	960	803	215	905
896	64	960	862	218	905
960	64	960	922	222	904
1023	64	960	982	225	905
0	128	960	114	221	913
64	128	960	128	221	913
128	128	960	162	221	913
192	128	960	212	222	911
256	128	960	265	223	909
320	128	960	323	224	908
384	128	960	386	225	907
448	128	960	445	227	907
512	128	960	503	229	907
576	128	960	562	230	906
640	128	960	622	232	906
704	128	960	679	234	905
768	128	960	737	236	905
832	128	960	803	239	905
896	128	960	861	242	905
960	128	960	922	245	904
1023	128	960	982	248	905
0	192	960	119	261	914
64	192	960	130	261	913
128	192	960	165	261	913
192	192	960	213	262	912
256	192	960	266	262	910
320	192	960	324	263	908
384	192	960	386	265	907
448	192	960	445	266	907
512	192	960	503	267	907
576	192	960	562	269	907
640	192	960	623	270	906
704	192	960	679	272	906
768	192	960	737	274	905
832	192	960	802	276	905
896	192	960	861	279	905
960	192	960	921	281	904
1023	192	960	981	284	905
0	256	960	125	309	912
64	256	960	137	309	912
128	256	960	169	309	911
192	256	960	215	310	910
256	256	960	268	311	908
320	256	960	326	312	907
384	256	960	388	313	906
448	256	960	446	314	906
512	256	960	504	315	906
576	256	960	563	317	905
640	256	960	623	317	904
704	256	960	679	319	904
768	256	960	737	321	904
832	256	960	802	323	904
896	256	960	861	325	904
960	256	960	921	327	904
1023	256	960	981	329	904
0	320	960	133	363	913
64	320	960	144	363	913
128	320	960	175	363	912
192	320	960	220	364	911
256	320	960	271	365	909
320	320	960	329	366	907
384	320	960	390	366	906
448	320	960	447	367	906
512	320	960	505	368	906
576	320	960	564	370	906
640	320	960	624	370	905
704	320	960	680	372	904
768	320	960	738	373	904
832	320	960	803	375	904
896	320	960	861	376	904
960	320	960	922	379	904
1023	320	960	981	380	904
0	384	960	143	419	912
64	384	960	152	419	912
128	384	960	182	419	911
192	384	960	225	420	910
256	384	960	275	421	908
320	384	960	332	422	907
384	384	960	393	422	907
448	384	960	450	423	906
512	384	960	507	424	906
576	384	960	566	425	905
640	384	960	625	426	905
704	384	960	681	427	905
768	384	960	739	428	905
832	384	960	804	429	905
896	384	960	862	431	904
960	384	960	922	432	904
1023	384	960	981	434	904
0	448	960	153	475	913
64	448	960	162	475	913
128	448	960	190	476	912
192	448	960	232	476	911
256	448	960	279	477	910
320	448	960	337	478	907
384	448	960	396	478	907
448	448	960	453	479	907
512	448	960	510	480	906
576	448	960	568	481	906
640	448	960	627	481	905
704	448	960	683	482	905
768	448	960	741	484	905
832	448	960	805	484	905
896	448	960	863	485	904
960	448	960	923	486	904
1023	448	960	981	488	904
0	512	960	165	533	913
64	512	960	173	533	913
128	512	960	199	533	912
192	512	960	238	535	911
256	512	960	285	535	910
320	512	960	341	536	908
384	512	960	400	536	907
448	512	960	456	537	907
512	512	960	512	538	906
576	512	960	570	538	906
640	512	960	629	539	906
704	512	960	686	540	906
768	512	960	743	541	906
832	512	960	807	542	906
896	512	960	865	543	905
960	512	960	925	543	905
1023	512	960	983	545	905
0	576	960	178	593	913
64	576	960	186	594	913
128	576	960	209	594	913
192	576	960	246	595	911
256	576	960	292	596	908
320	576	960	347	596	908
384	576	960	405	597	907
448	576	960	460	597	908
512	576	960	516	598	907
576	576	960	574	598	907
640	576	960	632	599	907
704	576	960	688	600	907
768	576	960	745	601	906
832	576	960	809	602	906
896	576	960	867	602	906
960	576	960	926	603	906
1023	576	960	984	604	906
0	640	960	191	652	914
64	640	960	198	652	914
128	640	960	221	653	913
192	640	960	255	653	912
256	640	960	300	654	909
320	640	960	354	654	909
384	640	960	410	655	908
448	640	960	464	655	908
512	640	960	520	656	908
576	640	960	578	657	908
640	640	960	635	657	907
704	640	960	691	658	907
768	640	960	747	658	906
832	640	960	810	658	906
896	640	960	868	659	906
960	640	960	928	660	906
1023	640	960	986	662	907
0	704	960	204	711	913
64	704	960	210	711	913
128	704	960	231	712	912
192	704	960	265	712	911
256	704	960	309	713	910
320	704	960	361	713	909
384	704	960	415	714	909
448	704	960	469	714	908
512	704	960	523	715	908
576	704	960	580	714	907
640	704	960	637	715	907
704	704	960	692	716	907
768	704	960	750	717	907
832	704	960	812	717	907
896	704	960	871	718	907
960	704	960	931	720	907
1023	704	960	988	720	907
0	768	960	217	773	914
64	768	960	223	773	914
128	768	960	243	774	913
192	768	960	274	774	912
256	768	960	317	775	910
320	768	960	368	775	910
384	768	960	421	775	909
448	768	960	473	775	909
512	768	960	527	776	909
576	768	960	584	776	908
640	768	960	640	777	909
704	768	960	696	778	909
768	768	960	754	779	908
832	768	960	815	779	908
896	768	960	874	780	908
960	768	960	934	781	908
1023	768	960	990	783	909
0	832	960	232	833	913
64	832	960	237	833	913
128	832	960	255	834	912
192	832	960	285	835	911
256	832	960	327	835	911
320	832	960	377	835	911
384	832	960	428	836	910
448	832	960	479	836	910
512	832	960	533	837	910
576	832	960	590	837	910
640	832	960	645	838	910
704	832	960	700	839	909
768	832	960	758	840	910
832	832	960	819	840	909
896	832	960	877	841	910
960	832	960	937	842	909
1023	832	960	993	843	910
0	896	960	246	894	915
64	896	960	251	894	915
128	896	960	267	895	915
192	896	960	297	895	912
256	896	960	338	895	912
320	896	960	386	896	912
384	896	960	435	897	912
448	896	960	486	897	912
512	896	960	538	897	911
576	896	960	596	898	911
640	896	960	650	899	911
704	896	960	705	899	911
768	896	960	762	900	911
832	896	960	822	900	911
896	896	960	881	902	911
960	896	960	939	902	910
1023	896	960	995	902	910
0	960	960	261	954	917
64	960	960	265	954	916
128	960	960	281	954	916
192	960	960	310	955	914
256	960	960	350	955	914
320	960	960	395	955	913
384	960	960	443	956	913
448	960	960	493	956	913
512	960	960	545	957	913
576	960	960	601	957	913
640	960	960	655	958	912
704	960	960	709	958	912
768	960	960	768	959	912
832	960	960	825	959	912
896	960	960	884	960	912
960	960	960	942	960	911
1023	960	960	998	961	911
0	1023	960	275	1012	918
64	1023	960	279	1013	918
128	1023	960	295	1013	916
192	1023	960	324	1013	916
256	1023	960	361	1013	915
320	1023	960	406	1014	915
384	1023	960	451	1014	915
448	1023	960	500	1014	914
512	1023	960	551	1015	914
576	1023	960	607	1016	914
640	1023	960	659	1016	914
704	1023	960	713	1016	913
768	1023	960	772	1016	913
832	1023	960	829	1017	913
896	1023	960	886	1017	912
960	1023	960	946	1018	913
1023	1023	960	1002	1020	913
0	0	1023	119	201	971
64	0	1023	130	201	971
128	0	1023	165	201	971
192	0	1023	212	202	971
256	0	1023	265	202	970
320	0	1023	324	204	968
384	0	1023	386	204	968
448	0	1023	446	206	968
512	0	1023	504	209	967
576	0	1023	563	210	967
640	0	1023	623	212	967
704	0	1023	680	215	967
768	0	1023	739	217	967
832	0	1023	804	220	966
896	0	1023	863	223	966
960	0	1023	923	225	966
1023	0	1023	983	229	966
0	64	1023	119	207	972
64	64	1023	130	207	972
128	64	1023	165	209	971
192	64	1023	213	209	971
256	64	1023	265	210	970
320	64	1023	325	211	968
384	64	1023	387	212	968
448	64	1023	446	214	968
512	64	1023	504	215	967
576	64	1023	563	217	967
640	64	1023	624	219	967
704	64	1023	680	221	967
768	64	1023	739	224	967
832	64	1023	804	227	966
896	64	1023	863	230	966
960	64	1023	923	232	966
1023	64	1023	983	236	966
0	128	1023	122	232	972
64	128	1023	133	232	972
128	128	1023	167	232	972
192	128	1023	213	233	972
256	128	1023	266	234	971
320	128	1023	325	235	968
384	128	1023	387	236	968
448	128	1023	446	237	968
512	128	1023	504	238	967
576	128	1023	563	240	967
640	128	1023	624	242	967
704	128	1023	680	244	967
768	128	1023	739	247	967
832	128	1023	804	249	966
896	128	1023	863	252	967
960	128	1023	923	255	966
1023	128	1023	983	258	966
0	192	1023	126	270	973
64	192	1023	137	270	973
128	192	1023	169	270	973
192	192	1023	215	270	973
256	192	1023	267	271	972
320	192	1023	326	272	968
384	192	1023	388	273	968
448	192	1023	447	275	968
512	192	1023	505	276	968
576	192	1023	563	277	967
640	192	1023	624	279	967
704	192	1023	680	281	967
768	192	1023	739	283	967
832	192	1023	804	285	966
896	192	1023	862	287	967
960	192	1023	923	289	966
1023	192	1023	982	291	966
0	256	1023	132	317	970
64	256	1023	143	317	970
128	256	1023	173	317	970
192	256	1023	218	318	969
256	256	1023	270	318	969
320	256	1023	328	319	967
384	256	1023	389	320	967
448	256	1023	448	322	966
512	256	1023	505	322	966
576	256	1023	564	324	965
640	256	1023	624	325	964
704	256	1023	681	327	965
768	256	1023	740	329	965
832	256	1023	804	330	964
896	256	1023	862	332	963
960	256	1023	922	334	963
1023	256	1023	981	336	963
0	320	1023	138	369	973
64	320	1023	149	369	973
128	320	1023	179	370	972
192	320	1023	223	370	970
256	320	1023	272	371	968
320	320	1023	330	372	967
384	320	1023	392	373	967
448	320	1023	449	374	967
512	320	1023	506	375	966
576	320	1023	565	376	965
640	320	1023	625	377	965
704	320	1023	682	378	965
768	320	1023	740	380	965
832	320	1023	805	381	965
896	320	1023	863	383	964
960	320	1023	922	384	964
1023	320	1023	981	386	964
0	384	1023	148	425	973
64	384	1023	157	425	973
128	384	1023	186	425	972
192	384	1023	227	426	970
256	384	1023	276	426	968
320	384	1023	334	427	967
384	384	1023	394	428	966
448	384	1023	451	429	966
512	384	1023	509	429	965
576	384	1023	567	430	965
640	384	1023	627	431	965
704	384	1023	683	432	964
768	384	1023	741	434	963
832	384	1023	805	435	962
896	384	1023	864	436	962
960	384	1023	923	437	962
1023	384	1023	981	438	962
0	448	1023	159	480	973
64	448	1023	166	481	973
128	448	1023	193	481	972
192	448	1023	234	481	971
256	448	1023	281	482	969
320	448	1023	338	483	967
384	448	1023	397	483	966
448	448	1023	454	484	966
512	448	1023	511	485	966
576	448	1023	569	485	965
640	448	1023	628	487	965
704	448	1023	685	488	965
768	448	1023	742	488	963
832	448	1023	805	489	962
896	448	1023	864	490	963
960	448	1023	924	491	963
1023	448	1023	982	492	964
0	512	1023	169	537	972
64	512	1023	177	537	972
128	512	1023	202	538	971
192	512	1023	240	538	970
256	512	1023	286	539	967
320	512	1023	343	540	967
384	512	1023	401	540	966
448	512	1023	457	541	966
512	512	1023	514	542	965
576	512	1023	572	542	965
640	512	1023	630	543	965
704	512	1023	687	544	965
768	512	1023	743	545	964
832	512	1023	807	545	963
896	512	1023	865	546	963
960	512	1023	925	548	964
1023	512	1023	984	549	964
0	576	1023	180	597	972
64	576	1023	188	597	972
128	576	1023	212	598	971
192	576	1023	248	598	970
256	576	1023	293	599	967
320	576	1023	348	600	967
384	576	1023	406	600	966
448	576	1023	460	601	966
512	576	1023	517	602	966
576	576	1023	575	602	966
640	576	1023	632	602	965
704	576	1023	687	602	964
768	576	1023	746	604	964
832	576	1023	808	604	964
896	576	1023	868	606	965
960	576	1023	928	607	964
1023	576	1023	985	608	965
0	640	1023	193	655	973
64	640	1023	200	656	973
128	640	1023	222	656	972
192	640	1023	257	657	970
256	640	1023	302	657	968
320	640	1023	355	658	967
384	640	1023	411	658	967
448	640	1023	465	659	967
512	640	1023	520	659	966
576	640	1023	578	659	966
640	640	1023	634	659	965
704	640	1023	691	660	965
768	640	1023	748	661	965
832	640	1023	811	661	965
896	640	1023	870	663	966
960	640	1023	930	664	965
1023	640	1023	987	665	965
0	704	1023	207	714	971
64	704	1023	213	714	971
128	704	1023	234	715	971
192	704	1023	266	716	969
256	704	1023	310	716	968
320	704	1023	362	716	967
384	704	1023	415	716	967
448	704	1023	469	716	967
512	704	1023	524	717	967
576	704	1023	582	718	967
640	704	1023	638	719	967
704	704	1023	694	720	967
768	704	1023	753	721	967
832	704	1023	814	721	966
896	704	1023	872	722	966
960	704	1023	932	723	967
1023	704	1023	989	724	967
0	768	1023	220	776	972
64	768	1023	225	776	972
128	768	1023	245	777	971
192	768	1023	275	777	970
256	768	1023	319	778	969
320	768	1023	370	778	969
384	768	1023	422	779	968
448	768	1023	475	779	968
512	768	1023	529	780	968
576	768	1023	586	780	968
640	768	1023	642	781	968
704	768	1023	698	782	967
768	768	1023	755	782	967
832	768	1023	817	783	967
896	768	1023	875	784	967
960	768	1023	935	785	967
1023	768	1023	992	786	967
0	832	1023	234	837	973
64	832	1023	240	837	973
128	832	1023	257	838	972
192	832	1023	286	838	971
256	832	1023	329	839	970
320	832	1023	379	839	970
384	832	1023	429	840	970
448	832	1023	481	840	969
512	832	1023	534	840	969
576	832	1023	592	841	969
640	832	1023	646	842	969
704	832	1023	702	842	969
768	832	1023	760	843	969
832	832	1023	820	844	969
896	832	1023	878	844	968
960	832	1023	937	845	967
1023	832	1023	994	845	968
0	896	1023	247	897	974
64	896	1023	253	898	974
128	896	1023	269	898	974
192	896	1023	299	899	972
256	896	1023	340	899	971
320	896	1023	388	899	971
384	896	1023	437	900	971
448	896	1023	487	900	970
512	896	1023	540	901	970
576	896	1023	597	901	970
640	896	1023	650	902	970
704	896	1023	706	903	970
768	896	1023	764	903	969
832	896	1023	823	904	969
896	896	1023	881	904	969
960	896	1023	940	904	968
1023	896	1023	997	906	969
0	960	1023	262	957	975
64	960	1023	266	957	975
128	960	1023	282	957	974
192	960	1023	312	958	973
256	960	1023	351	958	973
320	960	1023	397	959	973
384	960	1023	444	959	972
448	960	1023	494	959	972
512	960	1023	546	960	972
576	960	1023	602	960	971
640	960	1023	655	961	972
704	960	1023	709	961	971
768	960	1023	768	961	970
832	960	1023	826	962	970
896	960	1023	884	962	970
960	960	1023	943	963	970
1023	960	1023	1000	964	971
0	1023	1023	276	1016	976
64	1023	1023	281	1016	976
128	1023	1023	296	1016	975
192	1023	1023	325	1017	975
256	1023	1023	363	1017	974
320	1023	1023	407	1017	974
384	1023	1023	453	1018	974
448	1023	1023	502	1019	974
512	1023	1023	553	1018	973
576	1023	1023	608	1018	973
640	1023	1023	659	1018	972
704	1023	1023	714	1019	972
768	1023	1023	773	1020	972
832	1023	1023	830	1020	972
896	1023	1023	888	1021	972
960	1023	1023	947	1022	972
1023	1023	1023	1003	1023	972
