0	0	0	0	0	0
64	0	0	57	0	0
128	0	0	114	32	23
192	0	0	170	44	23
256	0	0	228	57	38
320	0	0	284	69	44
384	0	0	342	85	57
448	0	0	399	99	63
512	0	0	454	113	75
576	0	0	507	128	82
640	0	0	562	141	93
704	0	0	619	155	103
768	0	0	670	169	113
832	0	0	725	182	122
896	0	0	782	196	130
960	0	0	836	211	139
1023	0	0	890	225	149
0	64	0	32	63	23
64	64	0	63	63	23
128	64	0	117	66	23
192	64	0	172	72	32
256	64	0	230	82	38
320	64	0	285	91	48
384	64	0	342	103	57
448	64	0	400	114	66
512	64	0	454	126	75
576	64	0	508	137	85
640	64	0	563	150	93
704	64	0	619	164	104
768	64	0	670	177	113
832	64	0	725	189	122
896	64	0	782	203	132
960	64	0	836	217	141
1023	64	0	890	230	149
0	128	0	63	123	38
64	128	0	85	123	38
128	128	0	128	125	44
192	128	0	179	129	48
256	128	0	234	133	53
320	128	0	289	138	60
384	128	0	346	145	66
448	128	0	402	153	75
512	128	0	456	162	82
576	128	0	509	172	91
640	128	0	564	181	101
704	128	0	620	193	109
768	128	0	671	202	117
832	128	0	725	215	126
896	128	0	782	226	134
960	128	0	837	238	144
1023	128	0	891	251	152
0	192	0	99	184	63
64	192	0	109	184	63
128	192	0	145	186	66
192	192	0	191	188	63
256	192	0	243	190	69
320	192	0	296	194	72
384	192	0	350	199	80
448	192	0	407	205	85
512	192	0	459	211	95
576	192	0	512	219	101
640	192	0	566	227	109
704	192	0	622	235	116
768	192	0	672	243	125
832	192	0	726	253	133
896	192	0	783	262	141
960	192	0	838	272	149
1023	192	0	892	283	158
0	256	0	132	247	82
64	256	0	139	247	82
128	256	0	168	247	85
192	256	0	208	248	85
256	256	0	255	251	89
320	256	0	306	254	91
384	256	0	358	258	97
448	256	0	412	262	101
512	256	0	464	266	108
576	256	0	515	272	113
640	256	0	569	277	120
704	256	0	624	284	126
768	256	0	675	291	134
832	256	0	728	299	142
896	256	0	786	307	149
960	256	0	839	315	157
1023	256	0	893	324	165
0	320	0	163	308	101
64	320	0	169	308	103
128	320	0	193	308	103
192	320	0	228	309	104
256	320	0	270	312	106
320	320	0	318	314	109
384	320	0	369	317	113
448	320	0	420	320	117
512	320	0	470	324	122
576	320	0	521	328	128
640	320	0	575	333	133
704	320	0	628	338	139
768	320	0	678	344	145
832	320	0	732	350	152
896	320	0	789	357	160
960	320	0	842	364	167
1023	320	0	895	371	174
0	384	0	195	370	123
64	384	0	201	370	123
128	384	0	220	371	123
192	384	0	250	372	123
256	384	0	289	373	125
320	384	0	334	375	128
384	384	0	382	378	130
448	384	0	431	380	134
512	384	0	479	383	138
576	384	0	529	387	143
640	384	0	582	390	148
704	384	0	633	395	153
768	384	0	683	400	159
832	384	0	736	405	165
896	384	0	793	410	172
960	384	0	845	415	179
1023	384	0	898	422	185
0	448	0	228	431	142
64	448	0	232	431	142
128	448	0	248	432	143
192	448	0	275	433	144
256	448	0	310	434	145
320	448	0	352	436	148
384	448	0	398	438	150
448	448	0	443	440	152
512	448	0	490	442	156
576	448	0	538	445	160
640	448	0	591	448	165
704	448	0	640	452	170
768	448	0	690	457	175
832	448	0	742	460	180
896	448	0	798	465	185
960	448	0	851	470	192
1023	448	0	903	475	198
0	512	0	260	493	162
64	512	0	264	493	162
128	512	0	277	493	162
192	512	0	301	494	163
256	512	0	334	495	165
320	512	0	373	496	166
384	512	0	414	498	168
448	512	0	457	500	171
512	512	0	502	502	174
576	512	0	550	504	178
640	512	0	602	507	181
704	512	0	648	510	186
768	512	0	698	514	191
832	512	0	750	517	195
896	512	0	804	521	200
960	512	0	856	525	206
1023	512	0	909	531	212
0	576	0	292	554	182
64	576	0	295	555	181
128	576	0	308	555	182
192	576	0	329	556	183
256	576	0	359	556	184
320	576	0	394	557	186
384	576	0	432	559	188
448	576	0	473	560	190
512	576	0	516	562	193
576	576	0	564	564	195
640	576	0	613	567	199
704	576	0	658	570	203
768	576	0	708	573	207
832	576	0	760	576	212
896	576	0	811	579	215
960	576	0	863	583	221
1023	576	0	915	587	227
0	640	0	325	616	202
64	640	0	328	616	202
128	640	0	339	617	202
192	640	0	358	617	203
256	640	0	385	618	204
320	640	0	416	619	205
384	640	0	451	620	206
448	640	0	490	621	209
512	640	0	532	623	211
576	640	0	579	625	214
640	640	0	625	627	217
704	640	0	670	629	221
768	640	0	718	632	225
832	640	0	770	635	229
896	640	0	819	637	233
960	640	0	871	641	238
1023	640	0	923	645	242
0	704	0	358	678	223
64	704	0	361	678	223
128	704	0	370	678	223
192	704	0	388	678	223
256	704	0	411	679	224
320	704	0	439	680	225
384	704	0	473	681	227
448	704	0	510	682	229
512	704	0	550	683	231
576	704	0	596	685	234
640	704	0	638	687	236
704	704	0	683	689	239
768	704	0	730	692	242
832	704	0	783	694	246
896	704	0	830	696	250
960	704	0	881	699	255
1023	704	0	931	703	259
0	768	0	390	738	243
64	768	0	393	738	243
128	768	0	402	739	243
192	768	0	416	739	243
256	768	0	437	739	245
320	768	0	464	740	245
384	768	0	495	741	247
448	768	0	530	743	248
512	768	0	570	744	250
576	768	0	613	746	252
640	768	0	653	748	255
704	768	0	697	750	258
768	768	0	744	752	261
832	768	0	794	754	264
896	768	0	842	757	267
960	768	0	892	760	271
1023	768	0	942	764	276
0	832	0	422	802	263
64	832	0	424	802	263
128	832	0	431	803	263
192	832	0	445	803	264
256	832	0	465	803	265
320	832	0	489	804	265
384	832	0	518	805	266
448	832	0	552	806	268
512	832	0	592	807	270
576	832	0	630	808	272
640	832	0	669	810	274
704	832	0	713	811	277
768	832	0	760	813	280
832	832	0	807	815	282
896	832	0	855	817	285
960	832	0	903	819	289
1023	832	0	953	823	293
0	896	0	452	863	283
64	896	0	454	863	283
128	896	0	461	863	283
192	896	0	473	863	284
256	896	0	491	864	284
320	896	0	514	864	285
384	896	0	542	865	286
448	896	0	576	866	288
512	896	0	613	868	289
576	896	0	647	870	291
640	896	0	687	871	293
704	896	0	730	872	296
768	896	0	777	874	298
832	896	0	821	875	301
896	896	0	869	878	305
960	896	0	917	880	308
1023	896	0	965	883	311
0	960	0	482	923	303
64	960	0	484	923	303
128	960	0	490	923	303
192	960	0	502	923	304
256	960	0	518	924	304
320	960	0	540	924	305
384	960	0	569	925	306
448	960	0	601	926	308
512	960	0	633	928	309
576	960	0	668	930	311
640	960	0	707	931	313
704	960	0	749	931	315
768	960	0	794	932	317
832	960	0	838	934	320
896	960	0	884	936	323
960	960	0	932	939	326
1023	960	0	978	941	329
0	1023	0	513	984	323
64	1023	0	515	984	324
128	1023	0	521	984	324
192	1023	0	532	984	324
256	1023	0	548	984	324
320	1023	0	570	985	325
384	1023	0	597	986	326
448	1023	0	624	987	327
512	1023	0	654	988	329
576	1023	0	689	989	331
640	1023	0	727	990	332
704	1023	0	770	991	334
768	1023	0	812	993	336
832	1023	0	856	994	339
896	1023	0	900	996	341
960	1023	0	947	998	344
1023	1023	0	993	1001	347
0	0	64	0	0	57
64	0	64	57	23	63
128	0	64	114	32	60
192	0	64	170	44	63
256	0	64	228	57	66
320	0	64	284	72	72
384	0	64	341	85	77
448	0	64	399	99	85
512	0	64	454	113	91
576	0	64	507	128	101
640	0	64	562	141	108
704	0	64	619	155	116
768	0	64	670	169	123
832	0	64	724	182	132
896	0	64	781	197	141
960	0	64	836	211	149
1023	0	64	890	225	157
0	64	64	32	63	63
64	64	64	63	63	63
128	64	64	117	66	66
192	64	64	172	75	69
256	64	64	229	82	69
320	64	64	285	91	75
384	64	64	342	103	80
448	64	64	400	114	85
512	64	64	454	126	95
576	64	64	508	138	101
640	64	64	562	151	109
704	64	64	619	164	116
768	64	64	670	178	125
832	64	64	725	190	133
896	64	64	782	203	141
960	64	64	836	217	149
1023	64	64	890	231	158
0	128	64	63	123	72
64	128	64	85	123	72
128	128	64	128	126	72
192	128	64	179	129	75
256	128	64	234	133	77
320	128	64	289	138	80
384	128	64	346	145	85
448	128	64	402	153	93
512	128	64	456	162	99
576	128	64	509	172	106
640	128	64	564	182	113
704	128	64	620	193	120
768	128	64	671	203	128
832	128	64	725	215	136
896	128	64	782	227	144
960	128	64	837	239	152
1023	128	64	890	251	160
0	192	64	99	184	82
64	192	64	109	185	82
128	192	64	145	186	85
192	192	64	191	188	87
256	192	64	243	190	89
320	192	64	296	195	93
384	192	64	350	199	97
448	192	64	407	205	103
512	192	64	459	212	108
576	192	64	511	219	114
640	192	64	566	227	120
704	192	64	622	235	128
768	192	64	672	244	134
832	192	64	726	253	142
896	192	64	783	263	149
960	192	64	837	272	158
1023	192	64	891	283	165
0	256	64	132	247	97
64	256	64	139	247	97
128	256	64	168	248	99
192	256	64	207	249	101
256	256	64	255	251	103
320	256	64	306	254	106
384	256	64	358	258	109
448	256	64	412	262	114
512	256	64	464	266	119
576	256	64	515	272	125
640	256	64	569	279	130
704	256	64	624	285	137
768	256	64	674	292	143
832	256	64	728	299	150
896	256	64	785	307	158
960	256	64	839	315	165
1023	256	64	893	324	172
0	320	64	163	308	116
64	320	64	169	308	114
128	320	64	193	308	114
192	320	64	228	310	116
256	320	64	270	312	119
320	320	64	318	314	120
384	320	64	369	317	125
448	320	64	420	320	128
512	320	64	470	324	132
576	320	64	521	329	137
640	320	64	575	333	142
704	320	64	628	338	148
768	320	64	678	344	155
832	320	64	732	350	161
896	320	64	789	357	167
960	320	64	842	364	174
1023	320	64	895	372	181
0	384	64	195	370	133
64	384	64	201	370	133
128	384	64	220	371	134
192	384	64	250	372	134
256	384	64	289	373	137
320	384	64	334	376	137
384	384	64	382	378	141
448	384	64	430	381	143
512	384	64	479	383	148
576	384	64	529	387	151
640	384	64	582	391	157
704	384	64	633	395	161
768	384	64	683	400	167
832	384	64	736	405	173
896	384	64	793	410	179
960	384	64	845	416	185
1023	384	64	898	422	192
0	448	64	228	431	151
64	448	64	232	431	151
128	448	64	248	432	151
192	448	64	275	433	152
256	448	64	310	434	153
320	448	64	352	436	156
384	448	64	398	438	158
448	448	64	443	440	161
512	448	64	489	442	164
576	448	64	538	445	167
640	448	64	591	448	172
704	448	64	640	452	177
768	448	64	690	457	181
832	448	64	742	461	187
896	448	64	798	465	192
960	448	64	850	470	198
1023	448	64	903	475	203
0	512	64	260	493	170
64	512	64	264	493	170
128	512	64	277	494	170
192	512	64	301	494	171
256	512	64	334	495	172
320	512	64	372	497	174
384	512	64	414	498	176
448	512	64	457	500	179
512	512	64	502	502	181
576	512	64	549	504	185
640	512	64	602	507	188
704	512	64	648	510	193
768	512	64	698	514	197
832	512	64	750	518	202
896	512	64	804	521	206
960	512	64	856	526	211
1023	512	64	909	531	217
0	576	64	292	555	189
64	576	64	295	555	188
128	576	64	308	555	188
192	576	64	329	556	189
256	576	64	358	556	190
320	576	64	394	558	192
384	576	64	432	559	193
448	576	64	473	560	196
512	576	64	516	562	198
576	576	64	564	564	202
640	576	64	613	567	205
704	576	64	658	570	209
768	576	64	707	573	212
832	576	64	760	576	217
896	576	64	811	579	222
960	576	64	863	583	227
1023	576	64	915	587	232
0	640	64	324	617	208
64	640	64	328	617	208
128	640	64	339	617	208
192	640	64	357	617	209
256	640	64	385	618	210
320	640	64	416	619	211
384	640	64	451	620	212
448	640	64	490	621	215
512	640	64	532	623	217
576	640	64	579	625	220
640	640	64	625	627	223
704	640	64	670	630	226
768	640	64	718	633	230
832	640	64	770	635	234
896	640	64	819	638	238
960	640	64	871	641	242
1023	640	64	923	645	248
0	704	64	357	678	228
64	704	64	360	678	228
128	704	64	370	678	229
192	704	64	388	678	228
256	704	64	411	679	230
320	704	64	439	680	230
384	704	64	473	681	232
448	704	64	510	682	234
512	704	64	550	684	236
576	704	64	596	685	238
640	704	64	638	687	242
704	704	64	683	689	243
768	704	64	730	692	247
832	704	64	783	695	251
896	704	64	830	696	254
960	704	64	881	700	259
1023	704	64	931	703	263
0	768	64	390	738	247
64	768	64	393	738	247
128	768	64	402	739	248
192	768	64	416	739	248
256	768	64	437	740	249
320	768	64	464	741	250
384	768	64	495	742	252
448	768	64	530	743	253
512	768	64	570	744	255
576	768	64	613	746	257
640	768	64	653	748	259
704	768	64	697	750	262
768	768	64	744	752	265
832	768	64	794	754	268
896	768	64	842	757	271
960	768	64	891	760	275
1023	768	64	942	764	280
0	832	64	422	803	267
64	832	64	424	803	267
128	832	64	431	803	267
192	832	64	445	803	268
256	832	64	464	804	269
320	832	64	489	804	270
384	832	64	518	805	271
448	832	64	552	806	272
512	832	64	591	807	274
576	832	64	629	808	276
640	832	64	669	810	278
704	832	64	713	812	281
768	832	64	760	813	283
832	832	64	807	815	286
896	832	64	855	817	290
960	832	64	903	819	294
1023	832	64	953	823	297
0	896	64	452	863	287
64	896	64	454	863	287
128	896	64	461	863	288
192	896	64	473	863	288
256	896	64	491	864	288
320	896	64	514	864	289
384	896	64	541	865	290
448	896	64	576	867	291
512	896	64	612	868	294
576	896	64	647	870	295
640	896	64	687	871	298
704	896	64	730	872	299
768	896	64	777	874	302
832	896	64	821	875	305
896	896	64	869	878	308
960	896	64	917	880	311
1023	896	64	965	883	315
0	960	64	482	923	307
64	960	64	484	923	307
128	960	64	491	923	307
192	960	64	502	923	308
256	960	64	519	924	308
320	960	64	541	924	309
384	960	64	569	925	309
448	960	64	601	926	311
512	960	64	633	928	313
576	960	64	668	930	315
640	960	64	707	931	317
704	960	64	749	931	318
768	960	64	794	932	321
832	960	64	838	934	323
896	960	64	884	937	327
960	960	64	932	939	330
1023	960	64	978	941	332
0	1023	64	513	984	327
64	1023	64	515	984	327
128	1023	64	521	984	327
192	1023	64	532	984	327
256	1023	64	548	985	328
320	1023	64	570	985	329
384	1023	64	597	986	329
448	1023	64	624	987	331
512	1023	64	654	988	332
576	1023	64	689	989	334
640	1023	64	727	990	335
704	1023	64	770	991	337
768	1023	64	812	993	340
832	1023	64	856	994	342
896	1023	64	900	996	345
960	1023	64	947	998	348
1023	1023	64	993	1001	351
0	0	128	0	23	119
64	0	128	57	23	119
128	0	128	114	38	120
192	0	128	171	48	120
256	0	128	228	60	122
320	0	128	284	72	123
384	0	128	342	87	128
448	0	128	399	101	130
512	0	128	453	114	136
576	0	128	507	129	139
640	0	128	562	142	144
704	0	128	619	156	150
768	0	128	670	170	158
832	0	128	724	184	164
896	0	128	781	198	169
960	0	128	835	212	176
1023	0	128	889	226	184
0	64	128	32	66	120
64	64	128	63	66	120
128	64	128	117	69	120
192	64	128	173	75	122
256	64	128	229	85	122
320	64	128	285	93	125
384	64	128	343	104	128
448	64	128	400	116	132
512	64	128	454	128	136
576	64	128	507	139	141
640	64	128	562	151	145
704	64	128	619	165	151
768	64	128	670	178	158
832	64	128	724	191	164
896	64	128	781	204	170
960	64	128	835	218	177
1023	64	128	889	232	184
0	128	128	66	125	123
64	128	128	85	125	123
128	128	128	129	126	125
192	128	128	179	130	126
256	128	128	234	134	128
320	128	128	289	139	129
384	128	128	345	147	132
448	128	128	402	155	136
512	128	128	455	163	139
576	128	128	509	173	143
640	128	128	563	182	149
704	128	128	620	193	156
768	128	128	671	204	161
832	128	128	725	215	167
896	128	128	782	228	172
960	128	128	836	240	179
1023	128	128	890	252	187
0	192	128	99	185	130
64	192	128	111	185	130
128	192	128	145	187	130
192	192	128	191	188	132
256	192	128	243	192	134
320	192	128	296	196	134
384	192	128	350	200	138
448	192	128	406	206	141
512	192	128	459	212	144
576	192	128	511	220	149
640	192	128	566	228	153
704	192	128	621	236	160
768	192	128	672	245	166
832	192	128	726	254	172
896	192	128	783	263	178
960	192	128	837	274	184
1023	192	128	891	284	191
0	256	128	132	247	139
64	256	128	141	247	139
128	256	128	168	248	139
192	256	128	207	249	141
256	256	128	255	252	143
320	256	128	305	255	143
384	256	128	358	258	147
448	256	128	412	263	149
512	256	128	463	267	152
576	256	128	515	273	157
640	256	128	569	279	162
704	256	128	623	285	167
768	256	128	674	292	172
832	256	128	728	300	178
896	256	128	785	308	183
960	256	128	838	316	189
1023	256	128	892	325	196
0	320	128	163	309	151
64	320	128	170	309	150
128	320	128	193	309	151
192	320	128	228	310	152
256	320	128	270	313	153
320	320	128	317	315	156
384	320	128	368	318	158
448	320	128	420	321	161
512	320	128	470	325	163
576	320	128	520	329	168
640	320	128	575	334	172
704	320	128	627	339	177
768	320	128	678	345	181
832	320	128	731	351	187
896	320	128	788	358	192
960	320	128	841	365	198
1023	320	128	894	372	203
0	384	128	194	371	164
64	384	128	201	371	165
128	384	128	220	372	165
192	384	128	250	373	166
256	384	128	289	374	166
320	384	128	333	376	168
384	384	128	382	378	170
448	384	128	430	381	173
512	384	128	479	384	176
576	384	128	529	388	179
640	384	128	582	392	183
704	384	128	632	396	188
768	384	128	683	401	192
832	384	128	736	406	197
896	384	128	792	411	202
960	384	128	845	416	207
1023	384	128	897	423	212
0	448	128	228	432	179
64	448	128	232	432	179
128	448	128	248	433	179
192	448	128	275	434	180
256	448	128	310	435	180
320	448	128	351	437	182
384	448	128	398	439	184
448	448	128	443	441	187
512	448	128	489	443	189
576	448	128	538	446	193
640	448	128	591	449	196
704	448	128	640	453	200
768	448	128	690	458	204
832	448	128	742	462	209
896	448	128	797	465	213
960	448	128	850	471	219
1023	448	128	902	476	225
0	512	128	259	494	194
64	512	128	263	494	194
128	512	128	277	494	194
192	512	128	301	495	195
256	512	128	333	496	196
320	512	128	372	497	198
384	512	128	414	499	198
448	512	128	457	501	201
512	512	128	502	503	203
576	512	128	549	505	206
640	512	128	602	508	209
704	512	128	647	511	213
768	512	128	697	515	217
832	512	128	750	518	222
896	512	128	803	522	227
960	512	128	856	526	232
1023	512	128	908	532	236
0	576	128	292	555	211
64	576	128	295	556	210
128	576	128	308	556	211
192	576	128	329	556	212
256	576	128	358	557	212
320	576	128	394	558	214
384	576	128	431	560	215
448	576	128	472	561	217
512	576	128	516	563	220
576	576	128	563	565	222
640	576	128	613	568	225
704	576	128	657	570	228
768	576	128	707	574	232
832	576	128	759	577	236
896	576	128	810	580	240
960	576	128	862	584	244
1023	576	128	914	588	250
0	640	128	324	617	228
64	640	128	327	617	228
128	640	128	338	618	228
192	640	128	357	618	229
256	640	128	384	618	230
320	640	128	416	619	231
384	640	128	451	621	232
448	640	128	490	622	234
512	640	128	532	624	236
576	640	128	578	626	239
640	640	128	624	628	242
704	640	128	669	630	244
768	640	128	718	633	247
832	640	128	769	636	251
896	640	128	818	638	255
960	640	128	871	642	259
1023	640	128	922	646	263
0	704	128	357	678	246
64	704	128	361	678	246
128	704	128	370	679	246
192	704	128	387	679	247
256	704	128	411	679	247
320	704	128	439	680	248
384	704	128	472	682	249
448	704	128	509	683	251
512	704	128	550	684	253
576	704	128	596	686	255
640	704	128	637	688	258
704	704	128	682	690	261
768	704	128	730	693	263
832	704	128	782	695	267
896	704	128	829	697	270
960	704	128	880	700	274
1023	704	128	930	704	278
0	768	128	390	739	264
64	768	128	393	739	264
128	768	128	401	739	264
192	768	128	416	740	264
256	768	128	437	740	265
320	768	128	463	741	266
384	768	128	494	742	267
448	768	128	530	744	269
512	768	128	570	745	270
576	768	128	612	747	272
640	768	128	652	749	274
704	768	128	696	751	277
768	768	128	743	753	280
832	768	128	794	755	282
896	768	128	842	758	286
960	768	128	891	761	290
1023	768	128	941	765	295
0	832	128	421	803	282
64	832	128	424	803	282
128	832	128	431	803	283
192	832	128	444	804	283
256	832	128	464	804	284
320	832	128	488	805	284
384	832	128	517	805	285
448	832	128	551	806	286
512	832	128	591	808	289
576	832	128	629	809	290
640	832	128	669	811	292
704	832	128	713	812	295
768	832	128	760	814	297
832	832	128	807	816	300
896	832	128	855	818	303
960	832	128	903	820	307
1023	832	128	953	823	310
0	896	128	452	864	301
64	896	128	454	864	301
128	896	128	461	864	301
192	896	128	473	864	302
256	896	128	491	864	302
320	896	128	514	865	303
384	896	128	541	866	304
448	896	128	576	867	305
512	896	128	613	868	307
576	896	128	647	870	308
640	896	128	688	871	310
704	896	128	730	872	313
768	896	128	777	874	315
832	896	128	821	876	317
896	896	128	869	878	321
960	896	128	917	881	324
1023	896	128	965	883	327
0	960	128	483	923	319
64	960	128	485	923	319
128	960	128	491	924	320
192	960	128	502	924	320
256	960	128	519	924	321
320	960	128	541	925	322
384	960	128	569	925	322
448	960	128	601	927	324
512	960	128	633	928	325
576	960	128	668	930	327
640	960	128	708	931	329
704	960	128	749	931	331
768	960	128	794	933	333
832	960	128	838	935	335
896	960	128	884	937	338
960	960	128	932	939	341
1023	960	128	978	941	344
0	1023	128	514	984	339
64	1023	128	515	984	339
128	1023	128	521	984	339
192	1023	128	532	984	340
256	1023	128	548	985	340
320	1023	128	570	985	340
384	1023	128	597	986	341
448	1023	128	624	987	343
512	1023	128	654	988	344
576	1023	128	689	989	346
640	1023	128	727	990	347
704	1023	128	770	991	349
768	1023	128	812	993	351
832	1023	128	856	995	353
896	1023	128	900	997	355
960	1023	128	947	999	359
1023	1023	128	993	1001	362
0	0	192	23	32	178
64	0	192	60	38	178
128	0	192	114	44	178
192	0	192	171	53	178
256	0	192	228	63	179
320	0	192	284	77	179
384	0	192	341	91	181
448	0	192	399	103	184
512	0	192	452	117	187
576	0	192	506	130	190
640	0	192	561	144	193
704	0	192	618	158	198
768	0	192	669	172	202
832	0	192	723	185	207
896	0	192	780	199	212
960	0	192	834	213	217
1023	0	192	888	228	224
0	64	192	38	69	178
64	64	192	66	69	179
128	64	192	119	75	179
192	64	192	173	80	179
256	64	192	230	87	179
320	64	192	285	97	181
384	64	192	342	106	182
448	64	192	399	117	185
512	64	192	453	129	188
576	64	192	506	142	191
640	64	192	561	155	195
704	64	192	618	167	199
768	64	192	669	180	203
832	64	192	723	193	208
896	64	192	780	206	213
960	64	192	834	221	219
1023	64	192	888	233	224
0	128	192	66	126	180
64	128	192	87	128	180
128	128	192	129	129	181
192	128	192	179	132	181
256	128	192	234	136	182
320	128	192	289	142	183
384	128	192	345	148	185
448	128	192	401	156	187
512	128	192	455	164	190
576	128	192	508	174	193
640	128	192	563	184	198
704	128	192	619	194	201
768	128	192	670	206	206
832	128	192	724	217	210
896	128	192	780	230	215
960	128	192	835	241	221
1023	128	192	889	253	226
0	192	192	99	188	185
64	192	192	111	188	185
128	192	192	145	188	185
192	192	192	192	190	186
256	192	192	242	193	186
320	192	192	295	197	188
384	192	192	350	202	188
448	192	192	406	208	191
512	192	192	458	214	193
576	192	192	510	221	198
640	192	192	565	229	201
704	192	192	621	237	205
768	192	192	671	246	209
832	192	192	725	255	213
896	192	192	782	265	219
960	192	192	835	275	224
1023	192	192	889	285	229
0	256	192	130	248	192
64	256	192	141	249	192
128	256	192	167	250	191
192	256	192	208	251	192
256	256	192	255	253	193
320	256	192	305	256	193
384	256	192	358	259	195
448	256	192	411	264	198
512	256	192	462	269	200
576	256	192	514	274	203
640	256	192	568	280	206
704	256	192	623	287	210
768	256	192	673	294	213
832	256	192	727	301	218
896	256	192	784	309	223
960	256	192	837	317	228
1023	256	192	891	326	233
0	320	192	163	310	198
64	320	192	170	310	198
128	320	192	192	311	199
192	320	192	228	312	200
256	320	192	270	314	200
320	320	192	317	317	202
384	320	192	368	319	203
448	320	192	419	322	206
512	320	192	469	326	207
576	320	192	520	331	210
640	320	192	574	335	214
704	320	192	627	340	218
768	320	192	677	346	222
832	320	192	730	353	226
896	320	192	787	359	230
960	320	192	840	366	234
1023	320	192	893	373	240
0	384	192	195	372	209
64	384	192	201	372	209
128	384	192	221	373	209
192	384	192	250	374	210
256	384	192	289	375	211
320	384	192	333	378	211
384	384	192	381	380	212
448	384	192	429	382	215
512	384	192	478	385	217
576	384	192	528	389	221
640	384	192	581	393	223
704	384	192	632	397	226
768	384	192	681	402	230
832	384	192	735	407	234
896	384	192	791	412	238
960	384	192	844	418	243
1023	384	192	896	424	247
0	448	192	228	433	221
64	448	192	232	434	221
128	448	192	248	434	221
192	448	192	275	435	221
256	448	192	310	436	222
320	448	192	351	438	222
384	448	192	397	440	224
448	448	192	442	442	225
512	448	192	489	444	228
576	448	192	537	447	230
640	448	192	590	451	234
704	448	192	639	454	236
768	448	192	689	459	240
832	448	192	741	463	244
896	448	192	796	467	247
960	448	192	849	472	252
1023	448	192	901	477	256
0	512	192	260	495	233
64	512	192	263	495	233
128	512	192	277	496	233
192	512	192	301	497	233
256	512	192	333	497	234
320	512	192	372	499	235
384	512	192	413	500	236
448	512	192	456	502	238
512	512	192	501	504	240
576	512	192	548	506	242
640	512	192	601	509	245
704	512	192	647	512	248
768	512	192	697	516	251
832	512	192	749	520	255
896	512	192	802	524	258
960	512	192	855	528	262
1023	512	192	907	533	266
0	576	192	291	557	246
64	576	192	295	557	245
128	576	192	307	557	245
192	576	192	328	557	246
256	576	192	357	559	247
320	576	192	393	560	248
384	576	192	431	561	249
448	576	192	472	563	250
512	576	192	515	564	252
576	576	192	562	567	255
640	576	192	612	569	257
704	576	192	656	572	260
768	576	192	706	575	263
832	576	192	758	578	267
896	576	192	809	581	270
960	576	192	861	585	274
1023	576	192	913	590	278
0	640	192	324	619	259
64	640	192	327	619	259
128	640	192	338	619	260
192	640	192	357	619	261
256	640	192	384	620	261
320	640	192	415	621	262
384	640	192	450	622	263
448	640	192	489	624	265
512	640	192	531	625	267
576	640	192	578	627	269
640	640	192	623	629	271
704	640	192	668	632	274
768	640	192	717	634	276
832	640	192	768	637	280
896	640	192	817	640	282
960	640	192	869	643	285
1023	640	192	920	647	290
0	704	192	357	680	275
64	704	192	360	680	275
128	704	192	369	680	275
192	704	192	387	680	276
256	704	192	410	681	276
320	704	192	438	682	277
384	704	192	471	683	278
448	704	192	508	684	280
512	704	192	549	686	281
576	704	192	595	687	283
640	704	192	636	689	285
704	704	192	681	692	288
768	704	192	729	694	290
832	704	192	781	697	293
896	704	192	828	698	296
960	704	192	879	702	300
1023	704	192	930	705	304
0	768	192	389	740	291
64	768	192	392	740	291
128	768	192	400	740	291
192	768	192	415	741	291
256	768	192	436	742	292
320	768	192	462	742	293
384	768	192	493	744	294
448	768	192	529	745	295
512	768	192	569	746	297
576	768	192	612	748	299
640	768	192	651	750	301
704	768	192	696	752	303
768	768	192	743	754	305
832	768	192	794	756	308
896	768	192	842	759	311
960	768	192	891	762	315
1023	768	192	941	765	318
0	832	192	421	804	308
64	832	192	423	804	308
128	832	192	431	804	308
192	832	192	444	805	308
256	832	192	464	805	309
320	832	192	488	806	309
384	832	192	517	806	311
448	832	192	551	807	311
512	832	192	591	808	313
576	832	192	629	810	315
640	832	192	669	811	317
704	832	192	713	813	319
768	832	192	760	814	321
832	832	192	807	816	324
896	832	192	855	818	327
960	832	192	903	821	330
1023	832	192	953	824	333
0	896	192	452	864	325
64	896	192	454	864	325
128	896	192	461	864	325
192	896	192	473	865	325
256	896	192	491	865	326
320	896	192	514	866	327
384	896	192	542	866	327
448	896	192	576	867	328
512	896	192	613	869	330
576	896	192	648	871	332
640	896	192	688	872	333
704	896	192	730	873	335
768	896	192	777	875	337
832	896	192	821	876	340
896	896	192	869	879	343
960	896	192	917	881	346
1023	896	192	965	884	348
0	960	192	483	924	342
64	960	192	485	924	342
128	960	192	491	924	342
192	960	192	503	925	342
256	960	192	519	925	343
320	960	192	541	925	343
384	960	192	569	926	345
448	960	192	602	927	345
512	960	192	633	929	347
576	960	192	668	930	348
640	960	192	707	931	350
704	960	192	749	932	351
768	960	192	794	933	354
832	960	192	838	935	356
896	960	192	884	937	359
960	960	192	932	939	362
1023	960	192	979	942	365
0	1023	192	514	985	360
64	1023	192	515	985	360
128	1023	192	521	985	360
192	1023	192	532	985	361
256	1023	192	548	985	361
320	1023	192	570	986	362
384	1023	192	597	987	363
448	1023	192	625	988	363
512	1023	192	655	989	365
576	1023	192	690	990	366
640	1023	192	728	991	368
704	1023	192	770	992	369
768	1023	192	812	993	371
832	1023	192	856	995	373
896	1023	192	901	997	375
960	1023	192	947	999	378
1023	1023	192	993	1001	381
0	0	256	32	48	236
64	0	256	60	48	236
128	0	256	114	53	236
192	0	256	171	60	236
256	0	256	228	72	238
320	0	256	283	82	238
384	0	256	340	95	239
448	0	256	398	108	241
512	0	256	451	120	243
576	0	256	505	133	245
640	0	256	560	147	248
704	0	256	617	161	252
768	0	256	668	174	255
832	0	256	722	188	258
896	0	256	778	202	262
960	0	256	833	215	266
1023	0	256	886	230	270
0	64	256	44	75	236
64	64	256	66	77	237
128	64	256	117	80	237
192	64	256	173	85	237
256	64	256	230	91	238
320	64	256	284	101	239
384	64	256	341	109	240
448	64	256	399	120	242
512	64	256	452	132	243
576	64	256	505	144	246
640	64	256	560	157	249
704	64	256	617	169	252
768	64	256	668	182	255
832	64	256	722	195	259
896	64	256	778	209	263
960	64	256	833	223	266
1023	64	256	887	236	270
0	128	256	69	129	238
64	128	256	89	130	238
128	128	256	130	132	239
192	128	256	179	134	240
256	128	256	234	138	240
320	128	256	289	145	241
384	128	256	344	151	242
448	128	256	401	159	243
512	128	256	454	168	245
576	128	256	507	177	248
640	128	256	561	187	251
704	128	256	618	197	253
768	128	256	668	208	257
832	128	256	722	220	261
896	128	256	779	232	264
960	128	256	833	243	267
1023	128	256	887	255	272
0	192	256	101	189	242
64	192	256	113	189	242
128	192	256	147	190	242
192	192	256	192	193	242
256	192	256	242	196	243
320	192	256	295	199	243
384	192	256	350	204	244
448	192	256	405	209	246
512	192	256	457	216	248
576	192	256	509	223	251
640	192	256	564	231	253
704	192	256	619	240	256
768	192	256	670	248	260
832	192	256	723	257	263
896	192	256	780	267	267
960	192	256	834	277	271
1023	192	256	888	287	275
0	256	256	132	250	247
64	256	256	141	251	247
128	256	256	168	252	247
192	256	256	208	253	247
256	256	256	255	255	248
320	256	256	304	259	248
384	256	256	357	262	248
448	256	256	410	266	251
512	256	256	461	271	253
576	256	256	513	276	255
640	256	256	567	282	258
704	256	256	621	289	261
768	256	256	672	296	263
832	256	256	725	304	266
896	256	256	782	311	270
960	256	256	835	319	274
1023	256	256	889	328	278
0	320	256	163	312	252
64	320	256	170	312	252
128	320	256	193	313	252
192	320	256	228	314	253
256	320	256	270	316	253
320	320	256	317	318	253
384	320	256	368	321	255
448	320	256	418	324	256
512	320	256	468	328	258
576	320	256	519	332	261
640	320	256	573	337	263
704	320	256	625	343	266
768	320	256	675	348	269
832	320	256	728	355	272
896	320	256	786	362	275
960	320	256	838	368	279
1023	320	256	891	375	283
0	384	256	195	374	261
64	384	256	200	374	261
128	384	256	220	375	261
192	384	256	250	376	262
256	384	256	288	378	262
320	384	256	332	379	261
384	384	256	381	382	262
448	384	256	429	384	263
512	384	256	477	387	265
576	384	256	527	391	267
640	384	256	580	395	270
704	384	256	630	399	272
768	384	256	680	404	275
832	384	256	733	409	278
896	384	256	790	414	281
960	384	256	842	420	285
1023	384	256	894	426	289
0	448	256	228	436	269
64	448	256	232	436	269
128	448	256	248	436	269
192	448	256	274	437	270
256	448	256	309	439	269
320	448	256	350	440	270
384	448	256	396	442	271
448	448	256	441	444	271
512	448	256	488	447	274
576	448	256	536	449	275
640	448	256	589	453	278
704	448	256	638	457	280
768	448	256	687	461	283
832	448	256	740	465	286
896	448	256	794	469	289
960	448	256	847	474	293
1023	448	256	899	479	297
0	512	256	259	497	279
64	512	256	263	497	279
128	512	256	277	498	279
192	512	256	301	499	278
256	512	256	332	500	279
320	512	256	371	501	280
384	512	256	413	502	280
448	512	256	456	504	282
512	512	256	500	506	283
576	512	256	548	509	285
640	512	256	600	511	288
704	512	256	646	515	290
768	512	256	695	518	293
832	512	256	748	522	295
896	512	256	801	526	298
960	512	256	854	530	302
1023	512	256	906	535	305
0	576	256	291	559	289
64	576	256	294	559	288
128	576	256	307	559	288
192	576	256	328	560	288
256	576	256	357	561	289
320	576	256	392	561	290
384	576	256	430	563	291
448	576	256	471	564	292
512	576	256	514	566	294
576	576	256	561	569	295
640	576	256	611	571	298
704	576	256	655	574	300
768	576	256	705	577	303
832	576	256	757	580	305
896	576	256	808	583	308
960	576	256	860	586	311
1023	576	256	912	591	315
0	640	256	323	620	300
64	640	256	327	620	300
128	640	256	337	620	300
192	640	256	357	621	301
256	640	256	383	621	301
320	640	256	414	622	302
384	640	256	450	624	303
448	640	256	489	625	304
512	640	256	531	627	306
576	640	256	577	629	308
640	640	256	623	631	309
704	640	256	668	633	311
768	640	256	716	636	314
832	640	256	768	638	317
896	640	256	818	641	319
960	640	256	869	644	322
1023	640	256	921	648	326
0	704	256	357	681	313
64	704	256	360	681	313
128	704	256	369	681	313
192	704	256	386	681	314
256	704	256	410	682	314
320	704	256	438	683	315
384	704	256	471	684	316
448	704	256	508	685	317
512	704	256	549	687	318
576	704	256	595	689	320
640	704	256	636	690	322
704	704	256	681	693	324
768	704	256	729	695	326
832	704	256	782	698	329
896	704	256	829	700	331
960	704	256	880	703	334
1023	704	256	930	706	337
0	768	256	389	741	327
64	768	256	392	741	327
128	768	256	401	741	327
192	768	256	416	742	328
256	768	256	436	742	328
320	768	256	463	743	329
384	768	256	494	744	330
448	768	256	529	746	331
512	768	256	569	747	332
576	768	256	612	749	334
640	768	256	652	751	335
704	768	256	697	753	337
768	768	256	743	755	339
832	768	256	794	757	341
896	768	256	842	759	344
960	768	256	891	762	347
1023	768	256	941	766	350
0	832	256	422	805	342
64	832	256	424	805	342
128	832	256	431	805	342
192	832	256	445	805	342
256	832	256	464	806	343
320	832	256	489	807	343
384	832	256	518	807	344
448	832	256	552	808	345
512	832	256	592	809	346
576	832	256	629	811	348
640	832	256	670	813	350
704	832	256	713	814	351
768	832	256	760	815	353
832	832	256	808	817	356
896	832	256	856	819	358
960	832	256	904	822	361
1023	832	256	954	825	365
0	896	256	452	865	357
64	896	256	455	865	357
128	896	256	462	865	357
192	896	256	474	866	357
256	896	256	492	866	357
320	896	256	515	867	358
384	896	256	543	867	359
448	896	256	577	868	361
512	896	256	613	869	361
576	896	256	648	871	363
640	896	256	688	873	365
704	896	256	730	874	366
768	896	256	778	876	368
832	896	256	822	877	370
896	896	256	869	879	373
960	896	256	917	882	375
1023	896	256	966	885	378
0	960	256	484	925	372
64	960	256	486	925	372
128	960	256	492	925	373
192	960	256	503	926	373
256	960	256	520	926	373
320	960	256	541	926	374
384	960	256	570	927	375
448	960	256	602	928	376
512	960	256	633	929	377
576	960	256	668	931	378
640	960	256	708	932	380
704	960	256	749	933	381
768	960	256	794	934	383
832	960	256	838	936	385
896	960	256	884	938	387
960	960	256	932	940	390
1023	960	256	979	943	393
0	1023	256	514	986	388
64	1023	256	516	985	388
128	1023	256	522	986	388
192	1023	256	533	986	389
256	1023	256	549	986	389
320	1023	256	571	987	390
384	1023	256	598	988	391
448	1023	256	625	989	392
512	1023	256	655	989	393
576	1023	256	690	991	394
640	1023	256	728	992	395
704	1023	256	770	993	397
768	1023	256	812	994	398
832	1023	256	856	996	401
896	1023	256	901	998	402
960	1023	256	948	1000	405
1023	1023	256	993	1002	407
0	0	320	38	60	294
64	0	320	63	60	294
128	0	320	116	63	294
192	0	320	171	69	294
256	0	320	227	80	296
320	0	320	283	89	296
384	0	320	340	101	297
448	0	320	397	113	298
512	0	320	450	125	299
576	0	320	504	137	301
640	0	320	558	150	303
704	0	320	616	164	306
768	0	320	667	178	308
832	0	320	721	191	311
896	0	320	777	205	314
960	0	320	832	218	317
1023	0	320	886	232	320
0	64	320	48	82	294
64	64	320	69	82	294
128	64	320	119	87	294
192	64	320	173	91	297
256	64	320	228	97	297
320	64	320	284	106	297
384	64	320	340	114	297
448	64	320	398	125	298
512	64	320	451	136	300
576	64	320	504	148	302
640	64	320	559	161	304
704	64	320	616	173	307
768	64	320	667	186	309
832	64	320	721	198	312
896	64	320	777	212	314
960	64	320	832	225	317
1023	64	320	886	238	321
0	128	320	72	134	299
64	128	320	91	136	299
128	128	320	130	137	298
192	128	320	179	139	298
256	128	320	234	143	298
320	128	320	288	149	298
384	128	320	343	155	298
448	128	320	400	162	299
512	128	320	452	172	301
576	128	320	505	180	303
640	128	320	560	190	305
704	128	320	617	200	308
768	128	320	668	212	310
832	128	320	721	223	313
896	128	320	778	234	316
960	128	320	832	246	318
1023	128	320	886	258	322
0	192	320	103	193	301
64	192	320	114	193	301
128	192	320	147	193	301
192	192	320	192	195	301
256	192	320	242	199	300
320	192	320	294	202	300
384	192	320	349	207	301
448	192	320	404	212	302
512	192	320	456	220	304
576	192	320	508	226	306
640	192	320	563	234	307
704	192	320	618	243	310
768	192	320	669	251	313
832	192	320	722	260	315
896	192	320	779	270	318
960	192	320	833	279	321
1023	192	320	887	289	324
0	256	320	133	253	304
64	256	320	142	254	304
128	256	320	168	255	304
192	256	320	208	256	304
256	256	320	254	258	304
320	256	320	304	261	304
384	256	320	356	264	304
448	256	320	410	269	306
512	256	320	461	274	307
576	256	320	512	279	309
640	256	320	566	285	311
704	256	320	621	292	313
768	256	320	671	299	315
832	256	320	725	306	317
896	256	320	781	314	321
960	256	320	835	322	324
1023	256	320	888	330	327
0	320	320	164	314	308
64	320	320	171	314	308
128	320	320	193	316	308
192	320	320	228	317	308
256	320	320	270	318	308
320	320	320	317	321	308
384	320	320	367	323	309
448	320	320	418	327	310
512	320	320	467	330	311
576	320	320	518	335	313
640	320	320	572	340	315
704	320	320	625	345	317
768	320	320	675	350	320
832	320	320	728	357	322
896	320	320	785	364	325
960	320	320	838	370	328
1023	320	320	891	377	331
0	384	320	195	376	314
64	384	320	201	377	314
128	384	320	220	377	314
192	384	320	250	378	314
256	384	320	288	380	314
320	384	320	332	382	314
384	384	320	380	384	315
448	384	320	428	386	316
512	384	320	476	389	317
576	384	320	526	393	319
640	384	320	579	397	321
704	384	320	630	401	322
768	384	320	680	406	325
832	384	320	733	411	328
896	384	320	789	416	330
960	384	320	842	421	333
1023	384	320	895	427	336
0	448	320	228	438	321
64	448	320	232	438	321
128	448	320	248	438	320
192	448	320	275	439	320
256	448	320	309	441	321
320	448	320	350	442	321
384	448	320	396	444	322
448	448	320	441	446	322
512	448	320	488	448	324
576	448	320	536	451	326
640	448	320	589	455	327
704	448	320	638	458	330
768	448	320	687	462	332
832	448	320	740	467	334
896	448	320	795	471	337
960	448	320	847	475	340
1023	448	320	900	481	343
0	512	320	260	499	328
64	512	320	264	499	328
128	512	320	277	500	328
192	512	320	301	501	328
256	512	320	333	501	328
320	512	320	371	502	329
384	512	320	413	504	330
448	512	320	456	506	331
512	512	320	501	508	332
576	512	320	548	510	334
640	512	320	600	513	335
704	512	320	646	516	337
768	512	320	696	519	339
832	512	320	748	523	342
896	512	320	801	527	344
960	512	320	854	532	347
1023	512	320	906	536	350
0	576	320	291	560	336
64	576	320	295	560	336
128	576	320	307	561	336
192	576	320	329	561	337
256	576	320	357	562	337
320	576	320	393	563	337
384	576	320	431	564	338
448	576	320	471	566	340
512	576	320	514	567	340
576	576	320	561	570	342
640	576	320	611	572	344
704	576	320	656	575	346
768	576	320	706	578	348
832	576	320	757	581	350
896	576	320	809	584	353
960	576	320	861	588	355
1023	576	320	913	593	358
0	640	320	324	621	346
64	640	320	327	621	346
128	640	320	338	621	346
192	640	320	357	622	346
256	640	320	384	623	347
320	640	320	415	624	347
384	640	320	450	625	348
448	640	320	489	627	349
512	640	320	531	628	351
576	640	320	578	630	352
640	640	320	623	632	354
704	640	320	668	635	355
768	640	320	717	637	358
832	640	320	769	640	360
896	640	320	818	643	362
960	640	320	870	646	365
1023	640	320	921	650	368
0	704	320	357	682	357
64	704	320	360	682	357
128	704	320	370	682	357
192	704	320	387	683	358
256	704	320	411	683	358
320	704	320	439	684	359
384	704	320	472	685	360
448	704	320	509	687	361
512	704	320	549	688	362
576	704	320	595	690	363
640	704	320	637	691	365
704	704	320	682	694	366
768	704	320	730	696	368
832	704	320	782	698	371
896	704	320	830	702	373
960	704	320	881	705	376
1023	704	320	931	707	378
0	768	320	390	742	369
64	768	320	393	742	370
128	768	320	401	742	370
192	768	320	416	743	370
256	768	320	437	743	370
320	768	320	463	744	371
384	768	320	494	745	372
448	768	320	530	747	373
512	768	320	570	748	373
576	768	320	612	750	375
640	768	320	653	752	377
704	768	320	698	755	378
768	768	320	744	756	380
832	768	320	794	758	382
896	768	320	842	761	384
960	768	320	892	764	387
1023	768	320	942	767	389
0	832	320	422	806	382
64	832	320	424	806	382
128	832	320	432	806	382
192	832	320	445	806	383
256	832	320	465	807	383
320	832	320	489	808	384
384	832	320	518	808	384
448	832	320	552	809	385
512	832	320	592	810	386
576	832	320	630	812	388
640	832	320	670	814	389
704	832	320	714	815	390
768	832	320	761	816	392
832	832	320	808	819	394
896	832	320	856	821	397
960	832	320	905	823	399
1023	832	320	954	826	401
0	896	320	453	866	395
64	896	320	455	866	395
128	896	320	462	866	395
192	896	320	475	867	396
256	896	320	492	867	396
320	896	320	516	868	397
384	896	320	544	869	398
448	896	320	577	870	398
512	896	320	613	871	399
576	896	320	648	872	400
640	896	320	688	874	402
704	896	320	731	875	404
768	896	320	778	877	405
832	896	320	822	878	407
896	896	320	870	880	408
960	896	320	918	883	411
1023	896	320	966	886	413
0	960	320	485	927	409
64	960	320	486	927	409
128	960	320	492	927	409
192	960	320	504	927	409
256	960	320	520	927	410
320	960	320	542	927	410
384	960	320	570	928	411
448	960	320	603	929	411
512	960	320	634	930	412
576	960	320	669	931	413
640	960	320	708	933	415
704	960	320	750	934	416
768	960	320	795	935	417
832	960	320	839	937	419
896	960	320	885	939	421
960	960	320	932	941	423
1023	960	320	979	944	426
0	1023	320	515	987	423
64	1023	320	516	987	423
128	1023	320	522	987	423
192	1023	320	533	987	423
256	1023	320	549	987	424
320	1023	320	571	988	424
384	1023	320	599	989	425
448	1023	320	626	990	425
512	1023	320	655	990	426
576	1023	320	690	992	427
640	1023	320	729	993	429
704	1023	320	771	994	429
768	1023	320	812	995	431
832	1023	320	857	997	433
896	1023	320	901	998	434
960	1023	320	948	1001	437
1023	1023	320	994	1003	439
0	0	384	44	69	355
64	0	384	66	72	355
128	0	384	119	75	355
192	0	384	173	80	355
256	0	384	229	87	355
320	0	384	284	97	355
384	0	384	341	106	356
448	0	384	398	119	357
512	0	384	451	130	358
576	0	384	504	143	360
640	0	384	559	156	362
704	0	384	617	168	364
768	0	384	667	181	366
832	0	384	721	194	368
896	0	384	778	208	370
960	0	384	832	222	372
1023	0	384	886	235	375
0	64	384	53	91	355
64	64	384	72	91	355
128	64	384	122	93	355
192	64	384	175	99	355
256	64	384	230	104	356
320	64	384	285	111	356
384	64	384	342	120	357
448	64	384	399	132	357
512	64	384	451	142	358
576	64	384	505	153	360
640	64	384	559	165	362
704	64	384	617	177	364
768	64	384	667	190	366
832	64	384	722	202	368
896	64	384	778	214	370
960	64	384	832	228	373
1023	64	384	886	241	376
0	128	384	75	139	357
64	128	384	93	139	357
128	128	384	132	142	357
192	128	384	181	144	357
256	128	384	235	148	357
320	128	384	289	152	357
384	128	384	345	160	357
448	128	384	401	167	359
512	128	384	454	175	360
576	128	384	506	184	361
640	128	384	561	193	363
704	128	384	618	204	365
768	128	384	668	215	367
832	128	384	722	226	370
896	128	384	779	237	372
960	128	384	832	248	374
1023	128	384	886	260	376
0	192	384	104	195	359
64	192	384	116	196	359
128	192	384	149	198	359
192	192	384	193	199	360
256	192	384	243	202	360
320	192	384	295	206	359
384	192	384	350	210	360
448	192	384	406	216	361
512	192	384	457	223	362
576	192	384	509	230	363
640	192	384	563	237	365
704	192	384	619	245	367
768	192	384	669	254	369
832	192	384	723	263	372
896	192	384	779	272	373
960	192	384	833	281	375
1023	192	384	887	292	377
0	256	384	134	256	363
64	256	384	143	256	363
128	256	384	170	258	363
192	256	384	209	259	363
256	256	384	255	261	363
320	256	384	305	264	362
384	256	384	358	267	363
448	256	384	411	272	364
512	256	384	462	276	365
576	256	384	513	282	366
640	256	384	567	288	368
704	256	384	621	294	368
768	256	384	672	301	371
832	256	384	725	308	373
896	256	384	782	316	375
960	256	384	835	323	377
1023	256	384	889	332	380
0	320	384	165	317	365
64	320	384	172	317	365
128	320	384	194	317	365
192	320	384	229	319	365
256	320	384	270	321	365
320	320	384	317	323	365
384	320	384	368	326	366
448	320	384	419	329	366
512	320	384	469	333	368
576	320	384	519	337	369
640	320	384	573	341	370
704	320	384	626	347	372
768	320	384	676	353	374
832	320	384	729	359	376
896	320	384	785	365	378
960	320	384	838	372	381
1023	320	384	892	379	384
0	384	384	197	378	371
64	384	384	202	379	371
128	384	384	221	379	371
192	384	384	251	380	371
256	384	384	289	382	371
320	384	384	333	384	370
384	384	384	381	386	371
448	384	384	429	388	372
512	384	384	477	391	373
576	384	384	526	395	374
640	384	384	580	399	375
704	384	384	631	403	376
768	384	384	681	408	378
832	384	384	733	413	380
896	384	384	790	418	382
960	384	384	842	423	385
1023	384	384	895	430	387
0	448	384	229	439	375
64	448	384	233	440	376
128	448	384	250	440	375
192	448	384	275	441	376
256	448	384	310	442	375
320	448	384	351	444	375
384	448	384	397	445	376
448	448	384	441	447	376
512	448	384	488	450	377
576	448	384	537	453	379
640	448	384	590	456	380
704	448	384	638	460	382
768	448	384	688	464	384
832	448	384	740	468	386
896	448	384	795	472	388
960	448	384	847	477	390
1023	448	384	901	483	393
0	512	384	261	501	382
64	512	384	265	501	382
128	512	384	278	502	382
192	512	384	302	502	381
256	512	384	334	503	381
320	512	384	372	504	382
384	512	384	413	505	382
448	512	384	456	507	383
512	512	384	501	509	384
576	512	384	548	511	385
640	512	384	601	515	387
704	512	384	646	518	388
768	512	384	696	521	390
832	512	384	748	524	392
896	512	384	802	529	394
960	512	384	855	533	397
1023	512	384	906	538	399
0	576	384	292	562	388
64	576	384	296	562	388
128	576	384	308	562	388
192	576	384	330	563	388
256	576	384	358	564	389
320	576	384	394	565	390
384	576	384	431	566	390
448	576	384	472	567	391
512	576	384	515	569	392
576	576	384	562	571	393
640	576	384	612	574	394
704	576	384	657	577	396
768	576	384	706	580	397
832	576	384	757	582	399
896	576	384	810	586	401
960	576	384	862	590	404
1023	576	384	913	594	406
0	640	384	325	623	396
64	640	384	328	623	396
128	640	384	339	623	396
192	640	384	358	624	397
256	640	384	385	624	397
320	640	384	416	625	397
384	640	384	451	626	398
448	640	384	490	628	399
512	640	384	531	629	400
576	640	384	578	631	401
640	640	384	624	633	402
704	640	384	669	636	404
768	640	384	717	639	405
832	640	384	770	641	407
896	640	384	820	645	409
960	640	384	871	647	411
1023	640	384	922	652	413
0	704	384	358	683	406
64	704	384	361	684	406
128	704	384	371	684	406
192	704	384	388	684	406
256	704	384	411	685	406
320	704	384	439	686	407
384	704	384	473	687	407
448	704	384	509	688	408
512	704	384	550	690	409
576	704	384	596	691	410
640	704	384	638	693	411
704	704	384	682	695	412
768	704	384	730	697	414
832	704	384	782	700	415
896	704	384	831	703	418
960	704	384	882	706	420
1023	704	384	932	709	422
0	768	384	391	743	416
64	768	384	393	744	416
128	768	384	402	744	416
192	768	384	417	744	416
256	768	384	437	745	416
320	768	384	464	746	416
384	768	384	495	747	417
448	768	384	530	748	418
512	768	384	570	750	419
576	768	384	613	751	420
640	768	384	654	754	421
704	768	384	699	756	422
768	768	384	745	757	424
832	768	384	795	760	425
896	768	384	843	762	427
960	768	384	892	765	429
1023	768	384	942	768	431
0	832	384	423	807	426
64	832	384	425	807	426
128	832	384	432	807	426
192	832	384	446	808	426
256	832	384	465	808	427
320	832	384	490	809	427
384	832	384	519	809	427
448	832	384	553	810	428
512	832	384	593	811	429
576	832	384	631	813	431
640	832	384	671	815	432
704	832	384	715	817	433
768	832	384	761	818	434
832	832	384	809	820	436
896	832	384	857	822	438
960	832	384	906	825	440
1023	832	384	954	827	442
0	896	384	454	867	437
64	896	384	456	867	437
128	896	384	463	867	437
192	896	384	475	868	438
256	896	384	493	869	438
320	896	384	516	869	438
384	896	384	544	870	439
448	896	384	578	871	439
512	896	384	614	872	440
576	896	384	649	873	441
640	896	384	689	875	442
704	896	384	732	877	443
768	896	384	779	878	445
832	896	384	823	880	446
896	896	384	870	882	448
960	896	384	919	884	450
1023	896	384	967	888	453
0	960	384	485	928	448
64	960	384	487	928	449
128	960	384	493	928	449
192	960	384	505	928	449
256	960	384	521	928	449
320	960	384	543	929	450
384	960	384	571	930	451
448	960	384	604	931	451
512	960	384	635	931	452
576	960	384	669	933	453
640	960	384	708	934	454
704	960	384	751	935	455
768	960	384	796	936	456
832	960	384	839	938	458
896	960	384	885	940	460
960	960	384	933	942	462
1023	960	384	980	945	464
0	1023	384	515	988	461
64	1023	384	517	988	461
128	1023	384	523	988	461
192	1023	384	534	988	462
256	1023	384	550	988	462
320	1023	384	572	989	462
384	1023	384	599	990	463
448	1023	384	626	991	464
512	1023	384	656	992	464
576	1023	384	691	993	465
640	1023	384	729	994	466
704	1023	384	771	995	467
768	1023	384	813	996	468
832	1023	384	857	998	470
896	1023	384	902	1000	472
960	1023	384	948	1002	473
1023	1023	384	994	1004	475
0	0	448	48	82	416
64	0	448	72	82	416
128	0	448	120	85	415
192	0	448	175	89	415
256	0	448	230	97	414
320	0	448	285	104	414
384	0	448	342	116	414
448	0	448	399	126	415
512	0	448	452	137	416
576	0	448	505	149	417
640	0	448	560	160	418
704	0	448	617	174	419
768	0	448	668	186	421
832	0	448	722	199	423
896	0	448	778	212	424
960	0	448	832	225	426
1023	0	448	886	238	428
0	64	448	57	99	416
64	64	448	80	101	416
128	64	448	123	103	416
192	64	448	177	106	415
256	64	448	232	111	415
320	64	448	286	119	414
384	64	448	343	129	415
448	64	448	400	137	415
512	64	448	453	148	416
576	64	448	505	158	417
640	64	448	560	169	418
704	64	448	618	181	420
768	64	448	668	193	421
832	64	448	722	206	423
896	64	448	779	219	424
960	64	448	832	231	426
1023	64	448	886	244	429
0	128	448	82	145	417
64	128	448	95	145	417
128	128	448	134	147	416
192	128	448	183	149	416
256	128	448	236	153	416
320	128	448	290	159	415
384	128	448	346	165	416
448	128	448	402	173	416
512	128	448	455	180	417
576	128	448	507	188	418
640	128	448	561	198	419
704	128	448	618	207	420
768	128	448	668	218	422
832	128	448	723	230	424
896	128	448	779	240	425
960	128	448	832	252	427
1023	128	448	887	263	430
0	192	448	108	200	418
64	192	448	119	200	418
128	192	448	151	201	418
192	192	448	194	203	418
256	192	448	245	206	417
320	192	448	297	210	416
384	192	448	351	215	417
448	192	448	407	221	418
512	192	448	458	227	418
576	192	448	510	234	419
640	192	448	564	240	420
704	192	448	620	248	422
768	192	448	670	257	423
832	192	448	724	266	425
896	192	448	780	275	427
960	192	448	833	284	429
1023	192	448	887	294	430
0	256	448	137	259	420
64	256	448	145	259	420
128	256	448	172	260	420
192	256	448	210	262	420
256	256	448	257	265	419
320	256	448	307	267	419
384	256	448	359	271	419
448	256	448	412	275	420
512	256	448	463	280	421
576	256	448	514	284	422
640	256	448	568	290	423
704	256	448	622	297	423
768	256	448	672	304	425
832	256	448	726	310	426
896	256	448	782	318	428
960	256	448	835	326	430
1023	256	448	889	334	432
0	320	448	167	319	422
64	320	448	175	320	422
128	320	448	196	320	422
192	320	448	230	322	421
256	320	448	272	323	421
320	320	448	319	326	421
384	320	448	370	329	421
448	320	448	420	332	422
512	320	448	469	335	422
576	320	448	520	339	423
640	320	448	574	344	425
704	320	448	626	349	426
768	320	448	676	355	428
832	320	448	729	361	429
896	320	448	786	368	431
960	320	448	839	374	433
1023	320	448	892	381	435
0	384	448	198	381	426
64	384	448	203	381	426
128	384	448	223	381	426
192	384	448	252	382	425
256	384	448	290	384	425
320	384	448	334	386	425
384	384	448	382	389	425
448	384	448	430	391	426
512	384	448	477	393	426
576	384	448	527	397	427
640	384	448	580	400	428
704	384	448	632	405	430
768	384	448	682	410	431
832	384	448	734	415	432
896	384	448	790	420	434
960	384	448	843	425	436
1023	384	448	896	431	438
0	448	448	230	441	430
64	448	448	235	441	430
128	448	448	250	442	429
192	448	448	276	443	429
256	448	448	311	444	429
320	448	448	352	446	429
384	448	448	398	447	430
448	448	448	442	449	430
512	448	448	489	452	430
576	448	448	537	455	431
640	448	448	590	458	432
704	448	448	639	462	434
768	448	448	688	465	436
832	448	448	741	470	437
896	448	448	796	474	439
960	448	448	848	478	440
1023	448	448	901	484	443
0	512	448	262	503	434
64	512	448	266	503	435
128	512	448	280	503	434
192	512	448	303	504	434
256	512	448	334	505	434
320	512	448	373	506	434
384	512	448	414	508	435
448	512	448	457	509	435
512	512	448	502	511	436
576	512	448	549	513	437
640	512	448	602	516	438
704	512	448	647	519	439
768	512	448	697	523	440
832	512	448	749	526	442
896	512	448	802	530	444
960	512	448	855	535	446
1023	512	448	907	539	448
0	576	448	294	564	439
64	576	448	297	564	439
128	576	448	309	564	439
192	576	448	331	565	439
256	576	448	360	566	440
320	576	448	395	567	440
384	576	448	432	568	440
448	576	448	473	569	441
512	576	448	516	570	442
576	576	448	563	573	443
640	576	448	613	576	444
704	576	448	658	579	445
768	576	448	707	581	446
832	576	448	758	584	447
896	576	448	810	587	450
960	576	448	863	591	452
1023	576	448	914	596	454
0	640	448	326	624	446
64	640	448	329	624	446
128	640	448	340	624	446
192	640	448	359	625	446
256	640	448	385	626	447
320	640	448	417	626	447
384	640	448	452	628	447
448	640	448	490	629	447
512	640	448	532	631	449
576	640	448	578	633	449
640	640	448	625	635	451
704	640	448	670	638	452
768	640	448	718	640	454
832	640	448	770	643	455
896	640	448	820	646	457
960	640	448	872	649	459
1023	640	448	922	653	461
0	704	448	359	685	454
64	704	448	362	685	454
128	704	448	372	685	454
192	704	448	389	686	454
256	704	448	412	687	454
320	704	448	440	687	455
384	704	448	473	688	455
448	704	448	510	689	456
512	704	448	551	691	457
576	704	448	597	693	458
640	704	448	639	695	459
704	704	448	683	697	460
768	704	448	731	699	461
832	704	448	783	701	463
896	704	448	832	704	464
960	704	448	882	707	466
1023	704	448	932	710	468
0	768	448	392	745	462
64	768	448	395	745	463
128	768	448	403	745	462
192	768	448	417	746	463
256	768	448	438	747	463
320	768	448	465	747	464
384	768	448	495	748	464
448	768	448	531	750	465
512	768	448	571	751	465
576	768	448	614	753	467
640	768	448	654	756	468
704	768	448	699	758	469
768	768	448	746	759	470
832	768	448	796	761	471
896	768	448	844	764	473
960	768	448	893	767	475
1023	768	448	944	770	476
0	832	448	424	809	472
64	832	448	426	809	472
128	832	448	433	809	472
192	832	448	447	809	472
256	832	448	466	809	473
320	832	448	490	810	473
384	832	448	519	810	473
448	832	448	553	811	474
512	832	448	593	813	475
576	832	448	632	815	476
640	832	448	672	817	477
704	832	448	716	818	478
768	832	448	762	819	479
832	832	448	809	821	480
896	832	448	858	824	483
960	832	448	906	826	484
1023	832	448	955	828	486
0	896	448	455	869	482
64	896	448	457	869	482
128	896	448	464	869	483
192	896	448	476	869	483
256	896	448	494	870	483
320	896	448	517	871	483
384	896	448	545	872	484
448	896	448	579	872	485
512	896	448	615	873	485
576	896	448	650	875	486
640	896	448	690	876	487
704	896	448	732	878	488
768	896	448	780	880	489
832	896	448	824	881	490
896	896	448	871	883	491
960	896	448	919	886	493
1023	896	448	968	889	495
0	960	448	486	929	492
64	960	448	488	929	492
128	960	448	494	929	492
192	960	448	505	929	493
256	960	448	522	930	493
320	960	448	544	930	494
384	960	448	572	931	494
448	960	448	604	932	495
512	960	448	635	933	495
576	960	448	670	934	496
640	960	448	709	936	497
704	960	448	751	937	498
768	960	448	797	938	499
832	960	448	840	940	500
896	960	448	886	942	502
960	960	448	934	944	503
1023	960	448	980	946	505
0	1023	448	516	989	504
64	1023	448	518	989	504
128	1023	448	524	989	504
192	1023	448	535	989	504
256	1023	448	551	989	504
320	1023	448	573	990	504
384	1023	448	600	991	505
448	1023	448	627	992	505
512	1023	448	657	993	506
576	1023	448	691	994	507
640	1023	448	730	996	508
704	1023	448	772	996	508
768	1023	448	814	998	510
832	1023	448	858	999	511
896	1023	448	902	1001	512
960	1023	448	949	1003	514
1023	1023	448	995	1006	516
0	0	512	57	93	471
64	0	512	80	93	471
128	0	512	125	97	471
192	0	512	176	101	471
256	0	512	232	106	471
320	0	512	286	114	471
384	0	512	343	123	472
448	0	512	400	133	472
512	0	512	453	143	473
576	0	512	506	155	473
640	0	512	561	167	475
704	0	512	617	179	476
768	0	512	668	191	477
832	0	512	722	203	479
896	0	512	779	216	480
960	0	512	833	230	482
1023	0	512	887	242	481
0	64	512	63	109	471
64	64	512	85	109	471
128	64	512	128	111	471
192	64	512	178	114	471
256	64	512	233	120	471
320	64	512	288	128	472
384	64	512	344	136	472
448	64	512	401	144	473
512	64	512	454	153	473
576	64	512	506	165	474
640	64	512	561	175	475
704	64	512	618	187	476
768	64	512	668	198	477
832	64	512	722	210	479
896	64	512	779	223	480
960	64	512	833	235	482
1023	64	512	887	248	481
0	128	512	85	151	472
64	128	512	99	151	472
128	128	512	137	152	473
192	128	512	185	156	473
256	128	512	238	160	473
320	128	512	291	164	473
384	128	512	347	170	473
448	128	512	404	178	473
512	128	512	456	185	474
576	128	512	508	193	474
640	128	512	563	202	476
704	128	512	619	212	477
768	128	512	669	223	478
832	128	512	723	234	480
896	128	512	779	244	481
960	128	512	833	255	480
1023	128	512	887	266	482
0	192	512	111	204	475
64	192	512	120	205	475
128	192	512	153	206	475
192	192	512	196	208	475
256	192	512	246	210	475
320	192	512	298	215	473
384	192	512	352	219	474
448	192	512	407	225	474
512	192	512	459	230	475
576	192	512	511	237	476
640	192	512	565	244	477
704	192	512	620	252	478
768	192	512	670	261	480
832	192	512	724	269	481
896	192	512	780	279	483
960	192	512	834	288	481
1023	192	512	888	297	483
0	256	512	139	263	478
64	256	512	147	263	478
128	256	512	174	263	478
192	256	512	212	265	478
256	256	512	258	267	479
320	256	512	308	270	475
384	256	512	360	274	476
448	256	512	413	278	476
512	256	512	464	283	477
576	256	512	515	288	478
640	256	512	569	294	477
704	256	512	623	300	478
768	256	512	672	307	479
832	256	512	726	314	480
896	256	512	783	321	481
960	256	512	836	329	483
1023	256	512	890	337	485
0	320	512	169	322	476
64	320	512	176	322	476
128	320	512	198	323	477
192	320	512	232	324	477
256	320	512	273	326	477
320	320	512	320	328	476
384	320	512	370	331	477
448	320	512	421	335	477
512	320	512	470	338	478
576	320	512	520	342	479
640	320	512	574	346	479
704	320	512	627	352	481
768	320	512	677	358	481
832	320	512	729	364	482
896	320	512	787	370	484
960	320	512	839	377	486
1023	320	512	892	384	487
0	384	512	199	383	482
64	384	512	206	383	482
128	384	512	224	384	482
192	384	512	253	385	483
256	384	512	291	386	483
320	384	512	335	389	480
384	384	512	383	391	480
448	384	512	431	393	481
512	384	512	478	395	481
576	384	512	528	399	481
640	384	512	581	403	482
704	384	512	632	408	483
768	384	512	682	412	484
832	384	512	734	417	485
896	384	512	791	422	487
960	384	512	844	428	489
1023	384	512	896	433	490
0	448	512	232	443	484
64	448	512	236	443	484
128	448	512	252	444	484
192	448	512	277	445	483
256	448	512	312	446	482
320	448	512	353	448	483
384	448	512	399	450	483
448	448	512	443	451	483
512	448	512	489	454	484
576	448	512	538	457	485
640	448	512	591	460	486
704	448	512	640	464	487
768	448	512	689	468	488
832	448	512	741	472	489
896	448	512	797	477	491
960	448	512	849	481	492
1023	448	512	901	486	494
0	512	512	263	505	488
64	512	512	267	505	488
128	512	512	281	505	487
192	512	512	304	506	487
256	512	512	336	507	487
320	512	512	374	508	488
384	512	512	415	510	488
448	512	512	458	511	488
512	512	512	502	513	488
576	512	512	550	516	489
640	512	512	603	519	490
704	512	512	648	522	491
768	512	512	697	525	492
832	512	512	750	529	493
896	512	512	803	532	495
960	512	512	856	536	497
1023	512	512	907	541	498
0	576	512	295	566	491
64	576	512	298	566	491
128	576	512	311	566	491
192	576	512	331	567	491
256	576	512	361	567	492
320	576	512	396	569	492
384	576	512	433	570	492
448	576	512	473	571	493
512	576	512	517	573	494
576	576	512	564	575	494
640	576	512	613	578	495
704	576	512	659	581	497
768	576	512	707	583	498
832	576	512	759	586	499
896	576	512	811	589	500
960	576	512	863	594	502
1023	576	512	915	598	504
0	640	512	327	626	497
64	640	512	330	626	497
128	640	512	341	626	498
192	640	512	360	627	498
256	640	512	386	628	498
320	640	512	418	629	498
384	640	512	452	630	498
448	640	512	491	631	499
512	640	512	533	633	500
576	640	512	580	635	501
640	640	512	626	637	502
704	640	512	671	640	503
768	640	512	719	642	504
832	640	512	771	645	505
896	640	512	821	648	506
960	640	512	873	651	508
1023	640	512	923	655	510
0	704	512	361	687	504
64	704	512	363	687	505
128	704	512	373	688	505
192	704	512	390	688	505
256	704	512	414	689	505
320	704	512	441	689	505
384	704	512	474	690	505
448	704	512	511	691	506
512	704	512	552	693	507
576	704	512	598	695	508
640	704	512	640	697	508
704	704	512	685	699	510
768	704	512	732	701	510
832	704	512	784	703	512
896	704	512	832	706	513
960	704	512	883	709	515
1023	704	512	933	712	516
0	768	512	393	748	512
64	768	512	396	748	512
128	768	512	405	748	512
192	768	512	419	748	512
256	768	512	440	749	512
320	768	512	466	750	513
384	768	512	497	751	513
448	768	512	532	752	514
512	768	512	573	753	514
576	768	512	615	755	515
640	768	512	655	758	516
704	768	512	700	759	517
768	768	512	747	762	518
832	768	512	797	763	519
896	768	512	845	766	520
960	768	512	894	769	522
1023	768	512	945	772	524
0	832	512	425	811	521
64	832	512	427	811	521
128	832	512	435	811	521
192	832	512	448	811	521
256	832	512	467	811	521
320	832	512	492	812	521
384	832	512	521	813	522
448	832	512	555	814	522
512	832	512	595	815	523
576	832	512	633	816	523
640	832	512	672	818	524
704	832	512	716	820	525
768	832	512	764	821	526
832	832	512	810	823	527
896	832	512	858	825	529
960	832	512	907	827	530
1023	832	512	956	830	532
0	896	512	456	871	529
64	896	512	458	871	530
128	896	512	465	871	530
192	896	512	477	871	530
256	896	512	495	872	530
320	896	512	518	872	530
384	896	512	546	873	530
448	896	512	580	874	531
512	896	512	616	876	532
576	896	512	651	877	533
640	896	512	691	879	533
704	896	512	733	879	534
768	896	512	780	881	535
832	896	512	825	883	536
896	896	512	872	885	537
960	896	512	921	888	539
1023	896	512	968	890	540
0	960	512	487	931	538
64	960	512	489	931	538
128	960	512	495	931	539
192	960	512	506	931	539
256	960	512	523	932	539
320	960	512	545	932	539
384	960	512	573	933	540
448	960	512	606	934	540
512	960	512	637	935	541
576	960	512	672	936	542
640	960	512	711	938	542
704	960	512	753	939	543
768	960	512	798	940	544
832	960	512	842	942	546
896	960	512	888	944	547
960	960	512	935	946	548
1023	960	512	982	948	550
0	1023	512	517	990	549
64	1023	512	519	990	549
128	1023	512	525	991	549
192	1023	512	536	991	549
256	1023	512	552	991	549
320	1023	512	574	992	550
384	1023	512	601	993	550
448	1023	512	628	994	551
512	1023	512	658	994	551
576	1023	512	692	995	552
640	1023	512	731	997	553
704	1023	512	773	998	554
768	1023	512	815	1000	555
832	1023	512	859	1000	556
896	1023	512	903	1003	557
960	1023	512	951	1005	559
1023	1023	512	997	1008	561
0	0	576	63	104	529
64	0	576	85	106	529
128	0	576	128	108	529
192	0	576	179	111	528
256	0	576	233	116	528
320	0	576	288	125	528
384	0	576	345	132	527
448	0	576	401	141	528
512	0	576	454	152	529
576	0	576	507	162	529
640	0	576	562	173	530
704	0	576	618	184	531
768	0	576	669	197	532
832	0	576	723	209	533
896	0	576	780	222	535
960	0	576	835	235	537
1023	0	576	889	247	538
0	64	576	69	119	529
64	64	576	89	119	529
128	64	576	130	122	529
192	64	576	181	125	529
256	64	576	234	130	529
320	64	576	289	136	529
384	64	576	346	143	528
448	64	576	402	151	529
512	64	576	455	161	529
576	64	576	508	171	530
640	64	576	562	181	530
704	64	576	618	193	531
768	64	576	669	204	532
832	64	576	723	215	533
896	64	576	780	228	535
960	64	576	835	241	537
1023	64	576	889	253	538
0	128	576	89	158	530
64	128	576	103	158	530
128	128	576	139	161	530
192	128	576	188	163	530
256	128	576	239	166	530
320	128	576	293	171	530
384	128	576	348	177	529
448	128	576	405	183	529
512	128	576	457	190	529
576	128	576	509	199	530
640	128	576	563	208	531
704	128	576	619	217	532
768	128	576	669	228	533
832	128	576	723	238	534
896	128	576	781	249	536
960	128	576	835	260	538
1023	128	576	889	271	539
0	192	576	114	209	532
64	192	576	123	210	532
128	192	576	156	211	532
192	192	576	198	212	532
256	192	576	248	215	532
320	192	576	299	220	529
384	192	576	353	225	530
448	192	576	408	229	530
512	192	576	460	236	531
576	192	576	512	242	531
640	192	576	566	248	532
704	192	576	621	256	533
768	192	576	671	265	534
832	192	576	725	273	535
896	192	576	782	283	537
960	192	576	836	292	539
1023	192	576	890	302	538
0	256	576	142	267	535
64	256	576	150	267	535
128	256	576	176	268	535
192	256	576	214	269	535
256	256	576	259	271	535
320	256	576	309	275	531
384	256	576	361	278	532
448	256	576	414	282	532
512	256	576	465	286	533
576	256	576	516	292	533
640	256	576	570	298	532
704	256	576	624	304	533
768	256	576	673	310	534
832	256	576	727	317	535
896	256	576	784	325	536
960	256	576	838	333	538
1023	256	576	891	341	539
0	320	576	172	326	533
64	320	576	178	326	533
128	320	576	199	326	533
192	320	576	233	328	532
256	320	576	275	330	533
320	320	576	322	332	531
384	320	576	372	335	532
448	320	576	422	338	532
512	320	576	471	342	533
576	320	576	522	346	533
640	320	576	576	350	534
704	320	576	628	356	535
768	320	576	678	362	536
832	320	576	731	367	538
896	320	576	788	373	538
960	320	576	841	380	540
1023	320	576	893	387	542
0	384	576	202	386	538
64	384	576	207	386	538
128	384	576	226	387	538
192	384	576	255	388	538
256	384	576	293	390	538
320	384	576	337	392	535
384	384	576	385	394	535
448	384	576	432	397	535
512	384	576	480	400	536
576	384	576	530	403	536
640	384	576	583	407	536
704	384	576	634	411	537
768	384	576	684	416	539
832	384	576	736	420	539
896	384	576	792	425	540
960	384	576	845	431	542
1023	384	576	897	436	543
0	448	576	233	446	539
64	448	576	238	447	539
128	448	576	253	447	539
192	448	576	279	448	539
256	448	576	314	449	537
320	448	576	355	451	537
384	448	576	400	453	538
448	448	576	444	455	538
512	448	576	491	457	538
576	448	576	539	460	539
640	448	576	593	463	540
704	448	576	641	467	541
768	448	576	691	471	542
832	448	576	742	474	543
896	448	576	798	479	544
960	448	576	851	485	544
1023	448	576	903	489	547
0	512	576	265	507	542
64	512	576	269	507	542
128	512	576	282	508	542
192	512	576	305	508	541
256	512	576	337	509	541
320	512	576	376	511	541
384	512	576	416	512	541
448	512	576	459	514	542
512	512	576	504	516	542
576	512	576	552	518	543
640	512	576	604	521	543
704	512	576	650	524	545
768	512	576	699	528	546
832	512	576	752	532	547
896	512	576	805	535	548
960	512	576	857	539	549
1023	512	576	908	544	551
0	576	576	297	569	545
64	576	576	300	569	545
128	576	576	312	569	545
192	576	576	333	569	545
256	576	576	362	570	546
320	576	576	397	571	546
384	576	576	434	572	546
448	576	576	475	574	547
512	576	576	518	576	547
576	576	576	566	578	548
640	576	576	615	580	548
704	576	576	660	583	549
768	576	576	709	586	550
832	576	576	761	589	551
896	576	576	812	592	552
960	576	576	865	596	554
1023	576	576	916	600	556
0	640	576	329	629	551
64	640	576	332	629	551
128	640	576	343	630	551
192	640	576	362	630	551
256	640	576	389	631	552
320	640	576	420	632	552
384	640	576	455	633	552
448	640	576	493	634	552
512	640	576	535	636	553
576	640	576	582	638	553
640	640	576	627	640	555
704	640	576	672	642	555
768	640	576	721	645	556
832	640	576	772	647	557
896	640	576	822	650	558
960	640	576	874	653	560
1023	640	576	925	657	562
0	704	576	362	690	557
64	704	576	365	690	557
128	704	576	375	690	557
192	704	576	392	691	558
256	704	576	415	691	558
320	704	576	443	692	558
384	704	576	476	693	558
448	704	576	512	694	559
512	704	576	553	696	559
576	704	576	599	697	560
640	704	576	640	699	561
704	704	576	686	702	562
768	704	576	734	704	563
832	704	576	785	705	564
896	704	576	833	708	564
960	704	576	883	711	566
1023	704	576	934	714	568
0	768	576	395	750	564
64	768	576	398	750	565
128	768	576	406	751	564
192	768	576	420	751	565
256	768	576	441	752	565
320	768	576	468	752	565
384	768	576	498	753	566
448	768	576	534	755	566
512	768	576	574	756	567
576	768	576	617	757	567
640	768	576	656	759	568
704	768	576	701	761	569
768	768	576	748	764	570
832	768	576	798	766	571
896	768	576	846	768	572
960	768	576	895	770	573
1023	768	576	946	774	575
0	832	576	426	813	573
64	832	576	429	813	573
128	832	576	436	813	573
192	832	576	449	813	573
256	832	576	469	814	573
320	832	576	493	814	573
384	832	576	522	815	573
448	832	576	556	816	574
512	832	576	596	817	574
576	832	576	634	818	575
640	832	576	674	820	576
704	832	576	717	821	576
768	832	576	765	823	577
832	832	576	811	825	578
896	832	576	859	826	579
960	832	576	908	829	581
1023	832	576	957	832	583
0	896	576	457	873	580
64	896	576	459	872	580
128	896	576	466	873	580
192	896	576	478	873	580
256	896	576	496	873	580
320	896	576	519	874	581
384	896	576	546	874	581
448	896	576	581	876	582
512	896	576	617	877	582
576	896	576	652	879	583
640	896	576	692	880	584
704	896	576	734	881	585
768	896	576	782	883	585
832	896	576	826	885	586
896	896	576	874	887	588
960	896	576	922	890	590
1023	896	576	969	892	591
0	960	576	488	932	589
64	960	576	489	932	589
128	960	576	496	932	589
192	960	576	507	933	589
256	960	576	524	933	590
320	960	576	546	934	590
384	960	576	574	934	590
448	960	576	607	935	591
512	960	576	637	937	591
576	960	576	672	937	592
640	960	576	711	939	593
704	960	576	753	940	593
768	960	576	799	942	595
832	960	576	843	944	596
896	960	576	888	945	597
960	960	576	936	948	599
1023	960	576	983	951	600
0	1023	576	518	992	599
64	1023	576	520	992	599
128	1023	576	526	993	599
192	1023	576	537	993	599
256	1023	576	553	993	599
320	1023	576	575	994	599
384	1023	576	602	994	600
448	1023	576	629	995	600
512	1023	576	659	996	601
576	1023	576	694	997	602
640	1023	576	732	998	603
704	1023	576	774	1000	603
768	1023	576	816	1001	604
832	1023	576	859	1001	604
896	1023	576	904	1003	606
960	1023	576	952	1007	608
1023	1023	576	997	1009	609
0	0	640	75	116	588
64	0	640	89	117	588
128	0	640	130	119	588
192	0	640	181	123	588
256	0	640	235	128	587
320	0	640	290	134	587
384	0	640	346	142	586
448	0	640	403	151	587
512	0	640	456	160	587
576	0	640	508	169	588
640	0	640	563	180	588
704	0	640	619	191	589
768	0	640	670	202	590
832	0	640	724	215	591
896	0	640	781	228	593
960	0	640	836	240	594
1023	0	640	890	252	596
0	64	640	80	129	588
64	64	640	93	130	588
128	64	640	133	133	588
192	64	640	183	136	588
256	64	640	236	139	588
320	64	640	291	145	587
384	64	640	347	152	586
448	64	640	404	160	587
512	64	640	456	168	587
576	64	640	509	178	588
640	64	640	563	188	588
704	64	640	620	198	589
768	64	640	670	210	590
832	64	640	724	222	591
896	64	640	781	234	593
960	64	640	836	246	594
1023	64	640	890	258	596
0	128	640	95	166	589
64	128	640	108	167	589
128	128	640	143	168	589
192	128	640	189	170	589
256	128	640	242	174	589
320	128	640	295	179	588
384	128	640	350	183	587
448	128	640	406	190	588
512	128	640	458	197	588
576	128	640	510	205	588
640	128	640	564	214	589
704	128	640	620	223	590
768	128	640	671	233	591
832	128	640	725	243	592
896	128	640	782	254	593
960	128	640	836	265	595
1023	128	640	890	276	597
0	192	640	117	216	591
64	192	640	129	216	591
128	192	640	158	217	591
192	192	640	201	219	591
256	192	640	250	223	590
320	192	640	301	225	588
384	192	640	355	230	588
448	192	640	410	235	589
512	192	640	461	240	589
576	192	640	513	247	590
640	192	640	567	253	590
704	192	640	622	261	591
768	192	640	672	269	592
832	192	640	726	278	593
896	192	640	783	287	595
960	192	640	837	296	594
1023	192	640	891	306	595
0	256	640	145	271	593
64	256	640	153	272	594
128	256	640	179	272	594
192	256	640	216	274	593
256	256	640	261	276	593
320	256	640	310	279	590
384	256	640	363	282	590
448	256	640	415	286	590
512	256	640	465	291	591
576	256	640	517	296	589
640	256	640	571	302	590
704	256	640	625	308	590
768	256	640	675	314	592
832	256	640	728	321	593
896	256	640	785	329	594
960	256	640	839	337	595
1023	256	640	893	345	597
0	320	640	174	330	591
64	320	640	180	330	591
128	320	640	202	331	591
192	320	640	236	332	591
256	320	640	276	334	591
320	320	640	323	336	590
384	320	640	373	338	590
448	320	640	423	342	590
512	320	640	473	345	591
576	320	640	523	349	591
640	320	640	577	354	592
704	320	640	629	360	593
768	320	640	679	365	594
832	320	640	732	371	595
896	320	640	789	377	596
960	320	640	841	384	598
1023	320	640	895	390	599
0	384	640	204	390	596
64	384	640	209	390	596
128	384	640	228	391	596
192	384	640	257	392	596
256	384	640	294	393	593
320	384	640	338	395	593
384	384	640	386	397	593
448	384	640	433	399	593
512	384	640	482	403	593
576	384	640	531	406	593
640	384	640	585	410	594
704	384	640	635	414	595
768	384	640	685	418	596
832	384	640	737	423	597
896	384	640	794	428	598
960	384	640	846	433	599
1023	384	640	899	439	600
0	448	640	235	450	597
64	448	640	240	450	597
128	448	640	255	450	597
192	448	640	281	451	597
256	448	640	315	452	595
320	448	640	356	454	595
384	448	640	401	455	596
448	448	640	446	457	596
512	448	640	492	460	596
576	448	640	541	462	597
640	448	640	594	466	597
704	448	640	642	470	599
768	448	640	692	474	600
832	448	640	744	477	600
896	448	640	799	482	600
960	448	640	851	486	602
1023	448	640	904	492	604
0	512	640	266	510	600
64	512	640	270	510	600
128	512	640	283	510	600
192	512	640	307	511	598
256	512	640	338	512	598
320	512	640	376	513	598
384	512	640	418	514	598
448	512	640	460	516	599
512	512	640	505	518	599
576	512	640	553	521	600
640	512	640	605	524	601
704	512	640	651	527	602
768	512	640	700	531	603
832	512	640	753	534	604
896	512	640	806	538	604
960	512	640	858	541	605
1023	512	640	909	546	607
0	576	640	298	571	602
64	576	640	302	571	602
128	576	640	314	571	602
192	576	640	335	572	603
256	576	640	364	573	603
320	576	640	399	573	603
384	576	640	436	575	603
448	576	640	476	576	603
512	576	640	519	578	604
576	576	640	567	580	604
640	576	640	616	582	605
704	576	640	661	585	606
768	576	640	710	588	607
832	576	640	762	591	607
896	576	640	813	594	608
960	576	640	866	598	609
1023	576	640	917	602	611
0	640	640	330	632	608
64	640	640	334	632	608
128	640	640	344	632	608
192	640	640	364	633	608
256	640	640	390	633	608
320	640	640	421	634	608
384	640	640	456	635	608
448	640	640	494	636	608
512	640	640	536	637	608
576	640	640	583	640	609
640	640	640	628	642	610
704	640	640	673	644	610
768	640	640	722	647	611
832	640	640	773	649	612
896	640	640	824	653	613
960	640	640	874	656	614
1023	640	640	925	659	616
0	704	640	363	692	613
64	704	640	366	692	613
128	704	640	376	693	613
192	704	640	393	693	613
256	704	640	416	693	613
320	704	640	444	694	613
384	704	640	477	695	613
448	704	640	513	696	614
512	704	640	554	697	614
576	704	640	600	699	614
640	704	640	642	701	615
704	704	640	687	703	616
768	704	640	734	705	617
832	704	640	786	707	617
896	704	640	834	710	618
960	704	640	884	713	619
1023	704	640	936	716	621
0	768	640	396	752	619
64	768	640	398	752	619
128	768	640	407	752	619
192	768	640	422	753	619
256	768	640	442	753	619
320	768	640	469	754	619
384	768	640	500	755	619
448	768	640	535	756	620
512	768	640	575	758	620
576	768	640	617	759	620
640	768	640	657	761	621
704	768	640	702	763	622
768	768	640	749	765	623
832	768	640	799	767	623
896	768	640	847	770	624
960	768	640	896	772	625
1023	768	640	946	776	627
0	832	640	427	814	625
64	832	640	429	814	625
128	832	640	437	814	625
192	832	640	450	815	625
256	832	640	469	815	625
320	832	640	494	816	625
384	832	640	523	816	626
448	832	640	557	817	626
512	832	640	597	818	626
576	832	640	635	820	627
640	832	640	675	821	628
704	832	640	718	823	628
768	832	640	765	825	629
832	832	640	813	827	630
896	832	640	860	828	630
960	832	640	909	831	632
1023	832	640	958	834	633
0	896	640	458	874	632
64	896	640	460	874	632
128	896	640	467	874	632
192	896	640	479	875	632
256	896	640	497	875	632
320	896	640	520	876	632
384	896	640	548	877	633
448	896	640	582	878	633
512	896	640	618	879	633
576	896	640	653	880	634
640	896	640	693	882	635
704	896	640	735	883	635
768	896	640	783	885	636
832	896	640	826	886	636
896	896	640	874	888	637
960	896	640	922	891	639
1023	896	640	970	893	640
0	960	640	489	934	639
64	960	640	491	934	639
128	960	640	497	934	639
192	960	640	508	934	639
256	960	640	525	934	639
320	960	640	546	935	639
384	960	640	575	936	640
448	960	640	608	937	640
512	960	640	638	938	641
576	960	640	673	939	641
640	960	640	712	940	642
704	960	640	754	941	642
768	960	640	799	943	643
832	960	640	843	945	644
896	960	640	889	947	645
960	960	640	937	949	646
1023	960	640	983	952	647
0	1023	640	519	994	647
64	1023	640	521	994	647
128	1023	640	527	994	647
192	1023	640	538	994	647
256	1023	640	554	994	647
320	1023	640	576	995	647
384	1023	640	603	995	648
448	1023	640	629	996	648
512	1023	640	660	998	649
576	1023	640	695	999	650
640	1023	640	732	999	650
704	1023	640	774	1000	650
768	1023	640	816	1002	651
832	1023	640	860	1004	652
896	1023	640	905	1006	653
960	1023	640	951	1008	654
1023	1023	640	997	1010	656
0	0	704	80	129	646
64	0	704	95	130	646
128	0	704	134	132	646
192	0	704	184	134	645
256	0	704	238	139	645
320	0	704	292	145	645
384	0	704	348	152	644
448	0	704	404	160	644
512	0	704	456	168	644
576	0	704	509	178	644
640	0	704	564	188	645
704	0	704	620	198	646
768	0	704	671	209	646
832	0	704	724	221	647
896	0	704	781	233	647
960	0	704	835	245	649
1023	0	704	889	257	650
0	64	704	85	141	646
64	64	704	99	142	646
128	64	704	137	143	646
192	64	704	186	145	646
256	64	704	239	149	645
320	64	704	293	156	645
384	64	704	348	161	644
448	64	704	405	168	644
512	64	704	457	177	644
576	64	704	509	186	644
640	64	704	564	195	645
704	64	704	620	206	646
768	64	704	671	216	646
832	64	704	724	228	647
896	64	704	781	240	647
960	64	704	835	251	649
1023	64	704	889	262	650
0	128	704	99	174	647
64	128	704	111	175	647
128	128	704	145	176	646
192	128	704	193	178	646
256	128	704	243	181	646
320	128	704	296	187	646
384	128	704	351	191	645
448	128	704	407	197	645
512	128	704	459	205	645
576	128	704	511	212	645
640	128	704	565	221	645
704	128	704	621	230	646
768	128	704	672	239	647
832	128	704	725	249	647
896	128	704	782	259	648
960	128	704	836	270	649
1023	128	704	890	280	650
0	192	704	123	223	648
64	192	704	133	223	648
128	192	704	162	223	648
192	192	704	203	225	648
256	192	704	252	228	648
320	192	704	303	232	646
384	192	704	356	236	646
448	192	704	411	241	646
512	192	704	462	246	646
576	192	704	514	252	646
640	192	704	568	259	646
704	192	704	623	267	647
768	192	704	673	274	648
832	192	704	726	282	649
896	192	704	783	291	649
960	192	704	837	300	647
1023	192	704	891	309	649
0	256	704	149	276	651
64	256	704	157	276	651
128	256	704	181	277	651
192	256	704	218	279	651
256	256	704	263	281	650
320	256	704	312	284	647
384	256	704	364	287	647
448	256	704	416	291	647
512	256	704	467	296	644
576	256	704	518	300	644
640	256	704	572	306	645
704	256	704	626	312	646
768	256	704	676	319	647
832	256	704	729	325	647
896	256	704	785	332	648
960	256	704	839	340	649
1023	256	704	892	348	650
0	320	704	177	334	647
64	320	704	184	334	647
128	320	704	204	334	647
192	320	704	237	336	647
256	320	704	278	337	647
320	320	704	324	340	645
384	320	704	375	342	646
448	320	704	424	346	646
512	320	704	474	349	646
576	320	704	524	353	646
640	320	704	578	357	647
704	320	704	630	363	648
768	320	704	680	369	649
832	320	704	733	374	649
896	320	704	789	380	650
960	320	704	842	387	651
1023	320	704	895	394	652
0	384	704	206	393	652
64	384	704	212	393	652
128	384	704	230	394	652
192	384	704	259	395	652
256	384	704	296	397	648
320	384	704	339	398	648
384	384	704	387	400	649
448	384	704	434	403	647
512	384	704	483	406	647
576	384	704	532	409	647
640	384	704	585	412	648
704	384	704	636	417	649
768	384	704	686	421	650
832	384	704	737	426	650
896	384	704	794	431	651
960	384	704	846	436	652
1023	384	704	899	442	653
0	448	704	237	452	653
64	448	704	242	452	653
128	448	704	257	453	653
192	448	704	283	454	653
256	448	704	317	455	649
320	448	704	357	457	650
384	448	704	403	459	650
448	448	704	447	460	650
512	448	704	494	463	650
576	448	704	542	466	651
640	448	704	595	469	651
704	448	704	643	473	652
768	448	704	693	476	653
832	448	704	745	480	653
896	448	704	800	485	654
960	448	704	852	489	655
1023	448	704	904	494	656
0	512	704	268	512	654
64	512	704	272	512	654
128	512	704	285	513	655
192	512	704	308	514	652
256	512	704	340	514	653
320	512	704	378	516	653
384	512	704	419	517	653
448	512	704	461	518	653
512	512	704	506	521	654
576	512	704	554	523	654
640	512	704	606	526	655
704	512	704	651	529	655
768	512	704	702	533	655
832	512	704	753	536	656
896	512	704	807	540	657
960	512	704	859	545	658
1023	512	704	911	549	659
0	576	704	299	573	655
64	576	704	303	573	655
128	576	704	315	573	655
192	576	704	336	573	656
256	576	704	365	574	656
320	576	704	400	575	656
384	576	704	437	576	656
448	576	704	477	578	656
512	576	704	520	580	657
576	576	704	568	582	657
640	576	704	617	584	657
704	576	704	662	588	658
768	576	704	711	590	659
832	576	704	763	594	660
896	576	704	814	597	660
960	576	704	866	600	661
1023	576	704	917	604	663
0	640	704	331	633	660
64	640	704	334	633	660
128	640	704	345	633	660
192	640	704	364	634	660
256	640	704	390	635	660
320	640	704	421	635	660
384	640	704	457	637	660
448	640	704	495	638	661
512	640	704	537	640	661
576	640	704	583	641	661
640	640	704	629	644	662
704	640	704	674	646	663
768	640	704	722	649	663
832	640	704	774	652	664
896	640	704	824	655	665
960	640	704	875	657	666
1023	640	704	926	661	668
0	704	704	365	694	665
64	704	704	367	694	665
128	704	704	377	694	665
192	704	704	394	694	665
256	704	704	417	695	665
320	704	704	445	696	665
384	704	704	478	697	665
448	704	704	515	698	666
512	704	704	555	699	666
576	704	704	601	701	666
640	704	704	642	703	667
704	704	704	687	704	667
768	704	704	735	707	668
832	704	704	787	709	669
896	704	704	835	712	670
960	704	704	885	714	671
1023	704	704	936	718	672
0	768	704	397	754	670
64	768	704	400	754	670
128	768	704	408	754	670
192	768	704	422	754	671
256	768	704	443	755	671
320	768	704	469	755	671
384	768	704	500	756	671
448	768	704	535	758	671
512	768	704	575	759	672
576	768	704	618	761	672
640	768	704	658	762	673
704	768	704	703	765	674
768	768	704	750	767	674
832	768	704	800	769	675
896	768	704	848	772	675
960	768	704	897	775	677
1023	768	704	947	778	678
0	832	704	428	816	677
64	832	704	431	816	677
128	832	704	438	816	677
192	832	704	451	816	677
256	832	704	471	817	677
320	832	704	495	818	677
384	832	704	524	818	678
448	832	704	559	819	678
512	832	704	598	820	678
576	832	704	635	822	678
640	832	704	675	823	679
704	832	704	719	825	680
768	832	704	766	827	680
832	832	704	813	828	681
896	832	704	861	830	681
960	832	704	909	833	683
1023	832	704	959	836	684
0	896	704	459	876	683
64	896	704	461	876	683
128	896	704	468	877	683
192	896	704	480	877	683
256	896	704	498	877	683
320	896	704	521	878	683
384	896	704	549	878	684
448	896	704	583	880	684
512	896	704	619	881	685
576	896	704	654	883	685
640	896	704	694	884	686
704	896	704	736	885	686
768	896	704	783	886	686
832	896	704	827	888	687
896	896	704	875	890	688
960	896	704	923	893	689
1023	896	704	971	895	691
0	960	704	490	936	690
64	960	704	491	936	690
128	960	704	498	936	690
192	960	704	509	936	690
256	960	704	526	936	690
320	960	704	548	937	690
384	960	704	576	938	691
448	960	704	608	939	691
512	960	704	639	940	692
576	960	704	674	941	692
640	960	704	713	942	692
704	960	704	755	944	693
768	960	704	800	945	694
832	960	704	845	947	695
896	960	704	890	949	696
960	960	704	938	951	697
1023	960	704	984	954	698
0	1023	704	520	995	697
64	1023	704	522	995	697
128	1023	704	528	995	697
192	1023	704	539	996	697
256	1023	704	555	996	697
320	1023	704	577	997	698
384	1023	704	604	998	698
448	1023	704	631	999	699
512	1023	704	661	1000	699
576	1023	704	695	1000	699
640	1023	704	734	1002	700
704	1023	704	777	1003	701
768	1023	704	818	1005	702
832	1023	704	862	1006	703
896	1023	704	906	1008	703
960	1023	704	953	1010	704
1023	1023	704	998	1012	705
0	0	768	87	142	703
64	0	768	101	142	702
128	0	768	138	143	702
192	0	768	187	145	702
256	0	768	239	150	702
320	0	768	293	156	702
384	0	768	348	162	701
448	0	768	405	170	701
512	0	768	457	178	702
576	0	768	510	186	702
640	0	768	565	196	702
704	0	768	620	206	702
768	0	768	671	217	703
832	0	768	725	228	704
896	0	768	782	240	705
960	0	768	836	252	703
1023	0	768	891	263	704
0	64	768	91	151	703
64	64	768	104	151	703
128	64	768	141	153	703
192	64	768	188	156	703
256	64	768	240	160	703
320	64	768	294	165	703
384	64	768	349	170	701
448	64	768	405	178	702
512	64	768	458	185	702
576	64	768	511	194	702
640	64	768	565	203	702
704	64	768	621	213	703
768	64	768	672	224	704
832	64	768	725	234	704
896	64	768	782	245	705
960	64	768	837	257	703
1023	64	768	891	269	704
0	128	768	104	182	704
64	128	768	116	183	704
128	128	768	149	185	704
192	128	768	194	187	704
256	128	768	245	189	704
320	128	768	297	194	701
384	128	768	352	198	702
448	128	768	408	205	702
512	128	768	460	212	702
576	128	768	512	219	703
640	128	768	567	228	703
704	128	768	622	236	703
768	128	768	672	245	704
832	128	768	726	255	705
896	128	768	783	265	702
960	128	768	837	275	703
1023	128	768	891	286	705
0	192	768	128	229	706
64	192	768	137	229	706
128	192	768	165	230	706
192	192	768	205	232	706
256	192	768	253	235	706
320	192	768	304	238	702
384	192	768	357	242	703
448	192	768	412	247	703
512	192	768	463	252	703
576	192	768	515	258	704
640	192	768	569	265	704
704	192	768	624	272	704
768	192	768	674	280	705
832	192	768	727	288	706
896	192	768	784	296	702
960	192	768	838	305	703
1023	192	768	892	315	704
0	256	768	152	281	709
64	256	768	160	282	709
128	256	768	184	282	709
192	256	768	221	284	709
256	256	768	265	286	709
320	256	768	313	289	704
384	256	768	365	292	704
448	256	768	417	296	700
512	256	768	468	300	700
576	256	768	519	305	701
640	256	768	573	310	701
704	256	768	627	317	702
768	256	768	677	323	703
832	256	768	730	330	703
896	256	768	787	337	704
960	256	768	840	344	704
1023	256	768	894	353	705
0	320	768	179	337	704
64	320	768	187	338	704
128	320	768	206	339	704
192	320	768	239	340	704
256	320	768	280	342	704
320	320	768	326	344	702
384	320	768	376	346	702
448	320	768	426	350	702
512	320	768	475	353	703
576	320	768	526	357	703
640	320	768	579	362	703
704	320	768	631	366	702
768	320	768	681	372	703
832	320	768	734	378	704
896	320	768	791	384	705
960	320	768	843	390	705
1023	320	768	896	397	707
0	384	768	209	397	710
64	384	768	214	397	710
128	384	768	232	397	710
192	384	768	261	398	710
256	384	768	297	400	704
320	384	768	341	401	704
384	384	768	389	404	703
448	384	768	436	407	704
512	384	768	484	409	703
576	384	768	533	412	703
640	384	768	586	416	704
704	384	768	636	420	705
768	384	768	687	425	706
832	384	768	739	429	706
896	384	768	795	434	706
960	384	768	847	440	707
1023	384	768	900	446	709
0	448	768	239	455	707
64	448	768	243	455	706
128	448	768	259	456	706
192	448	768	284	457	705
256	448	768	318	458	705
320	448	768	360	460	705
384	448	768	405	462	706
448	448	768	448	464	706
512	448	768	495	466	705
576	448	768	543	468	706
640	448	768	596	471	706
704	448	768	644	475	707
768	448	768	695	479	708
832	448	768	746	483	708
896	448	768	801	487	709
960	448	768	853	492	710
1023	448	768	905	497	711
0	512	768	270	515	708
64	512	768	274	515	709
128	512	768	287	515	708
192	512	768	310	516	708
256	512	768	342	517	708
320	512	768	380	519	708
384	512	768	420	520	708
448	512	768	463	521	708
512	512	768	507	524	708
576	512	768	555	526	709
640	512	768	607	529	709
704	512	768	652	532	710
768	512	768	703	536	711
832	512	768	755	539	711
896	512	768	808	543	712
960	512	768	860	547	713
1023	512	768	911	551	713
0	576	768	301	576	711
64	576	768	305	576	711
128	576	768	317	576	711
192	576	768	337	576	711
256	576	768	366	577	711
320	576	768	401	578	711
384	576	768	438	580	711
448	576	768	479	581	712
512	576	768	522	583	712
576	576	768	570	585	712
640	576	768	618	588	713
704	576	768	663	590	713
768	576	768	713	593	714
832	576	768	765	597	714
896	576	768	816	600	715
960	576	768	867	603	716
1023	576	768	919	607	717
0	640	768	333	636	715
64	640	768	337	636	715
128	640	768	347	637	715
192	640	768	366	637	715
256	640	768	393	638	716
320	640	768	423	639	715
384	640	768	458	640	716
448	640	768	497	641	716
512	640	768	538	643	716
576	640	768	585	644	716
640	640	768	630	646	717
704	640	768	675	649	717
768	640	768	724	652	718
832	640	768	775	654	718
896	640	768	825	657	719
960	640	768	877	660	720
1023	640	768	928	664	721
0	704	768	366	696	720
64	704	768	369	696	720
128	704	768	379	697	720
192	704	768	396	697	720
256	704	768	419	698	720
320	704	768	447	699	720
384	704	768	480	700	720
448	704	768	516	701	720
512	704	768	557	702	720
576	704	768	603	704	721
640	704	768	644	706	722
704	704	768	689	708	722
768	704	768	736	709	722
832	704	768	788	711	722
896	704	768	836	714	723
960	704	768	887	717	724
1023	704	768	937	720	725
0	768	768	399	757	725
64	768	768	402	757	725
128	768	768	410	757	725
192	768	768	424	757	725
256	768	768	445	758	725
320	768	768	471	758	725
384	768	768	502	760	725
448	768	768	537	761	725
512	768	768	578	762	726
576	768	768	620	764	726
640	768	768	660	765	726
704	768	768	704	768	727
768	768	768	752	770	727
832	768	768	801	771	728
896	768	768	849	774	728
960	768	768	898	777	729
1023	768	768	949	780	731
0	832	768	430	818	730
64	832	768	432	818	730
128	832	768	439	819	730
192	832	768	453	819	730
256	832	768	472	819	730
320	832	768	497	820	730
384	832	768	526	821	731
448	832	768	560	822	731
512	832	768	600	823	731
576	832	768	637	824	732
640	832	768	677	825	732
704	832	768	721	827	732
768	832	768	768	829	733
832	832	768	814	830	733
896	832	768	863	833	734
960	832	768	911	835	735
1023	832	768	960	838	736
0	896	768	460	878	735
64	896	768	462	878	735
128	896	768	469	878	735
192	896	768	481	878	736
256	896	768	499	879	735
320	896	768	522	880	736
384	896	768	550	881	736
448	896	768	584	881	736
512	896	768	620	883	736
576	896	768	655	884	737
640	896	768	695	886	738
704	896	768	737	887	738
768	896	768	785	889	738
832	896	768	829	891	739
896	896	768	877	893	740
960	896	768	925	895	741
1023	896	768	972	898	742
0	960	768	491	938	741
64	960	768	493	938	741
128	960	768	499	938	741
192	960	768	511	938	742
256	960	768	528	938	742
320	960	768	549	939	742
384	960	768	577	940	742
448	960	768	610	941	743
512	960	768	641	942	743
576	960	768	676	943	743
640	960	768	714	944	743
704	960	768	757	946	744
768	960	768	802	947	745
832	960	768	845	949	746
896	960	768	891	951	747
960	960	768	939	954	748
1023	960	768	986	956	750
0	1023	768	522	998	749
64	1023	768	524	998	749
128	1023	768	530	998	749
192	1023	768	540	998	750
256	1023	768	557	998	750
320	1023	768	579	999	750
384	1023	768	605	1000	750
448	1023	768	632	1001	750
512	1023	768	662	1002	751
576	1023	768	697	1003	751
640	1023	768	735	1004	752
704	1023	768	778	1005	752
768	1023	768	819	1006	753
832	1023	768	863	1008	754
896	1023	768	907	1009	755
960	1023	768	954	1012	756
1023	1023	768	1000	1015	758
0	0	832	95	152	762
64	0	832	106	155	762
128	0	832	143	156	762
192	0	832	190	158	761
256	0	832	242	161	759
320	0	832	295	167	758
384	0	832	350	173	757
448	0	832	407	179	757
512	0	832	460	188	757
576	0	832	512	195	757
640	0	832	567	205	758
704	0	832	623	214	759
768	0	832	673	225	759
832	0	832	727	236	760
896	0	832	785	247	761
960	0	832	838	258	762
1023	0	832	891	269	763
0	64	832	99	163	762
64	64	832	109	163	762
128	64	832	145	165	762
192	64	832	192	167	761
256	64	832	243	171	759
320	64	832	296	176	758
384	64	832	351	180	757
448	64	832	408	188	757
512	64	832	460	194	757
576	64	832	513	203	758
640	64	832	567	212	758
704	64	832	623	222	759
768	64	832	673	232	759
832	64	832	727	242	760
896	64	832	785	252	761
960	64	832	838	263	762
1023	64	832	891	274	763
0	128	832	111	192	762
64	128	832	123	193	762
128	128	832	155	194	762
192	128	832	198	196	761
256	128	832	248	199	760
320	128	832	300	203	758
384	128	832	354	207	758
448	128	832	410	213	758
512	128	832	462	220	758
576	128	832	514	228	758
640	128	832	569	236	759
704	128	832	624	243	759
768	128	832	674	253	760
832	128	832	728	262	760
896	128	832	785	272	762
960	128	832	838	282	762
1023	128	832	892	292	763
0	192	832	132	236	763
64	192	832	141	237	763
128	192	832	168	238	763
192	192	832	209	240	762
256	192	832	256	242	761
320	192	832	306	245	759
384	192	832	360	250	759
448	192	832	413	254	758
512	192	832	465	259	759
576	192	832	517	265	759
640	192	832	572	271	759
704	192	832	626	279	760
768	192	832	676	286	761
832	192	832	729	294	761
896	192	832	787	303	760
960	192	832	839	311	761
1023	192	832	893	320	762
0	256	832	156	288	765
64	256	832	164	288	765
128	256	832	188	289	764
192	256	832	224	290	763
256	256	832	267	293	762
320	256	832	316	295	759
384	256	832	368	298	758
448	256	832	419	302	758
512	256	832	470	306	758
576	256	832	521	311	758
640	256	832	576	317	759
704	256	832	629	322	759
768	256	832	679	328	760
832	256	832	732	335	761
896	256	832	789	343	762
960	256	832	842	350	762
1023	256	832	895	357	764
0	320	832	183	343	762
64	320	832	189	343	762
128	320	832	209	344	762
192	320	832	243	345	762
256	320	832	282	347	760
320	320	832	328	349	759
384	320	832	378	352	759
448	320	832	428	355	760
512	320	832	477	358	760
576	320	832	528	363	760
640	320	832	581	367	761
704	320	832	633	372	761
768	320	832	683	378	762
832	320	832	737	383	763
896	320	832	793	389	763
960	320	832	845	395	764
1023	320	832	898	402	765
0	384	832	211	401	765
64	384	832	217	401	765
128	384	832	234	402	765
192	384	832	263	403	764
256	384	832	300	405	760
320	384	832	343	406	761
384	384	832	391	409	761
448	384	832	438	411	761
512	384	832	486	414	761
576	384	832	536	417	761
640	384	832	589	420	762
704	384	832	639	424	763
768	384	832	689	429	764
832	384	832	742	434	764
896	384	832	797	438	765
960	384	832	849	444	766
1023	384	832	902	450	767
0	448	832	242	459	766
64	448	832	246	460	766
128	448	832	261	460	765
192	448	832	286	461	765
256	448	832	321	462	763
320	448	832	361	464	763
384	448	832	407	466	764
448	448	832	450	467	764
512	448	832	497	470	764
576	448	832	545	472	764
640	448	832	598	475	765
704	448	832	646	479	766
768	448	832	696	483	766
832	448	832	748	486	766
896	448	832	803	491	767
960	448	832	855	496	768
1023	448	832	907	501	769
0	512	832	272	519	768
64	512	832	276	519	767
128	512	832	289	519	767
192	512	832	312	520	766
256	512	832	343	521	766
320	512	832	382	522	766
384	512	832	423	524	766
448	512	832	465	526	767
512	512	832	510	528	767
576	512	832	557	530	767
640	512	832	609	533	767
704	512	832	655	536	768
768	512	832	705	539	769
832	512	832	756	542	769
896	512	832	809	546	770
960	512	832	861	550	770
1023	512	832	913	555	772
0	576	832	303	579	769
64	576	832	307	579	769
128	576	832	319	579	769
192	576	832	340	580	769
256	576	832	368	581	770
320	576	832	404	582	770
384	576	832	440	583	770
448	576	832	481	585	770
512	576	832	524	586	770
576	576	832	571	588	771
640	576	832	620	591	771
704	576	832	665	594	771
768	576	832	714	597	772
832	576	832	766	600	773
896	576	832	817	603	773
960	576	832	870	607	774
1023	576	832	921	611	775
0	640	832	335	639	773
64	640	832	338	640	773
128	640	832	349	640	773
192	640	832	368	640	774
256	640	832	394	641	774
320	640	832	425	642	774
384	640	832	460	643	774
448	640	832	498	644	774
512	640	832	540	646	774
576	640	832	587	647	775
640	640	832	632	650	775
704	640	832	678	653	776
768	640	832	726	655	776
832	640	832	777	657	777
896	640	832	827	660	777
960	640	832	878	663	778
1023	640	832	930	667	780
0	704	832	368	700	778
64	704	832	372	700	778
128	704	832	381	700	778
192	704	832	398	701	778
256	704	832	421	701	778
320	704	832	449	702	778
384	704	832	481	703	779
448	704	832	518	704	778
512	704	832	558	705	778
576	704	832	604	706	779
640	704	832	646	709	780
704	704	832	691	711	780
768	704	832	738	712	781
832	704	832	790	714	781
896	704	832	838	717	782
960	704	832	888	720	783
1023	704	832	939	723	784
0	768	832	400	759	783
64	768	832	403	759	783
128	768	832	411	760	783
192	768	832	426	760	783
256	768	832	446	761	783
320	768	832	473	761	783
384	768	832	504	762	783
448	768	832	539	763	784
512	768	832	580	765	784
576	768	832	621	767	784
640	768	832	661	768	785
704	768	832	706	771	785
768	768	832	754	773	786
832	768	832	803	775	786
896	768	832	851	777	787
960	768	832	900	780	788
1023	768	832	951	784	791
0	832	832	431	821	788
64	832	832	433	821	788
128	832	832	441	821	789
192	832	832	454	821	789
256	832	832	473	822	789
320	832	832	498	823	789
384	832	832	528	824	789
448	832	832	562	825	790
512	832	832	601	826	791
576	832	832	639	827	790
640	832	832	679	829	792
704	832	832	723	830	792
768	832	832	770	832	792
832	832	832	816	833	792
896	832	832	864	836	793
960	832	832	913	838	794
1023	832	832	962	841	795
0	896	832	462	881	795
64	896	832	464	881	795
128	896	832	471	881	795
192	896	832	483	882	795
256	896	832	501	882	795
320	896	832	524	883	795
384	896	832	553	884	795
448	896	832	586	885	795
512	896	832	622	886	796
576	896	832	657	888	797
640	896	832	697	889	797
704	896	832	739	890	797
768	896	832	787	892	797
832	896	832	831	894	798
896	896	832	878	896	798
960	896	832	926	898	799
1023	896	832	975	901	800
0	960	832	493	940	800
64	960	832	494	941	800
128	960	832	501	941	800
192	960	832	512	941	800
256	960	832	530	941	801
320	960	832	551	942	801
384	960	832	579	943	801
448	960	832	611	944	801
512	960	832	642	945	801
576	960	832	677	946	802
640	960	832	717	948	802
704	960	832	759	949	803
768	960	832	804	950	803
832	960	832	848	952	804
896	960	832	894	955	804
960	960	832	941	957	805
1023	960	832	988	959	806
0	1023	832	524	1001	806
64	1023	832	525	1001	806
128	1023	832	532	1001	807
192	1023	832	543	1001	807
256	1023	832	559	1001	807
320	1023	832	581	1002	807
384	1023	832	607	1003	807
448	1023	832	634	1004	808
512	1023	832	664	1005	808
576	1023	832	699	1006	808
640	1023	832	737	1007	809
704	1023	832	780	1008	809
768	1023	832	821	1009	809
832	1023	832	865	1011	810
896	1023	832	910	1013	811
960	1023	832	956	1015	812
1023	1023	832	1002	1018	813
0	0	896	101	165	823
64	0	896	114	166	823
128	0	896	148	167	822
192	0	896	193	169	822
256	0	896	245	173	822
320	0	896	297	179	820
384	0	896	353	183	820
448	0	896	409	189	820
512	0	896	461	198	820
576	0	896	514	205	820
640	0	896	569	214	821
704	0	896	624	224	821
768	0	896	675	234	821
832	0	896	729	244	822
896	0	896	785	255	822
960	0	896	839	266	822
1023	0	896	893	276	824
0	64	896	104	174	823
64	64	896	117	174	823
128	64	896	150	175	823
192	64	896	195	179	822
256	64	896	246	181	822
320	64	896	298	186	820
384	64	896	354	191	820
448	64	896	409	198	820
512	64	896	462	204	820
576	64	896	515	212	821
640	64	896	569	221	821
704	64	896	625	230	821
768	64	896	675	240	821
832	64	896	729	250	822
896	64	896	786	260	823
960	64	896	839	270	823
1023	64	896	893	281	824
0	128	896	117	202	824
64	128	896	128	202	824
128	128	896	158	203	823
192	128	896	201	206	823
256	128	896	250	208	823
320	128	896	302	212	821
384	128	896	356	217	821
448	128	896	412	223	820
512	128	896	464	228	821
576	128	896	516	236	821
640	128	896	571	243	821
704	128	896	626	251	821
768	128	896	676	260	822
832	128	896	730	269	822
896	128	896	786	278	823
960	128	896	840	288	823
1023	128	896	893	298	820
0	192	896	137	244	825
64	192	896	144	245	825
128	192	896	173	245	825
192	192	896	212	247	824
256	192	896	259	249	824
320	192	896	308	253	821
384	192	896	362	256	821
448	192	896	415	261	821
512	192	896	467	266	822
576	192	896	519	272	822
640	192	896	573	279	822
704	192	896	627	285	822
768	192	896	678	293	823
832	192	896	731	300	819
896	192	896	788	308	819
960	192	896	841	317	820
1023	192	896	895	326	821
0	256	896	161	294	827
64	256	896	167	294	827
128	256	896	191	295	820
192	256	896	227	297	820
256	256	896	270	299	820
320	256	896	318	302	818
384	256	896	370	304	818
448	256	896	421	308	818
512	256	896	472	312	819
576	256	896	523	317	819
640	256	896	577	322	819
704	256	896	630	328	819
768	256	896	681	334	820
832	256	896	734	340	820
896	256	896	791	347	820
960	256	896	843	355	821
1023	256	896	897	363	822
0	320	896	187	348	823
64	320	896	193	348	823
128	320	896	213	349	823
192	320	896	245	351	823
256	320	896	284	353	823
320	320	896	331	355	820
384	320	896	380	357	820
448	320	896	429	360	820
512	320	896	479	363	820
576	320	896	529	368	820
640	320	896	583	372	821
704	320	896	635	377	821
768	320	896	685	382	821
832	320	896	737	388	822
896	320	896	794	393	821
960	320	896	846	399	822
1023	320	896	900	407	822
0	384	896	215	406	821
64	384	896	221	406	821
128	384	896	238	407	821
192	384	896	266	408	821
256	384	896	302	409	820
320	384	896	345	411	820
384	384	896	393	413	820
448	384	896	439	415	820
512	384	896	487	418	820
576	384	896	537	421	820
640	384	896	590	424	820
704	384	896	640	429	821
768	384	896	691	433	822
832	384	896	743	438	822
896	384	896	799	443	822
960	384	896	851	448	823
1023	384	896	904	454	824
0	448	896	245	464	827
64	448	896	249	464	827
128	448	896	264	465	827
192	448	896	289	465	827
256	448	896	323	467	823
320	448	896	364	468	823
384	448	896	408	470	822
448	448	896	452	472	822
512	448	896	498	474	822
576	448	896	547	477	823
640	448	896	600	480	823
704	448	896	647	483	823
768	448	896	698	487	824
832	448	896	750	491	824
896	448	896	805	495	824
960	448	896	856	500	825
1023	448	896	909	505	826
0	512	896	275	522	827
64	512	896	279	522	827
128	512	896	291	523	827
192	512	896	314	524	824
256	512	896	346	525	824
320	512	896	384	526	825
384	512	896	424	528	824
448	512	896	466	529	825
512	512	896	511	531	825
576	512	896	559	534	825
640	512	896	611	537	825
704	512	896	656	540	826
768	512	896	706	543	826
832	512	896	758	546	826
896	512	896	811	550	827
960	512	896	864	554	828
1023	512	896	915	559	828
0	576	896	305	582	826
64	576	896	308	582	826
128	576	896	321	583	826
192	576	896	341	583	826
256	576	896	370	584	827
320	576	896	405	585	827
384	576	896	442	586	827
448	576	896	483	588	827
512	576	896	526	590	827
576	576	896	573	592	827
640	576	896	622	595	827
704	576	896	666	597	827
768	576	896	716	600	828
832	576	896	768	603	829
896	576	896	820	607	830
960	576	896	872	611	830
1023	576	896	923	614	831
0	640	896	337	642	830
64	640	896	340	643	830
128	640	896	351	643	830
192	640	896	370	643	830
256	640	896	396	644	830
320	640	896	427	645	830
384	640	896	461	646	830
448	640	896	500	647	830
512	640	896	542	649	830
576	640	896	589	651	831
640	640	896	634	653	831
704	640	896	679	655	831
768	640	896	727	658	832
832	640	896	780	661	832
896	640	896	829	664	833
960	640	896	880	667	834
1023	640	896	931	670	835
0	704	896	370	702	834
64	704	896	373	702	834
128	704	896	382	702	834
192	704	896	399	703	834
256	704	896	422	703	834
320	704	896	450	704	834
384	704	896	482	705	833
448	704	896	519	706	834
512	704	896	560	707	834
576	704	896	606	708	835
640	704	896	647	711	835
704	704	896	692	713	836
768	704	896	739	715	836
832	704	896	792	717	836
896	704	896	840	720	837
960	704	896	890	723	838
1023	704	896	941	727	839
0	768	896	402	762	838
64	768	896	405	762	838
128	768	896	413	762	838
192	768	896	427	763	838
256	768	896	448	763	838
320	768	896	474	764	838
384	768	896	505	765	838
448	768	896	540	766	838
512	768	896	580	767	838
576	768	896	623	769	839
640	768	896	663	772	840
704	768	896	708	774	840
768	768	896	754	775	840
832	768	896	804	777	841
896	768	896	853	780	841
960	768	896	902	783	842
1023	768	896	951	786	843
0	832	896	433	823	843
64	832	896	435	823	843
128	832	896	442	823	843
192	832	896	456	824	843
256	832	896	475	824	843
320	832	896	500	825	843
384	832	896	529	826	843
448	832	896	563	827	843
512	832	896	603	828	844
576	832	896	640	829	844
640	832	896	680	831	844
704	832	896	723	832	845
768	832	896	771	834	845
832	832	896	818	836	846
896	832	896	866	838	846
960	832	896	914	841	847
1023	832	896	963	844	848
0	896	896	464	884	848
64	896	896	465	884	848
128	896	896	472	884	848
192	896	896	485	884	848
256	896	896	503	885	848
320	896	896	526	885	848
384	896	896	554	886	848
448	896	896	588	887	848
512	896	896	623	888	848
576	896	896	658	889	849
640	896	896	698	891	849
704	896	896	741	893	850
768	896	896	788	894	850
832	896	896	832	895	850
896	896	896	879	898	851
960	896	896	927	900	852
1023	896	896	975	903	853
0	960	896	494	943	853
64	960	896	495	943	853
128	960	896	502	943	853
192	960	896	514	943	853
256	960	896	531	943	853
320	960	896	552	944	853
384	960	896	580	945	853
448	960	896	613	946	854
512	960	896	643	947	854
576	960	896	678	948	854
640	960	896	717	949	854
704	960	896	759	950	854
768	960	896	804	952	855
832	960	896	848	954	856
896	960	896	894	956	857
960	960	896	941	958	857
1023	960	896	988	961	858
0	1023	896	525	1002	859
64	1023	896	526	1002	859
128	1023	896	533	1002	859
192	1023	896	543	1003	859
256	1023	896	560	1003	859
320	1023	896	581	1003	859
384	1023	896	608	1004	859
448	1023	896	635	1005	860
512	1023	896	665	1007	861
576	1023	896	701	1008	861
640	1023	896	737	1008	861
704	1023	896	780	1009	861
768	1023	896	821	1011	862
832	1023	896	866	1012	862
896	1023	896	910	1014	863
960	1023	896	956	1016	864
1023	1023	896	1002	1018	865
0	0	960	108	177	881
64	0	960	120	177	881
128	0	960	152	179	880
192	0	960	196	181	879
256	0	960	247	185	878
320	0	960	299	189	876
384	0	960	354	194	876
448	0	960	410	200	876
512	0	960	463	207	876
576	0	960	515	215	876
640	0	960	570	224	876
704	0	960	625	233	877
768	0	960	676	242	877
832	0	960	730	252	877
896	0	960	786	262	878
960	0	960	840	273	878
1023	0	960	893	283	879
0	64	960	113	186	881
64	64	960	123	186	880
128	64	960	155	187	880
192	64	960	198	189	879
256	64	960	248	193	878
320	64	960	300	197	876
384	64	960	355	202	876
448	64	960	411	208	876
512	64	960	463	214	876
576	64	960	516	223	876
640	64	960	570	230	876
704	64	960	626	239	877
768	64	960	676	248	877
832	64	960	730	258	878
896	64	960	787	267	878
960	64	960	840	277	878
1023	64	960	893	289	879
0	128	960	123	212	881
64	128	960	133	212	881
128	128	960	162	212	881
192	128	960	204	215	880
256	128	960	253	218	879
320	128	960	304	222	877
384	128	960	358	227	877
448	128	960	413	232	876
512	128	960	465	238	877
576	128	960	517	244	877
640	128	960	571	251	877
704	128	960	627	259	877
768	128	960	677	267	878
832	128	960	730	276	878
896	128	960	787	285	878
960	128	960	840	294	879
1023	128	960	894	305	877
0	192	960	142	252	882
64	192	960	150	252	881
128	192	960	177	253	881
192	192	960	215	255	880
256	192	960	261	257	879
320	192	960	310	261	878
384	192	960	364	264	877
448	192	960	417	269	877
512	192	960	468	274	877
576	192	960	520	279	877
640	192	960	574	285	877
704	192	960	628	292	878
768	192	960	679	299	875
832	192	960	732	307	875
896	192	960	789	315	876
960	192	960	842	323	877
1023	192	960	895	331	878
0	256	960	165	300	879
64	256	960	171	300	879
128	256	960	194	301	879
192	256	960	230	303	878
256	256	960	272	305	876
320	256	960	320	308	875
384	256	960	371	310	875
448	256	960	423	314	875
512	256	960	473	318	875
576	256	960	524	323	875
640	256	960	578	328	875
704	256	960	631	334	876
768	256	960	682	340	876
832	256	960	735	346	876
896	256	960	792	353	877
960	256	960	844	360	878
1023	256	960	897	368	878
0	320	960	190	353	881
64	320	960	195	353	880
128	320	960	215	354	880
192	320	960	247	355	879
256	320	960	286	357	878
320	320	960	332	360	877
384	320	960	381	363	877
448	320	960	431	365	877
512	320	960	480	368	877
576	320	960	530	372	877
640	320	960	584	376	877
704	320	960	635	381	877
768	320	960	685	386	878
832	320	960	738	392	878
896	320	960	795	398	878
960	320	960	848	404	879
1023	320	960	900	411	879
0	384	960	217	410	880
64	384	960	223	410	880
128	384	960	240	411	879
192	384	960	267	412	879
256	384	960	304	413	878
320	384	960	347	415	878
384	384	960	394	417	878
448	384	960	441	419	877
512	384	960	488	422	877
576	384	960	538	425	878
640	384	960	592	429	878
704	384	960	641	432	878
768	384	960	691	437	878
832	384	960	744	442	879
896	384	960	800	447	879
960	384	960	852	452	880
1023	384	960	904	458	881
0	448	960	247	467	883
64	448	960	252	467	883
128	448	960	266	468	882
192	448	960	291	469	882
256	448	960	325	470	880
320	448	960	365	471	880
384	448	960	409	473	879
448	448	960	454	475	880
512	448	960	500	478	880
576	448	960	548	480	880
640	448	960	601	483	880
704	448	960	649	487	880
768	448	960	699	491	881
832	448	960	751	494	880
896	448	960	805	498	881
960	448	960	858	503	881
1023	448	960	910	508	882
0	512	960	276	526	883
64	512	960	280	526	883
128	512	960	293	526	883
192	512	960	316	527	881
256	512	960	347	528	881
320	512	960	385	529	881
384	512	960	425	531	881
448	512	960	467	532	881
512	512	960	512	534	881
576	512	960	560	537	881
640	512	960	612	539	882
704	512	960	657	543	882
768	512	960	707	547	883
832	512	960	759	549	883
896	512	960	812	553	883
960	512	960	864	557	884
1023	512	960	916	562	885
0	576	960	307	585	883
64	576	960	310	585	883
128	576	960	322	585	883
192	576	960	343	586	883
256	576	960	372	587	883
320	576	960	406	588	883
384	576	960	443	589	883
448	576	960	483	590	883
512	576	960	526	593	883
576	576	960	574	595	884
640	576	960	622	597	884
704	576	960	667	600	885
768	576	960	717	603	885
832	576	960	769	606	885
896	576	960	821	610	886
960	576	960	871	612	886
1023	576	960	923	617	888
0	640	960	339	645	886
64	640	960	342	645	886
128	640	960	353	645	886
192	640	960	371	646	886
256	640	960	397	646	886
320	640	960	428	647	886
384	640	960	462	648	886
448	640	960	501	650	886
512	640	960	543	651	887
576	640	960	590	653	887
640	640	960	634	655	887
704	640	960	679	658	888
768	640	960	728	660	888
832	640	960	780	663	889
896	640	960	829	665	888
960	640	960	880	668	889
1023	640	960	931	672	891
0	704	960	371	704	890
64	704	960	373	704	890
128	704	960	384	704	890
192	704	960	400	704	890
256	704	960	423	705	890
320	704	960	451	706	890
384	704	960	484	707	890
448	704	960	520	708	890
512	704	960	561	710	890
576	704	960	607	711	891
640	704	960	648	713	891
704	704	960	693	715	891
768	704	960	740	717	892
832	704	960	793	720	892
896	704	960	841	722	892
960	704	960	890	725	893
1023	704	960	941	728	895
0	768	960	404	764	894
64	768	960	406	764	894
128	768	960	414	765	894
192	768	960	428	765	894
256	768	960	449	765	894
320	768	960	475	766	894
384	768	960	506	767	894
448	768	960	541	768	894
512	768	960	581	769	894
576	768	960	623	771	895
640	768	960	663	773	895
704	768	960	708	775	896
768	768	960	755	777	896
832	768	960	805	780	897
896	768	960	853	782	897
960	768	960	903	786	899
1023	768	960	952	789	899
0	832	960	433	825	898
64	832	960	436	825	898
128	832	960	443	825	898
192	832	960	457	825	899
256	832	960	476	826	899
320	832	960	500	826	898
384	832	960	530	827	899
448	832	960	564	828	898
512	832	960	603	829	899
576	832	960	640	831	899
640	832	960	680	832	900
704	832	960	724	834	901
768	832	960	772	836	901
832	832	960	819	838	901
896	832	960	867	840	902
960	832	960	915	843	902
1023	832	960	964	846	904
0	896	960	465	886	904
64	896	960	467	886	904
128	896	960	473	886	904
192	896	960	486	886	904
256	896	960	504	887	904
320	896	960	526	887	904
384	896	960	554	887	904
448	896	960	588	889	904
512	896	960	624	890	905
576	896	960	659	892	905
640	896	960	699	893	905
704	896	960	742	895	906
768	896	960	788	895	905
832	896	960	833	897	906
896	896	960	880	899	906
960	896	960	928	902	907
1023	896	960	975	904	908
0	960	960	495	944	908
64	960	960	496	944	908
128	960	960	503	944	908
192	960	960	514	945	908
256	960	960	531	945	909
320	960	960	553	946	908
384	960	960	581	946	909
448	960	960	613	947	909
512	960	960	644	949	909
576	960	960	679	950	910
640	960	960	718	951	910
704	960	960	760	952	910
768	960	960	805	954	910
832	960	960	849	955	911
896	960	960	895	957	912
960	960	960	942	959	912
1023	960	960	988	962	913
0	1023	960	526	1004	914
64	1023	960	527	1004	914
128	1023	960	534	1004	914
192	1023	960	544	1004	914
256	1023	960	561	1005	914
320	1023	960	582	1005	914
384	1023	960	609	1006	915
448	1023	960	636	1007	915
512	1023	960	666	1008	915
576	1023	960	701	1009	916
640	1023	960	739	1010	916
704	1023	960	781	1011	916
768	1023	960	822	1012	916
832	1023	960	866	1014	916
896	1023	960	911	1016	917
960	1023	960	957	1018	918
1023	1023	960	1003	1021	919
0	0	1023	116	189	938
64	0	1023	126	189	938
128	0	1023	157	190	938
192	0	1023	200	193	938
256	0	1023	249	196	938
320	0	1023	301	200	935
384	0	1023	356	205	936
448	0	1023	411	211	935
512	0	1023	463	217	936
576	0	1023	516	225	936
640	0	1023	571	232	937
704	0	1023	626	242	937
768	0	1023	676	250	937
832	0	1023	730	260	938
896	0	1023	787	270	939
960	0	1023	840	280	933
1023	0	1023	893	291	934
0	64	1023	119	196	938
64	64	1023	129	197	938
128	64	1023	159	198	938
192	64	1023	202	200	938
256	64	1023	250	203	938
320	64	1023	302	207	936
384	64	1023	357	212	936
448	64	1023	412	217	936
512	64	1023	464	225	936
576	64	1023	516	231	936
640	64	1023	571	239	937
704	64	1023	626	247	937
768	64	1023	676	256	937
832	64	1023	730	265	938
896	64	1023	787	275	939
960	64	1023	840	284	933
1023	64	1023	894	295	934
0	128	1023	130	222	939
64	128	1023	138	222	939
128	128	1023	166	223	939
192	128	1023	207	225	939
256	128	1023	255	228	939
320	128	1023	306	232	936
384	128	1023	360	236	936
448	128	1023	414	240	936
512	128	1023	466	246	936
576	128	1023	518	252	937
640	128	1023	572	259	937
704	128	1023	627	267	937
768	128	1023	677	274	938
832	128	1023	731	283	938
896	128	1023	788	292	933
960	128	1023	841	301	932
1023	128	1023	894	310	933
0	192	1023	147	260	940
64	192	1023	156	260	940
128	192	1023	180	261	940
192	192	1023	217	263	940
256	192	1023	263	265	940
320	192	1023	312	268	937
384	192	1023	365	271	937
448	192	1023	418	276	937
512	192	1023	469	281	937
576	192	1023	520	286	937
640	192	1023	575	292	938
704	192	1023	629	298	933
768	192	1023	679	305	933
832	192	1023	733	313	934
896	192	1023	790	320	932
960	192	1023	842	328	932
1023	192	1023	896	337	933
0	256	1023	169	307	935
64	256	1023	176	307	935
128	256	1023	198	308	935
192	256	1023	232	309	935
256	256	1023	274	312	935
320	256	1023	322	314	934
384	256	1023	373	317	934
448	256	1023	424	320	934
512	256	1023	474	324	934
576	256	1023	525	328	934
640	256	1023	579	333	934
704	256	1023	632	339	934
768	256	1023	682	345	933
832	256	1023	736	351	932
896	256	1023	793	358	933
960	256	1023	845	365	933
1023	256	1023	898	373	934
0	320	1023	193	359	939
64	320	1023	199	360	939
128	320	1023	219	360	939
192	320	1023	250	361	939
256	320	1023	289	363	939
320	320	1023	334	365	935
384	320	1023	383	368	936
448	320	1023	432	370	935
512	320	1023	481	374	935
576	320	1023	531	377	935
640	320	1023	585	382	935
704	320	1023	637	386	934
768	320	1023	687	392	934
832	320	1023	739	397	934
896	320	1023	796	402	934
960	320	1023	848	409	934
1023	320	1023	901	415	934
0	384	1023	221	415	936
64	384	1023	226	415	936
128	384	1023	242	415	936
192	384	1023	270	416	936
256	384	1023	306	418	935
320	384	1023	349	419	935
384	384	1023	396	421	935
448	384	1023	443	424	934
512	384	1023	490	427	934
576	384	1023	539	429	934
640	384	1023	593	433	933
704	384	1023	642	437	934
768	384	1023	692	441	934
832	384	1023	744	446	935
896	384	1023	801	451	935
960	384	1023	853	456	935
1023	384	1023	905	462	936
0	448	1023	249	471	938
64	448	1023	253	471	938
128	448	1023	267	471	937
192	448	1023	292	472	936
256	448	1023	326	473	936
320	448	1023	366	475	936
384	448	1023	411	477	935
448	448	1023	454	479	936
512	448	1023	501	481	935
576	448	1023	549	483	935
640	448	1023	602	486	935
704	448	1023	649	490	935
768	448	1023	699	494	936
832	448	1023	752	498	936
896	448	1023	806	502	936
960	448	1023	858	506	937
1023	448	1023	910	511	938
0	512	1023	279	529	939
64	512	1023	282	529	938
128	512	1023	295	530	937
192	512	1023	317	530	937
256	512	1023	348	531	937
320	512	1023	386	532	937
384	512	1023	426	534	937
448	512	1023	469	536	937
512	512	1023	513	538	937
576	512	1023	561	539	937
640	512	1023	613	543	937
704	512	1023	658	546	938
768	512	1023	708	549	938
832	512	1023	760	552	938
896	512	1023	813	556	938
960	512	1023	865	560	939
1023	512	1023	916	564	940
0	576	1023	308	588	939
64	576	1023	312	588	939
128	576	1023	324	588	939
192	576	1023	344	589	939
256	576	1023	373	589	939
320	576	1023	407	590	938
384	576	1023	443	592	939
448	576	1023	484	594	939
512	576	1023	528	595	939
576	576	1023	575	598	939
640	576	1023	623	600	940
704	576	1023	669	603	940
768	576	1023	718	606	940
832	576	1023	769	608	940
896	576	1023	820	611	941
960	576	1023	873	616	942
1023	576	1023	924	620	943
0	640	1023	340	647	942
64	640	1023	343	647	941
128	640	1023	354	647	942
192	640	1023	373	648	942
256	640	1023	398	649	941
320	640	1023	429	649	941
384	640	1023	464	651	941
448	640	1023	502	652	942
512	640	1023	544	654	942
576	640	1023	590	656	942
640	640	1023	635	658	942
704	640	1023	681	661	943
768	640	1023	729	663	943
832	640	1023	781	665	943
896	640	1023	830	668	944
960	640	1023	882	672	945
1023	640	1023	932	675	945
0	704	1023	373	706	945
64	704	1023	375	706	945
128	704	1023	385	706	945
192	704	1023	402	707	945
256	704	1023	424	707	945
320	704	1023	452	708	945
384	704	1023	485	709	945
448	704	1023	521	710	945
512	704	1023	562	712	945
576	704	1023	608	714	946
640	704	1023	649	716	946
704	704	1023	694	718	947
768	704	1023	741	720	947
832	704	1023	793	722	947
896	704	1023	842	725	947
960	704	1023	892	728	948
1023	704	1023	942	731	949
0	768	1023	405	767	949
64	768	1023	407	767	949
128	768	1023	415	767	949
192	768	1023	430	767	949
256	768	1023	450	768	949
320	768	1023	476	768	949
384	768	1023	507	770	949
448	768	1023	542	771	949
512	768	1023	583	772	949
576	768	1023	624	774	950
640	768	1023	664	776	950
704	768	1023	709	778	951
768	768	1023	757	780	951
832	768	1023	806	782	951
896	768	1023	854	784	951
960	768	1023	903	788	952
1023	768	1023	953	791	953
0	832	1023	435	827	953
64	832	1023	437	827	953
128	832	1023	444	827	953
192	832	1023	458	827	953
256	832	1023	477	828	953
320	832	1023	501	828	953
384	832	1023	531	829	953
448	832	1023	565	830	953
512	832	1023	604	832	953
576	832	1023	641	833	954
640	832	1023	682	835	954
704	832	1023	725	837	955
768	832	1023	773	838	955
832	832	1023	819	840	955
896	832	1023	867	842	956
960	832	1023	916	845	956
1023	832	1023	964	848	957
0	896	1023	465	887	957
64	896	1023	467	887	957
128	896	1023	474	887	957
192	896	1023	486	888	957
256	896	1023	504	888	957
320	896	1023	527	889	957
384	896	1023	555	889	957
448	896	1023	589	890	958
512	896	1023	625	892	958
576	896	1023	660	894	958
640	896	1023	701	896	959
704	896	1023	742	896	959
768	896	1023	790	898	959
832	896	1023	834	899	960
896	896	1023	881	902	960
960	896	1023	929	905	961
1023	896	1023	977	907	962
0	960	1023	496	947	962
64	960	1023	498	947	962
128	960	1023	504	947	962
192	960	1023	516	947	962
256	960	1023	533	947	962
320	960	1023	554	948	962
384	960	1023	582	949	962
448	960	1023	614	950	962
512	960	1023	644	950	963
576	960	1023	680	951	963
640	960	1023	719	953	963
704	960	1023	762	954	963
768	960	1023	806	956	964
832	960	1023	850	958	965
896	960	1023	895	959	965
960	960	1023	944	962	966
1023	960	1023	990	965	968
0	1023	1023	527	1007	968
64	1023	1023	529	1007	968
128	1023	1023	535	1007	968
192	1023	1023	546	1007	968
256	1023	1023	562	1007	968
320	1023	1023	584	1008	968
384	1023	1023	610	1008	968
448	1023	1023	637	1009	969
512	1023	1023	667	1010	969
576	1023	1023	702	1011	969
640	1023	1023	740	1012	969
704	1023	1023	783	1014	970
768	1023	1023	823	1014	970
832	1023	1023	867	1015	970
896	1023	1023	912	1018	971
960	1023	1023	959	1021	972
1023	1023	1023	1004	1023	973
