0	0	0	0	0	0
64	0	0	63	0	0
128	0	0	129	0	0
192	0	0	193	0	0
256	0	0	258	0	0
320	0	0	322	0	0
384	0	0	388	0	0
448	0	0	449	0	0
512	0	0	511	0	0
576	0	0	574	0	0
640	0	0	636	0	0
704	0	0	696	0	0
768	0	0	759	0	0
832	0	0	823	0	0
896	0	0	885	0	0
960	0	0	948	0	0
1023	0	0	1008	0	0
0	64	0	0	63	0
64	64	0	63	63	0
128	64	0	129	63	0
192	64	0	193	63	0
256	64	0	258	63	0
320	64	0	322	63	0
384	64	0	387	63	0
448	64	0	449	63	0
512	64	0	511	63	0
576	64	0	574	63	0
640	64	0	636	63	0
704	64	0	696	63	0
768	64	0	759	63	0
832	64	0	823	63	0
896	64	0	885	63	0
960	64	0	947	63	0
1023	64	0	1008	63	0
0	128	0	0	126	0
64	128	0	63	126	0
128	128	0	129	126	0
192	128	0	193	126	0
256	128	0	257	126	0
320	128	0	322	126	0
384	128	0	387	126	0
448	128	0	449	126	0
512	128	0	510	126	0
576	128	0	573	126	0
640	128	0	636	126	0
704	128	0	695	126	0
768	128	0	758	126	0
832	128	0	822	126	0
896	128	0	884	126	0
960	128	0	947	126	0
1023	128	0	1007	126	0
0	192	0	0	189	0
64	192	0	63	189	0
128	192	0	129	189	0
192	192	0	193	189	0
256	192	0	257	189	0
320	192	0	321	190	0
384	192	0	386	190	0
448	192	0	448	190	0
512	192	0	509	190	0
576	192	0	572	190	0
640	192	0	635	190	0
704	192	0	694	190	0
768	192	0	757	190	0
832	192	0	821	190	0
896	192	0	884	190	0
960	192	0	946	189	0
1023	192	0	1007	189	0
0	256	0	0	253	0
64	256	0	63	253	0
128	256	0	129	253	0
192	256	0	192	253	0
256	256	0	256	253	0
320	256	0	320	253	0
384	256	0	385	254	0
448	256	0	447	254	0
512	256	0	508	254	0
576	256	0	571	254	0
640	256	0	633	254	0
704	256	0	693	254	0
768	256	0	755	253	0
832	256	0	820	254	0
896	256	0	883	253	0
960	256	0	945	253	0
1023	256	0	1005	253	0
0	320	0	0	316	0
64	320	0	63	316	0
128	320	0	128	316	0
192	320	0	191	317	0
256	320	0	255	317	0
320	320	0	319	317	0
384	320	0	385	317	0
448	320	0	446	317	0
512	320	0	507	318	0
576	320	0	569	318	0
640	320	0	632	317	0
704	320	0	691	317	0
768	320	0	754	317	0
832	320	0	818	317	0
896	320	0	881	317	0
960	320	0	944	317	0
1023	320	0	1004	317	0
0	384	0	0	379	0
64	384	0	63	379	0
128	384	0	128	379	0
192	384	0	191	379	0
256	384	0	255	380	0
320	384	0	319	381	0
384	384	0	384	381	0
448	384	0	446	381	0
512	384	0	506	381	0
576	384	0	568	381	0
640	384	0	630	381	0
704	384	0	690	381	0
768	384	0	753	381	0
832	384	0	817	380	0
896	384	0	879	380	0
960	384	0	942	380	0
1023	384	0	1004	380	0
0	448	0	0	441	0
64	448	0	63	441	0
128	448	0	128	442	0
192	448	0	190	442	0
256	448	0	255	442	0
320	448	0	318	443	0
384	448	0	384	443	0
448	448	0	445	443	0
512	448	0	505	443	0
576	448	0	568	443	0
640	448	0	630	443	0
704	448	0	689	443	0
768	448	0	752	443	0
832	448	0	816	443	0
896	448	0	879	442	0
960	448	0	942	442	0
1023	448	0	1003	442	0
0	512	0	0	504	0
64	512	0	63	504	0
128	512	0	128	504	0
192	512	0	190	504	0
256	512	0	254	505	0
320	512	0	318	505	0
384	512	0	384	506	0
448	512	0	445	506	0
512	512	0	505	505	0
576	512	0	567	505	0
640	512	0	630	505	0
704	512	0	689	505	0
768	512	0	751	505	0
832	512	0	815	504	0
896	512	0	878	504	0
960	512	0	941	505	0
1023	512	0	1002	505	0
0	576	0	0	567	0
64	576	0	63	567	0
128	576	0	128	567	0
192	576	0	190	567	0
256	576	0	255	568	0
320	576	0	318	568	0
384	576	0	384	569	0
448	576	0	445	568	0
512	576	0	505	568	0
576	576	0	568	568	0
640	576	0	630	568	0
704	576	0	689	568	0
768	576	0	751	568	0
832	576	0	814	567	0
896	576	0	877	567	0
960	576	0	940	567	0
1023	576	0	1002	567	0
0	640	0	0	629	0
64	640	0	63	629	0
128	640	0	128	630	0
192	640	0	191	630	0
256	640	0	255	631	0
320	640	0	318	631	0
384	640	0	384	631	0
448	640	0	445	631	0
512	640	0	505	631	0
576	640	0	567	630	0
640	640	0	630	631	0
704	640	0	689	631	0
768	640	0	751	630	0
832	640	0	814	629	0
896	640	0	877	629	0
960	640	0	940	629	0
1023	640	0	1000	629	0
0	704	0	0	692	0
64	704	0	63	692	0
128	704	0	128	692	0
192	704	0	191	693	0
256	704	0	255	693	0
320	704	0	319	693	0
384	704	0	384	693	0
448	704	0	445	694	0
512	704	0	506	694	0
576	704	0	568	694	0
640	704	0	630	693	0
704	704	0	688	692	0
768	704	0	751	693	0
832	704	0	814	692	0
896	704	0	877	692	0
960	704	0	939	691	0
1023	704	0	1000	691	0
0	768	0	0	756	0
64	768	0	63	756	0
128	768	0	128	756	0
192	768	0	191	756	0
256	768	0	255	757	0
320	768	0	319	757	0
384	768	0	384	757	0
448	768	0	445	757	0
512	768	0	506	757	0
576	768	0	569	757	0
640	768	0	631	756	0
704	768	0	689	756	0
768	768	0	752	756	0
832	768	0	814	755	0
896	768	0	877	755	0
960	768	0	940	755	0
1023	768	0	1001	756	0
0	832	0	0	820	0
64	832	0	63	820	0
128	832	0	129	820	0
192	832	0	192	820	0
256	832	0	256	820	0
320	832	0	320	820	0
384	832	0	385	820	0
448	832	0	446	820	0
512	832	0	507	820	0
576	832	0	570	820	0
640	832	0	632	819	0
704	832	0	690	819	0
768	832	0	753	818	0
832	832	0	815	817	0
896	832	0	878	817	0
960	832	0	940	817	0
1023	832	0	1002	819	0
0	896	0	0	882	0
64	896	0	63	882	0
128	896	0	129	882	0
192	896	0	192	882	0
256	896	0	256	883	0
320	896	0	320	883	0
384	896	0	385	883	0
448	896	0	446	882	0
512	896	0	506	882	0
576	896	0	569	881	0
640	896	0	632	882	0
704	896	0	691	882	0
768	896	0	752	881	0
832	896	0	816	881	0
896	896	0	878	881	0
960	896	0	941	881	0
1023	896	0	1001	880	0
0	960	0	0	945	0
64	960	0	66	945	0
128	960	0	129	945	0
192	960	0	192	945	0
256	960	0	256	945	0
320	960	0	320	945	0
384	960	0	385	944	0
448	960	0	446	943	0
512	960	0	507	943	0
576	960	0	570	943	0
640	960	0	632	943	0
704	960	0	691	942	0
768	960	0	753	942	0
832	960	0	817	942	0
896	960	0	879	942	0
960	960	0	942	942	0
1023	960	0	1002	942	0
0	1023	0	23	1007	0
64	1023	0	69	1007	0
128	1023	0	130	1007	0
192	1023	0	193	1006	0
256	1023	0	257	1006	0
320	1023	0	321	1006	0
384	1023	0	386	1006	0
448	1023	0	447	1006	0
512	1023	0	508	1005	0
576	1023	0	571	1005	0
640	1023	0	633	1004	0
704	1023	0	692	1004	0
768	1023	0	754	1004	0
832	1023	0	818	1004	0
896	1023	0	880	1004	0
960	1023	0	943	1004	0
1023	1023	0	1003	1004	0
0	0	64	0	0	60
64	0	64	63	0	60
128	0	64	129	0	60
192	0	64	193	0	60
256	0	64	258	0	60
320	0	64	322	0	60
384	0	64	387	0	60
448	0	64	449	0	60
512	0	64	511	0	60
576	0	64	574	0	60
640	0	64	636	0	60
704	0	64	696	0	60
768	0	64	759	0	60
832	0	64	823	0	60
896	0	64	885	0	60
960	0	64	947	0	60
1023	0	64	1008	0	60
0	64	64	0	63	63
64	64	64	63	63	63
128	64	64	129	63	60
192	64	64	193	63	60
256	64	64	258	63	60
320	64	64	322	63	60
384	64	64	387	63	60
448	64	64	449	63	60
512	64	64	510	63	60
576	64	64	573	63	60
640	64	64	636	63	60
704	64	64	696	63	60
768	64	64	758	63	60
832	64	64	823	63	60
896	64	64	885	63	60
960	64	64	947	63	60
1023	64	64	1008	63	60
0	128	64	0	126	63
64	128	64	63	126	63
128	128	64	129	126	60
192	128	64	193	126	60
256	128	64	257	126	60
320	128	64	322	126	60
384	128	64	387	126	60
448	128	64	449	126	60
512	128	64	510	126	60
576	128	64	573	126	60
640	128	64	636	126	60
704	128	64	695	126	60
768	128	64	758	126	60
832	128	64	822	126	60
896	128	64	884	126	60
960	128	64	947	126	60
1023	128	64	1007	126	60
0	192	64	0	189	63
64	192	64	63	189	63
128	192	64	129	189	60
192	192	64	193	189	60
256	192	64	256	189	60
320	192	64	321	190	60
384	192	64	386	190	60
448	192	64	448	190	60
512	192	64	509	190	60
576	192	64	572	190	60
640	192	64	634	190	60
704	192	64	694	190	60
768	192	64	757	190	60
832	192	64	821	190	60
896	192	64	883	190	60
960	192	64	946	189	60
1023	192	64	1006	189	60
0	256	64	0	253	63
64	256	64	63	253	63
128	256	64	129	253	60
192	256	64	192	253	60
256	256	64	256	253	60
320	256	64	320	253	60
384	256	64	385	254	60
448	256	64	447	254	60
512	256	64	508	255	60
576	256	64	570	255	60
640	256	64	633	254	60
704	256	64	693	254	60
768	256	64	755	254	60
832	256	64	820	254	60
896	256	64	882	254	60
960	256	64	945	253	60
1023	256	64	1005	253	60
0	320	64	0	316	63
64	320	64	63	316	63
128	320	64	128	316	63
192	320	64	191	317	60
256	320	64	255	317	60
320	320	64	319	317	60
384	320	64	384	317	60
448	320	64	446	318	60
512	320	64	507	318	60
576	320	64	569	318	60
640	320	64	632	318	60
704	320	64	691	318	60
768	320	64	754	317	60
832	320	64	818	317	60
896	320	64	881	317	60
960	320	64	943	317	60
1023	320	64	1004	317	60
0	384	64	0	379	63
64	384	64	63	379	63
128	384	64	128	379	63
192	384	64	191	379	60
256	384	64	255	380	60
320	384	64	319	381	60
384	384	64	384	381	60
448	384	64	445	381	60
512	384	64	506	381	60
576	384	64	568	381	60
640	384	64	630	381	60
704	384	64	690	381	60
768	384	64	753	381	60
832	384	64	817	380	60
896	384	64	879	380	60
960	384	64	942	380	60
1023	384	64	1003	380	60
0	448	64	0	442	63
64	448	64	63	442	63
128	448	64	128	442	63
192	448	64	190	442	63
256	448	64	255	443	60
320	448	64	318	443	60
384	448	64	384	444	60
448	448	64	445	443	60
512	448	64	505	443	60
576	448	64	568	443	60
640	448	64	630	443	60
704	448	64	689	443	60
768	448	64	752	443	60
832	448	64	816	443	60
896	448	64	878	442	60
960	448	64	941	442	60
1023	448	64	1003	442	60
0	512	64	0	504	63
64	512	64	63	504	63
128	512	64	128	504	63
192	512	64	190	505	63
256	512	64	254	505	60
320	512	64	318	505	60
384	512	64	384	506	60
448	512	64	445	506	60
512	512	64	505	506	60
576	512	64	567	505	60
640	512	64	629	505	60
704	512	64	689	506	60
768	512	64	751	505	60
832	512	64	815	504	60
896	512	64	878	504	60
960	512	64	941	505	60
1023	512	64	1002	505	60
0	576	64	0	567	63
64	576	64	63	567	63
128	576	64	128	567	63
192	576	64	190	568	63
256	576	64	254	568	63
320	576	64	318	569	60
384	576	64	383	569	60
448	576	64	445	569	60
512	576	64	505	568	60
576	576	64	567	568	60
640	576	64	629	568	60
704	576	64	689	568	60
768	576	64	751	568	60
832	576	64	814	567	60
896	576	64	877	567	60
960	576	64	940	567	60
1023	576	64	1002	567	60
0	640	64	0	629	63
64	640	64	63	630	63
128	640	64	128	630	63
192	640	64	191	630	63
256	640	64	255	631	60
320	640	64	318	631	60
384	640	64	384	631	60
448	640	64	445	631	60
512	640	64	505	631	60
576	640	64	567	630	60
640	640	64	630	631	60
704	640	64	689	631	60
768	640	64	751	630	60
832	640	64	814	629	60
896	640	64	877	629	60
960	640	64	940	629	60
1023	640	64	1000	629	60
0	704	64	0	692	63
64	704	64	63	692	63
128	704	64	128	692	63
192	704	64	191	693	63
256	704	64	255	693	63
320	704	64	319	694	60
384	704	64	384	694	60
448	704	64	445	694	60
512	704	64	506	694	60
576	704	64	568	694	60
640	704	64	630	693	60
704	704	64	688	693	60
768	704	64	751	693	60
832	704	64	814	692	60
896	704	64	877	692	60
960	704	64	939	692	60
1023	704	64	1000	692	60
0	768	64	0	756	63
64	768	64	63	756	63
128	768	64	128	756	63
192	768	64	191	757	63
256	768	64	255	757	63
320	768	64	319	757	63
384	768	64	384	757	63
448	768	64	445	757	60
512	768	64	506	757	60
576	768	64	569	757	60
640	768	64	630	757	60
704	768	64	689	756	60
768	768	64	752	757	60
832	768	64	814	755	60
896	768	64	877	755	60
960	768	64	940	755	60
1023	768	64	1001	756	60
0	832	64	0	820	63
64	832	64	63	820	63
128	832	64	128	820	63
192	832	64	192	820	63
256	832	64	256	820	63
320	832	64	320	821	63
384	832	64	385	821	63
448	832	64	446	820	63
512	832	64	507	820	60
576	832	64	570	820	60
640	832	64	632	820	60
704	832	64	690	819	60
768	832	64	752	819	60
832	832	64	815	817	60
896	832	64	878	818	60
960	832	64	940	818	60
1023	832	64	1001	819	60
0	896	64	0	882	63
64	896	64	63	882	63
128	896	64	129	882	63
192	896	64	192	883	63
256	896	64	256	883	63
320	896	64	320	883	63
384	896	64	385	883	63
448	896	64	446	883	63
512	896	64	506	882	63
576	896	64	569	881	63
640	896	64	631	882	63
704	896	64	691	883	63
768	896	64	752	881	63
832	896	64	816	881	63
896	896	64	878	881	63
960	896	64	941	881	63
1023	896	64	1000	881	63
0	960	64	0	945	63
64	960	64	66	945	63
128	960	64	129	945	63
192	960	64	192	945	63
256	960	64	256	945	63
320	960	64	320	945	63
384	960	64	385	944	63
448	960	64	446	944	63
512	960	64	507	943	63
576	960	64	570	943	63
640	960	64	632	943	63
704	960	64	691	942	63
768	960	64	753	942	63
832	960	64	816	942	63
896	960	64	879	942	63
960	960	64	941	942	63
1023	960	64	1002	942	60
0	1023	64	23	1007	63
64	1023	64	69	1007	63
128	1023	64	130	1007	63
192	1023	64	193	1007	63
256	1023	64	257	1006	63
320	1023	64	321	1006	63
384	1023	64	386	1006	63
448	1023	64	447	1006	63
512	1023	64	508	1006	63
576	1023	64	570	1005	63
640	1023	64	632	1004	63
704	1023	64	691	1004	63
768	1023	64	754	1004	60
832	1023	64	818	1004	60
896	1023	64	880	1004	60
960	1023	64	943	1004	60
1023	1023	64	1003	1004	60
0	0	128	0	0	125
64	0	128	63	0	125
128	0	128	129	0	125
192	0	128	193	0	123
256	0	128	257	0	123
320	0	128	322	0	123
384	0	128	387	0	123
448	0	128	449	0	123
512	0	128	510	0	123
576	0	128	573	0	123
640	0	128	636	0	123
704	0	128	695	0	123
768	0	128	758	0	123
832	0	128	822	0	123
896	0	128	884	0	123
960	0	128	947	0	123
1023	0	128	1007	0	123
0	64	128	0	63	125
64	64	128	63	63	125
128	64	128	129	63	125
192	64	128	193	63	125
256	64	128	257	63	123
320	64	128	322	63	123
384	64	128	387	63	123
448	64	128	449	63	123
512	64	128	510	63	123
576	64	128	573	63	123
640	64	128	636	63	123
704	64	128	695	63	123
768	64	128	758	63	123
832	64	128	822	63	123
896	64	128	884	63	123
960	64	128	947	63	123
1023	64	128	1007	63	123
0	128	128	0	126	125
64	128	128	63	126	125
128	128	128	129	126	125
192	128	128	193	126	125
256	128	128	257	126	123
320	128	128	321	126	123
384	128	128	386	128	123
448	128	128	448	128	123
512	128	128	509	128	123
576	128	128	573	128	123
640	128	128	635	128	123
704	128	128	695	126	123
768	128	128	757	126	123
832	128	128	822	126	123
896	128	128	884	126	123
960	128	128	946	126	123
1023	128	128	1007	126	123
0	192	128	0	189	125
64	192	128	63	189	125
128	192	128	129	189	125
192	192	128	192	189	125
256	192	128	256	190	123
320	192	128	321	190	123
384	192	128	386	190	123
448	192	128	447	190	123
512	192	128	509	191	123
576	192	128	571	191	123
640	192	128	634	191	123
704	192	128	694	190	123
768	192	128	756	190	123
832	192	128	821	190	123
896	192	128	883	190	123
960	192	128	945	190	123
1023	192	128	1006	190	123
0	256	128	0	253	125
64	256	128	63	253	125
128	256	128	128	253	125
192	256	128	192	253	125
256	256	128	256	253	123
320	256	128	320	254	123
384	256	128	385	254	123
448	256	128	446	255	123
512	256	128	507	255	123
576	256	128	570	255	123
640	256	128	632	255	123
704	256	128	692	255	123
768	256	128	754	254	123
832	256	128	819	254	123
896	256	128	882	254	123
960	256	128	944	254	123
1023	256	128	1005	254	123
0	320	128	0	317	125
64	320	128	63	317	125
128	320	128	128	317	125
192	320	128	191	317	125
256	320	128	255	317	123
320	320	128	319	318	123
384	320	128	384	318	123
448	320	128	445	318	123
512	320	128	506	318	123
576	320	128	569	318	123
640	320	128	631	318	123
704	320	128	690	318	123
768	320	128	753	318	123
832	320	128	817	318	123
896	320	128	880	317	123
960	320	128	943	317	123
1023	320	128	1003	317	123
0	384	128	0	379	125
64	384	128	63	379	125
128	384	128	128	380	125
192	384	128	190	380	125
256	384	128	255	381	123
320	384	128	318	381	123
384	384	128	384	382	123
448	384	128	445	382	123
512	384	128	505	382	123
576	384	128	568	381	123
640	384	128	630	381	123
704	384	128	689	381	123
768	384	128	752	381	123
832	384	128	816	381	123
896	384	128	878	380	123
960	384	128	942	381	123
1023	384	128	1003	381	123
0	448	128	0	442	125
64	448	128	63	442	125
128	448	128	128	442	125
192	448	128	190	443	125
256	448	128	254	443	125
320	448	128	318	444	123
384	448	128	384	444	123
448	448	128	445	444	123
512	448	128	505	444	123
576	448	128	567	443	123
640	448	128	629	444	123
704	448	128	689	444	123
768	448	128	751	443	123
832	448	128	815	443	123
896	448	128	878	443	123
960	448	128	941	443	123
1023	448	128	1002	443	123
0	512	128	0	505	125
64	512	128	63	505	125
128	512	128	128	505	125
192	512	128	190	505	125
256	512	128	254	506	123
320	512	128	318	506	123
384	512	128	383	506	123
448	512	128	444	506	123
512	512	128	505	506	123
576	512	128	567	506	123
640	512	128	629	506	123
704	512	128	688	506	123
768	512	128	750	506	123
832	512	128	814	505	123
896	512	128	877	505	123
960	512	128	940	505	123
1023	512	128	1001	505	123
0	576	128	0	568	125
64	576	128	63	568	125
128	576	128	128	568	125
192	576	128	190	568	125
256	576	128	254	569	125
320	576	128	318	569	123
384	576	128	383	569	123
448	576	128	444	569	123
512	576	128	505	569	123
576	576	128	567	569	123
640	576	128	629	569	123
704	576	128	688	569	123
768	576	128	750	569	123
832	576	128	813	568	123
896	576	128	876	567	123
960	576	128	939	568	122
1023	576	128	1001	568	123
0	640	128	0	630	125
64	640	128	63	630	125
128	640	128	128	630	125
192	640	128	190	631	125
256	640	128	254	632	125
320	640	128	318	632	123
384	640	128	383	632	123
448	640	128	444	632	123
512	640	128	505	632	123
576	640	128	567	631	123
640	640	128	629	632	123
704	640	128	688	632	123
768	640	128	750	631	123
832	640	128	813	630	123
896	640	128	876	630	122
960	640	128	939	630	122
1023	640	128	999	630	122
0	704	128	0	693	125
64	704	128	63	693	125
128	704	128	128	693	125
192	704	128	191	693	125
256	704	128	255	694	123
320	704	128	318	694	123
384	704	128	383	694	123
448	704	128	445	694	123
512	704	128	505	695	123
576	704	128	568	694	123
640	704	128	629	694	123
704	704	128	688	693	123
768	704	128	750	694	123
832	704	128	813	693	123
896	704	128	876	693	123
960	704	128	938	692	123
1023	704	128	999	693	123
0	768	128	0	757	126
64	768	128	63	757	125
128	768	128	128	757	125
192	768	128	191	757	125
256	768	128	255	758	125
320	768	128	319	758	123
384	768	128	384	758	123
448	768	128	445	758	123
512	768	128	505	757	123
576	768	128	568	758	123
640	768	128	630	757	123
704	768	128	689	757	123
768	768	128	751	757	123
832	768	128	813	755	123
896	768	128	876	756	123
960	768	128	939	756	123
1023	768	128	1000	757	123
0	832	128	0	820	125
64	832	128	63	820	125
128	832	128	128	820	125
192	832	128	191	821	125
256	832	128	255	821	125
320	832	128	319	821	123
384	832	128	384	821	123
448	832	128	446	821	123
512	832	128	506	821	123
576	832	128	569	820	123
640	832	128	631	820	123
704	832	128	689	820	123
768	832	128	752	819	123
832	832	128	814	818	123
896	832	128	877	818	123
960	832	128	939	818	123
1023	832	128	1001	820	123
0	896	128	0	883	126
64	896	128	63	883	125
128	896	128	128	883	125
192	896	128	191	883	125
256	896	128	255	883	125
320	896	128	319	884	123
384	896	128	385	884	123
448	896	128	445	883	123
512	896	128	506	883	123
576	896	128	568	882	123
640	896	128	631	883	123
704	896	128	690	883	123
768	896	128	752	882	123
832	896	128	815	882	123
896	896	128	878	882	123
960	896	128	940	881	123
1023	896	128	1000	881	123
0	960	128	0	945	126
64	960	128	66	945	126
128	960	128	129	945	125
192	960	128	192	946	125
256	960	128	256	946	125
320	960	128	320	946	123
384	960	128	385	945	123
448	960	128	446	944	123
512	960	128	506	944	123
576	960	128	569	944	123
640	960	128	631	944	123
704	960	128	690	943	123
768	960	128	752	943	123
832	960	128	816	943	123
896	960	128	878	943	123
960	960	128	941	943	123
1023	960	128	1001	943	123
0	1023	128	23	1008	126
64	1023	128	69	1008	126
128	1023	128	130	1007	125
192	1023	128	193	1007	125
256	1023	128	256	1007	125
320	1023	128	321	1007	125
384	1023	128	385	1007	125
448	1023	128	447	1007	123
512	1023	128	508	1006	123
576	1023	128	570	1006	123
640	1023	128	632	1005	123
704	1023	128	691	1005	123
768	1023	128	753	1005	123
832	1023	128	817	1005	123
896	1023	128	879	1005	123
960	1023	128	942	1005	123
1023	1023	128	1002	1005	123
0	0	192	0	0	186
64	0	192	63	0	186
128	0	192	129	0	185
192	0	192	193	0	185
256	0	192	257	0	185
320	0	192	321	0	184
384	0	192	386	0	184
448	0	192	448	0	184
512	0	192	509	0	185
576	0	192	572	0	185
640	0	192	635	0	185
704	0	192	695	0	185
768	0	192	757	0	184
832	0	192	821	0	184
896	0	192	883	0	184
960	0	192	946	0	184
1023	0	192	1006	0	184
0	64	192	0	63	187
64	64	192	63	63	186
128	64	192	129	63	186
192	64	192	192	63	185
256	64	192	256	63	185
320	64	192	321	63	184
384	64	192	386	63	184
448	64	192	448	63	184
512	64	192	509	63	184
576	64	192	572	63	184
640	64	192	635	63	184
704	64	192	694	63	184
768	64	192	757	63	184
832	64	192	821	63	184
896	64	192	883	63	184
960	64	192	946	63	184
1023	64	192	1006	63	184
0	128	192	0	126	187
64	128	192	63	126	186
128	128	192	129	126	186
192	128	192	192	126	186
256	128	192	256	126	185
320	128	192	321	128	184
384	128	192	386	128	184
448	128	192	447	128	184
512	128	192	509	128	184
576	128	192	572	128	184
640	128	192	634	128	184
704	128	192	694	128	184
768	128	192	756	126	184
832	128	192	820	126	184
896	128	192	882	126	184
960	128	192	945	126	184
1023	128	192	1006	126	184
0	192	192	0	190	187
64	192	192	63	190	186
128	192	192	129	190	186
192	192	192	192	190	186
256	192	192	256	190	185
320	192	192	320	191	184
384	192	192	385	191	184
448	192	192	447	191	184
512	192	192	508	191	184
576	192	192	570	191	184
640	192	192	633	191	184
704	192	192	693	191	184
768	192	192	755	191	184
832	192	192	819	191	184
896	192	192	882	191	184
960	192	192	944	190	184
1023	192	192	1005	190	184
0	256	192	0	253	187
64	256	192	63	253	187
128	256	192	128	254	186
192	256	192	191	254	186
256	256	192	255	254	185
320	256	192	319	255	184
384	256	192	384	255	184
448	256	192	446	255	184
512	256	192	506	255	184
576	256	192	569	255	184
640	256	192	632	255	184
704	256	192	691	255	184
768	256	192	753	255	184
832	256	192	818	255	184
896	256	192	880	255	184
960	256	192	943	255	184
1023	256	192	1003	255	184
0	320	192	0	317	187
64	320	192	63	317	186
128	320	192	128	317	186
192	320	192	190	317	186
256	320	192	255	318	185
320	320	192	318	318	184
384	320	192	383	319	184
448	320	192	445	319	184
512	320	192	505	319	184
576	320	192	568	319	184
640	320	192	630	319	184
704	320	192	689	319	184
768	320	192	752	319	183
832	320	192	816	318	183
896	320	192	879	318	183
960	320	192	941	318	183
1023	320	192	1002	318	183
0	384	192	0	380	187
64	384	192	63	381	187
128	384	192	128	381	187
192	384	192	190	381	186
256	384	192	254	382	186
320	384	192	318	382	184
384	384	192	383	382	184
448	384	192	444	382	184
512	384	192	505	382	184
576	384	192	567	382	184
640	384	192	629	382	184
704	384	192	688	382	184
768	384	192	751	382	183
832	384	192	814	382	183
896	384	192	877	381	183
960	384	192	940	381	183
1023	384	192	1001	381	183
0	448	192	0	443	187
64	448	192	63	443	186
128	448	192	128	443	186
192	448	192	190	444	186
256	448	192	253	444	186
320	448	192	317	445	185
384	448	192	383	445	184
448	448	192	444	445	184
512	448	192	504	445	184
576	448	192	566	445	184
640	448	192	628	445	184
704	448	192	688	445	184
768	448	192	750	444	184
832	448	192	814	444	183
896	448	192	876	444	183
960	448	192	939	444	183
1023	448	192	1000	444	183
0	512	192	0	506	187
64	512	192	63	506	187
128	512	192	128	506	186
192	512	192	190	506	186
256	512	192	253	507	185
320	512	192	317	507	184
384	512	192	382	508	184
448	512	192	443	508	184
512	512	192	504	507	184
576	512	192	566	507	184
640	512	192	628	507	184
704	512	192	687	508	183
768	512	192	749	507	183
832	512	192	813	506	183
896	512	192	876	506	183
960	512	192	939	506	183
1023	512	192	1000	506	183
0	576	192	0	569	187
64	576	192	63	569	186
128	576	192	128	569	186
192	576	192	190	569	186
256	576	192	253	570	185
320	576	192	317	570	184
384	576	192	382	570	184
448	576	192	443	570	184
512	576	192	504	570	184
576	576	192	566	570	184
640	576	192	628	570	184
704	576	192	687	570	183
768	576	192	749	570	183
832	576	192	812	569	183
896	576	192	875	569	183
960	576	192	938	569	183
1023	576	192	999	569	183
0	640	192	0	631	187
64	640	192	63	631	187
128	640	192	128	632	186
192	640	192	190	632	186
256	640	192	254	633	186
320	640	192	317	633	184
384	640	192	382	633	184
448	640	192	443	633	184
512	640	192	504	633	184
576	640	192	566	633	184
640	640	192	628	633	184
704	640	192	687	633	183
768	640	192	749	633	183
832	640	192	812	631	183
896	640	192	874	631	183
960	640	192	937	631	183
1023	640	192	998	631	183
0	704	192	0	694	187
64	704	192	63	694	186
128	704	192	128	694	186
192	704	192	190	694	186
256	704	192	254	695	185
320	704	192	318	696	184
384	704	192	382	695	184
448	704	192	444	695	184
512	704	192	504	696	184
576	704	192	567	695	184
640	704	192	628	695	184
704	704	192	687	695	184
768	704	192	749	695	183
832	704	192	812	694	183
896	704	192	874	694	183
960	704	192	937	694	183
1023	704	192	998	694	183
0	768	192	0	758	187
64	768	192	63	758	187
128	768	192	128	758	187
192	768	192	190	758	186
256	768	192	254	759	186
320	768	192	318	759	185
384	768	192	383	759	185
448	768	192	444	759	184
512	768	192	504	759	184
576	768	192	567	759	184
640	768	192	629	759	184
704	768	192	687	758	184
768	768	192	750	758	183
832	768	192	812	757	183
896	768	192	875	757	183
960	768	192	938	757	183
1023	768	192	999	758	183
0	832	192	0	821	187
64	832	192	63	821	187
128	832	192	128	821	186
192	832	192	191	822	186
256	832	192	255	822	186
320	832	192	318	822	185
384	832	192	384	822	185
448	832	192	445	822	184
512	832	192	505	822	184
576	832	192	568	821	184
640	832	192	629	821	184
704	832	192	688	821	184
768	832	192	750	821	184
832	832	192	813	820	184
896	832	192	875	820	183
960	832	192	938	820	183
1023	832	192	999	821	183
0	896	192	0	884	187
64	896	192	63	884	187
128	896	192	128	884	187
192	896	192	191	884	187
256	896	192	255	884	186
320	896	192	319	885	185
384	896	192	384	885	185
448	896	192	445	885	185
512	896	192	505	884	184
576	896	192	567	883	184
640	896	192	629	884	184
704	896	192	689	885	184
768	896	192	750	883	184
832	896	192	814	883	184
896	896	192	876	883	184
960	896	192	938	883	184
1023	896	192	999	883	184
0	960	192	0	946	188
64	960	192	66	946	188
128	960	192	129	947	187
192	960	192	191	947	187
256	960	192	255	947	186
320	960	192	319	946	185
384	960	192	384	946	185
448	960	192	445	945	184
512	960	192	505	945	184
576	960	192	568	945	184
640	960	192	630	945	184
704	960	192	689	945	184
768	960	192	751	944	184
832	960	192	814	944	184
896	960	192	877	944	184
960	960	192	939	944	184
1023	960	192	1000	944	183
0	1023	192	23	1009	188
64	1023	192	69	1009	187
128	1023	192	130	1008	187
192	1023	192	192	1008	187
256	1023	192	256	1008	186
320	1023	192	320	1008	185
384	1023	192	385	1008	185
448	1023	192	446	1008	185
512	1023	192	506	1008	185
576	1023	192	569	1007	184
640	1023	192	631	1007	185
704	1023	192	690	1007	185
768	1023	192	752	1006	184
832	1023	192	816	1006	184
896	1023	192	878	1006	184
960	1023	192	940	1006	184
1023	1023	192	1001	1006	184
0	0	256	0	0	249
64	0	256	63	0	248
128	0	256	129	0	247
192	0	256	192	0	247
256	0	256	256	0	247
320	0	256	320	0	247
384	0	256	385	0	247
448	0	256	447	0	247
512	0	256	508	0	247
576	0	256	571	0	247
640	0	256	634	0	247
704	0	256	693	0	247
768	0	256	755	0	247
832	0	256	820	0	247
896	0	256	881	0	247
960	0	256	944	0	247
1023	0	256	1005	0	247
0	64	256	0	63	250
64	64	256	63	63	248
128	64	256	129	63	248
192	64	256	192	63	248
256	64	256	256	63	247
320	64	256	320	63	247
384	64	256	385	63	247
448	64	256	447	63	247
512	64	256	508	63	247
576	64	256	571	63	247
640	64	256	634	63	247
704	64	256	693	63	247
768	64	256	755	63	247
832	64	256	819	63	247
896	64	256	881	63	246
960	64	256	944	63	246
1023	64	256	1005	63	247
0	128	256	0	126	250
64	128	256	63	126	248
128	128	256	128	126	248
192	128	256	192	128	248
256	128	256	256	128	247
320	128	256	320	128	247
384	128	256	385	128	247
448	128	256	446	128	247
512	128	256	507	128	247
576	128	256	570	128	247
640	128	256	633	128	247
704	128	256	692	128	247
768	128	256	754	128	247
832	128	256	819	128	247
896	128	256	881	128	246
960	128	256	944	128	247
1023	128	256	1004	128	247
0	192	256	0	190	250
64	192	256	63	190	248
128	192	256	128	190	248
192	192	256	191	191	248
256	192	256	255	191	248
320	192	256	319	191	247
384	192	256	384	192	247
448	192	256	445	192	247
512	192	256	506	192	247
576	192	256	569	192	247
640	192	256	632	192	247
704	192	256	691	192	247
768	192	256	753	192	247
832	192	256	817	192	247
896	192	256	880	191	246
960	192	256	943	191	247
1023	192	256	1003	191	247
0	256	256	0	255	250
64	256	256	63	255	249
128	256	256	128	255	249
192	256	256	190	255	249
256	256	256	255	255	248
320	256	256	318	256	247
384	256	256	383	256	247
448	256	256	444	256	247
512	256	256	505	256	247
576	256	256	567	256	247
640	256	256	630	256	247
704	256	256	689	256	247
768	256	256	751	256	247
832	256	256	816	256	247
896	256	256	878	256	246
960	256	256	941	256	247
1023	256	256	1002	256	247
0	320	256	0	318	250
64	320	256	63	318	248
128	320	256	128	318	248
192	320	256	190	319	248
256	320	256	253	319	248
320	320	256	317	320	247
384	320	256	382	320	247
448	320	256	443	320	247
512	320	256	504	320	246
576	320	256	566	320	247
640	320	256	628	320	247
704	320	256	688	321	247
768	320	256	750	320	246
832	320	256	814	320	245
896	320	256	876	319	245
960	320	256	939	320	245
1023	320	256	1000	319	245
0	384	256	0	382	250
64	384	256	63	382	250
128	384	256	128	382	250
192	384	256	189	382	249
256	384	256	253	383	249
320	384	256	317	384	247
384	384	256	382	384	247
448	384	256	443	384	247
512	384	256	503	384	247
576	384	256	566	384	246
640	384	256	627	384	246
704	384	256	686	384	247
768	384	256	749	384	246
832	384	256	813	384	246
896	384	256	875	383	245
960	384	256	938	383	245
1023	384	256	999	383	245
0	448	256	0	444	250
64	448	256	63	444	249
128	448	256	128	445	249
192	448	256	189	445	248
256	448	256	253	446	248
320	448	256	317	447	247
384	448	256	382	447	247
448	448	256	443	447	247
512	448	256	503	446	246
576	448	256	565	446	246
640	448	256	627	447	246
704	448	256	686	447	246
768	448	256	748	446	246
832	448	256	811	446	245
896	448	256	874	445	245
960	448	256	937	445	245
1023	448	256	998	445	245
0	512	256	0	508	250
64	512	256	63	508	249
128	512	256	126	508	248
192	512	256	189	508	248
256	512	256	253	509	248
320	512	256	317	509	247
384	512	256	381	509	247
448	512	256	442	509	247
512	512	256	502	509	246
576	512	256	565	509	246
640	512	256	627	509	246
704	512	256	685	509	246
768	512	256	748	509	245
832	512	256	811	508	245
896	512	256	874	508	245
960	512	256	937	508	245
1023	512	256	997	508	245
0	576	256	0	570	250
64	576	256	63	570	249
128	576	256	126	571	248
192	576	256	189	571	248
256	576	256	253	571	248
320	576	256	316	572	247
384	576	256	381	572	247
448	576	256	442	572	246
512	576	256	502	572	246
576	576	256	564	572	246
640	576	256	626	572	246
704	576	256	685	572	245
768	576	256	747	572	245
832	576	256	810	571	245
896	576	256	873	571	245
960	576	256	935	571	245
1023	576	256	996	571	245
0	640	256	0	633	250
64	640	256	63	633	249
128	640	256	126	633	249
192	640	256	189	634	249
256	640	256	253	634	248
320	640	256	317	635	247
384	640	256	381	635	247
448	640	256	442	635	246
512	640	256	502	635	246
576	640	256	564	635	246
640	640	256	626	635	246
704	640	256	685	635	245
768	640	256	747	634	245
832	640	256	810	633	245
896	640	256	872	633	245
960	640	256	935	633	245
1023	640	256	995	633	245
0	704	256	0	695	250
64	704	256	63	695	248
128	704	256	128	695	248
192	704	256	189	696	248
256	704	256	253	697	247
320	704	256	317	697	247
384	704	256	381	697	247
448	704	256	442	697	246
512	704	256	502	697	246
576	704	256	565	697	246
640	704	256	626	697	246
704	704	256	685	697	246
768	704	256	747	697	245
832	704	256	810	696	245
896	704	256	872	695	245
960	704	256	935	695	245
1023	704	256	996	696	245
0	768	256	0	759	250
64	768	256	63	759	249
128	768	256	128	760	249
192	768	256	189	760	248
256	768	256	253	760	248
320	768	256	317	761	247
384	768	256	382	761	247
448	768	256	443	761	247
512	768	256	503	761	247
576	768	256	565	760	246
640	768	256	627	760	246
704	768	256	686	760	246
768	768	256	748	760	245
832	768	256	810	759	245
896	768	256	873	759	245
960	768	256	936	759	245
1023	768	256	997	760	245
0	832	256	0	823	250
64	832	256	63	823	248
128	832	256	128	823	248
192	832	256	190	823	248
256	832	256	254	823	248
320	832	256	317	823	247
384	832	256	382	824	247
448	832	256	443	824	247
512	832	256	504	823	247
576	832	256	566	823	247
640	832	256	628	823	247
704	832	256	686	823	246
768	832	256	748	822	246
832	832	256	811	822	246
896	832	256	874	822	245
960	832	256	936	821	245
1023	832	256	997	822	245
0	896	256	0	886	250
64	896	256	63	886	250
128	896	256	128	886	250
192	896	256	190	886	250
256	896	256	254	886	250
320	896	256	317	886	248
384	896	256	382	887	248
448	896	256	443	886	247
512	896	256	503	886	247
576	896	256	565	885	247
640	896	256	628	886	247
704	896	256	687	887	247
768	896	256	748	885	246
832	896	256	812	885	246
896	896	256	874	886	246
960	896	256	936	885	246
1023	896	256	997	885	245
0	960	256	0	948	251
64	960	256	63	948	250
128	960	256	128	948	250
192	960	256	190	948	250
256	960	256	254	948	250
320	960	256	318	948	247
384	960	256	382	947	247
448	960	256	443	947	247
512	960	256	504	947	247
576	960	256	566	947	247
640	960	256	628	947	247
704	960	256	687	947	247
768	960	256	749	946	246
832	960	256	813	946	246
896	960	256	875	946	246
960	960	256	937	946	246
1023	960	256	998	946	246
0	1023	256	23	1010	251
64	1023	256	66	1010	249
128	1023	256	129	1010	249
192	1023	256	192	1010	248
256	1023	256	255	1010	248
320	1023	256	319	1010	248
384	1023	256	384	1010	248
448	1023	256	444	1010	247
512	1023	256	505	1009	247
576	1023	256	567	1009	247
640	1023	256	629	1009	247
704	1023	256	688	1009	247
768	1023	256	750	1008	246
832	1023	256	814	1009	246
896	1023	256	876	1008	246
960	1023	256	938	1008	246
1023	1023	256	999	1009	246
0	0	320	0	0	311
64	0	320	63	0	311
128	0	320	128	0	310
192	0	320	191	0	310
256	0	320	255	0	309
320	0	320	319	0	308
384	0	320	384	0	308
448	0	320	445	0	308
512	0	320	506	0	308
576	0	320	570	0	308
640	0	320	632	0	308
704	0	320	692	0	308
768	0	320	754	0	308
832	0	320	818	0	308
896	0	320	880	0	308
960	0	320	943	0	308
1023	0	320	1003	0	308
0	64	320	0	63	312
64	64	320	63	63	311
128	64	320	128	63	311
192	64	320	191	63	310
256	64	320	255	63	309
320	64	320	319	63	308
384	64	320	384	63	308
448	64	320	445	63	308
512	64	320	506	63	308
576	64	320	569	63	308
640	64	320	632	63	308
704	64	320	691	63	308
768	64	320	753	63	307
832	64	320	818	63	307
896	64	320	880	63	306
960	64	320	943	63	307
1023	64	320	1003	63	307
0	128	320	0	128	312
64	128	320	63	128	311
128	128	320	128	128	311
192	128	320	191	128	310
256	128	320	255	128	309
320	128	320	319	128	308
384	128	320	384	128	308
448	128	320	445	128	308
512	128	320	506	128	308
576	128	320	569	128	308
640	128	320	632	129	308
704	128	320	691	129	308
768	128	320	753	128	307
832	128	320	817	128	307
896	128	320	879	128	306
960	128	320	942	128	307
1023	128	320	1003	128	307
0	192	320	0	191	312
64	192	320	63	191	311
128	192	320	128	191	311
192	192	320	190	192	310
256	192	320	255	192	309
320	192	320	318	192	308
384	192	320	383	192	308
448	192	320	444	193	308
512	192	320	505	193	308
576	192	320	568	193	308
640	192	320	630	193	308
704	192	320	690	193	308
768	192	320	752	193	307
832	192	320	816	192	307
896	192	320	878	192	306
960	192	320	941	192	307
1023	192	320	1002	192	307
0	256	320	0	255	312
64	256	320	63	255	311
128	256	320	128	256	311
192	256	320	190	256	310
256	256	320	253	256	309
320	256	320	317	256	308
384	256	320	382	257	308
448	256	320	443	257	308
512	256	320	504	257	308
576	256	320	566	257	307
640	256	320	629	258	308
704	256	320	688	258	308
768	256	320	750	257	307
832	256	320	813	257	307
896	256	320	876	256	306
960	256	320	939	257	307
1023	256	320	1000	257	307
0	320	320	0	319	311
64	320	320	63	319	311
128	320	320	128	320	310
192	320	320	189	320	310
256	320	320	253	321	309
320	320	320	317	321	308
384	320	320	381	321	308
448	320	320	442	321	307
512	320	320	502	321	307
576	320	320	565	322	307
640	320	320	627	322	307
704	320	320	686	322	307
768	320	320	748	322	306
832	320	320	812	321	306
896	320	320	874	321	306
960	320	320	937	321	306
1023	320	320	999	321	306
0	384	320	0	383	311
64	384	320	63	384	311
128	384	320	126	384	311
192	384	320	189	384	310
256	384	320	252	385	309
320	384	320	316	385	308
384	384	320	381	385	308
448	384	320	441	385	307
512	384	320	502	385	307
576	384	320	564	385	307
640	384	320	626	385	307
704	384	320	684	385	307
768	384	320	747	385	306
832	384	320	811	385	306
896	384	320	873	384	306
960	384	320	936	385	306
1023	384	320	997	385	306
0	448	320	0	446	311
64	448	320	63	446	311
128	448	320	126	447	310
192	448	320	189	447	310
256	448	320	252	448	309
320	448	320	316	448	308
384	448	320	381	448	308
448	448	320	441	448	308
512	448	320	502	448	307
576	448	320	564	448	307
640	448	320	626	448	307
704	448	320	684	448	307
768	448	320	746	448	307
832	448	320	810	447	306
896	448	320	872	447	306
960	448	320	935	447	306
1023	448	320	996	447	306
0	512	320	0	509	311
64	512	320	63	509	311
128	512	320	126	510	311
192	512	320	189	510	310
256	512	320	252	510	309
320	512	320	316	511	308
384	512	320	380	511	308
448	512	320	441	511	307
512	512	320	501	511	307
576	512	320	564	511	307
640	512	320	625	511	307
704	512	320	684	511	306
768	512	320	746	511	306
832	512	320	809	510	306
896	512	320	872	510	306
960	512	320	934	510	306
1023	512	320	995	510	306
0	576	320	0	572	311
64	576	320	63	572	311
128	576	320	126	573	310
192	576	320	188	573	310
256	576	320	252	573	308
320	576	320	315	574	308
384	576	320	380	574	307
448	576	320	441	574	307
512	576	320	501	574	307
576	576	320	563	574	307
640	576	320	625	574	307
704	576	320	683	574	306
768	576	320	745	573	306
832	576	320	808	573	305
896	576	320	871	573	305
960	576	320	933	573	305
1023	576	320	994	573	306
0	640	320	0	635	311
64	640	320	63	635	311
128	640	320	126	635	311
192	640	320	188	635	310
256	640	320	252	636	309
320	640	320	315	637	308
384	640	320	379	636	307
448	640	320	441	637	307
512	640	320	501	637	307
576	640	320	563	637	307
640	640	320	625	636	306
704	640	320	683	637	306
768	640	320	745	636	306
832	640	320	808	635	306
896	640	320	870	635	305
960	640	320	932	635	305
1023	640	320	993	635	305
0	704	320	0	697	311
64	704	320	63	697	311
128	704	320	126	697	310
192	704	320	189	698	309
256	704	320	252	699	308
320	704	320	316	699	308
384	704	320	380	699	307
448	704	320	441	699	307
512	704	320	501	699	307
576	704	320	563	699	307
640	704	320	625	699	307
704	704	320	683	699	307
768	704	320	746	699	306
832	704	320	808	698	306
896	704	320	870	697	306
960	704	320	932	697	306
1023	704	320	994	699	306
0	768	320	0	761	312
64	768	320	63	761	312
128	768	320	126	761	311
192	768	320	189	762	310
256	768	320	252	762	309
320	768	320	316	762	308
384	768	320	381	762	308
448	768	320	441	763	308
512	768	320	501	762	307
576	768	320	564	762	307
640	768	320	625	762	307
704	768	320	684	762	307
768	768	320	746	762	306
832	768	320	809	761	306
896	768	320	871	762	306
960	768	320	934	762	306
1023	768	320	994	762	306
0	832	320	0	824	312
64	832	320	63	824	311
128	832	320	126	824	311
192	832	320	189	825	310
256	832	320	253	825	309
320	832	320	316	825	308
384	832	320	381	825	308
448	832	320	442	825	308
512	832	320	502	825	307
576	832	320	564	825	307
640	832	320	626	825	307
704	832	320	685	825	307
768	832	320	747	825	307
832	832	320	810	824	306
896	832	320	872	824	306
960	832	320	934	824	306
1023	832	320	994	824	306
0	896	320	0	887	312
64	896	320	63	887	312
128	896	320	126	887	311
192	896	320	189	888	310
256	896	320	253	888	309
320	896	320	317	888	308
384	896	320	381	889	308
448	896	320	442	889	308
512	896	320	502	888	308
576	896	320	564	888	307
640	896	320	626	888	307
704	896	320	685	889	307
768	896	320	747	888	307
832	896	320	810	887	307
896	896	320	873	888	307
960	896	320	934	887	306
1023	896	320	995	888	306
0	960	320	0	950	312
64	960	320	63	950	312
128	960	320	128	950	312
192	960	320	190	950	311
256	960	320	253	950	310
320	960	320	317	950	308
384	960	320	381	949	308
448	960	320	442	949	308
512	960	320	502	949	308
576	960	320	564	949	307
640	960	320	626	949	307
704	960	320	686	950	308
768	960	320	747	949	307
832	960	320	811	949	307
896	960	320	873	949	307
960	960	320	935	949	307
1023	960	320	995	949	306
0	1023	320	23	1012	313
64	1023	320	66	1012	312
128	1023	320	129	1012	312
192	1023	320	191	1012	311
256	1023	320	255	1012	310
320	1023	320	318	1012	309
384	1023	320	382	1012	308
448	1023	320	443	1012	308
512	1023	320	503	1011	308
576	1023	320	565	1011	308
640	1023	320	627	1011	308
704	1023	320	687	1012	308
768	1023	320	748	1011	307
832	1023	320	812	1011	307
896	1023	320	874	1010	307
960	1023	320	936	1010	307
1023	1023	320	997	1011	307
0	0	384	0	0	375
64	0	384	63	0	373
128	0	384	128	0	373
192	0	384	192	0	373
256	0	384	256	0	372
320	0	384	320	0	372
384	0	384	385	0	372
448	0	384	446	0	372
512	0	384	506	0	371
576	0	384	570	0	372
640	0	384	633	0	372
704	0	384	692	0	372
768	0	384	755	0	370
832	0	384	818	0	370
896	0	384	881	0	370
960	0	384	943	0	370
1023	0	384	1004	0	370
0	64	384	0	63	375
64	64	384	63	63	373
128	64	384	128	63	373
192	64	384	192	63	372
256	64	384	256	63	372
320	64	384	320	63	372
384	64	384	385	63	372
448	64	384	446	63	371
512	64	384	506	63	370
576	64	384	569	63	371
640	64	384	633	63	370
704	64	384	692	63	370
768	64	384	755	63	370
832	64	384	818	63	369
896	64	384	880	63	369
960	64	384	943	63	369
1023	64	384	1004	63	369
0	128	384	0	128	375
64	128	384	63	128	373
128	128	384	128	128	373
192	128	384	191	128	373
256	128	384	255	128	372
320	128	384	319	129	372
384	128	384	385	129	372
448	128	384	446	129	371
512	128	384	506	129	370
576	128	384	569	129	371
640	128	384	632	129	370
704	128	384	691	129	370
768	128	384	754	128	370
832	128	384	817	128	369
896	128	384	880	128	369
960	128	384	942	128	369
1023	128	384	1003	128	369
0	192	384	0	191	375
64	192	384	63	191	374
128	192	384	128	192	373
192	192	384	191	192	373
256	192	384	255	193	373
320	192	384	319	193	372
384	192	384	384	193	372
448	192	384	445	193	371
512	192	384	505	193	370
576	192	384	568	193	370
640	192	384	631	193	371
704	192	384	690	193	370
768	192	384	753	193	370
832	192	384	816	193	369
896	192	384	878	193	369
960	192	384	941	193	369
1023	192	384	1002	193	369
0	256	384	0	256	375
64	256	384	63	256	375
128	256	384	128	256	375
192	256	384	190	256	374
256	256	384	254	257	374
320	256	384	318	258	372
384	256	384	383	258	372
448	256	384	444	258	372
512	256	384	504	258	370
576	256	384	567	258	370
640	256	384	629	258	371
704	256	384	688	258	370
768	256	384	751	258	370
832	256	384	813	257	369
896	256	384	876	257	369
960	256	384	939	257	369
1023	256	384	1001	258	369
0	320	384	0	320	375
64	320	384	63	320	373
128	320	384	128	320	372
192	320	384	190	321	372
256	320	384	253	321	372
320	320	384	317	322	370
384	320	384	382	322	370
448	320	384	443	322	370
512	320	384	503	322	369
576	320	384	566	322	369
640	320	384	628	322	369
704	320	384	687	322	369
768	320	384	749	322	368
832	320	384	812	322	368
896	320	384	875	321	368
960	320	384	937	322	368
1023	320	384	999	322	368
0	384	384	0	384	375
64	384	384	63	384	374
128	384	384	126	384	374
192	384	384	189	385	373
256	384	384	253	385	373
320	384	384	317	386	370
384	384	384	381	386	370
448	384	384	442	386	370
512	384	384	502	385	369
576	384	384	564	386	369
640	384	384	626	386	369
704	384	384	685	386	369
768	384	384	747	386	368
832	384	384	811	385	368
896	384	384	873	385	368
960	384	384	936	385	368
1023	384	384	998	385	368
0	448	384	0	447	374
64	448	384	63	447	373
128	448	384	126	447	373
192	448	384	189	448	373
256	448	384	253	448	372
320	448	384	316	449	370
384	448	384	381	449	370
448	448	384	442	449	369
512	448	384	502	449	369
576	448	384	564	449	368
640	448	384	626	449	368
704	448	384	685	449	368
768	448	384	747	449	368
832	448	384	810	448	368
896	448	384	872	448	367
960	448	384	936	448	367
1023	448	384	997	448	367
0	512	384	0	510	374
64	512	384	63	510	373
128	512	384	126	510	373
192	512	384	189	511	372
256	512	384	253	511	372
320	512	384	316	512	370
384	512	384	381	512	370
448	512	384	442	512	369
512	512	384	502	512	369
576	512	384	564	511	368
640	512	384	626	511	368
704	512	384	684	511	368
768	512	384	746	511	368
832	512	384	809	511	367
896	512	384	872	511	367
960	512	384	935	511	367
1023	512	384	995	511	367
0	576	384	0	573	374
64	576	384	63	573	373
128	576	384	126	573	373
192	576	384	189	573	372
256	576	384	252	574	372
320	576	384	316	575	370
384	576	384	380	575	370
448	576	384	441	575	369
512	576	384	501	575	368
576	576	384	563	574	368
640	576	384	625	575	368
704	576	384	684	575	368
768	576	384	745	574	367
832	576	384	809	574	367
896	576	384	871	574	367
960	576	384	933	574	367
1023	576	384	994	574	367
0	640	384	0	636	374
64	640	384	63	636	373
128	640	384	126	636	373
192	640	384	189	636	373
256	640	384	252	637	372
320	640	384	316	637	369
384	640	384	380	637	369
448	640	384	441	637	369
512	640	384	501	638	368
576	640	384	563	637	368
640	640	384	625	637	368
704	640	384	684	637	368
768	640	384	746	637	367
832	640	384	809	637	367
896	640	384	871	636	367
960	640	384	933	637	367
1023	640	384	994	637	367
0	704	384	0	698	374
64	704	384	63	698	372
128	704	384	126	699	371
192	704	384	189	699	371
256	704	384	252	699	370
320	704	384	316	700	369
384	704	384	381	700	369
448	704	384	441	700	369
512	704	384	501	700	368
576	704	384	564	700	368
640	704	384	625	700	368
704	704	384	684	700	368
768	704	384	746	700	368
832	704	384	810	700	368
896	704	384	871	699	367
960	704	384	933	699	367
1023	704	384	994	699	367
0	768	384	0	762	374
64	768	384	63	762	373
128	768	384	126	762	373
192	768	384	189	762	373
256	768	384	253	763	372
320	768	384	316	763	370
384	768	384	381	763	370
448	768	384	442	763	369
512	768	384	502	763	369
576	768	384	564	763	368
640	768	384	626	763	368
704	768	384	685	764	368
768	768	384	746	763	368
832	768	384	809	762	367
896	768	384	872	762	367
960	768	384	934	762	367
1023	768	384	994	762	367
0	832	384	0	825	375
64	832	384	63	825	372
128	832	384	128	825	372
192	832	384	189	826	372
256	832	384	253	826	372
320	832	384	317	826	370
384	832	384	381	826	370
448	832	384	442	826	369
512	832	384	502	826	369
576	832	384	564	826	369
640	832	384	626	826	369
704	832	384	685	827	369
768	832	384	747	826	368
832	832	384	810	826	368
896	832	384	872	825	368
960	832	384	934	825	368
1023	832	384	995	825	368
0	896	384	0	888	375
64	896	384	63	888	375
128	896	384	128	888	374
192	896	384	190	889	374
256	896	384	253	889	373
320	896	384	317	890	370
384	896	384	382	890	370
448	896	384	443	890	370
512	896	384	503	890	369
576	896	384	565	890	369
640	896	384	627	890	369
704	896	384	685	890	368
768	896	384	748	889	368
832	896	384	810	888	368
896	896	384	872	888	368
960	896	384	935	888	368
1023	896	384	996	889	368
0	960	384	0	950	375
64	960	384	63	950	375
128	960	384	128	950	374
192	960	384	190	950	374
256	960	384	253	950	373
320	960	384	317	951	370
384	960	384	382	951	370
448	960	384	443	951	370
512	960	384	503	950	370
576	960	384	565	950	369
640	960	384	627	950	369
704	960	384	686	951	369
768	960	384	748	950	368
832	960	384	810	949	368
896	960	384	873	950	368
960	960	384	935	949	368
1023	960	384	995	949	368
0	1023	384	23	1012	375
64	1023	384	66	1012	373
128	1023	384	129	1012	373
192	1023	384	191	1012	372
256	1023	384	255	1013	372
320	1023	384	318	1013	371
384	1023	384	383	1013	371
448	1023	384	444	1013	370
512	1023	384	504	1013	370
576	1023	384	566	1013	370
640	1023	384	628	1013	369
704	1023	384	687	1012	369
768	1023	384	749	1012	368
832	1023	384	812	1012	368
896	1023	384	874	1011	368
960	1023	384	936	1012	368
1023	1023	384	997	1011	368
0	0	448	0	0	438
64	0	448	63	0	436
128	0	448	129	0	436
192	0	448	192	0	435
256	0	448	256	0	434
320	0	448	320	0	433
384	0	448	386	0	433
448	0	448	447	0	432
512	0	448	507	0	432
576	0	448	570	0	432
640	0	448	633	0	432
704	0	448	692	0	432
768	0	448	755	0	431
832	0	448	819	0	431
896	0	448	881	0	431
960	0	448	943	0	430
1023	0	448	1004	0	431
0	64	448	0	63	436
64	64	448	63	63	435
128	64	448	129	63	434
192	64	448	192	63	434
256	64	448	256	63	433
320	64	448	320	63	432
384	64	448	386	63	432
448	64	448	447	63	431
512	64	448	507	63	431
576	64	448	570	63	431
640	64	448	633	63	431
704	64	448	692	63	431
768	64	448	755	63	430
832	64	448	818	63	429
896	64	448	881	63	429
960	64	448	943	63	429
1023	64	448	1004	63	430
0	128	448	0	128	436
64	128	448	63	128	435
128	128	448	129	128	435
192	128	448	192	128	434
256	128	448	256	128	433
320	128	448	320	129	432
384	128	448	385	129	432
448	128	448	446	129	431
512	128	448	506	129	431
576	128	448	569	129	431
640	128	448	632	129	431
704	128	448	691	129	431
768	128	448	754	129	430
832	128	448	818	128	429
896	128	448	880	128	429
960	128	448	942	128	429
1023	128	448	1003	129	430
0	192	448	0	192	436
64	192	448	63	192	435
128	192	448	128	192	435
192	192	448	191	192	434
256	192	448	255	193	433
320	192	448	319	193	432
384	192	448	385	193	432
448	192	448	446	193	431
512	192	448	506	193	431
576	192	448	569	193	431
640	192	448	631	193	431
704	192	448	690	193	431
768	192	448	753	193	430
832	192	448	816	193	429
896	192	448	879	193	429
960	192	448	941	193	429
1023	192	448	1003	193	430
0	256	448	0	256	436
64	256	448	63	256	436
128	256	448	128	256	435
192	256	448	191	257	435
256	256	448	255	258	434
320	256	448	318	258	432
384	256	448	384	258	432
448	256	448	445	259	432
512	256	448	505	258	431
576	256	448	567	259	431
640	256	448	630	259	431
704	256	448	688	259	431
768	256	448	751	258	430
832	256	448	814	258	429
896	256	448	877	258	429
960	256	448	939	258	429
1023	256	448	1001	258	430
0	320	448	0	321	435
64	320	448	63	321	434
128	320	448	128	321	434
192	320	448	190	321	433
256	320	448	254	322	432
320	320	448	317	322	431
384	320	448	383	323	431
448	320	448	444	323	430
512	320	448	504	322	430
576	320	448	566	322	430
640	320	448	628	323	430
704	320	448	687	323	430
768	320	448	749	322	429
832	320	448	812	322	428
896	320	448	875	322	428
960	320	448	938	322	428
1023	320	448	1000	322	428
0	384	448	0	385	435
64	384	448	63	385	435
128	384	448	126	385	434
192	384	448	189	385	434
256	384	448	253	386	433
320	384	448	317	386	431
384	384	448	382	387	431
448	384	448	443	386	430
512	384	448	502	386	430
576	384	448	565	386	430
640	384	448	627	386	430
704	384	448	686	387	430
768	384	448	747	386	429
832	384	448	811	386	428
896	384	448	874	386	428
960	384	448	936	386	428
1023	384	448	998	386	428
0	448	448	0	448	435
64	448	448	63	448	434
128	448	448	126	448	434
192	448	448	189	448	433
256	448	448	253	449	432
320	448	448	317	449	431
384	448	448	381	450	430
448	448	448	442	449	430
512	448	448	502	449	429
576	448	448	564	449	429
640	448	448	626	449	429
704	448	448	685	450	429
768	448	448	747	449	429
832	448	448	810	449	428
896	448	448	873	448	428
960	448	448	936	449	428
1023	448	448	997	449	428
0	512	448	0	511	435
64	512	448	63	511	434
128	512	448	128	511	434
192	512	448	189	511	433
256	512	448	253	512	432
320	512	448	317	513	431
384	512	448	381	513	431
448	512	448	442	512	430
512	512	448	502	512	429
576	512	448	564	512	429
640	512	448	626	512	429
704	512	448	685	512	429
768	512	448	746	512	428
832	512	448	810	511	428
896	512	448	872	511	428
960	512	448	935	512	428
1023	512	448	995	511	427
0	576	448	0	574	435
64	576	448	63	574	434
128	576	448	126	574	433
192	576	448	189	574	433
256	576	448	253	575	432
320	576	448	316	575	430
384	576	448	381	576	430
448	576	448	442	576	430
512	576	448	502	575	429
576	576	448	564	575	429
640	576	448	626	575	429
704	576	448	685	576	429
768	576	448	746	574	428
832	576	448	809	575	428
896	576	448	872	575	428
960	576	448	934	575	427
1023	576	448	994	574	427
0	640	448	0	637	435
64	640	448	63	637	434
128	640	448	126	637	434
192	640	448	189	637	433
256	640	448	252	638	432
320	640	448	316	638	430
384	640	448	380	638	430
448	640	448	441	638	429
512	640	448	502	638	429
576	640	448	564	638	429
640	640	448	625	638	428
704	640	448	684	638	429
768	640	448	746	638	428
832	640	448	810	638	428
896	640	448	872	638	428
960	640	448	934	638	427
1023	640	448	994	638	427
0	704	448	0	699	435
64	704	448	63	699	433
128	704	448	126	700	433
192	704	448	189	700	432
256	704	448	253	700	431
320	704	448	316	701	430
384	704	448	381	701	430
448	704	448	442	701	430
512	704	448	502	701	429
576	704	448	564	701	429
640	704	448	626	701	429
704	704	448	685	701	429
768	704	448	746	700	428
832	704	448	810	701	428
896	704	448	872	701	428
960	704	448	934	700	427
1023	704	448	994	700	428
0	768	448	0	763	435
64	768	448	63	763	434
128	768	448	126	763	434
192	768	448	189	763	433
256	768	448	253	764	432
320	768	448	317	764	431
384	768	448	381	764	431
448	768	448	442	764	430
512	768	448	502	764	430
576	768	448	564	764	429
640	768	448	626	765	429
704	768	448	686	765	429
768	768	448	747	764	429
832	768	448	810	763	428
896	768	448	872	763	428
960	768	448	934	763	428
1023	768	448	995	763	428
0	832	448	0	826	436
64	832	448	63	826	434
128	832	448	128	826	434
192	832	448	189	826	433
256	832	448	253	827	432
320	832	448	317	827	431
384	832	448	381	827	431
448	832	448	443	827	430
512	832	448	503	827	430
576	832	448	565	827	430
640	832	448	627	827	429
704	832	448	686	828	429
768	832	448	748	827	429
832	832	448	811	827	429
896	832	448	873	827	428
960	832	448	935	826	428
1023	832	448	995	827	428
0	896	448	0	889	435
64	896	448	63	889	435
128	896	448	128	889	435
192	896	448	190	890	434
256	896	448	254	890	433
320	896	448	317	891	431
384	896	448	382	891	431
448	896	448	443	891	431
512	896	448	504	891	430
576	896	448	566	891	430
640	896	448	627	891	430
704	896	448	686	890	429
768	896	448	748	891	429
832	896	448	811	890	429
896	896	448	873	889	428
960	896	448	935	889	428
1023	896	448	996	890	428
0	960	448	0	951	436
64	960	448	63	951	435
128	960	448	128	951	435
192	960	448	190	951	434
256	960	448	254	951	433
320	960	448	317	952	431
384	960	448	382	952	431
448	960	448	443	952	431
512	960	448	504	952	430
576	960	448	566	952	430
640	960	448	627	951	430
704	960	448	686	952	429
768	960	448	748	952	429
832	960	448	811	950	428
896	960	448	873	951	428
960	960	448	935	950	428
1023	960	448	996	951	428
0	1023	448	0	1012	436
64	1023	448	66	1013	435
128	1023	448	128	1013	434
192	1023	448	191	1013	434
256	1023	448	255	1013	433
320	1023	448	318	1014	431
384	1023	448	383	1014	431
448	1023	448	444	1014	431
512	1023	448	505	1014	431
576	1023	448	567	1014	431
640	1023	448	628	1014	430
704	1023	448	687	1013	430
768	1023	448	749	1014	429
832	1023	448	812	1013	429
896	1023	448	874	1012	429
960	1023	448	937	1013	429
1023	1023	448	997	1012	428
0	0	512	0	0	498
64	0	512	63	0	497
128	0	512	129	0	497
192	0	512	192	0	496
256	0	512	256	0	494
320	0	512	321	0	493
384	0	512	386	0	492
448	0	512	447	0	492
512	0	512	508	0	492
576	0	512	571	0	492
640	0	512	633	0	491
704	0	512	693	0	491
768	0	512	755	0	491
832	0	512	819	0	490
896	0	512	882	0	490
960	0	512	944	0	489
1023	0	512	1005	0	490
0	64	512	0	63	496
64	64	512	63	63	495
128	64	512	129	63	494
192	64	512	192	63	494
256	64	512	256	63	492
320	64	512	321	63	491
384	64	512	386	63	491
448	64	512	447	63	490
512	64	512	508	63	490
576	64	512	570	63	490
640	64	512	633	63	489
704	64	512	692	63	489
768	64	512	755	63	489
832	64	512	819	63	488
896	64	512	882	63	488
960	64	512	944	63	488
1023	64	512	1005	63	488
0	128	512	0	128	496
64	128	512	63	128	495
128	128	512	129	128	495
192	128	512	192	128	494
256	128	512	256	128	492
320	128	512	320	129	491
384	128	512	385	129	491
448	128	512	447	129	490
512	128	512	507	129	490
576	128	512	570	129	490
640	128	512	632	129	489
704	128	512	692	129	489
768	128	512	754	129	489
832	128	512	818	129	488
896	128	512	881	129	488
960	128	512	943	129	488
1023	128	512	1004	129	488
0	192	512	0	192	496
64	192	512	63	192	495
128	192	512	128	192	495
192	192	512	191	193	494
256	192	512	255	193	492
320	192	512	320	193	491
384	192	512	385	193	491
448	192	512	446	193	490
512	192	512	506	193	490
576	192	512	569	193	490
640	192	512	631	193	489
704	192	512	690	193	489
768	192	512	753	193	489
832	192	512	817	193	488
896	192	512	880	193	488
960	192	512	942	193	488
1023	192	512	1003	193	488
0	256	512	0	256	496
64	256	512	63	256	495
128	256	512	128	257	495
192	256	512	191	257	494
256	256	512	255	258	492
320	256	512	318	258	491
384	256	512	384	258	491
448	256	512	445	259	490
512	256	512	506	259	490
576	256	512	568	259	490
640	256	512	630	259	489
704	256	512	688	259	489
768	256	512	751	259	489
832	256	512	814	258	488
896	256	512	877	258	488
960	256	512	940	258	488
1023	256	512	1002	258	488
0	320	512	0	321	494
64	320	512	63	321	494
128	320	512	128	321	493
192	320	512	190	322	492
256	320	512	254	322	491
320	320	512	317	322	490
384	320	512	383	323	490
448	320	512	444	323	489
512	320	512	504	323	488
576	320	512	567	323	488
640	320	512	628	323	488
704	320	512	687	323	488
768	320	512	749	323	487
832	320	512	812	322	487
896	320	512	875	322	487
960	320	512	939	322	487
1023	320	512	1000	322	487
0	384	512	0	385	494
64	384	512	63	385	494
128	384	512	128	385	494
192	384	512	189	386	493
256	384	512	253	386	491
320	384	512	317	387	490
384	384	512	382	387	490
448	384	512	443	387	489
512	384	512	503	387	489
576	384	512	565	387	488
640	384	512	627	387	488
704	384	512	686	388	488
768	384	512	748	386	487
832	384	512	811	386	487
896	384	512	874	386	487
960	384	512	937	386	487
1023	384	512	998	386	487
0	448	512	0	448	494
64	448	512	63	448	494
128	448	512	128	448	493
192	448	512	189	449	492
256	448	512	253	449	491
320	448	512	317	450	489
384	448	512	382	450	489
448	448	512	443	450	489
512	448	512	503	450	488
576	448	512	565	450	488
640	448	512	627	450	488
704	448	512	686	450	488
768	448	512	747	450	487
832	448	512	811	450	487
896	448	512	873	449	487
960	448	512	937	449	487
1023	448	512	997	449	487
0	512	512	0	511	494
64	512	512	63	511	494
128	512	512	128	512	494
192	512	512	189	512	493
256	512	512	253	513	491
320	512	512	317	514	490
384	512	512	382	514	490
448	512	512	443	513	489
512	512	512	502	513	488
576	512	512	565	513	488
640	512	512	627	513	488
704	512	512	685	513	488
768	512	512	747	512	487
832	512	512	811	512	487
896	512	512	872	512	486
960	512	512	936	512	486
1023	512	512	996	512	486
0	576	512	0	575	494
64	576	512	63	575	494
128	576	512	126	575	493
192	576	512	189	575	492
256	576	512	253	576	491
320	576	512	316	576	489
384	576	512	381	576	489
448	576	512	442	576	488
512	576	512	502	576	488
576	576	512	564	576	488
640	576	512	626	576	488
704	576	512	685	576	488
768	576	512	746	575	487
832	576	512	810	575	486
896	576	512	872	575	486
960	576	512	934	575	486
1023	576	512	995	575	486
0	640	512	0	637	494
64	640	512	63	638	494
128	640	512	126	638	493
192	640	512	189	638	492
256	640	512	252	638	491
320	640	512	316	639	489
384	640	512	381	639	489
448	640	512	442	639	488
512	640	512	502	639	488
576	640	512	564	639	488
640	640	512	626	639	488
704	640	512	685	640	488
768	640	512	747	639	487
832	640	512	810	639	487
896	640	512	872	639	487
960	640	512	934	638	486
1023	640	512	994	639	486
0	704	512	0	700	495
64	704	512	63	700	494
128	704	512	128	700	494
192	704	512	189	701	492
256	704	512	253	702	491
320	704	512	317	702	490
384	704	512	381	702	489
448	704	512	442	702	489
512	704	512	502	702	488
576	704	512	565	702	488
640	704	512	627	702	488
704	704	512	686	703	488
768	704	512	747	702	488
832	704	512	811	702	487
896	704	512	873	701	487
960	704	512	935	701	487
1023	704	512	995	701	487
0	768	512	0	764	495
64	768	512	63	764	495
128	768	512	128	764	494
192	768	512	189	764	493
256	768	512	253	765	491
320	768	512	317	765	490
384	768	512	381	765	489
448	768	512	443	765	489
512	768	512	503	765	489
576	768	512	565	765	489
640	768	512	627	766	489
704	768	512	686	766	488
768	768	512	748	766	488
832	768	512	811	765	488
896	768	512	873	765	488
960	768	512	936	765	487
1023	768	512	995	764	487
0	832	512	0	827	495
64	832	512	63	827	495
128	832	512	128	827	494
192	832	512	190	827	493
256	832	512	253	828	492
320	832	512	317	828	491
384	832	512	382	829	490
448	832	512	443	829	489
512	832	512	503	828	489
576	832	512	565	828	489
640	832	512	628	829	489
704	832	512	687	829	488
768	832	512	748	828	488
832	832	512	811	828	488
896	832	512	874	828	488
960	832	512	936	827	488
1023	832	512	996	828	487
0	896	512	0	890	495
64	896	512	63	890	495
128	896	512	128	890	494
192	896	512	190	890	494
256	896	512	254	891	492
320	896	512	317	892	491
384	896	512	382	891	490
448	896	512	443	892	490
512	896	512	504	892	489
576	896	512	566	892	489
640	896	512	628	892	489
704	896	512	687	892	489
768	896	512	748	891	488
832	896	512	811	891	488
896	896	512	874	891	487
960	896	512	936	891	487
1023	896	512	997	891	488
0	960	512	0	951	495
64	960	512	63	951	495
128	960	512	128	951	495
192	960	512	190	952	494
256	960	512	254	953	492
320	960	512	318	953	491
384	960	512	382	953	490
448	960	512	443	953	490
512	960	512	504	953	489
576	960	512	567	953	489
640	960	512	628	953	489
704	960	512	687	953	489
768	960	512	749	953	488
832	960	512	812	952	488
896	960	512	874	952	488
960	960	512	936	952	487
1023	960	512	997	952	487
0	1023	512	0	1013	496
64	1023	512	63	1013	495
128	1023	512	128	1014	495
192	1023	512	191	1014	494
256	1023	512	255	1014	492
320	1023	512	318	1014	491
384	1023	512	383	1015	491
448	1023	512	444	1015	490
512	1023	512	505	1015	490
576	1023	512	567	1015	490
640	1023	512	629	1015	489
704	1023	512	688	1015	489
768	1023	512	750	1015	489
832	1023	512	812	1013	488
896	1023	512	875	1014	488
960	1023	512	937	1014	488
1023	1023	512	998	1014	488
0	0	576	0	0	559
64	0	576	63	0	559
128	0	576	129	0	558
192	0	576	193	0	557
256	0	576	257	0	555
320	0	576	321	0	553
384	0	576	386	0	553
448	0	576	448	0	552
512	0	576	508	0	552
576	0	576	571	0	551
640	0	576	634	0	551
704	0	576	693	0	550
768	0	576	756	0	550
832	0	576	821	0	551
896	0	576	884	0	550
960	0	576	946	0	550
1023	0	576	1007	0	550
0	64	576	0	63	556
64	64	576	63	63	555
128	64	576	129	63	555
192	64	576	193	63	554
256	64	576	257	63	552
320	64	576	321	63	550
384	64	576	386	63	550
448	64	576	448	63	550
512	64	576	508	63	549
576	64	576	571	63	549
640	64	576	633	63	549
704	64	576	692	63	548
768	64	576	755	63	548
832	64	576	821	63	548
896	64	576	883	63	548
960	64	576	946	63	547
1023	64	576	1007	63	547
0	128	576	0	128	556
64	128	576	63	128	556
128	128	576	129	128	555
192	128	576	192	129	554
256	128	576	256	129	552
320	128	576	321	129	550
384	128	576	386	129	550
448	128	576	447	129	550
512	128	576	508	129	549
576	128	576	570	129	549
640	128	576	633	129	549
704	128	576	692	129	548
768	128	576	755	129	548
832	128	576	820	129	548
896	128	576	883	129	548
960	128	576	945	129	547
1023	128	576	1006	129	547
0	192	576	0	193	556
64	192	576	63	193	556
128	192	576	129	193	555
192	192	576	192	193	554
256	192	576	256	193	552
320	192	576	320	193	550
384	192	576	385	193	550
448	192	576	447	194	550
512	192	576	507	194	549
576	192	576	570	194	549
640	192	576	632	194	549
704	192	576	691	194	548
768	192	576	754	194	548
832	192	576	818	194	548
896	192	576	881	193	548
960	192	576	944	193	547
1023	192	576	1005	193	547
0	256	576	0	257	556
64	256	576	63	258	556
128	256	576	128	258	555
192	256	576	191	258	554
256	256	576	255	258	552
320	256	576	319	259	550
384	256	576	384	259	550
448	256	576	446	259	550
512	256	576	506	259	549
576	256	576	568	259	549
640	256	576	630	259	549
704	256	576	689	259	548
768	256	576	752	259	548
832	256	576	816	259	548
896	256	576	879	259	548
960	256	576	942	259	547
1023	256	576	1003	259	547
0	320	576	0	322	554
64	320	576	63	322	554
128	320	576	128	322	554
192	320	576	190	322	553
256	320	576	255	323	551
320	320	576	318	323	550
384	320	576	384	324	549
448	320	576	445	324	549
512	320	576	505	324	549
576	320	576	567	324	548
640	320	576	629	324	548
704	320	576	688	324	548
768	320	576	750	324	547
832	320	576	814	324	547
896	320	576	877	323	546
960	320	576	940	323	547
1023	320	576	1001	323	547
0	384	576	0	386	554
64	384	576	63	386	554
128	384	576	128	386	554
192	384	576	190	387	553
256	384	576	254	387	551
320	384	576	317	388	550
384	384	576	383	388	549
448	384	576	444	388	549
512	384	576	505	389	549
576	384	576	567	389	548
640	384	576	629	388	548
704	384	576	687	389	548
768	384	576	749	388	547
832	384	576	813	388	547
896	384	576	875	387	546
960	384	576	939	388	547
1023	384	576	1000	388	547
0	448	576	0	449	554
64	448	576	63	450	554
128	448	576	128	450	553
192	448	576	190	450	552
256	448	576	253	451	551
320	448	576	317	451	549
384	448	576	382	451	549
448	448	576	443	451	548
512	448	576	504	451	548
576	448	576	566	451	547
640	448	576	628	451	547
704	448	576	687	452	548
768	448	576	748	451	546
832	448	576	812	451	546
896	448	576	875	451	547
960	448	576	938	451	546
1023	448	576	998	451	546
0	512	576	0	512	554
64	512	576	63	512	554
128	512	576	128	512	553
192	512	576	190	513	552
256	512	576	253	514	551
320	512	576	317	514	549
384	512	576	382	515	549
448	512	576	443	514	548
512	512	576	503	514	548
576	512	576	566	514	548
640	512	576	628	514	547
704	512	576	687	515	547
768	512	576	749	514	547
832	512	576	811	514	546
896	512	576	874	513	546
960	512	576	936	513	546
1023	512	576	997	514	546
0	576	576	0	575	554
64	576	576	63	575	554
128	576	576	128	576	553
192	576	576	190	576	552
256	576	576	253	577	551
320	576	576	317	578	549
384	576	576	382	578	549
448	576	576	443	578	548
512	576	576	503	578	548
576	576	576	566	578	548
640	576	576	627	578	547
704	576	576	686	578	547
768	576	576	749	578	547
832	576	576	811	576	546
896	576	576	873	576	546
960	576	576	935	576	546
1023	576	576	996	577	546
0	640	576	0	639	554
64	640	576	63	639	554
128	640	576	128	639	553
192	640	576	190	640	553
256	640	576	253	640	551
320	640	576	317	641	549
384	640	576	382	641	549
448	640	576	443	641	549
512	640	576	504	641	548
576	640	576	566	641	548
640	640	576	628	641	548
704	640	576	686	641	547
768	640	576	748	640	546
832	640	576	811	640	546
896	640	576	873	640	546
960	640	576	935	640	546
1023	640	576	996	640	545
0	704	576	0	702	554
64	704	576	63	702	554
128	704	576	128	702	553
192	704	576	190	702	552
256	704	576	253	703	551
320	704	576	317	704	549
384	704	576	382	704	549
448	704	576	443	704	549
512	704	576	504	704	548
576	704	576	566	704	548
640	704	576	628	704	548
704	704	576	687	704	547
768	704	576	749	703	547
832	704	576	811	702	547
896	704	576	873	702	546
960	704	576	936	702	546
1023	704	576	996	702	547
0	768	576	0	765	554
64	768	576	63	765	554
128	768	576	128	765	554
192	768	576	190	765	553
256	768	576	253	766	551
320	768	576	317	767	550
384	768	576	382	767	549
448	768	576	444	767	549
512	768	576	504	767	549
576	768	576	566	767	548
640	768	576	628	767	548
704	768	576	687	767	547
768	768	576	749	767	547
832	768	576	812	766	547
896	768	576	874	766	546
960	768	576	937	766	547
1023	768	576	997	767	546
0	832	576	0	828	555
64	832	576	63	828	555
128	832	576	128	828	554
192	832	576	190	829	553
256	832	576	254	829	551
320	832	576	318	830	550
384	832	576	383	831	550
448	832	576	444	830	549
512	832	576	504	830	549
576	832	576	567	830	548
640	832	576	628	830	548
704	832	576	687	830	548
768	832	576	750	830	547
832	832	576	812	829	547
896	832	576	874	829	546
960	832	576	936	828	546
1023	832	576	998	830	546
0	896	576	0	891	555
64	896	576	63	891	555
128	896	576	128	892	554
192	896	576	190	892	553
256	896	576	253	892	551
320	896	576	317	892	549
384	896	576	382	892	549
448	896	576	443	892	549
512	896	576	504	892	548
576	896	576	567	893	548
640	896	576	629	893	548
704	896	576	688	894	548
768	896	576	749	893	547
832	896	576	813	893	547
896	896	576	875	893	547
960	896	576	938	893	547
1023	896	576	997	892	546
0	960	576	0	953	555
64	960	576	63	953	555
128	960	576	128	953	555
192	960	576	190	953	553
256	960	576	254	954	552
320	960	576	318	954	550
384	960	576	383	954	549
448	960	576	444	954	549
512	960	576	505	954	549
576	960	576	567	954	548
640	960	576	629	954	548
704	960	576	688	954	548
768	960	576	750	954	548
832	960	576	814	954	547
896	960	576	876	954	547
960	960	576	937	953	547
1023	960	576	998	953	546
0	1023	576	0	1015	556
64	1023	576	63	1015	556
128	1023	576	128	1015	555
192	1023	576	191	1015	554
256	1023	576	255	1015	552
320	1023	576	318	1016	550
384	1023	576	384	1016	550
448	1023	576	445	1016	550
512	1023	576	506	1017	550
576	1023	576	568	1016	549
640	1023	576	629	1016	549
704	1023	576	688	1015	548
768	1023	576	751	1016	548
832	1023	576	814	1016	548
896	1023	576	876	1016	547
960	1023	576	939	1016	547
1023	1023	576	1000	1016	547
0	0	640	0	0	622
64	0	640	63	0	621
128	0	640	129	0	621
192	0	640	193	0	620
256	0	640	257	0	618
320	0	640	322	0	616
384	0	640	387	0	616
448	0	640	448	0	615
512	0	640	509	0	615
576	0	640	572	0	614
640	0	640	634	0	614
704	0	640	693	0	613
768	0	640	756	0	613
832	0	640	821	0	613
896	0	640	884	0	612
960	0	640	947	0	613
1023	0	640	1008	0	613
0	64	640	0	63	619
64	64	640	63	63	618
128	64	640	129	63	618
192	64	640	193	63	617
256	64	640	257	63	615
320	64	640	322	63	613
384	64	640	387	63	613
448	64	640	448	63	612
512	64	640	509	63	612
576	64	640	572	63	612
640	64	640	634	63	611
704	64	640	693	63	611
768	64	640	756	63	610
832	64	640	821	63	610
896	64	640	883	63	610
960	64	640	947	63	610
1023	64	640	1008	63	610
0	128	640	0	129	619
64	128	640	63	129	618
128	128	640	129	129	618
192	128	640	193	129	617
256	128	640	257	129	615
320	128	640	321	129	613
384	128	640	386	129	613
448	128	640	448	129	612
512	128	640	509	129	612
576	128	640	571	129	612
640	128	640	634	129	611
704	128	640	693	129	611
768	128	640	756	129	610
832	128	640	820	129	610
896	128	640	883	129	610
960	128	640	946	129	610
1023	128	640	1008	129	610
0	192	640	0	193	619
64	192	640	63	193	619
128	192	640	129	193	618
192	192	640	192	193	617
256	192	640	256	193	615
320	192	640	321	194	613
384	192	640	386	194	613
448	192	640	447	194	613
512	192	640	508	194	612
576	192	640	571	194	612
640	192	640	633	194	611
704	192	640	692	194	611
768	192	640	755	194	610
832	192	640	819	194	610
896	192	640	882	194	610
960	192	640	945	194	610
1023	192	640	1006	194	610
0	256	640	0	258	619
64	256	640	63	258	619
128	256	640	128	258	618
192	256	640	192	258	617
256	256	640	256	259	615
320	256	640	320	259	613
384	256	640	385	260	613
448	256	640	446	260	613
512	256	640	507	259	612
576	256	640	569	260	612
640	256	640	631	260	611
704	256	640	690	260	611
768	256	640	753	260	610
832	256	640	817	260	610
896	256	640	880	259	610
960	256	640	943	259	610
1023	256	640	1004	259	610
0	320	640	0	322	617
64	320	640	63	322	617
128	320	640	128	323	616
192	320	640	191	323	615
256	320	640	255	324	614
320	320	640	319	324	612
384	320	640	384	324	612
448	320	640	445	324	611
512	320	640	506	324	611
576	320	640	568	325	610
640	320	640	630	325	610
704	320	640	689	325	610
768	320	640	751	325	609
832	320	640	815	324	609
896	320	640	878	324	609
960	320	640	941	324	608
1023	320	640	1002	324	609
0	384	640	0	387	617
64	384	640	63	387	617
128	384	640	128	387	617
192	384	640	190	388	616
256	384	640	255	388	614
320	384	640	318	389	612
384	384	640	383	389	612
448	384	640	444	389	611
512	384	640	505	389	611
576	384	640	567	389	610
640	384	640	630	389	610
704	384	640	688	389	610
768	384	640	750	389	609
832	384	640	813	388	609
896	384	640	876	388	609
960	384	640	938	388	608
1023	384	640	1000	388	609
0	448	640	0	450	617
64	448	640	63	450	617
128	448	640	128	451	616
192	448	640	190	451	615
256	448	640	254	451	613
320	448	640	317	452	611
384	448	640	382	452	611
448	448	640	444	452	610
512	448	640	505	452	610
576	448	640	567	452	610
640	448	640	629	452	610
704	448	640	688	452	610
768	448	640	750	452	609
832	448	640	812	451	608
896	448	640	875	451	608
960	448	640	938	451	608
1023	448	640	998	451	608
0	512	640	0	513	617
64	512	640	63	513	616
128	512	640	128	514	616
192	512	640	190	514	615
256	512	640	254	515	613
320	512	640	317	515	612
384	512	640	382	515	611
448	512	640	443	515	610
512	512	640	504	515	610
576	512	640	567	515	610
640	512	640	628	515	609
704	512	640	687	515	609
768	512	640	749	515	609
832	512	640	812	514	608
896	512	640	874	514	608
960	512	640	937	514	608
1023	512	640	998	514	608
0	576	640	0	576	617
64	576	640	63	576	616
128	576	640	128	577	616
192	576	640	190	577	615
256	576	640	253	578	613
320	576	640	317	579	611
384	576	640	382	579	611
448	576	640	443	579	611
512	576	640	504	578	610
576	576	640	566	578	610
640	576	640	628	578	609
704	576	640	687	579	609
768	576	640	749	578	609
832	576	640	812	578	608
896	576	640	874	577	608
960	576	640	936	578	607
1023	576	640	997	578	607
0	640	640	0	640	617
64	640	640	63	640	617
128	640	640	128	640	616
192	640	640	190	641	615
256	640	640	254	642	614
320	640	640	317	642	612
384	640	640	382	642	611
448	640	640	443	642	611
512	640	640	504	642	610
576	640	640	566	642	610
640	640	640	628	642	610
704	640	640	687	642	609
768	640	640	749	641	608
832	640	640	812	641	608
896	640	640	874	641	608
960	640	640	936	641	608
1023	640	640	996	641	607
0	704	640	0	702	617
64	704	640	63	703	616
128	704	640	128	703	616
192	704	640	190	704	615
256	704	640	254	704	613
320	704	640	318	705	612
384	704	640	383	705	611
448	704	640	444	705	611
512	704	640	504	705	611
576	704	640	566	704	610
640	704	640	628	704	610
704	704	640	687	704	609
768	704	640	749	704	609
832	704	640	812	703	609
896	704	640	874	703	608
960	704	640	937	704	608
1023	704	640	997	703	608
0	768	640	0	766	617
64	768	640	63	766	617
128	768	640	128	766	617
192	768	640	190	767	615
256	768	640	254	768	614
320	768	640	318	768	613
384	768	640	383	768	612
448	768	640	444	768	612
512	768	640	505	769	611
576	768	640	567	768	611
640	768	640	629	768	610
704	768	640	687	768	610
768	768	640	750	768	609
832	768	640	813	767	609
896	768	640	875	767	608
960	768	640	937	767	608
1023	768	640	998	767	609
0	832	640	0	828	618
64	832	640	63	828	617
128	832	640	128	829	617
192	832	640	190	829	615
256	832	640	254	830	614
320	832	640	318	831	612
384	832	640	383	831	612
448	832	640	444	831	611
512	832	640	505	831	610
576	832	640	567	830	610
640	832	640	629	831	610
704	832	640	688	831	610
768	832	640	750	831	609
832	832	640	813	830	609
896	832	640	875	830	609
960	832	640	937	830	609
1023	832	640	998	830	609
0	896	640	0	892	618
64	896	640	63	892	618
128	896	640	128	892	617
192	896	640	190	893	616
256	896	640	254	893	614
320	896	640	318	894	612
384	896	640	383	894	612
448	896	640	444	894	611
512	896	640	505	894	611
576	896	640	567	894	611
640	896	640	629	894	610
704	896	640	688	894	610
768	896	640	750	894	609
832	896	640	814	894	609
896	896	640	876	894	609
960	896	640	938	893	609
1023	896	640	998	893	609
0	960	640	0	954	618
64	960	640	63	954	618
128	960	640	128	954	617
192	960	640	190	954	616
256	960	640	254	955	614
320	960	640	318	955	613
384	960	640	383	955	612
448	960	640	444	955	611
512	960	640	505	955	611
576	960	640	567	955	611
640	960	640	629	955	610
704	960	640	688	955	610
768	960	640	750	955	610
832	960	640	814	955	610
896	960	640	875	954	609
960	960	640	939	956	609
1023	960	640	999	955	609
0	1023	640	0	1014	618
64	1023	640	63	1014	617
128	1023	640	128	1015	617
192	1023	640	191	1015	616
256	1023	640	255	1016	614
320	1023	640	319	1017	613
384	1023	640	384	1018	613
448	1023	640	445	1018	613
512	1023	640	506	1017	612
576	1023	640	568	1017	611
640	1023	640	630	1017	611
704	1023	640	689	1017	610
768	1023	640	751	1016	610
832	1023	640	815	1017	610
896	1023	640	876	1015	609
960	1023	640	939	1017	609
1023	1023	640	1000	1017	609
0	0	704	0	0	681
64	0	704	63	0	679
128	0	704	129	0	679
192	0	704	193	0	678
256	0	704	258	0	677
320	0	704	322	0	675
384	0	704	387	0	675
448	0	704	448	0	674
512	0	704	509	0	673
576	0	704	571	0	672
640	0	704	634	0	672
704	0	704	694	0	672
768	0	704	756	0	671
832	0	704	821	0	671
896	0	704	883	0	670
960	0	704	946	0	670
1023	0	704	1007	0	670
0	64	704	0	63	678
64	64	704	63	63	677
128	64	704	129	63	676
192	64	704	193	63	675
256	64	704	258	63	674
320	64	704	322	66	672
384	64	704	387	66	672
448	64	704	448	66	671
512	64	704	509	66	671
576	64	704	571	66	670
640	64	704	634	63	670
704	64	704	694	63	670
768	64	704	755	63	669
832	64	704	820	63	668
896	64	704	883	63	668
960	64	704	946	63	668
1023	64	704	1007	63	668
0	128	704	0	128	678
64	128	704	63	128	677
128	128	704	129	129	676
192	128	704	193	129	675
256	128	704	257	129	674
320	128	704	322	129	672
384	128	704	386	130	672
448	128	704	448	130	671
512	128	704	508	130	671
576	128	704	571	130	670
640	128	704	634	130	670
704	128	704	693	129	670
768	128	704	755	129	669
832	128	704	820	129	668
896	128	704	882	129	668
960	128	704	945	129	668
1023	128	704	1006	129	668
0	192	704	0	193	678
64	192	704	63	193	677
128	192	704	129	193	677
192	192	704	192	193	676
256	192	704	256	193	674
320	192	704	321	194	672
384	192	704	386	194	672
448	192	704	447	194	671
512	192	704	508	194	671
576	192	704	570	194	670
640	192	704	633	195	670
704	192	704	692	195	670
768	192	704	754	194	669
832	192	704	818	194	668
896	192	704	881	194	668
960	192	704	944	194	668
1023	192	704	1005	194	668
0	256	704	0	258	678
64	256	704	63	258	678
128	256	704	129	258	677
192	256	704	192	258	676
256	256	704	256	259	675
320	256	704	320	259	672
384	256	704	385	260	672
448	256	704	446	260	671
512	256	704	507	260	671
576	256	704	569	260	670
640	256	704	632	261	670
704	256	704	691	261	670
768	256	704	752	260	669
832	256	704	816	260	668
896	256	704	879	259	668
960	256	704	942	259	668
1023	256	704	1003	259	668
0	320	704	0	322	677
64	320	704	63	322	675
128	320	704	128	323	675
192	320	704	191	323	674
256	320	704	255	324	672
320	320	704	319	324	670
384	320	704	384	325	670
448	320	704	445	325	669
512	320	704	506	325	669
576	320	704	568	325	668
640	320	704	630	325	668
704	320	704	689	325	668
768	320	704	751	325	667
832	320	704	814	324	667
896	320	704	877	324	667
960	320	704	940	324	667
1023	320	704	1001	324	667
0	384	704	0	388	677
64	384	704	63	388	676
128	384	704	128	388	675
192	384	704	190	388	675
256	384	704	254	388	673
320	384	704	318	389	670
384	384	704	383	389	670
448	384	704	445	389	670
512	384	704	505	389	669
576	384	704	567	389	668
640	384	704	629	389	668
704	384	704	689	389	668
768	384	704	750	389	667
832	384	704	813	389	667
896	384	704	876	388	667
960	384	704	939	388	667
1023	384	704	999	388	667
0	448	704	0	450	675
64	448	704	63	451	675
128	448	704	128	451	674
192	448	704	190	451	673
256	448	704	254	451	672
320	448	704	318	452	670
384	448	704	383	452	670
448	448	704	444	452	669
512	448	704	505	452	668
576	448	704	567	452	668
640	448	704	629	452	668
704	448	704	688	453	668
768	448	704	750	452	667
832	448	704	813	451	666
896	448	704	875	451	666
960	448	704	938	451	666
1023	448	704	999	452	667
0	512	704	0	513	675
64	512	704	63	514	674
128	512	704	128	514	674
192	512	704	190	514	673
256	512	704	254	515	672
320	512	704	318	515	670
384	512	704	383	516	669
448	512	704	444	515	669
512	512	704	504	515	668
576	512	704	567	515	668
640	512	704	629	515	668
704	512	704	688	516	668
768	512	704	749	515	667
832	512	704	813	515	666
896	512	704	875	515	666
960	512	704	937	515	666
1023	512	704	998	515	666
0	576	704	0	577	675
64	576	704	63	577	675
128	576	704	128	577	674
192	576	704	190	578	673
256	576	704	253	578	672
320	576	704	317	579	670
384	576	704	382	579	669
448	576	704	443	579	668
512	576	704	504	579	668
576	576	704	567	579	668
640	576	704	628	579	668
704	576	704	687	579	667
768	576	704	749	579	667
832	576	704	813	578	666
896	576	704	874	578	666
960	576	704	937	578	666
1023	576	704	997	578	666
0	640	704	0	640	675
64	640	704	63	640	674
128	640	704	128	640	674
192	640	704	190	641	673
256	640	704	253	641	672
320	640	704	317	642	670
384	640	704	382	642	669
448	640	704	444	642	669
512	640	704	504	642	668
576	640	704	567	642	668
640	640	704	628	642	668
704	640	704	687	642	667
768	640	704	749	642	667
832	640	704	813	642	667
896	640	704	874	641	665
960	640	704	937	641	666
1023	640	704	997	641	666
0	704	704	0	702	676
64	704	704	63	703	674
128	704	704	128	703	674
192	704	704	190	704	673
256	704	704	253	704	671
320	704	704	317	705	670
384	704	704	383	705	670
448	704	704	444	705	669
512	704	704	504	705	668
576	704	704	567	705	668
640	704	704	629	705	668
704	704	704	687	704	667
768	704	704	749	704	667
832	704	704	813	704	666
896	704	704	874	703	666
960	704	704	938	704	666
1023	704	704	998	704	666
0	768	704	0	767	676
64	768	704	63	767	675
128	768	704	128	767	675
192	768	704	190	767	674
256	768	704	253	768	672
320	768	704	317	768	670
384	768	704	383	768	670
448	768	704	444	768	669
512	768	704	504	768	669
576	768	704	567	768	668
640	768	704	629	768	668
704	768	704	688	768	668
768	768	704	750	768	667
832	768	704	813	767	667
896	768	704	875	767	667
960	768	704	937	767	666
1023	768	704	998	768	667
0	832	704	0	829	676
64	832	704	63	829	675
128	832	704	128	829	674
192	832	704	190	830	673
256	832	704	254	830	672
320	832	704	318	831	670
384	832	704	383	831	670
448	832	704	444	831	670
512	832	704	505	832	670
576	832	704	568	832	669
640	832	704	629	831	668
704	832	704	688	831	668
768	832	704	751	831	668
832	832	704	814	831	667
896	832	704	875	830	667
960	832	704	938	830	667
1023	832	704	999	831	667
0	896	704	0	892	676
64	896	704	63	893	676
128	896	704	128	893	676
192	896	704	190	893	675
256	896	704	254	894	673
320	896	704	318	895	671
384	896	704	384	895	671
448	896	704	445	895	670
512	896	704	506	895	670
576	896	704	568	895	669
640	896	704	630	895	669
704	896	704	689	895	668
768	896	704	751	895	668
832	896	704	813	894	667
896	896	704	876	894	667
960	896	704	938	894	667
1023	896	704	998	894	667
0	960	704	0	954	677
64	960	704	63	954	676
128	960	704	128	954	676
192	960	704	190	954	675
256	960	704	254	955	673
320	960	704	318	955	671
384	960	704	383	956	670
448	960	704	445	956	670
512	960	704	505	955	669
576	960	704	567	955	669
640	960	704	629	955	669
704	960	704	689	956	669
768	960	704	750	955	668
832	960	704	814	956	668
896	960	704	877	956	667
960	960	704	939	956	667
1023	960	704	999	956	667
0	1023	704	0	1016	677
64	1023	704	63	1016	675
128	1023	704	128	1016	675
192	1023	704	191	1016	674
256	1023	704	255	1017	672
320	1023	704	319	1017	671
384	1023	704	384	1018	671
448	1023	704	445	1018	670
512	1023	704	506	1017	670
576	1023	704	568	1017	669
640	1023	704	630	1018	669
704	1023	704	690	1018	669
768	1023	704	751	1017	668
832	1023	704	815	1017	668
896	1023	704	877	1017	668
960	1023	704	939	1017	667
1023	1023	704	1000	1017	667
0	0	768	0	0	742
64	0	768	63	0	738
128	0	768	129	0	738
192	0	768	193	0	737
256	0	768	258	0	737
320	0	768	322	0	735
384	0	768	388	0	735
448	0	768	449	0	735
512	0	768	510	0	734
576	0	768	573	0	733
640	0	768	635	0	733
704	0	768	694	0	733
768	0	768	758	0	732
832	0	768	822	0	732
896	0	768	885	0	731
960	0	768	948	0	731
1023	0	768	1009	0	730
0	64	768	0	63	741
64	64	768	63	63	737
128	64	768	129	63	737
192	64	768	193	63	736
256	64	768	258	63	735
320	64	768	322	66	734
384	64	768	387	66	734
448	64	768	449	66	733
512	64	768	510	66	732
576	64	768	573	66	732
640	64	768	635	66	732
704	64	768	694	63	731
768	64	768	758	63	730
832	64	768	822	63	730
896	64	768	884	63	729
960	64	768	948	63	729
1023	64	768	1009	63	729
0	128	768	0	129	741
64	128	768	63	129	738
128	128	768	129	129	737
192	128	768	193	129	737
256	128	768	257	129	736
320	128	768	322	130	734
384	128	768	387	130	734
448	128	768	449	130	733
512	128	768	510	130	733
576	128	768	572	130	732
640	128	768	634	130	732
704	128	768	694	130	731
768	128	768	757	130	730
832	128	768	821	130	730
896	128	768	884	129	729
960	128	768	947	129	729
1023	128	768	1008	129	729
0	192	768	0	193	741
64	192	768	63	193	738
128	192	768	129	193	738
192	192	768	193	194	737
256	192	768	257	194	737
320	192	768	321	195	734
384	192	768	386	195	734
448	192	768	448	195	733
512	192	768	509	195	733
576	192	768	572	195	732
640	192	768	634	195	732
704	192	768	693	195	731
768	192	768	756	195	730
832	192	768	820	195	730
896	192	768	882	194	729
960	192	768	946	195	729
1023	192	768	1007	194	729
0	256	768	0	259	741
64	256	768	63	259	740
128	256	768	129	259	739
192	256	768	192	259	739
256	256	768	256	260	738
320	256	768	320	261	734
384	256	768	386	261	734
448	256	768	447	261	733
512	256	768	508	261	733
576	256	768	571	261	732
640	256	768	633	261	732
704	256	768	691	261	731
768	256	768	754	261	731
832	256	768	818	261	730
896	256	768	880	260	729
960	256	768	944	261	729
1023	256	768	1005	260	729
0	320	768	0	323	738
64	320	768	63	323	735
128	320	768	128	323	734
192	320	768	191	324	734
256	320	768	255	325	733
320	320	768	319	325	730
384	320	768	385	325	730
448	320	768	446	326	730
512	320	768	507	326	729
576	320	768	570	326	729
640	320	768	632	326	729
704	320	768	690	326	728
768	320	768	753	326	728
832	320	768	816	325	727
896	320	768	878	325	727
960	320	768	941	325	727
1023	320	768	1002	325	727
0	384	768	0	388	738
64	384	768	63	388	737
128	384	768	128	388	737
192	384	768	191	388	736
256	384	768	255	389	735
320	384	768	318	389	731
384	384	768	384	390	731
448	384	768	446	390	730
512	384	768	506	390	730
576	384	768	569	390	729
640	384	768	631	390	729
704	384	768	690	390	729
768	384	768	752	390	728
832	384	768	814	389	727
896	384	768	877	389	727
960	384	768	939	389	727
1023	384	768	1000	389	727
0	448	768	0	451	736
64	448	768	63	451	735
128	448	768	128	451	734
192	448	768	190	452	734
256	448	768	254	452	733
320	448	768	318	453	730
384	448	768	384	453	730
448	448	768	445	453	729
512	448	768	506	453	729
576	448	768	568	453	728
640	448	768	630	453	728
704	448	768	689	453	728
768	448	768	751	453	727
832	448	768	814	452	727
896	448	768	876	452	726
960	448	768	939	452	726
1023	448	768	999	452	726
0	512	768	0	514	735
64	512	768	63	514	733
128	512	768	128	514	733
192	512	768	190	515	733
256	512	768	254	516	732
320	512	768	318	516	729
384	512	768	384	517	729
448	512	768	445	516	729
512	512	768	505	516	728
576	512	768	568	516	728
640	512	768	630	516	728
704	512	768	689	517	728
768	512	768	751	516	727
832	512	768	814	516	726
896	512	768	876	515	726
960	512	768	938	515	726
1023	512	768	999	516	726
0	576	768	0	577	735
64	576	768	63	577	733
128	576	768	128	578	733
192	576	768	190	578	733
256	576	768	254	579	732
320	576	768	318	580	729
384	576	768	383	580	729
448	576	768	445	580	729
512	576	768	505	580	728
576	576	768	568	580	728
640	576	768	630	580	728
704	576	768	689	580	727
768	576	768	751	580	727
832	576	768	813	579	726
896	576	768	875	579	726
960	576	768	938	579	726
1023	576	768	998	579	726
0	640	768	0	641	735
64	640	768	63	641	734
128	640	768	128	641	734
192	640	768	190	642	733
256	640	768	254	643	733
320	640	768	318	643	730
384	640	768	383	644	729
448	640	768	444	644	729
512	640	768	505	643	728
576	640	768	568	643	728
640	640	768	630	644	728
704	640	768	689	644	727
768	640	768	750	643	727
832	640	768	813	642	726
896	640	768	875	642	726
960	640	768	938	642	726
1023	640	768	998	642	726
0	704	768	0	703	735
64	704	768	63	704	732
128	704	768	128	704	732
192	704	768	190	705	732
256	704	768	254	705	731
320	704	768	318	706	730
384	704	768	384	706	729
448	704	768	445	707	729
512	704	768	505	706	728
576	704	768	568	706	728
640	704	768	630	706	728
704	704	768	689	706	728
768	704	768	750	705	726
832	704	768	813	704	726
896	704	768	876	705	726
960	704	768	938	705	726
1023	704	768	998	705	726
0	768	768	0	767	736
64	768	768	63	767	734
128	768	768	128	768	734
192	768	768	190	768	734
256	768	768	254	769	733
320	768	768	318	770	730
384	768	768	384	770	730
448	768	768	445	770	729
512	768	768	506	770	729
576	768	768	568	770	729
640	768	768	630	770	728
704	768	768	689	770	728
768	768	768	751	770	727
832	768	768	814	768	727
896	768	768	876	768	726
960	768	768	939	769	726
1023	768	768	1000	769	727
0	832	768	0	830	736
64	832	768	63	830	734
128	832	768	128	830	733
192	832	768	191	831	733
256	832	768	255	832	732
320	832	768	319	833	730
384	832	768	384	833	730
448	832	768	445	833	730
512	832	768	506	833	729
576	832	768	569	833	729
640	832	768	630	833	728
704	832	768	689	833	728
768	832	768	752	832	727
832	832	768	814	831	727
896	832	768	877	831	727
960	832	768	939	832	727
1023	832	768	1000	832	727
0	896	768	0	894	737
64	896	768	63	894	736
128	896	768	128	894	736
192	896	768	191	895	736
256	896	768	255	895	735
320	896	768	318	896	731
384	896	768	384	896	730
448	896	768	445	896	730
512	896	768	506	896	729
576	896	768	569	896	729
640	896	768	631	896	728
704	896	768	690	896	728
768	896	768	751	896	727
832	896	768	815	895	727
896	896	768	877	895	727
960	896	768	939	895	727
1023	896	768	1000	895	726
0	960	768	0	955	737
64	960	768	63	955	736
128	960	768	128	955	736
192	960	768	190	955	736
256	960	768	254	956	735
320	960	768	318	956	730
384	960	768	384	956	730
448	960	768	445	957	730
512	960	768	506	957	729
576	960	768	569	957	729
640	960	768	630	957	729
704	960	768	690	957	729
768	960	768	752	957	728
832	960	768	815	957	728
896	960	768	877	956	727
960	960	768	940	957	727
1023	960	768	1000	957	727
0	1023	768	0	1017	738
64	1023	768	63	1017	734
128	1023	768	128	1018	734
192	1023	768	191	1018	733
256	1023	768	255	1019	732
320	1023	768	319	1019	731
384	1023	768	385	1019	731
448	1023	768	446	1019	730
512	1023	768	507	1019	730
576	1023	768	570	1019	730
640	1023	768	631	1019	729
704	1023	768	690	1019	729
768	1023	768	753	1019	728
832	1023	768	816	1019	728
896	1023	768	878	1018	727
960	1023	768	941	1018	727
1023	1023	768	1001	1019	727
0	0	832	0	0	807
64	0	832	63	0	807
128	0	832	129	0	806
192	0	832	193	0	804
256	0	832	258	0	802
320	0	832	322	0	801
384	0	832	388	0	800
448	0	832	450	0	800
512	0	832	511	0	800
576	0	832	574	0	799
640	0	832	636	0	798
704	0	832	695	0	798
768	0	832	759	0	798
832	0	832	823	0	797
896	0	832	886	0	796
960	0	832	949	0	796
1023	0	832	1010	0	796
0	64	832	0	63	804
64	64	832	63	63	803
128	64	832	129	63	803
192	64	832	193	63	801
256	64	832	258	63	799
320	64	832	322	66	797
384	64	832	388	66	796
448	64	832	450	66	796
512	64	832	511	66	796
576	64	832	574	66	795
640	64	832	636	66	794
704	64	832	695	63	794
768	64	832	759	63	794
832	64	832	823	63	793
896	64	832	886	63	793
960	64	832	949	63	793
1023	64	832	1010	63	793
0	128	832	0	129	804
64	128	832	63	129	804
128	128	832	129	129	803
192	128	832	193	129	801
256	128	832	258	130	799
320	128	832	322	130	797
384	128	832	387	130	796
448	128	832	449	130	796
512	128	832	511	130	796
576	128	832	573	130	795
640	128	832	635	130	794
704	128	832	695	130	794
768	128	832	758	130	794
832	128	832	822	130	793
896	128	832	885	130	793
960	128	832	948	130	793
1023	128	832	1009	130	793
0	192	832	0	193	804
64	192	832	63	193	804
128	192	832	129	194	803
192	192	832	193	194	802
256	192	832	257	195	799
320	192	832	322	195	797
384	192	832	387	195	796
448	192	832	449	195	796
512	192	832	510	195	796
576	192	832	573	196	795
640	192	832	635	196	794
704	192	832	694	195	794
768	192	832	757	195	794
832	192	832	821	195	793
896	192	832	884	195	793
960	192	832	947	195	793
1023	192	832	1008	195	793
0	256	832	0	259	804
64	256	832	63	259	804
128	256	832	129	259	803
192	256	832	192	260	802
256	256	832	256	261	800
320	256	832	321	261	797
384	256	832	386	261	796
448	256	832	448	261	796
512	256	832	509	261	796
576	256	832	572	262	795
640	256	832	634	261	794
704	256	832	693	261	794
768	256	832	755	261	794
832	256	832	819	261	793
896	256	832	882	261	793
960	256	832	945	261	793
1023	256	832	1005	261	793
0	320	832	0	324	802
64	320	832	63	324	802
128	320	832	129	324	801
192	320	832	192	325	800
256	320	832	256	325	798
320	320	832	320	326	796
384	320	832	385	326	795
448	320	832	447	326	794
512	320	832	508	326	794
576	320	832	571	327	793
640	320	832	633	327	793
704	320	832	692	327	793
768	320	832	754	327	793
832	320	832	817	326	792
896	320	832	880	326	792
960	320	832	943	326	792
1023	320	832	1004	326	792
0	384	832	0	388	802
64	384	832	63	389	802
128	384	832	128	389	801
192	384	832	191	389	800
256	384	832	255	390	798
320	384	832	319	391	796
384	384	832	385	391	795
448	384	832	446	390	794
512	384	832	507	390	794
576	384	832	570	391	793
640	384	832	632	390	793
704	384	832	691	391	793
768	384	832	754	391	793
832	384	832	817	390	792
896	384	832	879	390	792
960	384	832	941	390	792
1023	384	832	1003	391	792
0	448	832	0	452	802
64	448	832	63	452	801
128	448	832	128	452	801
192	448	832	191	453	799
256	448	832	255	454	797
320	448	832	319	454	795
384	448	832	385	455	795
448	448	832	446	454	794
512	448	832	506	454	793
576	448	832	569	454	793
640	448	832	632	454	793
704	448	832	691	455	793
768	448	832	753	454	792
832	448	832	816	454	792
896	448	832	878	454	792
960	448	832	940	453	791
1023	448	832	1001	454	791
0	512	832	0	515	801
64	512	832	63	516	800
128	512	832	128	516	800
192	512	832	191	516	798
256	512	832	255	517	796
320	512	832	319	517	794
384	512	832	385	518	794
448	512	832	446	518	794
512	512	832	506	518	794
576	512	832	569	518	793
640	512	832	632	518	793
704	512	832	690	518	792
768	512	832	752	517	791
832	512	832	816	517	791
896	512	832	877	516	790
960	512	832	940	517	791
1023	512	832	1001	517	791
0	576	832	0	579	801
64	576	832	63	579	800
128	576	832	128	579	800
192	576	832	190	580	798
256	576	832	254	580	797
320	576	832	318	581	795
384	576	832	384	581	794
448	576	832	446	582	794
512	576	832	506	582	794
576	576	832	569	582	793
640	576	832	631	581	793
704	576	832	690	581	792
768	576	832	752	581	792
832	576	832	815	580	791
896	576	832	877	580	791
960	576	832	940	580	791
1023	576	832	1000	581	791
0	640	832	0	642	800
64	640	832	63	642	800
128	640	832	128	643	800
192	640	832	190	643	798
256	640	832	254	644	797
320	640	832	318	645	795
384	640	832	384	645	794
448	640	832	446	645	794
512	640	832	506	645	794
576	640	832	569	645	793
640	640	832	631	645	793
704	640	832	690	645	793
768	640	832	753	645	792
832	640	832	815	644	791
896	640	832	877	644	791
960	640	832	940	644	791
1023	640	832	1000	644	791
0	704	832	0	705	801
64	704	832	63	705	800
128	704	832	128	705	800
192	704	832	190	706	798
256	704	832	255	707	797
320	704	832	318	708	795
384	704	832	384	708	795
448	704	832	446	708	794
512	704	832	506	708	794
576	704	832	569	707	793
640	704	832	631	708	793
704	704	832	690	707	792
768	704	832	752	707	792
832	704	832	815	706	791
896	704	832	877	706	791
960	704	832	940	707	791
1023	704	832	1000	707	791
0	768	832	0	768	801
64	768	832	63	768	801
128	768	832	128	769	800
192	768	832	190	769	799
256	768	832	254	771	797
320	768	832	318	771	795
384	768	832	384	771	795
448	768	832	445	771	794
512	768	832	506	771	794
576	768	832	569	771	794
640	768	832	631	771	793
704	768	832	690	771	793
768	768	832	753	771	793
832	768	832	816	771	792
896	768	832	878	770	791
960	768	832	941	771	792
1023	768	832	1001	771	792
0	832	832	0	831	801
64	832	832	63	831	801
128	832	832	128	831	800
192	832	832	191	832	799
256	832	832	255	833	798
320	832	832	319	834	796
384	832	832	384	834	795
448	832	832	446	834	794
512	832	832	507	834	794
576	832	832	570	835	794
640	832	832	632	835	794
704	832	832	691	834	794
768	832	832	753	834	793
832	832	832	816	833	792
896	832	832	878	833	792
960	832	832	940	833	792
1023	832	832	1001	834	791
0	896	832	0	895	802
64	896	832	63	895	802
128	896	832	128	895	801
192	896	832	191	896	800
256	896	832	255	897	798
320	896	832	319	898	796
384	896	832	384	897	795
448	896	832	446	898	795
512	896	832	507	898	795
576	896	832	570	898	794
640	896	832	632	898	794
704	896	832	692	899	794
768	896	832	753	898	793
832	896	832	817	898	793
896	896	832	879	897	792
960	896	832	941	897	792
1023	896	832	1001	897	792
0	960	832	0	957	803
64	960	832	63	957	802
128	960	832	128	957	802
192	960	832	191	958	800
256	960	832	255	958	798
320	960	832	319	959	796
384	960	832	384	959	795
448	960	832	446	958	795
512	960	832	507	959	795
576	960	832	570	959	794
640	960	832	632	959	794
704	960	832	691	959	794
768	960	832	754	960	794
832	960	832	817	959	793
896	960	832	880	959	793
960	960	832	942	959	793
1023	960	832	1002	959	792
0	1023	832	0	1019	803
64	1023	832	63	1019	802
128	1023	832	128	1019	802
192	1023	832	191	1019	800
256	1023	832	255	1020	798
320	1023	832	319	1020	796
384	1023	832	385	1020	796
448	1023	832	447	1020	795
512	1023	832	508	1020	795
576	1023	832	570	1020	794
640	1023	832	633	1021	794
704	1023	832	692	1021	794
768	1023	832	754	1021	794
832	1023	832	818	1020	793
896	1023	832	880	1020	793
960	1023	832	943	1021	793
1023	1023	832	1003	1021	793
0	0	896	0	0	867
64	0	896	66	0	863
128	0	896	129	0	863
192	0	896	193	0	863
256	0	896	258	0	862
320	0	896	323	0	861
384	0	896	389	0	861
448	0	896	451	0	861
512	0	896	512	0	860
576	0	896	575	0	860
640	0	896	637	0	859
704	0	896	697	0	859
768	0	896	760	0	857
832	0	896	824	0	857
896	0	896	886	0	856
960	0	896	949	0	856
1023	0	896	1010	0	856
0	64	896	0	63	866
64	64	896	66	63	862
128	64	896	129	63	862
192	64	896	193	66	862
256	64	896	258	66	861
320	64	896	323	66	860
384	64	896	389	66	860
448	64	896	451	66	859
512	64	896	512	66	858
576	64	896	575	66	858
640	64	896	637	66	857
704	64	896	697	66	857
768	64	896	760	63	856
832	64	896	824	63	855
896	64	896	886	63	854
960	64	896	949	63	854
1023	64	896	1010	63	854
0	128	896	0	129	866
64	128	896	63	129	863
128	128	896	129	129	863
192	128	896	193	130	862
256	128	896	258	130	861
320	128	896	322	130	860
384	128	896	388	130	860
448	128	896	451	130	859
512	128	896	512	130	858
576	128	896	575	130	858
640	128	896	637	130	857
704	128	896	696	130	857
768	128	896	759	130	856
832	128	896	823	130	855
896	128	896	885	130	854
960	128	896	948	130	854
1023	128	896	1009	130	854
0	192	896	0	194	866
64	192	896	63	194	864
128	192	896	129	194	863
192	192	896	193	194	863
256	192	896	258	195	862
320	192	896	322	196	860
384	192	896	388	196	860
448	192	896	450	196	859
512	192	896	511	196	859
576	192	896	574	196	858
640	192	896	636	196	857
704	192	896	695	196	857
768	192	896	758	196	856
832	192	896	822	196	855
896	192	896	884	195	854
960	192	896	947	195	854
1023	192	896	1008	195	854
0	256	896	0	259	866
64	256	896	63	259	865
128	256	896	129	259	865
192	256	896	192	260	864
256	256	896	256	261	863
320	256	896	321	262	860
384	256	896	387	262	860
448	256	896	449	262	859
512	256	896	510	262	859
576	256	896	573	262	858
640	256	896	635	262	858
704	256	896	694	262	857
768	256	896	756	262	856
832	256	896	820	262	855
896	256	896	882	261	855
960	256	896	945	261	854
1023	256	896	1005	261	854
0	320	896	0	324	863
64	320	896	63	324	860
128	320	896	129	325	860
192	320	896	192	325	859
256	320	896	256	326	859
320	320	896	320	327	856
384	320	896	386	327	856
448	320	896	448	327	855
512	320	896	509	327	854
576	320	896	571	327	854
640	320	896	634	327	853
704	320	896	693	327	853
768	320	896	755	327	852
832	320	896	818	327	852
896	320	896	881	327	851
960	320	896	943	326	851
1023	320	896	1003	326	851
0	384	896	0	389	863
64	384	896	63	389	863
128	384	896	128	389	862
192	384	896	191	390	862
256	384	896	255	390	861
320	384	896	319	391	857
384	384	896	385	391	856
448	384	896	447	391	855
512	384	896	508	391	855
576	384	896	570	391	854
640	384	896	633	391	854
704	384	896	691	391	853
768	384	896	753	391	852
832	384	896	817	391	852
896	384	896	880	391	851
960	384	896	942	391	851
1023	384	896	1002	390	851
0	448	896	0	452	862
64	448	896	63	452	860
128	448	896	128	453	860
192	448	896	191	453	859
256	448	896	255	454	859
320	448	896	319	455	855
384	448	896	385	455	854
448	448	896	447	455	854
512	448	896	508	455	853
576	448	896	570	455	852
640	448	896	632	455	852
704	448	896	691	455	852
768	448	896	753	454	851
832	448	896	817	454	851
896	448	896	879	454	851
960	448	896	941	454	850
1023	448	896	1002	454	850
0	512	896	0	516	861
64	512	896	63	516	859
128	512	896	128	516	859
192	512	896	191	517	858
256	512	896	255	517	857
320	512	896	319	518	854
384	512	896	384	518	854
448	512	896	446	518	853
512	512	896	507	518	853
576	512	896	570	518	852
640	512	896	632	518	852
704	512	896	691	519	852
768	512	896	753	518	851
832	512	896	816	518	851
896	512	896	878	517	850
960	512	896	941	517	850
1023	512	896	1001	517	850
0	576	896	0	579	861
64	576	896	63	580	858
128	576	896	128	580	858
192	576	896	190	580	857
256	576	896	254	581	857
320	576	896	318	582	853
384	576	896	384	582	853
448	576	896	445	582	853
512	576	896	506	582	852
576	576	896	569	582	852
640	576	896	631	582	851
704	576	896	691	582	851
768	576	896	752	582	851
832	576	896	816	581	850
896	576	896	878	581	850
960	576	896	941	582	850
1023	576	896	1001	581	850
0	640	896	0	643	860
64	640	896	63	643	859
128	640	896	128	643	859
192	640	896	190	644	858
256	640	896	254	645	857
320	640	896	318	645	853
384	640	896	384	645	853
448	640	896	445	645	853
512	640	896	506	645	852
576	640	896	569	646	852
640	640	896	631	646	851
704	640	896	690	646	851
768	640	896	753	645	851
832	640	896	816	645	850
896	640	896	878	644	850
960	640	896	941	645	850
1023	640	896	1001	645	850
0	704	896	0	705	860
64	704	896	63	706	856
128	704	896	128	706	856
192	704	896	190	706	855
256	704	896	254	707	854
320	704	896	318	708	853
384	704	896	384	708	853
448	704	896	446	708	853
512	704	896	506	708	852
576	704	896	569	708	851
640	704	896	631	708	852
704	704	896	690	708	851
768	704	896	753	708	851
832	704	896	817	708	851
896	704	896	878	707	850
960	704	896	941	708	850
1023	704	896	1001	708	850
0	768	896	0	770	861
64	768	896	63	770	858
128	768	896	128	770	858
192	768	896	190	770	858
256	768	896	254	771	857
320	768	896	318	772	854
384	768	896	384	772	854
448	768	896	446	772	853
512	768	896	507	772	853
576	768	896	569	771	852
640	768	896	632	772	852
704	768	896	691	772	852
768	768	896	753	771	851
832	768	896	817	771	851
896	768	896	879	772	851
960	768	896	941	771	851
1023	768	896	1001	771	850
0	832	896	0	832	861
64	832	896	63	832	857
128	832	896	128	832	857
192	832	896	190	833	856
256	832	896	254	834	856
320	832	896	318	835	854
384	832	896	384	835	854
448	832	896	446	835	854
512	832	896	507	835	853
576	832	896	570	835	853
640	832	896	632	835	853
704	832	896	691	835	852
768	832	896	753	834	852
832	832	896	817	834	851
896	832	896	879	834	851
960	832	896	941	834	851
1023	832	896	1002	834	851
0	896	896	0	895	860
64	896	896	63	895	860
128	896	896	128	896	860
192	896	896	191	897	860
256	896	896	255	897	859
320	896	896	319	899	855
384	896	896	385	899	854
448	896	896	446	899	854
512	896	896	508	899	853
576	896	896	570	899	853
640	896	896	632	898	853
704	896	896	691	899	853
768	896	896	754	899	852
832	896	896	817	898	852
896	896	896	879	897	851
960	896	896	941	897	851
1023	896	896	1002	898	851
0	960	896	0	957	861
64	960	896	63	957	861
128	960	896	128	958	860
192	960	896	190	958	860
256	960	896	254	959	859
320	960	896	318	960	855
384	960	896	385	960	855
448	960	896	446	960	854
512	960	896	507	959	853
576	960	896	570	960	853
640	960	896	632	960	853
704	960	896	692	960	853
768	960	896	754	959	852
832	960	896	817	959	851
896	960	896	879	959	851
960	960	896	942	960	851
1023	960	896	1002	960	851
0	1023	896	0	1019	862
64	1023	896	63	1019	857
128	1023	896	128	1019	857
192	1023	896	191	1020	856
256	1023	896	255	1020	856
320	1023	896	319	1021	855
384	1023	896	385	1022	855
448	1023	896	447	1022	854
512	1023	896	508	1021	854
576	1023	896	571	1021	854
640	1023	896	634	1022	854
704	1023	896	693	1023	854
768	1023	896	754	1021	852
832	1023	896	818	1021	852
896	1023	896	880	1021	852
960	1023	896	942	1021	852
1023	1023	896	1003	1021	852
0	0	960	0	0	927
64	0	960	63	0	925
128	0	960	129	0	925
192	0	960	193	0	924
256	0	960	258	0	923
320	0	960	322	0	922
384	0	960	389	23	922
448	0	960	450	23	921
512	0	960	511	0	921
576	0	960	575	0	921
640	0	960	637	0	920
704	0	960	697	0	920
768	0	960	760	0	919
832	0	960	824	0	918
896	0	960	886	0	918
960	0	960	949	0	917
1023	0	960	1011	0	917
0	64	960	0	63	926
64	64	960	63	63	924
128	64	960	129	66	923
192	64	960	193	66	923
256	64	960	258	66	921
320	64	960	322	66	920
384	64	960	388	66	920
448	64	960	450	66	919
512	64	960	511	66	919
576	64	960	575	66	918
640	64	960	637	66	917
704	64	960	697	66	917
768	64	960	760	63	916
832	64	960	823	63	915
896	64	960	886	63	915
960	64	960	949	63	915
1023	64	960	1011	63	915
0	128	960	0	129	926
64	128	960	63	129	924
128	128	960	129	129	924
192	128	960	193	130	923
256	128	960	258	130	922
320	128	960	322	130	920
384	128	960	388	130	920
448	128	960	450	130	919
512	128	960	511	130	919
576	128	960	574	130	918
640	128	960	637	130	917
704	128	960	696	130	917
768	128	960	759	130	916
832	128	960	823	130	915
896	128	960	885	130	915
960	128	960	948	130	915
1023	128	960	1010	130	915
0	192	960	0	194	926
64	192	960	63	194	925
128	192	960	129	194	924
192	192	960	193	194	923
256	192	960	257	195	922
320	192	960	322	196	920
384	192	960	388	196	920
448	192	960	449	196	919
512	192	960	510	196	919
576	192	960	573	196	918
640	192	960	636	196	917
704	192	960	695	196	917
768	192	960	758	196	916
832	192	960	821	195	915
896	192	960	884	195	915
960	192	960	947	196	915
1023	192	960	1008	196	915
0	256	960	0	259	926
64	256	960	63	259	925
128	256	960	129	259	925
192	256	960	192	260	924
256	256	960	256	261	923
320	256	960	321	261	920
384	256	960	386	262	920
448	256	960	448	262	919
512	256	960	509	262	919
576	256	960	572	262	918
640	256	960	635	262	918
704	256	960	694	262	917
768	256	960	756	262	916
832	256	960	820	261	915
896	256	960	882	261	915
960	256	960	945	262	914
1023	256	960	1006	262	915
0	320	960	0	324	924
64	320	960	63	324	922
128	320	960	128	325	922
192	320	960	191	325	921
256	320	960	255	326	919
320	320	960	320	327	917
384	320	960	385	327	917
448	320	960	447	327	916
512	320	960	508	327	915
576	320	960	571	327	915
640	320	960	634	327	914
704	320	960	693	327	914
768	320	960	755	327	913
832	320	960	818	327	912
896	320	960	880	326	912
960	320	960	943	327	912
1023	320	960	1004	327	912
0	384	960	0	389	924
64	384	960	63	389	924
128	384	960	128	389	923
192	384	960	191	390	922
256	384	960	255	390	921
320	384	960	319	391	917
384	384	960	385	391	917
448	384	960	447	391	916
512	384	960	508	391	916
576	384	960	570	391	915
640	384	960	633	391	914
704	384	960	692	391	914
768	384	960	754	391	913
832	384	960	818	391	913
896	384	960	880	391	912
960	384	960	942	391	912
1023	384	960	1003	391	912
0	448	960	0	453	923
64	448	960	63	453	922
128	448	960	128	453	921
192	448	960	190	453	920
256	448	960	254	454	919
320	448	960	318	454	916
384	448	960	385	455	916
448	448	960	446	455	915
512	448	960	507	455	914
576	448	960	570	455	914
640	448	960	632	455	913
704	448	960	691	455	913
768	448	960	753	454	912
832	448	960	817	454	912
896	448	960	879	454	911
960	448	960	941	454	911
1023	448	960	1002	454	911
0	512	960	0	516	922
64	512	960	63	516	921
128	512	960	128	516	920
192	512	960	190	516	919
256	512	960	254	517	918
320	512	960	318	518	915
384	512	960	384	518	915
448	512	960	446	518	914
512	512	960	507	518	913
576	512	960	570	518	913
640	512	960	632	518	913
704	512	960	691	518	912
768	512	960	753	518	911
832	512	960	817	517	911
896	512	960	878	517	911
960	512	960	941	517	911
1023	512	960	1001	517	911
0	576	960	0	579	922
64	576	960	63	580	921
128	576	960	128	580	920
192	576	960	190	580	919
256	576	960	254	581	918
320	576	960	318	582	915
384	576	960	384	582	914
448	576	960	445	582	913
512	576	960	506	582	913
576	576	960	569	582	913
640	576	960	631	582	912
704	576	960	691	582	912
768	576	960	752	581	911
832	576	960	816	582	911
896	576	960	878	581	911
960	576	960	941	582	911
1023	576	960	1001	581	911
0	640	960	0	643	922
64	640	960	63	643	921
128	640	960	128	643	920
192	640	960	190	644	919
256	640	960	253	645	918
320	640	960	317	645	914
384	640	960	383	645	914
448	640	960	445	645	913
512	640	960	506	645	913
576	640	960	569	645	913
640	640	960	631	646	912
704	640	960	690	646	912
768	640	960	752	645	912
832	640	960	816	645	911
896	640	960	878	645	911
960	640	960	941	645	911
1023	640	960	1001	645	911
0	704	960	0	705	922
64	704	960	63	705	919
128	704	960	128	706	918
192	704	960	190	706	917
256	704	960	254	707	916
320	704	960	318	708	914
384	704	960	383	708	914
448	704	960	445	708	914
512	704	960	506	708	913
576	704	960	569	708	913
640	704	960	631	708	913
704	704	960	690	708	913
768	704	960	753	708	912
832	704	960	816	707	912
896	704	960	878	707	911
960	704	960	941	707	912
1023	704	960	1001	708	911
0	768	960	0	770	922
64	768	960	63	770	920
128	768	960	128	770	920
192	768	960	190	770	919
256	768	960	253	771	918
320	768	960	317	772	915
384	768	960	384	772	915
448	768	960	445	772	914
512	768	960	506	771	914
576	768	960	569	771	913
640	768	960	631	772	913
704	768	960	691	772	913
768	768	960	753	772	913
832	768	960	817	772	912
896	768	960	879	771	912
960	768	960	941	771	911
1023	768	960	1001	771	911
0	832	960	0	832	922
64	832	960	63	832	919
128	832	960	128	833	919
192	832	960	190	833	918
256	832	960	253	834	917
320	832	960	318	834	915
384	832	960	384	835	915
448	832	960	446	835	914
512	832	960	507	835	914
576	832	960	570	835	914
640	832	960	632	835	913
704	832	960	691	835	913
768	832	960	754	835	913
832	832	960	817	835	912
896	832	960	879	835	912
960	832	960	942	835	912
1023	832	960	1002	835	912
0	896	960	0	896	922
64	896	960	63	896	922
128	896	960	128	896	921
192	896	960	190	897	920
256	896	960	254	898	919
320	896	960	318	899	916
384	896	960	384	899	915
448	896	960	446	899	915
512	896	960	507	899	915
576	896	960	570	899	914
640	896	960	633	899	914
704	896	960	691	899	913
768	896	960	754	899	913
832	896	960	817	898	912
896	896	960	879	898	912
960	896	960	942	898	912
1023	896	960	1002	898	912
0	960	960	0	957	922
64	960	960	63	957	922
128	960	960	128	958	922
192	960	960	190	958	921
256	960	960	254	959	919
320	960	960	318	960	916
384	960	960	384	960	916
448	960	960	446	960	915
512	960	960	507	960	915
576	960	960	570	960	914
640	960	960	632	960	914
704	960	960	692	961	914
768	960	960	754	960	913
832	960	960	817	960	913
896	960	960	879	959	912
960	960	960	942	959	912
1023	960	960	1002	960	912
0	1023	960	0	1019	923
64	1023	960	63	1019	920
128	1023	960	128	1020	920
192	1023	960	190	1020	919
256	1023	960	254	1021	917
320	1023	960	318	1021	916
384	1023	960	384	1022	916
448	1023	960	446	1021	915
512	1023	960	508	1022	915
576	1023	960	571	1022	915
640	1023	960	633	1022	915
704	1023	960	693	1022	915
768	1023	960	755	1022	914
832	1023	960	818	1021	913
896	1023	960	880	1021	913
960	1023	960	943	1021	913
1023	1023	960	1003	1022	913
0	0	1023	0	0	988
64	0	1023	63	0	986
128	0	1023	129	0	985
192	0	1023	193	0	985
256	0	1023	258	0	983
320	0	1023	322	23	982
384	0	1023	388	23	981
448	0	1023	450	23	981
512	0	1023	512	23	981
576	0	1023	575	23	980
640	0	1023	637	23	980
704	0	1023	697	0	980
768	0	1023	759	0	979
832	0	1023	824	0	979
896	0	1023	887	0	978
960	0	1023	950	0	978
1023	0	1023	1011	0	978
0	64	1023	0	66	986
64	64	1023	63	66	984
128	64	1023	129	66	983
192	64	1023	193	66	982
256	64	1023	258	66	981
320	64	1023	322	66	979
384	64	1023	388	66	979
448	64	1023	450	66	978
512	64	1023	512	66	978
576	64	1023	575	66	977
640	64	1023	637	66	977
704	64	1023	697	66	977
768	64	1023	759	66	976
832	64	1023	824	66	975
896	64	1023	887	63	975
960	64	1023	950	63	974
1023	64	1023	1011	63	974
0	128	1023	0	129	986
64	128	1023	63	129	984
128	128	1023	129	129	984
192	128	1023	193	130	983
256	128	1023	257	130	981
320	128	1023	322	130	979
384	128	1023	388	130	979
448	128	1023	450	132	978
512	128	1023	511	132	978
576	128	1023	574	132	977
640	128	1023	637	132	977
704	128	1023	696	130	977
768	128	1023	759	130	976
832	128	1023	823	130	975
896	128	1023	886	130	975
960	128	1023	949	130	974
1023	128	1023	1010	130	974
0	192	1023	0	194	986
64	192	1023	63	194	985
128	192	1023	129	194	984
192	192	1023	193	195	983
256	192	1023	256	195	982
320	192	1023	321	196	979
384	192	1023	387	196	979
448	192	1023	449	196	978
512	192	1023	511	196	978
576	192	1023	574	196	977
640	192	1023	636	197	977
704	192	1023	695	196	977
768	192	1023	758	196	976
832	192	1023	822	196	975
896	192	1023	885	196	975
960	192	1023	948	196	974
1023	192	1023	1009	196	974
0	256	1023	0	259	986
64	256	1023	63	259	985
128	256	1023	129	260	985
192	256	1023	192	260	984
256	256	1023	256	261	982
320	256	1023	320	262	979
384	256	1023	386	262	979
448	256	1023	448	262	978
512	256	1023	510	262	978
576	256	1023	573	262	977
640	256	1023	635	262	977
704	256	1023	694	262	977
768	256	1023	756	262	976
832	256	1023	821	262	975
896	256	1023	883	262	975
960	256	1023	946	262	974
1023	256	1023	1006	262	974
0	320	1023	0	324	984
64	320	1023	63	325	983
128	320	1023	128	325	982
192	320	1023	191	325	981
256	320	1023	255	326	979
320	320	1023	320	327	977
384	320	1023	385	327	977
448	320	1023	447	327	976
512	320	1023	509	327	976
576	320	1023	572	327	975
640	320	1023	634	327	974
704	320	1023	693	327	973
768	320	1023	755	327	973
832	320	1023	819	327	972
896	320	1023	881	327	972
960	320	1023	944	327	971
1023	320	1023	1004	327	971
0	384	1023	0	390	984
64	384	1023	63	390	984
128	384	1023	128	390	983
192	384	1023	190	390	982
256	384	1023	255	390	980
320	384	1023	319	391	977
384	384	1023	385	392	977
448	384	1023	447	392	976
512	384	1023	508	392	976
576	384	1023	571	392	975
640	384	1023	633	392	974
704	384	1023	692	392	974
768	384	1023	754	392	973
832	384	1023	818	391	972
896	384	1023	880	391	972
960	384	1023	942	391	971
1023	384	1023	1003	391	971
0	448	1023	0	453	983
64	448	1023	63	453	982
128	448	1023	128	453	981
192	448	1023	190	454	980
256	448	1023	254	454	979
320	448	1023	318	455	976
384	448	1023	385	455	976
448	448	1023	446	455	975
512	448	1023	507	455	974
576	448	1023	570	455	973
640	448	1023	633	455	973
704	448	1023	691	455	973
768	448	1023	754	455	972
832	448	1023	818	454	971
896	448	1023	880	454	971
960	448	1023	942	454	971
1023	448	1023	1002	454	971
0	512	1023	0	516	983
64	512	1023	63	516	982
128	512	1023	128	516	981
192	512	1023	190	517	980
256	512	1023	254	518	978
320	512	1023	318	518	975
384	512	1023	384	518	975
448	512	1023	446	518	974
512	512	1023	507	518	973
576	512	1023	570	518	973
640	512	1023	632	519	972
704	512	1023	691	519	972
768	512	1023	754	518	971
832	512	1023	817	518	971
896	512	1023	879	518	971
960	512	1023	941	518	970
1023	512	1023	1002	518	971
0	576	1023	0	580	982
64	576	1023	63	580	981
128	576	1023	128	580	980
192	576	1023	190	581	979
256	576	1023	253	582	977
320	576	1023	318	582	974
384	576	1023	384	582	974
448	576	1023	446	582	973
512	576	1023	507	583	973
576	576	1023	570	582	972
640	576	1023	632	583	972
704	576	1023	691	583	972
768	576	1023	753	582	971
832	576	1023	816	581	970
896	576	1023	879	582	970
960	576	1023	941	582	970
1023	576	1023	1002	582	970
0	640	1023	0	643	982
64	640	1023	63	643	981
128	640	1023	128	644	980
192	640	1023	190	644	979
256	640	1023	253	645	978
320	640	1023	317	646	974
384	640	1023	384	646	974
448	640	1023	446	646	973
512	640	1023	507	646	973
576	640	1023	570	646	972
640	640	1023	632	646	972
704	640	1023	691	646	972
768	640	1023	753	646	971
832	640	1023	816	645	971
896	640	1023	879	645	970
960	640	1023	941	645	970
1023	640	1023	1001	645	970
0	704	1023	0	706	981
64	704	1023	63	706	979
128	704	1023	128	706	979
192	704	1023	190	707	978
256	704	1023	254	708	976
320	704	1023	318	709	974
384	704	1023	384	709	974
448	704	1023	446	709	974
512	704	1023	507	709	973
576	704	1023	570	709	974
640	704	1023	632	709	973
704	704	1023	691	709	973
768	704	1023	754	709	972
832	704	1023	816	707	971
896	704	1023	879	708	971
960	704	1023	941	708	971
1023	704	1023	1002	708	971
0	768	1023	0	769	981
64	768	1023	63	769	980
128	768	1023	128	770	980
192	768	1023	190	771	979
256	768	1023	253	772	977
320	768	1023	317	772	975
384	768	1023	384	772	974
448	768	1023	446	773	974
512	768	1023	507	773	974
576	768	1023	570	773	973
640	768	1023	632	773	973
704	768	1023	692	773	973
768	768	1023	754	773	972
832	768	1023	818	772	972
896	768	1023	880	772	971
960	768	1023	942	772	971
1023	768	1023	1003	773	972
0	832	1023	0	833	982
64	832	1023	63	833	980
128	832	1023	128	833	980
192	832	1023	190	834	978
256	832	1023	253	835	977
320	832	1023	318	835	975
384	832	1023	384	835	975
448	832	1023	446	835	974
512	832	1023	507	836	974
576	832	1023	570	836	973
640	832	1023	632	836	973
704	832	1023	692	836	973
768	832	1023	754	836	973
832	832	1023	818	835	972
896	832	1023	880	835	971
960	832	1023	943	835	971
1023	832	1023	1003	835	971
0	896	1023	0	897	982
64	896	1023	63	897	982
128	896	1023	128	897	981
192	896	1023	190	898	980
256	896	1023	253	899	979
320	896	1023	317	899	975
384	896	1023	384	899	975
448	896	1023	446	899	974
512	896	1023	507	899	974
576	896	1023	570	899	974
640	896	1023	633	900	974
704	896	1023	693	900	974
768	896	1023	754	899	973
832	896	1023	818	899	972
896	896	1023	880	899	972
960	896	1023	943	899	972
1023	896	1023	1003	899	972
0	960	1023	0	958	983
64	960	1023	63	959	982
128	960	1023	128	959	982
192	960	1023	189	959	980
256	960	1023	253	960	979
320	960	1023	317	960	975
384	960	1023	384	961	975
448	960	1023	446	961	975
512	960	1023	507	961	974
576	960	1023	570	961	974
640	960	1023	633	961	974
704	960	1023	692	961	973
768	960	1023	754	961	973
832	960	1023	819	961	973
896	960	1023	880	960	972
960	960	1023	943	961	972
1023	960	1023	1003	961	972
0	1023	1023	0	1020	983
64	1023	1023	63	1020	981
128	1023	1023	128	1020	980
192	1023	1023	190	1021	979
256	1023	1023	254	1022	978
320	1023	1023	318	1022	976
384	1023	1023	384	1023	976
448	1023	1023	447	1023	976
512	1023	1023	508	1023	975
576	1023	1023	571	1023	975
640	1023	1023	633	1023	975
704	1023	1023	693	1023	974
768	1023	1023	755	1023	974
832	1023	1023	819	1022	973
896	1023	1023	881	1022	973
960	1023	1023	944	1023	973
1023	1023	1023	1004	1023	973
