0	0	0	0	0	0
64	0	0	60	0	0
128	0	0	125	0	0
192	0	0	188	23	0
256	0	0	250	23	0
320	0	0	313	32	0
384	0	0	376	44	0
448	0	0	438	53	0
512	0	0	497	57	0
576	0	0	556	63	0
640	0	0	619	69	0
704	0	0	676	77	0
768	0	0	736	82	0
832	0	0	800	91	0
896	0	0	859	99	0
960	0	0	919	103	0
1023	0	0	978	109	0
0	64	0	0	63	0
64	64	0	66	63	0
128	64	0	125	63	0
192	64	0	188	66	0
256	64	0	251	66	0
320	64	0	314	69	0
384	64	0	376	72	0
448	64	0	438	77	0
512	64	0	497	82	0
576	64	0	556	87	0
640	64	0	619	91	0
704	64	0	676	95	0
768	64	0	736	101	0
832	64	0	800	106	0
896	64	0	859	113	0
960	64	0	919	119	0
1023	64	0	979	125	0
0	128	0	32	125	23
64	128	0	69	125	23
128	128	0	128	125	23
192	128	0	189	126	23
256	128	0	252	126	23
320	128	0	314	128	23
384	128	0	377	129	0
448	128	0	438	132	0
512	128	0	497	134	0
576	128	0	556	138	0
640	128	0	619	139	0
704	128	0	675	143	0
768	128	0	736	145	0
832	128	0	800	150	0
896	128	0	859	155	0
960	128	0	919	158	0
1023	128	0	979	162	0
0	192	0	48	187	32
64	192	0	77	187	32
128	192	0	132	187	32
192	192	0	193	188	32
256	192	0	253	188	23
320	192	0	315	189	23
384	192	0	378	190	23
448	192	0	438	192	23
512	192	0	497	194	23
576	192	0	556	196	23
640	192	0	618	198	23
704	192	0	675	199	23
768	192	0	735	201	23
832	192	0	799	204	23
896	192	0	859	207	23
960	192	0	919	210	23
1023	192	0	979	213	0
0	256	0	66	248	38
64	256	0	89	248	38
128	256	0	138	248	38
192	256	0	196	250	38
256	256	0	255	250	38
320	256	0	317	251	38
384	256	0	379	252	38
448	256	0	439	253	38
512	256	0	497	255	38
576	256	0	556	256	38
640	256	0	618	257	32
704	256	0	675	258	32
768	256	0	734	261	32
832	256	0	799	263	32
896	256	0	858	265	32
960	256	0	919	267	32
1023	256	0	979	270	32
0	320	0	82	311	48
64	320	0	103	311	48
128	320	0	145	311	48
192	320	0	201	312	48
256	320	0	258	313	48
320	320	0	318	313	48
384	320	0	380	314	48
448	320	0	440	315	48
512	320	0	498	317	44
576	320	0	557	317	44
640	320	0	618	318	44
704	320	0	675	319	44
768	320	0	734	321	44
832	320	0	799	323	44
896	320	0	858	324	44
960	320	0	919	326	44
1023	320	0	979	328	44
0	384	0	99	373	60
64	384	0	114	373	60
128	384	0	155	374	60
192	384	0	206	374	57
256	384	0	263	375	57
320	384	0	322	376	57
384	384	0	383	377	57
448	384	0	442	378	57
512	384	0	500	379	57
576	384	0	558	379	57
640	384	0	619	381	57
704	384	0	676	382	57
768	384	0	735	382	53
832	384	0	799	384	53
896	384	0	858	385	53
960	384	0	919	386	53
1023	384	0	979	389	53
0	448	0	116	434	69
64	448	0	128	434	69
128	448	0	165	435	69
192	448	0	213	436	69
256	448	0	269	436	69
320	448	0	327	437	66
384	448	0	387	438	66
448	448	0	444	439	66
512	448	0	502	439	66
576	448	0	560	439	66
640	448	0	621	441	66
704	448	0	677	442	63
768	448	0	736	443	66
832	448	0	800	443	63
896	448	0	859	444	63
960	448	0	919	445	63
1023	448	0	979	447	63
0	512	0	133	495	77
64	512	0	143	496	77
128	512	0	177	496	77
192	512	0	222	496	77
256	512	0	275	497	77
320	512	0	332	498	77
384	512	0	391	498	77
448	512	0	448	499	77
512	512	0	505	500	77
576	512	0	563	500	77
640	512	0	623	501	77
704	512	0	679	502	77
768	512	0	737	503	77
832	512	0	801	503	75
896	512	0	860	504	72
960	512	0	920	505	72
1023	512	0	980	506	72
0	576	0	150	557	87
64	576	0	159	558	87
128	576	0	188	558	87
192	576	0	232	558	87
256	576	0	282	559	87
320	576	0	338	560	87
384	576	0	396	561	87
448	576	0	452	561	87
512	576	0	508	561	87
576	576	0	566	561	87
640	576	0	625	562	87
704	576	0	681	563	87
768	576	0	739	564	85
832	576	0	802	564	82
896	576	0	861	564	82
960	576	0	922	566	82
1023	576	0	981	567	82
0	640	0	166	619	99
64	640	0	175	619	99
128	640	0	202	619	99
192	640	0	242	620	99
256	640	0	290	621	95
320	640	0	345	621	95
384	640	0	401	621	95
448	640	0	456	621	95
512	640	0	512	622	95
576	640	0	569	623	95
640	640	0	628	623	95
704	640	0	683	624	95
768	640	0	741	624	95
832	640	0	803	624	95
896	640	0	862	624	95
960	640	0	923	626	95
1023	640	0	982	627	91
0	704	0	184	679	106
64	704	0	191	680	106
128	704	0	215	680	106
192	704	0	253	680	106
256	704	0	300	681	106
320	704	0	352	681	106
384	704	0	408	682	106
448	704	0	462	682	106
512	704	0	516	683	106
576	704	0	574	683	106
640	704	0	631	683	104
704	704	0	686	683	104
768	704	0	744	684	104
832	704	0	806	684	104
896	704	0	865	685	103
960	704	0	925	686	104
1023	704	0	983	686	103
0	768	0	200	741	116
64	768	0	206	742	116
128	768	0	230	742	116
192	768	0	265	742	116
256	768	0	310	743	116
320	768	0	361	743	116
384	768	0	414	743	116
448	768	0	467	743	116
512	768	0	521	743	116
576	768	0	578	744	116
640	768	0	635	745	116
704	768	0	690	745	116
768	768	0	748	745	116
832	768	0	809	745	114
896	768	0	868	747	113
960	768	0	927	747	113
1023	768	0	986	749	113
0	832	0	216	805	126
64	832	0	223	805	126
128	832	0	243	805	126
192	832	0	276	806	126
256	832	0	320	806	125
320	832	0	369	806	125
384	832	0	421	806	125
448	832	0	473	807	125
512	832	0	527	807	125
576	832	0	584	807	125
640	832	0	639	808	125
704	832	0	694	808	125
768	832	0	752	809	125
832	832	0	813	809	125
896	832	0	871	809	125
960	832	0	931	811	123
1023	832	0	988	811	122
0	896	0	233	866	136
64	896	0	240	866	136
128	896	0	258	867	136
192	896	0	289	867	136
256	896	0	331	867	136
320	896	0	379	868	136
384	896	0	429	867	136
448	896	0	479	867	133
512	896	0	532	867	134
576	896	0	589	868	134
640	896	0	643	868	134
704	896	0	699	869	133
768	896	0	756	869	134
832	896	0	816	870	133
896	896	0	874	870	133
960	896	0	934	871	133
1023	896	0	990	871	133
0	960	0	250	927	145
64	960	0	256	927	145
128	960	0	273	928	145
192	960	0	303	928	145
256	960	0	342	928	144
320	960	0	388	928	144
384	960	0	437	928	144
448	960	0	486	928	143
512	960	0	538	928	143
576	960	0	595	928	143
640	960	0	648	928	143
704	960	0	703	929	143
768	960	0	761	929	143
832	960	0	820	930	143
896	960	0	878	930	143
960	960	0	937	930	143
1023	960	0	993	931	143
0	1023	0	267	987	155
64	1023	0	271	987	155
128	1023	0	288	987	155
192	1023	0	317	987	155
256	1023	0	355	987	155
320	1023	0	399	987	155
384	1023	0	445	987	155
448	1023	0	494	988	155
512	1023	0	545	988	153
576	1023	0	601	988	153
640	1023	0	653	988	153
704	1023	0	708	988	152
768	1023	0	766	988	152
832	1023	0	823	988	152
896	1023	0	881	989	152
960	1023	0	941	990	152
1023	1023	0	997	991	152
0	0	64	0	0	60
64	0	64	60	0	60
128	0	64	125	23	60
192	0	64	188	23	60
256	0	64	251	32	60
320	0	64	313	32	60
384	0	64	376	44	60
448	0	64	437	53	60
512	0	64	496	57	60
576	0	64	556	63	60
640	0	64	619	69	60
704	0	64	676	77	60
768	0	64	736	85	57
832	0	64	800	91	57
896	0	64	859	99	57
960	0	64	919	103	57
1023	0	64	978	109	57
0	64	64	23	63	60
64	64	64	66	63	60
128	64	64	125	63	60
192	64	64	188	66	60
256	64	64	251	66	60
320	64	64	314	72	60
384	64	64	376	72	60
448	64	64	437	77	60
512	64	64	496	82	60
576	64	64	556	87	60
640	64	64	619	91	60
704	64	64	676	95	60
768	64	64	736	103	60
832	64	64	800	108	60
896	64	64	859	113	57
960	64	64	919	119	57
1023	64	64	978	125	57
0	128	64	32	125	66
64	128	64	72	125	66
128	128	64	128	125	66
192	128	64	189	126	63
256	128	64	252	128	63
320	128	64	314	128	63
384	128	64	377	130	63
448	128	64	438	133	60
512	128	64	497	134	60
576	128	64	556	138	60
640	128	64	619	141	60
704	128	64	675	143	60
768	128	64	735	147	60
832	128	64	800	150	60
896	128	64	859	155	60
960	128	64	919	158	60
1023	128	64	978	162	60
0	192	64	48	187	69
64	192	64	77	187	69
128	192	64	132	187	69
192	192	64	192	188	66
256	192	64	253	188	66
320	192	64	315	189	66
384	192	64	378	191	63
448	192	64	438	193	63
512	192	64	497	194	63
576	192	64	556	196	63
640	192	64	618	198	63
704	192	64	675	199	63
768	192	64	735	202	63
832	192	64	799	205	63
896	192	64	858	207	63
960	192	64	919	210	63
1023	192	64	978	213	60
0	256	64	66	248	72
64	256	64	89	248	72
128	256	64	138	249	72
192	256	64	196	250	72
256	256	64	255	251	69
320	256	64	317	251	69
384	256	64	379	252	69
448	256	64	438	253	69
512	256	64	497	255	69
576	256	64	556	257	69
640	256	64	618	257	69
704	256	64	675	259	66
768	256	64	734	261	66
832	256	64	799	263	66
896	256	64	858	265	66
960	256	64	919	267	66
1023	256	64	978	270	66
0	320	64	82	311	77
64	320	64	103	311	77
128	320	64	145	312	77
192	320	64	200	312	77
256	320	64	258	313	77
320	320	64	318	314	77
384	320	64	381	315	75
448	320	64	440	316	77
512	320	64	498	317	77
576	320	64	557	317	72
640	320	64	618	318	72
704	320	64	675	320	72
768	320	64	734	321	72
832	320	64	798	323	72
896	320	64	858	324	72
960	320	64	919	327	72
1023	320	64	979	328	72
0	384	64	99	374	82
64	384	64	114	374	82
128	384	64	155	374	82
192	384	64	206	375	82
256	384	64	263	376	82
320	384	64	322	376	82
384	384	64	383	377	82
448	384	64	442	378	82
512	384	64	500	379	82
576	384	64	558	380	82
640	384	64	619	381	82
704	384	64	675	382	80
768	384	64	735	383	77
832	384	64	799	384	77
896	384	64	858	385	77
960	384	64	919	387	77
1023	384	64	979	389	77
0	448	64	116	435	89
64	448	64	128	435	89
128	448	64	165	435	89
192	448	64	213	436	89
256	448	64	269	437	89
320	448	64	327	438	89
384	448	64	387	438	89
448	448	64	444	439	89
512	448	64	502	439	89
576	448	64	560	440	89
640	448	64	620	441	89
704	448	64	677	442	87
768	448	64	736	443	87
832	448	64	800	444	87
896	448	64	859	444	87
960	448	64	919	445	85
1023	448	64	979	447	87
0	512	64	133	496	95
64	512	64	143	496	95
128	512	64	177	496	95
192	512	64	222	497	95
256	512	64	275	497	95
320	512	64	332	498	95
384	512	64	391	498	95
448	512	64	448	500	95
512	512	64	505	500	95
576	512	64	563	500	95
640	512	64	623	501	95
704	512	64	679	502	95
768	512	64	737	503	95
832	512	64	801	503	95
896	512	64	860	504	91
960	512	64	920	505	91
1023	512	64	979	506	91
0	576	64	150	558	103
64	576	64	159	558	103
128	576	64	188	558	103
192	576	64	232	559	103
256	576	64	282	559	103
320	576	64	338	560	103
384	576	64	396	561	103
448	576	64	452	561	103
512	576	64	508	561	103
576	576	64	566	562	103
640	576	64	625	562	103
704	576	64	681	563	103
768	576	64	739	564	103
832	576	64	802	564	99
896	576	64	861	565	99
960	576	64	921	566	99
1023	576	64	981	567	99
0	640	64	166	619	113
64	640	64	175	619	113
128	640	64	202	619	113
192	640	64	242	620	113
256	640	64	290	621	113
320	640	64	345	621	113
384	640	64	402	621	111
448	640	64	456	622	111
512	640	64	511	622	109
576	640	64	569	623	109
640	640	64	628	624	109
704	640	64	683	624	109
768	640	64	741	624	109
832	640	64	803	624	109
896	640	64	862	625	109
960	640	64	923	626	109
1023	640	64	981	627	109
0	704	64	183	680	120
64	704	64	191	680	120
128	704	64	215	680	120
192	704	64	253	681	119
256	704	64	300	682	119
320	704	64	352	682	119
384	704	64	408	682	119
448	704	64	462	682	119
512	704	64	516	683	119
576	704	64	574	683	119
640	704	64	631	683	119
704	704	64	686	683	117
768	704	64	744	684	119
832	704	64	806	685	119
896	704	64	864	685	117
960	704	64	925	686	117
1023	704	64	983	687	119
0	768	64	200	742	128
64	768	64	206	742	128
128	768	64	230	742	128
192	768	64	265	743	128
256	768	64	309	743	128
320	768	64	360	743	128
384	768	64	414	743	128
448	768	64	466	743	128
512	768	64	520	743	128
576	768	64	578	744	128
640	768	64	635	745	128
704	768	64	690	745	128
768	768	64	747	746	128
832	768	64	809	746	128
896	768	64	868	747	126
960	768	64	927	748	125
1023	768	64	986	749	125
0	832	64	216	805	137
64	832	64	222	805	137
128	832	64	243	805	137
192	832	64	277	806	137
256	832	64	320	806	137
320	832	64	369	806	136
384	832	64	421	807	136
448	832	64	473	807	136
512	832	64	526	807	136
576	832	64	584	808	136
640	832	64	639	808	136
704	832	64	694	808	136
768	832	64	752	809	136
832	832	64	813	809	136
896	832	64	871	810	136
960	832	64	931	811	134
1023	832	64	988	812	133
0	896	64	233	867	145
64	896	64	240	867	145
128	896	64	258	867	145
192	896	64	289	867	145
256	896	64	331	868	145
320	896	64	379	868	145
384	896	64	429	868	145
448	896	64	479	867	145
512	896	64	532	868	144
576	896	64	589	868	144
640	896	64	643	869	144
704	896	64	698	870	144
768	896	64	756	869	144
832	896	64	816	870	144
896	896	64	874	871	143
960	896	64	934	872	143
1023	896	64	990	871	143
0	960	64	250	927	155
64	960	64	255	928	155
128	960	64	273	928	155
192	960	64	303	928	155
256	960	64	342	928	155
320	960	64	388	928	155
384	960	64	436	928	153
448	960	64	486	928	153
512	960	64	538	928	153
576	960	64	595	928	153
640	960	64	648	929	152
704	960	64	703	929	152
768	960	64	760	929	152
832	960	64	820	930	152
896	960	64	878	930	152
960	960	64	937	931	152
1023	960	64	993	931	152
0	1023	64	267	987	164
64	1023	64	272	988	164
128	1023	64	288	988	164
192	1023	64	317	988	163
256	1023	64	355	988	163
320	1023	64	399	988	163
384	1023	64	445	988	163
448	1023	64	494	988	163
512	1023	64	545	988	163
576	1023	64	601	988	162
640	1023	64	653	988	162
704	1023	64	708	989	162
768	1023	64	765	988	162
832	1023	64	823	988	161
896	1023	64	881	989	161
960	1023	64	940	990	161
1023	1023	64	997	991	161
0	0	128	0	23	122
64	0	128	66	23	122
128	0	128	125	23	122
192	0	128	188	32	122
256	0	128	251	32	122
320	0	128	313	38	122
384	0	128	376	48	122
448	0	128	437	53	122
512	0	128	496	60	122
576	0	128	555	66	122
640	0	128	618	72	122
704	0	128	675	80	122
768	0	128	735	87	122
832	0	128	799	93	120
896	0	128	858	99	120
960	0	128	919	106	120
1023	0	128	978	113	120
0	64	128	23	66	122
64	64	128	66	66	122
128	64	128	126	66	122
192	64	128	188	69	122
256	64	128	251	69	122
320	64	128	313	72	122
384	64	128	376	77	122
448	64	128	437	82	122
512	64	128	496	85	122
576	64	128	556	89	122
640	64	128	619	93	122
704	64	128	675	99	122
768	64	128	735	103	122
832	64	128	799	109	122
896	64	128	858	114	120
960	64	128	919	119	120
1023	64	128	978	126	120
0	128	128	32	125	125
64	128	128	72	125	125
128	128	128	128	126	125
192	128	128	190	128	125
256	128	128	251	128	123
320	128	128	314	129	123
384	128	128	376	132	122
448	128	128	437	133	122
512	128	128	496	136	122
576	128	128	556	138	122
640	128	128	618	141	122
704	128	128	675	144	122
768	128	128	735	148	122
832	128	128	799	152	122
896	128	128	858	156	122
960	128	128	918	159	122
1023	128	128	978	164	122
0	192	128	53	188	125
64	192	128	80	188	125
128	192	128	133	188	125
192	192	128	192	189	125
256	192	128	253	189	125
320	192	128	315	191	125
384	192	128	377	191	125
448	192	128	438	193	123
512	192	128	496	195	123
576	192	128	556	197	123
640	192	128	618	199	123
704	192	128	675	200	123
768	192	128	734	202	123
832	192	128	798	206	123
896	192	128	858	209	123
960	192	128	918	211	123
1023	192	128	978	215	122
0	256	128	66	250	128
64	256	128	91	250	128
128	256	128	138	250	128
192	256	128	196	251	128
256	256	128	256	251	126
320	256	128	316	252	126
384	256	128	378	253	126
448	256	128	438	255	126
512	256	128	496	256	126
576	256	128	556	258	126
640	256	128	617	258	125
704	256	128	674	260	125
768	256	128	733	262	125
832	256	128	798	264	125
896	256	128	857	266	125
960	256	128	918	268	125
1023	256	128	978	270	125
0	320	128	85	312	130
64	320	128	103	312	130
128	320	128	145	312	130
192	320	128	200	313	130
256	320	128	258	314	129
320	320	128	318	315	129
384	320	128	380	316	129
448	320	128	439	317	128
512	320	128	497	317	128
576	320	128	556	319	128
640	320	128	617	319	128
704	320	128	674	321	128
768	320	128	733	322	128
832	320	128	798	324	128
896	320	128	857	325	128
960	320	128	918	327	128
1023	320	128	978	329	128
0	384	128	101	375	133
64	384	128	114	375	133
128	384	128	155	375	133
192	384	128	206	376	133
256	384	128	263	376	133
320	384	128	322	377	132
384	384	128	383	378	132
448	384	128	441	379	132
512	384	128	499	380	132
576	384	128	557	381	132
640	384	128	619	382	132
704	384	128	675	382	132
768	384	128	734	384	130
832	384	128	798	385	130
896	384	128	858	386	130
960	384	128	918	388	130
1023	384	128	978	389	130
0	448	128	116	436	137
64	448	128	130	436	137
128	448	128	165	436	137
192	448	128	213	437	137
256	448	128	269	438	137
320	448	128	326	438	136
384	448	128	386	439	136
448	448	128	444	440	136
512	448	128	501	440	136
576	448	128	559	441	136
640	448	128	620	442	136
704	448	128	676	443	134
768	448	128	735	444	134
832	448	128	799	444	134
896	448	128	858	445	134
960	448	128	918	446	134
1023	448	128	978	448	134
0	512	128	133	497	142
64	512	128	143	497	141
128	512	128	176	497	141
192	512	128	223	497	141
256	512	128	275	498	141
320	512	128	331	499	141
384	512	128	391	500	141
448	512	128	447	500	141
512	512	128	504	501	141
576	512	128	562	501	141
640	512	128	622	502	139
704	512	128	678	503	139
768	512	128	737	504	141
832	512	128	800	504	139
896	512	128	860	505	138
960	512	128	919	506	138
1023	512	128	979	507	138
0	576	128	150	559	147
64	576	128	159	559	147
128	576	128	189	559	145
192	576	128	232	560	145
256	576	128	282	560	145
320	576	128	337	561	145
384	576	128	395	561	145
448	576	128	451	562	145
512	576	128	508	562	145
576	576	128	565	563	145
640	576	128	624	563	145
704	576	128	680	564	145
768	576	128	738	565	145
832	576	128	802	565	144
896	576	128	860	566	143
960	576	128	920	567	143
1023	576	128	980	568	143
0	640	128	167	620	152
64	640	128	175	620	152
128	640	128	201	620	152
192	640	128	242	621	152
256	640	128	290	622	152
320	640	128	344	622	151
384	640	128	401	623	150
448	640	128	456	623	150
512	640	128	511	623	150
576	640	128	569	624	150
640	640	128	627	624	150
704	640	128	683	625	150
768	640	128	740	625	150
832	640	128	803	625	150
896	640	128	861	626	150
960	640	128	922	627	150
1023	640	128	981	628	149
0	704	128	184	680	159
64	704	128	191	680	159
128	704	128	215	681	159
192	704	128	253	682	158
256	704	128	300	682	157
320	704	128	352	683	157
384	704	128	407	683	157
448	704	128	461	683	157
512	704	128	516	684	156
576	704	128	573	684	156
640	704	128	630	684	155
704	704	128	685	684	155
768	704	128	743	685	155
832	704	128	805	685	155
896	704	128	864	686	156
960	704	128	924	687	156
1023	704	128	982	688	155
0	768	128	199	742	163
64	768	128	207	743	163
128	768	128	229	743	163
192	768	128	265	743	163
256	768	128	309	744	163
320	768	128	360	744	163
384	768	128	413	744	163
448	768	128	466	744	163
512	768	128	520	744	163
576	768	128	578	745	162
640	768	128	634	746	162
704	768	128	689	746	162
768	768	128	747	747	162
832	768	128	808	747	162
896	768	128	867	748	161
960	768	128	927	748	161
1023	768	128	985	750	161
0	832	128	217	806	171
64	832	128	223	806	171
128	832	128	243	806	170
192	832	128	276	807	169
256	832	128	319	807	169
320	832	128	369	807	169
384	832	128	421	808	169
448	832	128	472	808	169
512	832	128	526	808	169
576	832	128	583	808	169
640	832	128	638	809	169
704	832	128	693	809	169
768	832	128	751	810	168
832	832	128	812	810	168
896	832	128	870	811	168
960	832	128	930	811	168
1023	832	128	987	813	167
0	896	128	234	867	177
64	896	128	239	867	177
128	896	128	258	868	177
192	896	128	289	868	177
256	896	128	331	868	177
320	896	128	378	868	177
384	896	128	428	869	176
448	896	128	479	868	176
512	896	128	531	868	176
576	896	128	588	869	176
640	896	128	643	870	176
704	896	128	698	870	176
768	896	128	755	870	176
832	896	128	815	871	176
896	896	128	874	872	175
960	896	128	933	872	175
1023	896	128	989	872	174
0	960	128	250	928	186
64	960	128	255	928	186
128	960	128	273	928	186
192	960	128	302	929	184
256	960	128	342	929	184
320	960	128	388	929	184
384	960	128	436	929	184
448	960	128	485	929	184
512	960	128	538	929	183
576	960	128	594	929	182
640	960	128	647	930	182
704	960	128	702	930	182
768	960	128	760	930	183
832	960	128	819	931	183
896	960	128	877	931	182
960	960	128	936	931	182
1023	960	128	992	932	182
0	1023	128	266	988	193
64	1023	128	271	988	193
128	1023	128	288	988	193
192	1023	128	317	988	192
256	1023	128	354	988	192
320	1023	128	398	988	191
384	1023	128	445	988	191
448	1023	128	494	989	191
512	1023	128	545	989	191
576	1023	128	601	989	190
640	1023	128	653	989	191
704	1023	128	707	990	190
768	1023	128	765	989	190
832	1023	128	822	990	190
896	1023	128	881	990	190
960	1023	128	940	991	189
1023	1023	128	996	992	189
0	0	192	23	38	184
64	0	192	66	38	184
128	0	192	126	38	184
192	0	192	188	38	184
256	0	192	250	44	184
320	0	192	313	48	182
384	0	192	376	53	182
448	0	192	436	60	182
512	0	192	495	66	182
576	0	192	555	72	182
640	0	192	618	77	182
704	0	192	674	82	182
768	0	192	734	89	182
832	0	192	798	95	182
896	0	192	857	103	182
960	0	192	917	109	182
1023	0	192	977	116	182
0	64	192	23	72	184
64	64	192	66	72	184
128	64	192	126	72	184
192	64	192	188	72	184
256	64	192	251	75	184
320	64	192	313	77	182
384	64	192	376	82	182
448	64	192	436	85	182
512	64	192	495	87	182
576	64	192	555	91	182
640	64	192	617	97	182
704	64	192	674	103	182
768	64	192	734	106	182
832	64	192	798	113	182
896	64	192	857	117	182
960	64	192	917	122	182
1023	64	192	977	128	182
0	128	192	38	129	185
64	128	192	72	129	185
128	128	192	129	129	184
192	128	192	189	129	184
256	128	192	252	130	184
320	128	192	314	133	183
384	128	192	376	134	183
448	128	192	437	136	183
512	128	192	495	138	183
576	128	192	555	141	184
640	128	192	617	143	183
704	128	192	674	148	183
768	128	192	734	150	183
832	128	192	798	153	183
896	128	192	857	157	182
960	128	192	917	161	182
1023	128	192	977	165	182
0	192	192	53	189	186
64	192	192	80	190	186
128	192	192	133	190	186
192	192	192	193	190	186
256	192	192	253	191	185
320	192	192	315	193	184
384	192	192	377	194	184
448	192	192	437	194	184
512	192	192	495	197	184
576	192	192	555	198	184
640	192	192	617	200	184
704	192	192	674	202	184
768	192	192	733	205	184
832	192	192	797	207	184
896	192	192	857	209	184
960	192	192	917	213	184
1023	192	192	977	216	184
0	256	192	66	252	188
64	256	192	91	252	188
128	256	192	138	252	188
192	256	192	196	252	186
256	256	192	255	253	186
320	256	192	316	254	185
384	256	192	378	255	185
448	256	192	438	256	185
512	256	192	496	257	185
576	256	192	555	259	186
640	256	192	617	261	186
704	256	192	673	262	186
768	256	192	732	263	185
832	256	192	797	265	185
896	256	192	856	267	185
960	256	192	917	270	185
1023	256	192	976	272	184
0	320	192	85	314	189
64	320	192	103	314	188
128	320	192	145	314	188
192	320	192	201	315	188
256	320	192	258	315	188
320	320	192	318	316	188
384	320	192	380	317	188
448	320	192	439	317	188
512	320	192	497	319	188
576	320	192	555	320	188
640	320	192	617	321	188
704	320	192	673	322	187
768	320	192	732	324	187
832	320	192	797	326	186
896	320	192	856	327	186
960	320	192	917	328	186
1023	320	192	976	331	186
0	384	192	103	376	191
64	384	192	116	376	191
128	384	192	155	376	191
192	384	192	206	377	191
256	384	192	263	378	191
320	384	192	322	379	189
384	384	192	382	380	189
448	384	192	441	380	189
512	384	192	498	381	189
576	384	192	557	382	189
640	384	192	618	383	189
704	384	192	674	384	189
768	384	192	733	385	189
832	384	192	797	387	188
896	384	192	856	388	188
960	384	192	917	389	188
1023	384	192	976	391	188
0	448	192	117	437	193
64	448	192	130	438	193
128	448	192	165	438	193
192	448	192	213	438	193
256	448	192	268	439	193
320	448	192	326	440	193
384	448	192	386	441	193
448	448	192	444	441	192
512	448	192	501	442	192
576	448	192	559	443	192
640	448	192	619	443	192
704	448	192	675	444	191
768	448	192	734	445	191
832	448	192	798	446	191
896	448	192	857	447	191
960	448	192	917	448	190
1023	448	192	976	449	190
0	512	192	134	498	197
64	512	192	144	498	197
128	512	192	177	499	196
192	512	192	222	499	196
256	512	192	274	500	196
320	512	192	331	501	195
384	512	192	390	501	195
448	512	192	447	502	194
512	512	192	503	502	194
576	512	192	561	503	194
640	512	192	621	503	194
704	512	192	677	504	194
768	512	192	736	505	194
832	512	192	799	506	194
896	512	192	858	506	194
960	512	192	918	508	193
1023	512	192	977	509	193
0	576	192	150	560	200
64	576	192	159	560	200
128	576	192	188	561	199
192	576	192	232	561	199
256	576	192	282	562	199
320	576	192	337	562	199
384	576	192	395	563	198
448	576	192	451	563	198
512	576	192	506	564	198
576	576	192	565	564	198
640	576	192	624	565	198
704	576	192	679	566	198
768	576	192	737	567	198
832	576	192	800	567	198
896	576	192	859	567	198
960	576	192	919	568	197
1023	576	192	978	569	197
0	640	192	167	621	204
64	640	192	175	621	204
128	640	192	202	622	204
192	640	192	242	623	203
256	640	192	290	624	203
320	640	192	344	624	202
384	640	192	400	624	202
448	640	192	455	624	202
512	640	192	510	625	202
576	640	192	568	625	202
640	640	192	626	626	202
704	640	192	682	626	202
768	640	192	739	627	202
832	640	192	802	627	201
896	640	192	860	627	201
960	640	192	920	628	201
1023	640	192	979	629	201
0	704	192	184	682	208
64	704	192	191	682	208
128	704	192	215	682	208
192	704	192	253	683	208
256	704	192	299	684	206
320	704	192	351	684	206
384	704	192	407	684	206
448	704	192	460	685	206
512	704	192	515	685	206
576	704	192	573	685	206
640	704	192	629	685	206
704	704	192	684	686	206
768	704	192	742	687	206
832	704	192	804	687	205
896	704	192	863	687	205
960	704	192	923	689	205
1023	704	192	980	689	205
0	768	192	199	744	212
64	768	192	206	744	212
128	768	192	229	744	212
192	768	192	264	745	212
256	768	192	309	745	211
320	768	192	359	745	211
384	768	192	413	746	211
448	768	192	465	746	211
512	768	192	519	746	211
576	768	192	577	747	210
640	768	192	633	747	210
704	768	192	688	748	210
768	768	192	745	748	210
832	768	192	807	748	210
896	768	192	866	750	210
960	768	192	925	750	210
1023	768	192	984	752	210
0	832	192	216	807	218
64	832	192	222	807	218
128	832	192	243	808	218
192	832	192	276	808	218
256	832	192	319	808	216
320	832	192	368	809	216
384	832	192	420	809	216
448	832	192	471	809	216
512	832	192	525	809	216
576	832	192	582	810	215
640	832	192	637	810	215
704	832	192	692	811	215
768	832	192	750	811	215
832	832	192	811	812	215
896	832	192	869	812	215
960	832	192	929	813	215
1023	832	192	986	814	215
0	896	192	233	868	223
64	896	192	238	869	223
128	896	192	258	869	223
192	896	192	289	870	223
256	896	192	330	870	222
320	896	192	378	870	222
384	896	192	427	870	221
448	896	192	478	870	221
512	896	192	530	870	221
576	896	192	587	871	221
640	896	192	642	871	221
704	896	192	697	872	221
768	896	192	754	872	221
832	896	192	814	872	221
896	896	192	873	873	221
960	896	192	932	874	221
1023	896	192	988	874	220
0	960	192	250	929	228
64	960	192	255	929	228
128	960	192	272	930	228
192	960	192	302	930	228
256	960	192	341	930	228
320	960	192	387	930	227
384	960	192	435	930	227
448	960	192	485	930	226
512	960	192	537	930	226
576	960	192	593	931	226
640	960	192	646	931	226
704	960	192	701	932	226
768	960	192	759	932	226
832	960	192	818	933	226
896	960	192	876	933	226
960	960	192	934	933	226
1023	960	192	991	934	225
0	1023	192	266	990	234
64	1023	192	271	990	234
128	1023	192	288	990	234
192	1023	192	316	990	233
256	1023	192	353	990	233
320	1023	192	398	990	233
384	1023	192	444	990	233
448	1023	192	492	990	233
512	1023	192	544	990	233
576	1023	192	600	991	233
640	1023	192	652	991	233
704	1023	192	706	992	232
768	1023	192	763	991	232
832	1023	192	821	991	232
896	1023	192	879	992	232
960	1023	192	938	993	232
1023	1023	192	994	994	232
0	0	256	32	48	245
64	0	256	66	48	245
128	0	256	128	48	245
192	0	256	188	53	245
256	0	256	250	53	244
320	0	256	312	60	244
384	0	256	375	63	243
448	0	256	435	66	243
512	0	256	494	72	243
576	0	256	553	77	244
640	0	256	616	82	243
704	0	256	673	87	243
768	0	256	732	95	243
832	0	256	796	103	243
896	0	256	856	108	243
960	0	256	916	113	243
1023	0	256	975	120	243
0	64	256	32	77	245
64	64	256	66	77	245
128	64	256	128	77	245
192	64	256	189	80	245
256	64	256	250	80	244
320	64	256	312	82	244
384	64	256	375	87	243
448	64	256	436	89	243
512	64	256	494	93	243
576	64	256	553	99	245
640	64	256	616	103	244
704	64	256	673	106	244
768	64	256	732	111	243
832	64	256	796	116	243
896	64	256	856	122	243
960	64	256	916	128	243
1023	64	256	975	133	243
0	128	256	44	132	245
64	128	256	72	132	245
128	128	256	130	132	245
192	128	256	189	133	245
256	128	256	251	134	244
320	128	256	313	136	244
384	128	256	376	138	243
448	128	256	436	139	243
512	128	256	494	142	243
576	128	256	553	145	245
640	128	256	616	148	245
704	128	256	673	150	245
768	128	256	732	153	244
832	128	256	796	157	244
896	128	256	855	161	243
960	128	256	916	165	244
1023	128	256	975	169	243
0	192	256	57	193	246
64	192	256	82	193	246
128	192	256	133	193	246
192	192	256	193	193	246
256	192	256	253	194	245
320	192	256	314	195	245
384	192	256	376	196	245
448	192	256	436	198	245
512	192	256	494	199	245
576	192	256	553	201	245
640	192	256	616	203	245
704	192	256	672	206	245
768	192	256	731	208	245
832	192	256	796	210	245
896	192	256	855	213	245
960	192	256	915	215	245
1023	192	256	975	219	244
0	256	256	72	253	247
64	256	256	91	253	247
128	256	256	139	253	247
192	256	256	196	255	247
256	256	256	255	255	247
320	256	256	316	256	245
384	256	256	377	257	245
448	256	256	436	258	245
512	256	256	495	260	245
576	256	256	553	262	245
640	256	256	615	263	246
704	256	256	672	264	246
768	256	256	731	266	245
832	256	256	795	267	245
896	256	256	854	270	245
960	256	256	915	272	246
1023	256	256	975	274	245
0	320	256	87	316	248
64	320	256	103	316	248
128	320	256	147	316	248
192	320	256	200	317	248
256	320	256	258	317	248
320	320	256	317	318	247
384	320	256	379	319	247
448	320	256	438	320	247
512	320	256	496	321	247
576	320	256	554	323	247
640	320	256	615	323	247
704	320	256	672	325	247
768	320	256	730	327	247
832	320	256	795	328	247
896	320	256	854	329	246
960	320	256	915	331	246
1023	320	256	974	333	246
0	384	256	103	379	251
64	384	256	116	379	251
128	384	256	155	379	251
192	384	256	206	380	251
256	384	256	262	381	251
320	384	256	321	382	249
384	384	256	382	382	248
448	384	256	440	383	248
512	384	256	497	384	248
576	384	256	556	385	248
640	384	256	616	385	248
704	384	256	672	386	248
768	384	256	731	388	248
832	384	256	795	389	248
896	384	256	854	390	247
960	384	256	915	392	247
1023	384	256	974	393	247
0	448	256	119	439	253
64	448	256	130	439	253
128	448	256	165	440	252
192	448	256	213	441	252
256	448	256	267	442	252
320	448	256	326	443	251
384	448	256	385	443	251
448	448	256	443	444	250
512	448	256	500	444	250
576	448	256	558	445	250
640	448	256	618	446	250
704	448	256	674	447	250
768	448	256	732	447	250
832	448	256	796	448	250
896	448	256	855	449	250
960	448	256	915	450	250
1023	448	256	974	451	249
0	512	256	134	501	255
64	512	256	145	501	255
128	512	256	177	501	255
192	512	256	222	502	255
256	512	256	274	502	254
320	512	256	331	503	253
384	512	256	390	503	253
448	512	256	446	504	253
512	512	256	502	504	252
576	512	256	561	505	252
640	512	256	620	506	252
704	512	256	675	506	252
768	512	256	734	508	252
832	512	256	797	509	252
896	512	256	856	509	252
960	512	256	916	510	251
1023	512	256	975	511	251
0	576	256	150	563	257
64	576	256	160	563	257
128	576	256	189	563	257
192	576	256	232	563	257
256	576	256	281	564	257
320	576	256	336	565	256
384	576	256	394	565	255
448	576	256	449	565	255
512	576	256	505	566	255
576	576	256	563	567	255
640	576	256	622	567	255
704	576	256	678	568	255
768	576	256	736	569	255
832	576	256	799	569	255
896	576	256	857	570	255
960	576	256	917	571	254
1023	576	256	975	572	254
0	640	256	167	624	261
64	640	256	175	624	261
128	640	256	201	624	261
192	640	256	242	625	260
256	640	256	289	626	259
320	640	256	343	626	258
384	640	256	399	626	258
448	640	256	454	627	258
512	640	256	509	627	258
576	640	256	567	628	258
640	640	256	625	628	258
704	640	256	680	629	258
768	640	256	738	629	258
832	640	256	800	629	257
896	640	256	858	630	256
960	640	256	918	631	257
1023	640	256	977	632	256
0	704	256	183	684	264
64	704	256	191	684	264
128	704	256	215	685	264
192	704	256	252	685	263
256	704	256	298	686	262
320	704	256	350	686	262
384	704	256	406	687	261
448	704	256	459	687	261
512	704	256	514	688	261
576	704	256	571	688	261
640	704	256	628	688	261
704	704	256	683	689	261
768	704	256	740	689	260
832	704	256	803	690	261
896	704	256	861	690	259
960	704	256	920	691	259
1023	704	256	978	692	259
0	768	256	199	746	266
64	768	256	206	746	266
128	768	256	229	746	266
192	768	256	263	747	266
256	768	256	308	748	265
320	768	256	358	748	265
384	768	256	412	748	265
448	768	256	464	748	265
512	768	256	518	749	265
576	768	256	575	749	265
640	768	256	631	750	264
704	768	256	687	750	264
768	768	256	744	751	264
832	768	256	805	751	263
896	768	256	864	752	263
960	768	256	923	753	263
1023	768	256	982	755	264
0	832	256	216	809	271
64	832	256	222	809	271
128	832	256	242	810	271
192	832	256	275	810	271
256	832	256	318	811	269
320	832	256	367	811	269
384	832	256	419	811	269
448	832	256	470	812	269
512	832	256	523	812	269
576	832	256	581	812	268
640	832	256	635	813	268
704	832	256	690	813	268
768	832	256	748	814	267
832	832	256	809	814	267
896	832	256	867	815	267
960	832	256	927	816	267
1023	832	256	984	817	267
0	896	256	233	871	275
64	896	256	238	871	275
128	896	256	257	871	275
192	896	256	288	871	274
256	896	256	329	872	273
320	896	256	376	872	273
384	896	256	426	872	273
448	896	256	476	872	272
512	896	256	529	873	272
576	896	256	586	873	272
640	896	256	640	874	272
704	896	256	695	875	272
768	896	256	753	875	272
832	896	256	812	875	272
896	896	256	871	876	271
960	896	256	930	877	271
1023	896	256	986	877	271
0	960	256	249	932	279
64	960	256	254	932	279
128	960	256	272	932	279
192	960	256	301	932	277
256	960	256	340	932	277
320	960	256	386	932	277
384	960	256	434	932	277
448	960	256	483	932	276
512	960	256	535	932	276
576	960	256	591	933	276
640	960	256	645	934	276
704	960	256	700	935	276
768	960	256	757	935	276
832	960	256	816	936	276
896	960	256	874	936	276
960	960	256	932	936	276
1023	960	256	989	936	276
0	1023	256	266	991	284
64	1023	256	271	992	284
128	1023	256	287	992	284
192	1023	256	315	992	282
256	1023	256	353	992	282
320	1023	256	397	992	282
384	1023	256	443	992	282
448	1023	256	491	992	281
512	1023	256	542	993	281
576	1023	256	598	993	281
640	1023	256	650	994	281
704	1023	256	705	994	281
768	1023	256	762	993	281
832	1023	256	820	994	281
896	1023	256	877	995	281
960	1023	256	936	995	280
1023	1023	256	992	996	280
0	0	320	38	60	308
64	0	320	69	60	308
128	0	320	128	60	308
192	0	320	188	63	307
256	0	320	250	66	306
320	0	320	312	69	305
384	0	320	374	72	305
448	0	320	434	77	305
512	0	320	492	82	305
576	0	320	552	87	305
640	0	320	615	91	304
704	0	320	672	95	305
768	0	320	730	103	305
832	0	320	795	108	304
896	0	320	854	113	304
960	0	320	914	119	304
1023	0	320	973	125	304
0	64	320	38	85	308
64	64	320	69	85	308
128	64	320	128	85	308
192	64	320	189	87	307
256	64	320	250	87	306
320	64	320	312	91	305
384	64	320	375	93	305
448	64	320	435	97	305
512	64	320	492	99	305
576	64	320	552	103	305
640	64	320	614	108	305
704	64	320	672	113	305
768	64	320	730	116	305
832	64	320	794	122	304
896	64	320	854	126	304
960	64	320	914	132	304
1023	64	320	973	138	304
0	128	320	48	137	308
64	128	320	75	137	308
128	128	320	130	137	308
192	128	320	191	138	307
256	128	320	251	138	306
320	128	320	313	141	305
384	128	320	375	142	305
448	128	320	435	144	305
512	128	320	493	147	305
576	128	320	552	149	305
640	128	320	614	152	305
704	128	320	671	155	305
768	128	320	730	158	305
832	128	320	794	161	304
896	128	320	854	165	304
960	128	320	914	169	304
1023	128	320	973	173	304
0	192	320	60	196	309
64	192	320	82	196	309
128	192	320	136	196	308
192	192	320	193	198	308
256	192	320	252	198	307
320	192	320	314	198	306
384	192	320	376	200	306
448	192	320	435	202	306
512	192	320	493	203	305
576	192	320	552	206	305
640	192	320	614	207	306
704	192	320	671	209	306
768	192	320	729	212	305
832	192	320	794	213	305
896	192	320	853	216	305
960	192	320	913	219	305
1023	192	320	973	222	305
0	256	320	72	256	309
64	256	320	93	256	309
128	256	320	141	257	309
192	256	320	196	258	308
256	256	320	255	259	308
320	256	320	315	259	307
384	256	320	376	261	306
448	256	320	436	262	306
512	256	320	494	263	306
576	256	320	552	264	306
640	256	320	614	266	306
704	256	320	670	267	306
768	256	320	729	270	306
832	256	320	793	271	306
896	256	320	852	273	306
960	256	320	913	275	305
1023	256	320	973	277	306
0	320	320	87	318	310
64	320	320	104	318	310
128	320	320	148	319	310
192	320	320	201	319	309
256	320	320	258	321	308
320	320	320	317	322	307
384	320	320	379	322	308
448	320	320	437	323	307
512	320	320	495	324	307
576	320	320	553	326	307
640	320	320	614	327	307
704	320	320	670	328	307
768	320	320	729	329	307
832	320	320	793	331	307
896	320	320	852	332	306
960	320	320	912	334	306
1023	320	320	972	336	306
0	384	320	104	382	312
64	384	320	117	382	312
128	384	320	156	382	311
192	384	320	207	383	311
256	384	320	262	383	310
320	384	320	321	384	309
384	384	320	381	385	309
448	384	320	439	386	308
512	384	320	496	386	308
576	384	320	555	388	308
640	384	320	615	388	308
704	384	320	671	389	308
768	384	320	729	390	308
832	384	320	793	392	308
896	384	320	852	393	308
960	384	320	912	394	308
1023	384	320	972	396	307
0	448	320	119	442	313
64	448	320	130	442	313
128	448	320	167	443	313
192	448	320	213	444	312
256	448	320	267	444	311
320	448	320	325	445	311
384	448	320	385	446	310
448	448	320	442	446	310
512	448	320	498	447	310
576	448	320	557	447	310
640	448	320	617	449	310
704	448	320	672	449	309
768	448	320	730	450	309
832	448	320	794	451	309
896	448	320	853	452	309
960	448	320	913	453	308
1023	448	320	972	454	308
0	512	320	136	503	315
64	512	320	145	503	315
128	512	320	177	504	315
192	512	320	222	504	314
256	512	320	274	505	313
320	512	320	330	506	312
384	512	320	389	506	312
448	512	320	445	507	312
512	512	320	501	507	312
576	512	320	560	508	311
640	512	320	619	509	311
704	512	320	674	509	311
768	512	320	733	510	311
832	512	320	796	511	311
896	512	320	854	512	311
960	512	320	914	512	310
1023	512	320	973	514	310
0	576	320	151	565	317
64	576	320	160	565	317
128	576	320	189	565	317
192	576	320	232	566	316
256	576	320	281	567	315
320	576	320	336	567	314
384	576	320	393	567	314
448	576	320	449	568	314
512	576	320	505	568	314
576	576	320	562	569	313
640	576	320	621	569	313
704	576	320	676	570	313
768	576	320	735	572	313
832	576	320	797	572	313
896	576	320	856	573	312
960	576	320	915	573	312
1023	576	320	973	574	312
0	640	320	167	626	318
64	640	320	175	626	318
128	640	320	201	626	318
192	640	320	241	627	317
256	640	320	289	628	317
320	640	320	343	628	316
384	640	320	399	629	316
448	640	320	453	629	316
512	640	320	509	630	316
576	640	320	566	630	316
640	640	320	624	631	316
704	640	320	679	631	315
768	640	320	737	632	315
832	640	320	799	632	315
896	640	320	857	632	315
960	640	320	917	633	315
1023	640	320	975	635	314
0	704	320	184	686	321
64	704	320	191	686	321
128	704	320	215	687	321
192	704	320	252	687	320
256	704	320	298	688	319
320	704	320	350	689	319
384	704	320	406	689	319
448	704	320	458	690	318
512	704	320	513	690	318
576	704	320	570	690	318
640	704	320	627	690	317
704	704	320	682	691	317
768	704	320	739	691	317
832	704	320	802	692	317
896	704	320	860	693	317
960	704	320	919	693	317
1023	704	320	977	695	317
0	768	320	200	748	324
64	768	320	207	748	324
128	768	320	229	749	323
192	768	320	263	749	323
256	768	320	308	750	322
320	768	320	358	750	322
384	768	320	411	750	321
448	768	320	464	751	322
512	768	320	517	751	321
576	768	320	575	752	321
640	768	320	630	752	321
704	768	320	686	753	321
768	768	320	743	753	320
832	768	320	804	754	320
896	768	320	863	755	320
960	768	320	922	755	320
1023	768	320	980	757	320
0	832	320	216	811	327
64	832	320	222	811	327
128	832	320	243	812	327
192	832	320	275	812	326
256	832	320	318	813	325
320	832	320	367	813	325
384	832	320	419	814	324
448	832	320	469	814	324
512	832	320	523	814	324
576	832	320	580	814	324
640	832	320	635	815	324
704	832	320	690	816	324
768	832	320	748	816	324
832	832	320	808	817	323
896	832	320	866	817	323
960	832	320	925	818	323
1023	832	320	982	819	323
0	896	320	233	872	330
64	896	320	238	873	330
128	896	320	257	873	329
192	896	320	288	873	329
256	896	320	329	874	328
320	896	320	376	874	328
384	896	320	426	874	328
448	896	320	476	874	327
512	896	320	529	875	327
576	896	320	586	875	327
640	896	320	639	876	327
704	896	320	694	877	327
768	896	320	752	877	327
832	896	320	811	877	327
896	896	320	870	878	327
960	896	320	929	879	327
1023	896	320	985	879	327
0	960	320	250	933	333
64	960	320	255	933	333
128	960	320	272	934	333
192	960	320	301	934	332
256	960	320	340	934	332
320	960	320	386	934	331
384	960	320	434	934	331
448	960	320	483	934	331
512	960	320	535	935	331
576	960	320	591	935	331
640	960	320	644	936	331
704	960	320	699	937	331
768	960	320	757	937	330
832	960	320	816	937	331
896	960	320	873	938	330
960	960	320	932	938	330
1023	960	320	988	939	330
0	1023	320	266	993	337
64	1023	320	271	993	337
128	1023	320	287	994	337
192	1023	320	316	994	336
256	1023	320	353	994	336
320	1023	320	397	994	335
384	1023	320	443	994	335
448	1023	320	491	994	335
512	1023	320	542	995	335
576	1023	320	598	995	334
640	1023	320	650	995	334
704	1023	320	704	996	334
768	1023	320	761	995	334
832	1023	320	819	996	334
896	1023	320	877	997	334
960	1023	320	936	997	334
1023	1023	320	992	998	334
0	0	384	44	72	368
64	0	384	72	72	368
128	0	384	130	72	368
192	0	384	189	77	367
256	0	384	251	77	367
320	0	384	312	80	366
384	0	384	375	82	366
448	0	384	436	87	366
512	0	384	494	91	366
576	0	384	553	95	366
640	0	384	615	99	366
704	0	384	672	103	366
768	0	384	731	109	366
832	0	384	796	114	366
896	0	384	855	119	366
960	0	384	915	125	366
1023	0	384	974	130	366
0	64	384	48	93	368
64	64	384	75	93	368
128	64	384	130	93	368
192	64	384	190	95	368
256	64	384	251	99	367
320	64	384	313	99	367
384	64	384	376	101	366
448	64	384	436	106	366
512	64	384	494	106	366
576	64	384	553	111	366
640	64	384	615	116	366
704	64	384	672	119	366
768	64	384	731	122	366
832	64	384	796	128	366
896	64	384	855	133	366
960	64	384	915	138	366
1023	64	384	974	143	366
0	128	384	53	142	368
64	128	384	77	142	368
128	128	384	133	142	368
192	128	384	191	143	368
256	128	384	252	145	368
320	128	384	313	145	367
384	128	384	376	148	367
448	128	384	436	150	367
512	128	384	494	152	366
576	128	384	553	155	366
640	128	384	615	157	366
704	128	384	672	159	366
768	128	384	731	163	366
832	128	384	795	166	366
896	128	384	854	169	366
960	128	384	914	173	366
1023	128	384	974	178	366
0	192	384	63	199	370
64	192	384	87	199	370
128	192	384	136	199	369
192	192	384	193	201	369
256	192	384	253	201	368
320	192	384	314	202	367
384	192	384	376	204	367
448	192	384	436	206	367
512	192	384	494	207	367
576	192	384	553	209	367
640	192	384	615	210	367
704	192	384	671	212	367
768	192	384	730	215	366
832	192	384	794	217	366
896	192	384	854	219	366
960	192	384	914	223	366
1023	192	384	974	226	366
0	256	384	77	259	370
64	256	384	95	259	370
128	256	384	141	259	370
192	256	384	198	261	370
256	256	384	256	262	370
320	256	384	316	263	368
384	256	384	378	264	368
448	256	384	437	265	367
512	256	384	495	266	367
576	256	384	553	267	367
640	256	384	614	269	367
704	256	384	671	271	367
768	256	384	729	272	367
832	256	384	794	274	367
896	256	384	853	275	367
960	256	384	913	277	366
1023	256	384	973	280	367
0	320	384	91	321	370
64	320	384	108	321	370
128	320	384	148	322	370
192	320	384	202	322	370
256	320	384	259	323	369
320	320	384	318	324	368
384	320	384	379	325	368
448	320	384	438	326	368
512	320	384	495	327	368
576	320	384	554	327	368
640	320	384	615	329	368
704	320	384	671	331	368
768	320	384	729	332	367
832	320	384	793	333	366
896	320	384	852	334	366
960	320	384	913	336	367
1023	320	384	973	338	367
0	384	384	106	384	372
64	384	384	119	384	372
128	384	384	157	384	372
192	384	384	207	385	372
256	384	384	263	385	372
320	384	384	321	386	369
384	384	384	382	388	369
448	384	384	440	388	369
512	384	384	497	388	368
576	384	384	555	389	368
640	384	384	616	390	368
704	384	384	672	392	368
768	384	384	730	393	368
832	384	384	794	394	368
896	384	384	853	395	368
960	384	384	913	397	368
1023	384	384	972	398	368
0	448	384	122	444	373
64	448	384	133	444	373
128	448	384	167	445	373
192	448	384	215	446	372
256	448	384	269	446	372
320	448	384	326	447	370
384	448	384	385	448	370
448	448	384	443	448	370
512	448	384	499	449	370
576	448	384	557	450	370
640	448	384	617	450	370
704	448	384	673	451	370
768	448	384	731	452	370
832	448	384	795	453	369
896	448	384	853	454	369
960	448	384	913	455	369
1023	448	384	973	457	368
0	512	384	137	505	374
64	512	384	148	505	374
128	512	384	179	505	374
192	512	384	223	506	374
256	512	384	275	507	373
320	512	384	331	508	372
384	512	384	390	508	372
448	512	384	446	509	372
512	512	384	502	509	371
576	512	384	560	510	371
640	512	384	620	510	371
704	512	384	675	511	371
768	512	384	733	512	370
832	512	384	796	513	370
896	512	384	854	513	370
960	512	384	914	514	370
1023	512	384	973	515	370
0	576	384	152	567	376
64	576	384	161	567	376
128	576	384	191	567	376
192	576	384	232	568	376
256	576	384	282	568	375
320	576	384	337	569	374
384	576	384	395	570	373
448	576	384	450	570	373
512	576	384	505	570	373
576	576	384	563	571	373
640	576	384	622	572	373
704	576	384	678	573	373
768	576	384	735	573	372
832	576	384	798	573	372
896	576	384	856	574	372
960	576	384	916	575	372
1023	576	384	974	576	371
0	640	384	168	628	378
64	640	384	177	628	378
128	640	384	202	628	378
192	640	384	242	629	378
256	640	384	289	630	377
320	640	384	343	630	376
384	640	384	400	630	375
448	640	384	454	631	375
512	640	384	509	632	375
576	640	384	567	632	375
640	640	384	624	632	374
704	640	384	680	633	375
768	640	384	737	633	374
832	640	384	800	634	373
896	640	384	858	635	373
960	640	384	917	635	373
1023	640	384	976	637	373
0	704	384	186	689	381
64	704	384	193	689	381
128	704	384	216	689	381
192	704	384	253	690	380
256	704	384	299	690	378
320	704	384	351	691	378
384	704	384	406	691	377
448	704	384	459	691	377
512	704	384	514	692	377
576	704	384	571	692	376
640	704	384	627	692	376
704	704	384	682	692	376
768	704	384	740	693	376
832	704	384	802	694	376
896	704	384	861	695	376
960	704	384	920	695	376
1023	704	384	978	696	376
0	768	384	201	750	381
64	768	384	207	750	381
128	768	384	230	750	381
192	768	384	264	751	381
256	768	384	308	751	379
320	768	384	359	752	379
384	768	384	412	752	379
448	768	384	464	752	379
512	768	384	518	753	379
576	768	384	575	753	379
640	768	384	631	754	379
704	768	384	687	755	379
768	768	384	744	755	378
832	768	384	805	755	378
896	768	384	863	756	378
960	768	384	923	757	378
1023	768	384	981	758	378
0	832	384	218	813	385
64	832	384	223	813	385
128	832	384	243	813	385
192	832	384	276	814	385
256	832	384	318	814	382
320	832	384	368	814	382
384	832	384	419	815	382
448	832	384	471	815	382
512	832	384	524	815	382
576	832	384	580	816	382
640	832	384	635	817	381
704	832	384	691	817	381
768	832	384	748	817	380
832	832	384	809	818	381
896	832	384	867	819	381
960	832	384	926	819	380
1023	832	384	983	820	381
0	896	384	234	874	388
64	896	384	240	874	388
128	896	384	258	874	388
192	896	384	289	875	388
256	896	384	330	875	385
320	896	384	377	876	385
384	896	384	427	876	385
448	896	384	477	876	385
512	896	384	530	876	384
576	896	384	586	877	384
640	896	384	640	877	384
704	896	384	695	878	384
768	896	384	753	878	384
832	896	384	812	879	384
896	896	384	870	879	384
960	896	384	929	880	384
1023	896	384	985	880	383
0	960	384	250	935	390
64	960	384	256	935	390
128	960	384	273	935	390
192	960	384	302	935	388
256	960	384	341	936	388
320	960	384	387	936	388
384	960	384	434	936	388
448	960	384	484	936	388
512	960	384	536	936	388
576	960	384	592	937	387
640	960	384	645	937	387
704	960	384	699	938	387
768	960	384	757	938	387
832	960	384	815	938	386
896	960	384	873	939	386
960	960	384	932	939	386
1023	960	384	989	941	386
0	1023	384	267	995	394
64	1023	384	272	995	394
128	1023	384	288	995	393
192	1023	384	317	995	392
256	1023	384	353	995	392
320	1023	384	398	995	392
384	1023	384	443	996	391
448	1023	384	492	996	391
512	1023	384	543	996	391
576	1023	384	599	997	390
640	1023	384	650	996	390
704	1023	384	704	997	390
768	1023	384	762	997	390
832	1023	384	820	998	389
896	1023	384	878	998	389
960	1023	384	936	999	389
1023	1023	384	992	999	389
0	0	448	53	87	430
64	0	448	77	87	430
128	0	448	133	87	429
192	0	448	191	87	429
256	0	448	252	91	428
320	0	448	314	91	427
384	0	448	376	95	427
448	0	448	436	99	427
512	0	448	494	101	426
576	0	448	553	106	426
640	0	448	616	109	426
704	0	448	672	113	426
768	0	448	732	117	426
832	0	448	796	122	425
896	0	448	856	128	425
960	0	448	916	133	425
1023	0	448	975	138	425
0	64	448	53	103	430
64	64	448	82	103	430
128	64	448	133	103	430
192	64	448	192	106	429
256	64	448	252	106	428
320	64	448	314	108	427
384	64	448	376	111	427
448	64	448	436	113	427
512	64	448	495	116	427
576	64	448	553	119	426
640	64	448	616	122	426
704	64	448	672	126	426
768	64	448	732	130	426
832	64	448	796	136	425
896	64	448	856	138	425
960	64	448	915	143	425
1023	64	448	975	150	425
0	128	448	60	148	430
64	128	448	85	148	430
128	128	448	136	148	430
192	128	448	193	150	429
256	128	448	253	150	428
320	128	448	314	152	427
384	128	448	377	153	427
448	128	448	437	156	427
512	128	448	495	157	427
576	128	448	553	160	426
640	128	448	616	162	426
704	128	448	672	164	426
768	128	448	731	167	426
832	128	448	796	171	426
896	128	448	855	175	425
960	128	448	915	179	425
1023	128	448	975	182	425
0	192	448	69	204	431
64	192	448	91	204	431
128	192	448	139	204	430
192	192	448	195	205	430
256	192	448	255	206	429
320	192	448	315	207	427
384	192	448	378	208	427
448	192	448	437	210	427
512	192	448	495	211	427
576	192	448	554	213	427
640	192	448	615	215	427
704	192	448	672	216	427
768	192	448	731	219	427
832	192	448	795	222	426
896	192	448	854	223	426
960	192	448	915	226	426
1023	192	448	974	230	426
0	256	448	82	263	431
64	256	448	99	263	431
128	256	448	143	263	431
192	256	448	199	264	431
256	256	448	257	265	429
320	256	448	317	266	428
384	256	448	379	267	428
448	256	448	438	269	428
512	256	448	495	270	427
576	256	448	554	271	427
640	256	448	615	272	427
704	256	448	671	274	427
768	256	448	730	275	427
832	256	448	794	277	427
896	256	448	853	279	426
960	256	448	914	281	427
1023	256	448	973	284	426
0	320	448	95	324	431
64	320	448	109	324	431
128	320	448	150	324	431
192	320	448	203	325	430
256	320	448	260	326	429
320	320	448	319	327	428
384	320	448	381	328	428
448	320	448	439	329	427
512	320	448	496	330	427
576	320	448	555	331	427
640	320	448	616	332	427
704	320	448	672	334	427
768	320	448	730	334	427
832	320	448	794	336	426
896	320	448	853	337	426
960	320	448	914	340	426
1023	320	448	973	341	426
0	384	448	109	386	432
64	384	448	122	386	432
128	384	448	159	387	432
192	384	448	209	387	431
256	384	448	264	388	431
320	384	448	322	389	429
384	384	448	383	390	429
448	384	448	441	390	428
512	384	448	497	390	428
576	384	448	556	392	428
640	384	448	617	393	428
704	384	448	673	394	428
768	384	448	731	395	427
832	384	448	794	396	427
896	384	448	853	398	427
960	384	448	914	399	427
1023	384	448	973	400	427
0	448	448	125	447	432
64	448	448	136	447	432
128	448	448	169	447	432
192	448	448	216	447	432
256	448	448	269	448	431
320	448	448	327	449	430
384	448	448	386	450	429
448	448	448	443	451	429
512	448	448	500	451	429
576	448	448	558	452	429
640	448	448	618	452	429
704	448	448	674	453	429
768	448	448	732	454	428
832	448	448	795	455	428
896	448	448	853	456	428
960	448	448	914	457	428
1023	448	448	973	459	428
0	512	448	139	507	434
64	512	448	150	507	434
128	512	448	180	508	433
192	512	448	225	508	433
256	512	448	276	509	432
320	512	448	332	510	431
384	512	448	391	510	431
448	512	448	447	511	431
512	512	448	503	511	430
576	512	448	561	512	430
640	512	448	620	513	430
704	512	448	676	513	430
768	512	448	734	514	429
832	512	448	796	514	429
896	512	448	854	515	429
960	512	448	915	516	429
1023	512	448	974	517	429
0	576	448	155	569	435
64	576	448	163	569	435
128	576	448	192	569	434
192	576	448	234	570	434
256	576	448	282	571	433
320	576	448	338	571	432
384	576	448	395	572	432
448	576	448	451	572	431
512	576	448	506	573	431
576	576	448	564	573	431
640	576	448	623	574	431
704	576	448	678	575	431
768	576	448	735	574	430
832	576	448	798	575	430
896	576	448	857	576	430
960	576	448	916	578	430
1023	576	448	975	578	430
0	640	448	169	630	437
64	640	448	179	630	436
128	640	448	204	630	436
192	640	448	243	631	436
256	640	448	290	632	434
320	640	448	344	632	433
384	640	448	400	633	433
448	640	448	455	633	433
512	640	448	510	633	433
576	640	448	567	634	432
640	640	448	625	634	432
704	640	448	680	635	432
768	640	448	737	635	432
832	640	448	800	636	431
896	640	448	859	637	431
960	640	448	918	637	431
1023	640	448	976	639	431
0	704	448	188	691	439
64	704	448	194	691	439
128	704	448	218	691	438
192	704	448	255	692	438
256	704	448	300	692	436
320	704	448	352	692	436
384	704	448	407	693	435
448	704	448	460	693	435
512	704	448	514	693	434
576	704	448	571	693	434
640	704	448	628	694	434
704	704	448	683	694	434
768	704	448	741	695	434
832	704	448	803	696	433
896	704	448	861	696	433
960	704	448	921	697	433
1023	704	448	978	698	433
0	768	448	202	751	439
64	768	448	209	752	439
128	768	448	230	752	439
192	768	448	265	752	438
256	768	448	309	753	437
320	768	448	359	753	437
384	768	448	412	753	437
448	768	448	465	754	436
512	768	448	519	755	436
576	768	448	576	755	436
640	768	448	632	756	436
704	768	448	687	757	436
768	768	448	745	757	436
832	768	448	806	757	436
896	768	448	864	758	436
960	768	448	923	759	435
1023	768	448	981	760	436
0	832	448	219	814	442
64	832	448	225	814	442
128	832	448	245	815	442
192	832	448	276	815	441
256	832	448	319	816	439
320	832	448	368	816	439
384	832	448	420	817	439
448	832	448	471	817	439
512	832	448	524	817	438
576	832	448	581	818	438
640	832	448	636	818	438
704	832	448	691	819	438
768	832	448	748	819	438
832	832	448	809	820	438
896	832	448	868	821	438
960	832	448	926	821	438
1023	832	448	983	822	438
0	896	448	235	876	444
64	896	448	241	876	444
128	896	448	259	876	444
192	896	448	290	877	443
256	896	448	331	877	442
320	896	448	378	877	442
384	896	448	427	877	441
448	896	448	478	878	441
512	896	448	530	878	441
576	896	448	587	879	441
640	896	448	641	879	441
704	896	448	696	880	441
768	896	448	754	881	440
832	896	448	813	880	440
896	896	448	871	881	440
960	896	448	929	882	439
1023	896	448	986	882	439
0	960	448	251	936	446
64	960	448	256	936	446
128	960	448	274	937	446
192	960	448	303	937	444
256	960	448	342	937	444
320	960	448	388	937	444
384	960	448	436	938	444
448	960	448	485	938	444
512	960	448	537	938	443
576	960	448	593	939	443
640	960	448	646	939	443
704	960	448	700	940	443
768	960	448	758	940	443
832	960	448	816	939	442
896	960	448	874	940	442
960	960	448	933	941	442
1023	960	448	990	942	442
0	1023	448	267	996	449
64	1023	448	272	996	449
128	1023	448	288	996	449
192	1023	448	317	997	447
256	1023	448	354	997	447
320	1023	448	398	997	447
384	1023	448	444	997	447
448	1023	448	492	997	446
512	1023	448	543	998	446
576	1023	448	599	998	446
640	1023	448	650	998	446
704	1023	448	705	998	445
768	1023	448	762	998	445
832	1023	448	820	999	445
896	1023	448	878	1000	445
960	1023	448	937	1000	445
1023	1023	448	993	1001	444
0	0	512	60	99	490
64	0	512	85	99	490
128	0	512	136	99	489
192	0	512	193	99	488
256	0	512	253	99	487
320	0	512	315	103	485
384	0	512	377	106	485
448	0	512	437	109	485
512	0	512	495	113	485
576	0	512	554	116	485
640	0	512	616	119	485
704	0	512	673	122	485
768	0	512	732	128	484
832	0	512	797	132	484
896	0	512	856	136	484
960	0	512	917	141	484
1023	0	512	975	145	483
0	64	512	60	113	490
64	64	512	87	113	490
128	64	512	136	113	489
192	64	512	193	116	488
256	64	512	253	116	487
320	64	512	315	119	485
384	64	512	377	119	485
448	64	512	437	123	485
512	64	512	495	125	485
576	64	512	554	128	485
640	64	512	616	132	485
704	64	512	673	134	485
768	64	512	732	138	484
832	64	512	797	143	484
896	64	512	856	148	484
960	64	512	916	152	484
1023	64	512	975	157	483
0	128	512	66	155	490
64	128	512	89	155	490
128	128	512	138	155	489
192	128	512	194	157	488
256	128	512	255	157	487
320	128	512	316	159	486
384	128	512	378	160	486
448	128	512	438	163	485
512	128	512	495	164	485
576	128	512	554	166	485
640	128	512	617	169	485
704	128	512	673	171	485
768	128	512	732	175	484
832	128	512	796	178	484
896	128	512	856	181	484
960	128	512	916	184	484
1023	128	512	975	188	484
0	192	512	75	209	490
64	192	512	95	209	490
128	192	512	141	209	489
192	192	512	197	210	489
256	192	512	256	210	487
320	192	512	317	212	486
384	192	512	379	213	486
448	192	512	438	215	486
512	192	512	496	216	486
576	192	512	555	218	485
640	192	512	616	220	485
704	192	512	672	222	485
768	192	512	731	224	485
832	192	512	796	226	484
896	192	512	855	229	484
960	192	512	915	231	484
1023	192	512	974	234	484
0	256	512	87	266	490
64	256	512	103	267	490
128	256	512	145	267	490
192	256	512	201	267	489
256	256	512	258	269	488
320	256	512	317	270	486
384	256	512	379	271	486
448	256	512	439	272	486
512	256	512	496	274	486
576	256	512	555	275	486
640	256	512	616	276	485
704	256	512	672	277	485
768	256	512	730	279	485
832	256	512	795	281	485
896	256	512	854	283	485
960	256	512	914	285	485
1023	256	512	973	287	484
0	320	512	99	327	491
64	320	512	113	327	490
128	320	512	152	327	490
192	320	512	204	328	489
256	320	512	261	329	488
320	320	512	320	330	486
384	320	512	381	331	486
448	320	512	440	332	486
512	320	512	497	333	485
576	320	512	556	334	485
640	320	512	617	335	486
704	320	512	672	337	485
768	320	512	730	338	485
832	320	512	795	339	485
896	320	512	854	340	485
960	320	512	914	342	484
1023	320	512	973	344	485
0	384	512	113	389	491
64	384	512	125	389	491
128	384	512	161	389	491
192	384	512	210	390	490
256	384	512	265	391	488
320	384	512	323	392	487
384	384	512	384	393	487
448	384	512	441	393	486
512	384	512	498	394	486
576	384	512	557	395	486
640	384	512	618	396	486
704	384	512	673	398	486
768	384	512	732	398	486
832	384	512	795	400	486
896	384	512	854	400	485
960	384	512	914	401	485
1023	384	512	973	403	485
0	448	512	128	449	491
64	448	512	138	449	491
128	448	512	171	449	491
192	448	512	218	450	490
256	448	512	271	451	489
320	448	512	327	452	488
384	448	512	388	452	488
448	448	512	444	453	488
512	448	512	501	454	488
576	448	512	559	454	487
640	448	512	619	455	487
704	448	512	675	456	487
768	448	512	732	457	486
832	448	512	796	457	486
896	448	512	854	458	486
960	448	512	914	460	486
1023	448	512	974	461	486
0	512	512	142	509	492
64	512	512	152	510	492
128	512	512	182	510	492
192	512	512	226	511	491
256	512	512	277	512	490
320	512	512	333	512	489
384	512	512	392	512	489
448	512	512	447	513	489
512	512	512	504	513	488
576	512	512	562	514	488
640	512	512	621	515	488
704	512	512	677	516	488
768	512	512	734	516	487
832	512	512	797	516	487
896	512	512	856	517	487
960	512	512	916	519	487
1023	512	512	974	520	487
0	576	512	157	571	494
64	576	512	165	571	494
128	576	512	193	571	493
192	576	512	235	572	492
256	576	512	284	573	491
320	576	512	339	573	490
384	576	512	396	574	490
448	576	512	451	574	490
512	576	512	507	574	489
576	576	512	565	575	489
640	576	512	623	576	489
704	576	512	678	576	488
768	576	512	736	577	488
832	576	512	799	578	488
896	576	512	858	579	488
960	576	512	917	580	488
1023	576	512	975	581	488
0	640	512	172	632	495
64	640	512	180	632	495
128	640	512	206	632	494
192	640	512	244	633	493
256	640	512	291	634	492
320	640	512	345	634	491
384	640	512	402	635	491
448	640	512	456	635	491
512	640	512	511	635	490
576	640	512	568	635	490
640	640	512	626	636	490
704	640	512	681	637	490
768	640	512	738	637	489
832	640	512	801	638	489
896	640	512	860	638	489
960	640	512	919	639	489
1023	640	512	977	640	489
0	704	512	188	693	496
64	704	512	196	693	496
128	704	512	219	693	496
192	704	512	256	694	495
256	704	512	300	694	493
320	704	512	353	694	493
384	704	512	407	694	492
448	704	512	460	695	492
512	704	512	515	695	492
576	704	512	572	695	492
640	704	512	629	697	491
704	704	512	685	697	491
768	704	512	742	698	491
832	704	512	804	698	491
896	704	512	861	698	490
960	704	512	921	699	491
1023	704	512	979	700	491
0	768	512	204	754	497
64	768	512	210	754	497
128	768	512	232	754	496
192	768	512	266	755	495
256	768	512	310	755	494
320	768	512	360	755	494
384	768	512	413	755	494
448	768	512	466	756	494
512	768	512	519	756	494
576	768	512	577	757	494
640	768	512	633	758	494
704	768	512	688	758	493
768	768	512	746	759	493
832	768	512	807	760	493
896	768	512	865	760	493
960	768	512	924	761	493
1023	768	512	982	762	492
0	832	512	221	816	499
64	832	512	226	816	499
128	832	512	246	817	498
192	832	512	277	817	498
256	832	512	320	818	497
320	832	512	370	818	496
384	832	512	421	819	496
448	832	512	472	819	496
512	832	512	525	819	495
576	832	512	582	819	495
640	832	512	637	820	495
704	832	512	692	821	495
768	832	512	749	821	495
832	832	512	810	822	495
896	832	512	868	822	495
960	832	512	927	822	494
1023	832	512	984	823	494
0	896	512	236	878	501
64	896	512	242	878	501
128	896	512	261	878	500
192	896	512	291	879	499
256	896	512	331	879	498
320	896	512	379	879	498
384	896	512	428	879	498
448	896	512	479	880	498
512	896	512	531	880	498
576	896	512	588	881	498
640	896	512	642	882	498
704	896	512	697	882	497
768	896	512	755	883	497
832	896	512	813	882	497
896	896	512	871	883	496
960	896	512	930	883	496
1023	896	512	987	884	496
0	960	512	252	938	503
64	960	512	258	938	503
128	960	512	275	939	502
192	960	512	304	939	501
256	960	512	343	939	501
320	960	512	389	939	501
384	960	512	436	939	501
448	960	512	486	940	500
512	960	512	538	940	500
576	960	512	594	941	500
640	960	512	646	941	500
704	960	512	701	942	500
768	960	512	758	941	499
832	960	512	817	942	499
896	960	512	874	942	498
960	960	512	933	943	498
1023	960	512	990	944	498
0	1023	512	269	998	505
64	1023	512	273	998	505
128	1023	512	289	998	504
192	1023	512	317	998	503
256	1023	512	355	998	503
320	1023	512	399	999	503
384	1023	512	445	999	503
448	1023	512	493	999	503
512	1023	512	544	999	502
576	1023	512	600	999	502
640	1023	512	651	999	501
704	1023	512	705	1000	501
768	1023	512	764	1001	501
832	1023	512	821	1001	501
896	1023	512	879	1001	501
960	1023	512	938	1002	501
1023	1023	512	994	1003	501
0	0	576	66	109	547
64	0	576	89	109	547
128	0	576	138	109	547
192	0	576	196	113	547
256	0	576	255	113	547
320	0	576	316	116	546
384	0	576	378	117	546
448	0	576	438	119	545
512	0	576	496	122	545
576	0	576	555	125	545
640	0	576	617	130	545
704	0	576	674	133	544
768	0	576	733	137	544
832	0	576	798	141	545
896	0	576	857	145	545
960	0	576	918	149	545
1023	0	576	976	155	544
0	64	576	66	125	547
64	64	576	91	125	547
128	64	576	138	125	547
192	64	576	195	126	547
256	64	576	255	128	547
320	64	576	316	129	546
384	64	576	378	130	546
448	64	576	438	133	545
512	64	576	496	136	545
576	64	576	555	138	545
640	64	576	617	141	545
704	64	576	674	143	544
768	64	576	733	148	544
832	64	576	798	151	545
896	64	576	857	156	545
960	64	576	918	159	545
1023	64	576	976	163	544
0	128	576	72	163	548
64	128	576	93	163	548
128	128	576	141	163	548
192	128	576	197	164	548
256	128	576	256	165	548
320	128	576	317	167	546
384	128	576	379	168	546
448	128	576	439	169	546
512	128	576	497	171	545
576	128	576	555	173	545
640	128	576	617	177	545
704	128	576	673	179	545
768	128	576	732	182	545
832	128	576	798	185	545
896	128	576	857	188	545
960	128	576	917	191	545
1023	128	576	976	194	544
0	192	576	82	215	550
64	192	576	99	215	550
128	192	576	143	215	550
192	192	576	199	216	550
256	192	576	257	216	550
320	192	576	317	218	547
384	192	576	379	219	547
448	192	576	439	221	546
512	192	576	497	222	546
576	192	576	555	223	545
640	192	576	617	225	545
704	192	576	673	228	545
768	192	576	732	230	545
832	192	576	797	232	545
896	192	576	856	234	545
960	192	576	917	237	545
1023	192	576	975	240	545
0	256	576	91	271	552
64	256	576	108	271	552
128	256	576	149	272	552
192	256	576	202	272	552
256	256	576	259	273	552
320	256	576	319	274	547
384	256	576	381	275	547
448	256	576	440	276	546
512	256	576	497	277	546
576	256	576	556	279	546
640	256	576	617	281	546
704	256	576	673	282	546
768	256	576	732	284	545
832	256	576	796	286	545
896	256	576	856	288	545
960	256	576	916	290	545
1023	256	576	975	291	545
0	320	576	103	331	547
64	320	576	119	331	547
128	320	576	156	331	547
192	320	576	207	332	547
256	320	576	262	333	547
320	320	576	321	334	546
384	320	576	382	334	546
448	320	576	441	336	545
512	320	576	498	337	545
576	320	576	557	337	545
640	320	576	618	339	545
704	320	576	673	340	545
768	320	576	732	342	545
832	320	576	796	343	544
896	320	576	855	344	544
960	320	576	915	346	544
1023	320	576	975	348	544
0	384	576	116	393	551
64	384	576	129	393	551
128	384	576	163	393	551
192	384	576	212	393	551
256	384	576	266	395	551
320	384	576	325	395	546
384	384	576	385	396	546
448	384	576	443	397	546
512	384	576	500	398	546
576	384	576	558	398	545
640	384	576	618	399	546
704	384	576	674	400	545
768	384	576	732	402	545
832	384	576	796	402	545
896	384	576	854	403	545
960	384	576	915	405	544
1023	384	576	975	407	544
0	448	576	130	453	551
64	448	576	141	453	550
128	448	576	173	453	550
192	448	576	220	454	550
256	448	576	272	454	549
320	448	576	329	455	547
384	448	576	389	456	547
448	448	576	446	456	546
512	448	576	502	457	546
576	448	576	561	457	545
640	448	576	620	458	545
704	448	576	676	459	546
768	448	576	733	460	545
832	448	576	797	461	545
896	448	576	856	462	545
960	448	576	916	462	544
1023	448	576	975	464	544
0	512	576	145	512	552
64	512	576	155	513	552
128	512	576	184	513	551
192	512	576	228	513	550
256	512	576	278	514	549
320	512	576	334	515	548
384	512	576	393	515	548
448	512	576	449	516	547
512	512	576	505	516	547
576	512	576	563	517	547
640	512	576	622	517	546
704	512	576	678	518	546
768	512	576	736	519	546
832	512	576	798	519	545
896	512	576	857	520	545
960	512	576	917	521	545
1023	512	576	975	523	545
0	576	576	159	574	553
64	576	576	168	574	553
128	576	576	196	574	552
192	576	576	237	575	551
256	576	576	285	576	550
320	576	576	340	576	549
384	576	576	398	577	549
448	576	576	452	577	548
512	576	576	509	578	548
576	576	576	566	578	548
640	576	576	624	578	547
704	576	576	679	579	547
768	576	576	738	580	547
832	576	576	800	580	546
896	576	576	858	581	546
960	576	576	918	582	547
1023	576	576	977	583	547
0	640	576	175	635	554
64	640	576	182	635	554
128	640	576	207	635	553
192	640	576	246	636	552
256	640	576	293	637	551
320	640	576	346	637	550
384	640	576	403	637	550
448	640	576	457	637	549
512	640	576	512	638	549
576	640	576	570	638	549
640	640	576	627	639	549
704	640	576	683	639	548
768	640	576	740	640	548
832	640	576	802	640	548
896	640	576	861	641	548
960	640	576	920	642	548
1023	640	576	978	643	548
0	704	576	190	695	554
64	704	576	198	695	554
128	704	576	221	695	554
192	704	576	256	695	553
256	704	576	302	696	552
320	704	576	353	697	551
384	704	576	408	697	551
448	704	576	462	697	551
512	704	576	516	698	551
576	704	576	574	699	550
640	704	576	630	699	550
704	704	576	686	700	550
768	704	576	743	700	550
832	704	576	805	700	549
896	704	576	863	701	549
960	704	576	922	701	549
1023	704	576	980	702	549
0	768	576	206	756	555
64	768	576	212	756	555
128	768	576	234	756	555
192	768	576	267	757	554
256	768	576	311	758	553
320	768	576	362	758	553
384	768	576	415	759	553
448	768	576	467	759	553
512	768	576	521	759	552
576	768	576	578	760	551
640	768	576	634	760	551
704	768	576	689	761	551
768	768	576	747	762	551
832	768	576	808	762	551
896	768	576	866	762	551
960	768	576	925	763	551
1023	768	576	982	764	550
0	832	576	222	818	557
64	832	576	228	818	557
128	832	576	247	819	556
192	832	576	280	819	555
256	832	576	322	820	554
320	832	576	370	821	554
384	832	576	422	821	554
448	832	576	473	821	554
512	832	576	526	822	553
576	832	576	583	822	553
640	832	576	638	822	553
704	832	576	693	823	553
768	832	576	751	824	553
832	832	576	811	824	552
896	832	576	868	823	552
960	832	576	928	824	552
1023	832	576	985	826	552
0	896	576	238	880	559
64	896	576	243	880	558
128	896	576	262	880	558
192	896	576	291	881	557
256	896	576	332	881	556
320	896	576	380	881	556
384	896	576	429	881	556
448	896	576	480	882	556
512	896	576	532	882	555
576	896	576	589	883	555
640	896	576	643	884	555
704	896	576	698	884	555
768	896	576	755	884	554
832	896	576	814	884	554
896	896	576	872	885	554
960	896	576	931	886	554
1023	896	576	988	886	554
0	960	576	253	940	560
64	960	576	259	940	560
128	960	576	276	941	560
192	960	576	305	941	559
256	960	576	344	941	559
320	960	576	390	941	559
384	960	576	437	942	558
448	960	576	487	942	558
512	960	576	538	942	557
576	960	576	595	942	557
640	960	576	647	942	556
704	960	576	702	943	557
768	960	576	759	943	556
832	960	576	818	944	556
896	960	576	876	945	556
960	960	576	935	945	556
1023	960	576	992	946	556
0	1023	576	270	1000	562
64	1023	576	274	1000	562
128	1023	576	290	1000	561
192	1023	576	318	1000	561
256	1023	576	356	1001	561
320	1023	576	400	1001	561
384	1023	576	446	1001	561
448	1023	576	494	1001	560
512	1023	576	545	1001	559
576	1023	576	601	1001	559
640	1023	576	652	1001	559
704	1023	576	706	1001	558
768	1023	576	765	1003	559
832	1023	576	822	1003	558
896	1023	576	880	1004	558
960	1023	576	939	1005	558
1023	1023	576	996	1006	559
0	0	640	77	123	610
64	0	640	95	123	610
128	0	640	142	125	610
192	0	640	198	125	609
256	0	640	257	126	608
320	0	640	317	128	607
384	0	640	380	130	607
448	0	640	439	130	606
512	0	640	497	134	606
576	0	640	557	137	605
640	0	640	618	141	605
704	0	640	675	143	605
768	0	640	734	148	605
832	0	640	799	150	605
896	0	640	858	155	605
960	0	640	918	159	606
1023	0	640	978	163	606
0	64	640	77	136	610
64	64	640	95	136	610
128	64	640	142	136	610
192	64	640	198	137	609
256	64	640	257	138	608
320	64	640	317	141	607
384	64	640	380	142	607
448	64	640	439	143	606
512	64	640	498	145	606
576	64	640	557	149	605
640	64	640	618	151	605
704	64	640	675	155	605
768	64	640	734	157	605
832	64	640	799	161	605
896	64	640	858	164	605
960	64	640	918	169	604
1023	64	640	978	172	606
0	128	640	82	171	611
64	128	640	99	171	611
128	128	640	144	172	610
192	128	640	199	172	610
256	128	640	258	174	609
320	128	640	318	175	607
384	128	640	380	177	607
448	128	640	440	179	606
512	128	640	498	180	606
576	128	640	557	182	606
640	128	640	618	184	605
704	128	640	674	187	605
768	128	640	734	189	605
832	128	640	798	193	605
896	128	640	858	194	605
960	128	640	918	198	605
1023	128	640	977	202	604
0	192	640	89	221	611
64	192	640	104	222	611
128	192	640	148	222	611
192	192	640	201	222	610
256	192	640	259	223	610
320	192	640	319	225	607
384	192	640	381	226	607
448	192	640	440	227	606
512	192	640	498	228	606
576	192	640	557	230	606
640	192	640	618	232	605
704	192	640	674	234	605
768	192	640	734	236	605
832	192	640	798	238	605
896	192	640	857	240	605
960	192	640	917	243	605
1023	192	640	977	245	605
0	256	640	97	276	613
64	256	640	113	276	612
128	256	640	152	277	612
192	256	640	205	277	611
256	256	640	261	279	611
320	256	640	321	280	607
384	256	640	382	281	607
448	256	640	441	282	607
512	256	640	498	283	606
576	256	640	557	285	606
640	256	640	618	285	606
704	256	640	674	287	606
768	256	640	733	289	606
832	256	640	797	290	606
896	256	640	855	292	605
960	256	640	916	294	605
1023	256	640	976	297	605
0	320	640	109	335	610
64	320	640	122	336	610
128	320	640	159	336	610
192	320	640	209	337	609
256	320	640	264	338	609
320	320	640	323	339	607
384	320	640	384	340	606
448	320	640	443	340	606
512	320	640	500	341	606
576	320	640	558	342	606
640	320	640	619	343	606
704	320	640	675	345	605
768	320	640	733	346	605
832	320	640	797	347	605
896	320	640	855	348	604
960	320	640	916	350	604
1023	320	640	975	352	604
0	384	640	122	396	611
64	384	640	133	397	611
128	384	640	167	397	611
192	384	640	215	398	610
256	384	640	269	398	609
320	384	640	327	399	607
384	384	640	387	400	607
448	384	640	444	400	607
512	384	640	501	401	606
576	384	640	560	402	606
640	384	640	620	403	606
704	384	640	676	404	606
768	384	640	733	405	605
832	384	640	797	406	604
896	384	640	855	407	605
960	384	640	915	408	604
1023	384	640	975	410	605
0	448	640	134	455	612
64	448	640	144	455	611
128	448	640	177	456	611
192	448	640	222	457	610
256	448	640	274	458	609
320	448	640	331	458	608
384	448	640	390	458	607
448	448	640	446	459	607
512	448	640	503	460	607
576	448	640	561	460	606
640	448	640	621	461	606
704	448	640	677	462	606
768	448	640	735	463	606
832	448	640	797	463	605
896	448	640	856	465	605
960	448	640	916	465	605
1023	448	640	975	467	606
0	512	640	148	515	612
64	512	640	157	515	612
128	512	640	187	515	612
192	512	640	230	516	611
256	512	640	280	517	609
320	512	640	335	517	609
384	512	640	394	518	608
448	512	640	450	518	608
512	512	640	506	519	607
576	512	640	564	519	607
640	512	640	622	520	606
704	512	640	678	520	606
768	512	640	736	521	606
832	512	640	799	522	606
896	512	640	858	523	606
960	512	640	917	524	606
1023	512	640	976	526	606
0	576	640	162	576	613
64	576	640	170	576	613
128	576	640	198	577	612
192	576	640	238	577	611
256	576	640	286	578	610
320	576	640	341	579	609
384	576	640	399	579	609
448	576	640	453	580	609
512	576	640	509	580	608
576	576	640	567	580	607
640	576	640	625	581	607
704	576	640	681	582	607
768	576	640	738	582	607
832	576	640	801	583	607
896	576	640	860	584	607
960	576	640	919	584	606
1023	576	640	977	586	607
0	640	640	177	637	614
64	640	640	185	637	614
128	640	640	209	637	613
192	640	640	247	638	612
256	640	640	294	639	611
320	640	640	347	639	610
384	640	640	404	639	610
448	640	640	458	640	609
512	640	640	513	640	609
576	640	640	570	640	609
640	640	640	628	641	609
704	640	640	683	642	608
768	640	640	741	643	608
832	640	640	804	643	608
896	640	640	862	643	608
960	640	640	921	644	608
1023	640	640	979	645	608
0	704	640	193	697	614
64	704	640	199	697	614
128	704	640	222	697	614
192	704	640	258	698	613
256	704	640	303	699	611
320	704	640	355	699	611
384	704	640	410	699	611
448	704	640	462	699	610
512	704	640	517	700	610
576	704	640	574	700	610
640	704	640	631	701	610
704	704	640	686	701	609
768	704	640	744	702	610
832	704	640	806	702	609
896	704	640	865	703	609
960	704	640	925	705	609
1023	704	640	981	704	609
0	768	640	207	758	616
64	768	640	214	758	615
128	768	640	236	759	615
192	768	640	269	760	614
256	768	640	313	760	613
320	768	640	363	760	613
384	768	640	415	760	612
448	768	640	468	761	612
512	768	640	522	762	612
576	768	640	579	762	611
640	768	640	635	763	611
704	768	640	690	763	611
768	768	640	748	764	611
832	768	640	809	765	611
896	768	640	867	765	610
960	768	640	925	765	609
1023	768	640	983	766	610
0	832	640	223	820	617
64	832	640	229	820	617
128	832	640	248	821	616
192	832	640	280	822	615
256	832	640	323	822	614
320	832	640	371	822	614
384	832	640	422	822	613
448	832	640	474	823	613
512	832	640	527	824	613
576	832	640	584	824	612
640	832	640	639	825	613
704	832	640	694	825	613
768	832	640	751	825	611
832	832	640	811	825	611
896	832	640	869	826	611
960	832	640	928	826	611
1023	832	640	986	828	611
0	896	640	240	882	618
64	896	640	245	882	618
128	896	640	263	882	617
192	896	640	293	883	617
256	896	640	334	883	616
320	896	640	381	883	615
384	896	640	430	883	615
448	896	640	481	884	615
512	896	640	533	884	614
576	896	640	590	885	614
640	896	640	643	885	614
704	896	640	698	886	614
768	896	640	755	885	613
832	896	640	815	886	613
896	896	640	873	887	613
960	896	640	932	888	613
1023	896	640	989	888	613
0	960	640	255	942	619
64	960	640	260	942	619
128	960	640	276	942	619
192	960	640	306	943	618
256	960	640	345	943	617
320	960	640	390	943	617
384	960	640	438	943	617
448	960	640	488	944	617
512	960	640	539	944	617
576	960	640	595	944	616
640	960	640	648	944	615
704	960	640	702	945	615
768	960	640	760	945	615
832	960	640	819	946	615
896	960	640	876	946	615
960	960	640	936	947	615
1023	960	640	992	948	615
0	1023	640	271	1001	621
64	1023	640	275	1001	621
128	1023	640	291	1002	620
192	1023	640	319	1002	619
256	1023	640	357	1002	619
320	1023	640	401	1002	619
384	1023	640	446	1002	619
448	1023	640	495	1003	619
512	1023	640	546	1003	618
576	1023	640	602	1003	618
640	1023	640	653	1004	618
704	1023	640	707	1004	617
768	1023	640	766	1004	617
832	1023	640	823	1005	617
896	1023	640	880	1005	617
960	1023	640	940	1006	617
1023	1023	640	996	1008	617
0	0	704	82	136	670
64	0	704	101	136	669
128	0	704	145	136	669
192	0	704	199	137	668
256	0	704	258	138	666
320	0	704	318	141	665
384	0	704	381	142	664
448	0	704	440	143	664
512	0	704	498	145	664
576	0	704	557	148	663
640	0	704	618	150	663
704	0	704	675	155	664
768	0	704	734	157	663
832	0	704	798	161	662
896	0	704	857	164	661
960	0	704	918	169	662
1023	0	704	978	173	662
0	64	704	82	148	670
64	64	704	103	148	669
128	64	704	145	148	669
192	64	704	200	148	668
256	64	704	258	149	666
320	64	704	318	150	665
384	64	704	381	152	664
448	64	704	440	155	664
512	64	704	498	157	664
576	64	704	557	159	663
640	64	704	618	161	663
704	64	704	675	165	664
768	64	704	734	167	663
832	64	704	798	170	662
896	64	704	857	173	662
960	64	704	918	179	662
1023	64	704	977	181	662
0	128	704	87	180	670
64	128	704	103	180	670
128	128	704	148	180	669
192	128	704	201	182	668
256	128	704	259	182	666
320	128	704	319	184	665
384	128	704	381	186	665
448	128	704	441	187	664
512	128	704	498	189	664
576	128	704	557	191	663
640	128	704	619	193	663
704	128	704	676	196	664
768	128	704	734	198	663
832	128	704	798	200	662
896	128	704	857	202	662
960	128	704	917	206	662
1023	128	704	977	209	662
0	192	704	95	228	670
64	192	704	109	228	670
128	192	704	150	228	669
192	192	704	203	229	668
256	192	704	261	230	667
320	192	704	320	231	665
384	192	704	382	232	665
448	192	704	441	233	664
512	192	704	499	235	664
576	192	704	558	236	664
640	192	704	619	238	664
704	192	704	675	240	664
768	192	704	734	242	663
832	192	704	797	243	662
896	192	704	856	246	662
960	192	704	917	248	662
1023	192	704	976	251	662
0	256	704	103	282	671
64	256	704	116	282	670
128	256	704	155	282	670
192	256	704	206	283	669
256	256	704	262	284	667
320	256	704	322	285	665
384	256	704	383	286	665
448	256	704	442	287	665
512	256	704	499	288	664
576	256	704	558	289	664
640	256	704	619	291	664
704	256	704	676	293	664
768	256	704	733	294	664
832	256	704	796	295	662
896	256	704	855	297	662
960	256	704	916	299	661
1023	256	704	976	301	662
0	320	704	113	340	669
64	320	704	125	340	669
128	320	704	162	340	669
192	320	704	210	341	668
256	320	704	266	342	666
320	320	704	324	343	665
384	320	704	385	344	665
448	320	704	443	344	664
512	320	704	500	346	664
576	320	704	559	346	663
640	320	704	620	347	664
704	320	704	676	349	663
768	320	704	733	350	662
832	320	704	796	350	662
896	320	704	855	352	662
960	320	704	916	354	662
1023	320	704	975	356	662
0	384	704	125	400	670
64	384	704	136	400	670
128	384	704	170	401	670
192	384	704	217	401	669
256	384	704	270	402	667
320	384	704	327	403	665
384	384	704	388	404	665
448	384	704	445	405	665
512	384	704	502	405	664
576	384	704	560	405	664
640	384	704	621	407	663
704	384	704	676	407	663
768	384	704	734	408	663
832	384	704	797	409	662
896	384	704	856	410	662
960	384	704	916	411	662
1023	384	704	975	413	663
0	448	704	138	459	670
64	448	704	148	459	670
128	448	704	179	459	669
192	448	704	223	460	668
256	448	704	275	460	667
320	448	704	332	461	666
384	448	704	391	462	665
448	448	704	447	462	665
512	448	704	504	463	664
576	448	704	562	463	664
640	448	704	622	464	664
704	448	704	678	465	664
768	448	704	735	466	664
832	448	704	798	467	663
896	448	704	857	467	663
960	448	704	916	469	663
1023	448	704	976	470	663
0	512	704	150	518	670
64	512	704	160	518	670
128	512	704	189	518	670
192	512	704	232	519	669
256	512	704	281	520	667
320	512	704	337	520	666
384	512	704	395	521	666
448	512	704	451	521	665
512	512	704	507	521	665
576	512	704	564	522	664
640	512	704	624	523	664
704	512	704	679	524	664
768	512	704	737	525	664
832	512	704	800	525	664
896	512	704	859	526	664
960	512	704	918	527	664
1023	512	704	977	528	664
0	576	704	165	579	671
64	576	704	173	579	671
128	576	704	199	580	670
192	576	704	240	580	670
256	576	704	287	581	668
320	576	704	342	581	667
384	576	704	400	582	666
448	576	704	454	582	666
512	576	704	510	582	665
576	576	704	567	583	665
640	576	704	626	583	665
704	576	704	681	584	665
768	576	704	739	585	665
832	576	704	802	586	665
896	576	704	861	586	665
960	576	704	920	587	664
1023	576	704	978	589	665
0	640	704	179	639	671
64	640	704	188	639	671
128	640	704	212	639	671
192	640	704	249	640	670
256	640	704	295	641	668
320	640	704	348	641	667
384	640	704	405	641	667
448	640	704	458	642	667
512	640	704	514	642	667
576	640	704	571	643	666
640	640	704	629	643	666
704	640	704	684	644	666
768	640	704	742	645	666
832	640	704	804	645	665
896	640	704	862	646	665
960	640	704	922	647	665
1023	640	704	980	648	666
0	704	704	195	699	673
64	704	704	202	699	672
128	704	704	225	699	672
192	704	704	259	700	671
256	704	704	304	701	669
320	704	704	356	701	669
384	704	704	411	702	668
448	704	704	464	702	668
512	704	704	518	702	668
576	704	704	575	702	667
640	704	704	632	703	667
704	704	704	687	704	667
768	704	704	745	704	667
832	704	704	807	705	667
896	704	704	865	705	667
960	704	704	925	707	666
1023	704	704	981	707	666
0	768	704	209	760	673
64	768	704	216	760	673
128	768	704	237	761	672
192	768	704	270	762	672
256	768	704	314	762	670
320	768	704	364	762	670
384	768	704	416	763	669
448	768	704	469	763	669
512	768	704	523	764	669
576	768	704	580	764	669
640	768	704	636	765	668
704	768	704	691	765	668
768	768	704	749	766	668
832	768	704	809	766	668
896	768	704	868	767	667
960	768	704	926	767	667
1023	768	704	984	768	667
0	832	704	225	823	673
64	832	704	231	823	673
128	832	704	251	823	673
192	832	704	282	824	672
256	832	704	324	824	672
320	832	704	373	825	672
384	832	704	424	825	671
448	832	704	475	826	671
512	832	704	529	826	671
576	832	704	586	827	670
640	832	704	640	827	670
704	832	704	695	827	670
768	832	704	752	827	669
832	832	704	812	827	669
896	832	704	870	827	669
960	832	704	929	829	669
1023	832	704	987	830	669
0	896	704	241	884	676
64	896	704	246	884	676
128	896	704	264	884	675
192	896	704	294	885	673
256	896	704	335	885	673
320	896	704	382	886	673
384	896	704	431	886	673
448	896	704	482	886	672
512	896	704	535	887	672
576	896	704	591	887	672
640	896	704	644	887	672
704	896	704	699	888	671
768	896	704	757	888	671
832	896	704	816	888	671
896	896	704	874	889	670
960	896	704	933	890	670
1023	896	704	990	890	670
0	960	704	256	944	677
64	960	704	262	944	677
128	960	704	279	944	677
192	960	704	307	945	675
256	960	704	346	945	675
320	960	704	392	945	675
384	960	704	439	946	675
448	960	704	489	946	674
512	960	704	540	945	673
576	960	704	596	946	673
640	960	704	649	946	673
704	960	704	704	947	673
768	960	704	761	947	672
832	960	704	820	948	672
896	960	704	878	949	672
960	960	704	937	950	672
1023	960	704	993	950	672
0	1023	704	272	1003	679
64	1023	704	276	1003	679
128	1023	704	292	1003	678
192	1023	704	321	1004	677
256	1023	704	358	1004	677
320	1023	704	402	1005	677
384	1023	704	447	1004	676
448	1023	704	496	1004	675
512	1023	704	547	1005	675
576	1023	704	603	1005	675
640	1023	704	654	1006	675
704	1023	704	709	1007	675
768	1023	704	767	1007	675
832	1023	704	824	1007	675
896	1023	704	882	1008	675
960	1023	704	941	1009	674
1023	1023	704	997	1009	674
0	0	768	91	148	730
64	0	768	106	148	730
128	0	768	149	149	729
192	0	768	202	150	728
256	0	768	259	151	727
320	0	768	320	152	726
384	0	768	382	155	725
448	0	768	442	156	725
512	0	768	500	159	724
576	0	768	559	161	724
640	0	768	620	163	724
704	0	768	677	165	724
768	0	768	736	169	723
832	0	768	800	171	723
896	0	768	859	175	722
960	0	768	919	180	722
1023	0	768	979	183	722
0	64	768	91	159	730
64	64	768	108	159	730
128	64	768	150	159	729
192	64	768	202	159	728
256	64	768	261	161	728
320	64	768	320	162	726
384	64	768	382	164	725
448	64	768	442	165	725
512	64	768	500	167	725
576	64	768	559	169	724
640	64	768	620	173	724
704	64	768	677	175	724
768	64	768	736	178	723
832	64	768	800	180	723
896	64	768	859	184	722
960	64	768	919	188	722
1023	64	768	979	191	722
0	128	768	95	189	730
64	128	768	109	189	730
128	128	768	151	191	730
192	128	768	204	191	729
256	128	768	261	193	728
320	128	768	321	193	726
384	128	768	382	194	725
448	128	768	442	196	725
512	128	768	500	198	725
576	128	768	559	199	724
640	128	768	620	202	724
704	128	768	677	204	724
768	128	768	735	206	723
832	128	768	800	209	723
896	128	768	859	212	722
960	128	768	919	214	722
1023	128	768	978	217	722
0	192	768	99	235	731
64	192	768	114	236	731
128	192	768	155	236	730
192	192	768	206	236	730
256	192	768	262	238	729
320	192	768	322	238	726
384	192	768	383	240	726
448	192	768	443	241	725
512	192	768	501	242	725
576	192	768	559	243	725
640	192	768	620	246	724
704	192	768	677	247	724
768	192	768	735	248	723
832	192	768	799	251	723
896	192	768	858	253	722
960	192	768	918	255	722
1023	192	768	978	258	722
0	256	768	109	288	732
64	256	768	122	288	732
128	256	768	159	288	732
192	256	768	209	289	731
256	256	768	264	290	730
320	256	768	324	291	726
384	256	768	385	292	726
448	256	768	443	293	725
512	256	768	501	294	725
576	256	768	560	296	725
640	256	768	621	297	724
704	256	768	677	298	722
768	256	768	734	300	722
832	256	768	798	301	722
896	256	768	857	303	721
960	256	768	917	305	721
1023	256	768	977	307	722
0	320	768	119	345	729
64	320	768	130	345	729
128	320	768	165	346	728
192	320	768	213	346	728
256	320	768	267	347	726
320	320	768	326	348	724
384	320	768	387	348	724
448	320	768	445	350	724
512	320	768	502	350	724
576	320	768	561	351	723
640	320	768	621	353	723
704	320	768	677	354	723
768	320	768	735	355	722
832	320	768	798	356	722
896	320	768	857	357	722
960	320	768	917	359	722
1023	320	768	977	361	722
0	384	768	129	404	727
64	384	768	139	405	727
128	384	768	173	405	727
192	384	768	219	405	726
256	384	768	271	407	725
320	384	768	329	407	724
384	384	768	389	408	724
448	384	768	447	408	724
512	384	768	504	409	723
576	384	768	562	410	723
640	384	768	622	411	722
704	384	768	678	411	723
768	384	768	736	413	722
832	384	768	799	413	722
896	384	768	858	414	722
960	384	768	918	416	722
1023	384	768	977	417	722
0	448	768	141	462	730
64	448	768	151	462	730
128	448	768	182	463	729
192	448	768	226	463	729
256	448	768	276	464	728
320	448	768	333	465	725
384	448	768	393	465	725
448	448	768	449	466	724
512	448	768	505	466	724
576	448	768	564	467	723
640	448	768	623	468	723
704	448	768	679	469	723
768	448	768	737	470	723
832	448	768	800	470	722
896	448	768	859	471	722
960	448	768	919	472	722
1023	448	768	977	474	722
0	512	768	155	521	729
64	512	768	163	521	729
128	512	768	192	522	729
192	512	768	233	522	728
256	512	768	282	523	728
320	512	768	338	524	725
384	512	768	396	524	725
448	512	768	452	524	724
512	512	768	508	525	724
576	512	768	566	525	724
640	512	768	625	526	723
704	512	768	681	527	723
768	512	768	739	528	723
832	512	768	802	529	723
896	512	768	860	529	723
960	512	768	920	531	723
1023	512	768	978	532	723
0	576	768	169	582	730
64	576	768	176	582	730
128	576	768	202	582	729
192	576	768	242	583	729
256	576	768	289	584	728
320	576	768	343	584	726
384	576	768	400	584	725
448	576	768	455	585	725
512	576	768	511	585	725
576	576	768	569	586	724
640	576	768	627	586	724
704	576	768	683	587	724
768	576	768	741	588	724
832	576	768	803	589	723
896	576	768	862	590	723
960	576	768	921	591	723
1023	576	768	980	592	723
0	640	768	183	642	730
64	640	768	190	642	730
128	640	768	214	642	730
192	640	768	251	643	730
256	640	768	296	644	727
320	640	768	350	644	726
384	640	768	406	644	726
448	640	768	460	645	726
512	640	768	515	645	725
576	640	768	573	646	725
640	640	768	630	646	725
704	640	768	686	647	725
768	640	768	743	647	725
832	640	768	805	648	724
896	640	768	864	649	724
960	640	768	924	650	724
1023	640	768	981	651	724
0	704	768	198	702	729
64	704	768	204	702	729
128	704	768	226	702	729
192	704	768	262	703	728
256	704	768	306	704	727
320	704	768	358	704	727
384	704	768	412	704	727
448	704	768	465	705	727
512	704	768	519	705	726
576	704	768	577	705	726
640	704	768	634	706	726
704	704	768	689	707	726
768	704	768	746	707	726
832	704	768	808	707	725
896	704	768	867	708	725
960	704	768	926	709	725
1023	704	768	983	710	725
0	768	768	212	764	732
64	768	768	218	764	732
128	768	768	239	764	732
192	768	768	272	765	731
256	768	768	316	765	729
320	768	768	365	766	729
384	768	768	418	766	728
448	768	768	471	767	728
512	768	768	525	767	728
576	768	768	582	767	728
640	768	768	637	768	727
704	768	768	693	769	727
768	768	768	750	769	727
832	768	768	811	769	726
896	768	768	869	770	726
960	768	768	928	770	726
1023	768	768	986	772	726
0	832	768	228	826	732
64	832	768	233	826	732
128	832	768	252	826	732
192	832	768	284	827	731
256	832	768	326	827	730
320	832	768	374	828	730
384	832	768	425	828	730
448	832	768	477	829	730
512	832	768	530	829	729
576	832	768	587	829	729
640	832	768	641	829	728
704	832	768	696	829	728
768	832	768	754	830	728
832	832	768	814	830	727
896	832	768	872	831	727
960	832	768	931	832	727
1023	832	768	988	832	727
0	896	768	243	886	735
64	896	768	248	887	735
128	896	768	265	887	735
192	896	768	295	888	732
256	896	768	336	888	732
320	896	768	384	888	732
384	896	768	432	889	731
448	896	768	483	889	731
512	896	768	535	889	730
576	896	768	592	889	730
640	896	768	645	890	729
704	896	768	700	890	729
768	896	768	758	890	729
832	896	768	817	891	729
896	896	768	875	892	729
960	896	768	935	893	729
1023	896	768	991	893	729
0	960	768	258	947	737
64	960	768	263	947	737
128	960	768	280	947	736
192	960	768	309	947	733
256	960	768	348	947	733
320	960	768	393	947	733
384	960	768	440	947	732
448	960	768	490	948	732
512	960	768	541	948	732
576	960	768	598	949	732
640	960	768	650	949	731
704	960	768	705	950	731
768	960	768	763	950	731
832	960	768	821	951	731
896	960	768	879	951	730
960	960	768	938	952	730
1023	960	768	995	953	730
0	1023	768	274	1005	738
64	1023	768	279	1006	738
128	1023	768	294	1006	736
192	1023	768	322	1006	735
256	1023	768	359	1006	735
320	1023	768	403	1007	734
384	1023	768	449	1007	734
448	1023	768	497	1007	734
512	1023	768	549	1008	734
576	1023	768	604	1008	733
640	1023	768	655	1008	733
704	1023	768	710	1009	733
768	1023	768	768	1010	733
832	1023	768	826	1010	732
896	1023	768	883	1010	732
960	1023	768	942	1011	732
1023	1023	768	998	1012	732
0	0	832	97	161	794
64	0	832	113	161	794
128	0	832	152	162	794
192	0	832	206	162	793
256	0	832	262	163	793
320	0	832	322	165	791
384	0	832	383	167	791
448	0	832	443	168	791
512	0	832	501	169	790
576	0	832	561	171	790
640	0	832	622	175	790
704	0	832	678	177	789
768	0	832	737	180	788
832	0	832	801	183	788
896	0	832	860	187	788
960	0	832	920	189	787
1023	0	832	980	193	787
0	64	832	99	170	794
64	64	832	113	171	794
128	64	832	153	171	794
192	64	832	206	171	794
256	64	832	262	173	793
320	64	832	321	174	791
384	64	832	384	175	791
448	64	832	443	177	791
512	64	832	502	179	790
576	64	832	561	181	790
640	64	832	622	184	790
704	64	832	678	186	789
768	64	832	736	189	788
832	64	832	801	191	788
896	64	832	860	194	788
960	64	832	920	198	787
1023	64	832	980	201	787
0	128	832	103	199	794
64	128	832	116	200	794
128	128	832	156	201	794
192	128	832	206	201	794
256	128	832	263	202	794
320	128	832	322	202	791
384	128	832	384	204	791
448	128	832	443	206	791
512	128	832	502	207	791
576	128	832	561	209	790
640	128	832	622	210	790
704	128	832	678	212	789
768	128	832	736	215	789
832	128	832	800	218	788
896	128	832	860	220	788
960	128	832	920	223	788
1023	128	832	980	226	787
0	192	832	106	243	796
64	192	832	120	243	796
128	192	832	159	243	796
192	192	832	209	245	796
256	192	832	264	245	796
320	192	832	323	246	792
384	192	832	385	247	792
448	192	832	444	248	791
512	192	832	502	250	791
576	192	832	561	252	790
640	192	832	622	253	790
704	192	832	677	255	789
768	192	832	736	257	789
832	192	832	800	258	788
896	192	832	859	261	788
960	192	832	920	263	788
1023	192	832	979	265	788
0	256	832	113	294	798
64	256	832	128	294	798
128	256	832	163	295	794
192	256	832	212	296	793
256	256	832	266	297	790
320	256	832	325	297	788
384	256	832	386	298	788
448	256	832	444	299	788
512	256	832	502	300	788
576	256	832	561	302	787
640	256	832	622	303	786
704	256	832	677	304	786
768	256	832	736	306	786
832	256	832	799	308	785
896	256	832	859	309	785
960	256	832	919	311	785
1023	256	832	978	313	785
0	320	832	123	350	793
64	320	832	136	350	793
128	320	832	169	351	793
192	320	832	216	351	793
256	320	832	269	353	793
320	320	832	327	353	789
384	320	832	388	354	789
448	320	832	446	355	788
512	320	832	503	355	788
576	320	832	562	356	788
640	320	832	622	357	787
704	320	832	678	359	786
768	320	832	736	360	786
832	320	832	800	361	786
896	320	832	859	363	786
960	320	832	919	364	786
1023	320	832	978	366	786
0	384	832	134	409	790
64	384	832	145	409	790
128	384	832	177	409	790
192	384	832	222	410	790
256	384	832	273	411	790
320	384	832	331	412	788
384	384	832	391	412	788
448	384	832	448	413	787
512	384	832	504	413	787
576	384	832	563	413	786
640	384	832	623	414	786
704	384	832	679	415	786
768	384	832	737	417	786
832	384	832	801	418	786
896	384	832	859	419	785
960	384	832	919	420	785
1023	384	832	979	422	786
0	448	832	145	467	795
64	448	832	155	467	795
128	448	832	186	467	795
192	448	832	228	467	795
256	448	832	279	468	795
320	448	832	334	469	790
384	448	832	394	469	790
448	448	832	450	469	789
512	448	832	506	470	788
576	448	832	565	471	787
640	448	832	625	472	787
704	448	832	681	473	786
768	448	832	738	473	787
832	448	832	802	475	787
896	448	832	861	475	786
960	448	832	920	477	786
1023	448	832	979	478	787
0	512	832	159	525	794
64	512	832	167	525	794
128	512	832	194	525	794
192	512	832	236	526	794
256	512	832	284	527	794
320	512	832	340	527	789
384	512	832	398	528	789
448	512	832	454	528	789
512	512	832	510	529	788
576	512	832	568	530	788
640	512	832	627	530	788
704	512	832	682	531	788
768	512	832	740	532	787
832	512	832	804	533	787
896	512	832	862	533	787
960	512	832	922	535	787
1023	512	832	980	536	787
0	576	832	172	586	794
64	576	832	179	586	794
128	576	832	206	586	794
192	576	832	243	586	794
256	576	832	290	587	792
320	576	832	346	588	790
384	576	832	402	588	790
448	576	832	457	589	789
512	576	832	513	590	789
576	576	832	571	590	789
640	576	832	629	591	788
704	576	832	685	591	788
768	576	832	743	592	788
832	576	832	805	593	788
896	576	832	864	594	787
960	576	832	924	595	787
1023	576	832	982	596	788
0	640	832	186	645	795
64	640	832	193	646	795
128	640	832	216	646	794
192	640	832	253	647	794
256	640	832	298	648	791
320	640	832	352	648	791
384	640	832	408	648	790
448	640	832	462	648	790
512	640	832	517	649	790
576	640	832	575	650	790
640	640	832	633	650	790
704	640	832	688	651	790
768	640	832	746	652	789
832	640	832	808	652	789
896	640	832	866	653	789
960	640	832	926	654	789
1023	640	832	983	654	789
0	704	832	201	705	794
64	704	832	207	705	794
128	704	832	229	705	794
192	704	832	263	706	793
256	704	832	308	707	792
320	704	832	360	708	792
384	704	832	414	708	792
448	704	832	467	709	792
512	704	832	521	709	791
576	704	832	579	709	790
640	704	832	635	710	791
704	704	832	691	710	791
768	704	832	748	710	790
832	704	832	810	711	790
896	704	832	868	711	789
960	704	832	927	712	789
1023	704	832	985	713	789
0	768	832	215	767	796
64	768	832	221	767	796
128	768	832	241	768	796
192	768	832	274	768	794
256	768	832	317	769	794
320	768	832	367	769	793
384	768	832	420	769	793
448	768	832	472	770	792
512	768	832	526	770	793
576	768	832	584	771	792
640	768	832	639	772	792
704	768	832	694	772	792
768	768	832	752	772	791
832	768	832	813	773	791
896	768	832	871	773	790
960	768	832	931	774	791
1023	768	832	988	775	791
0	832	832	230	829	797
64	832	832	236	829	797
128	832	832	255	830	797
192	832	832	285	830	796
256	832	832	327	831	795
320	832	832	376	831	795
384	832	832	427	831	794
448	832	832	478	832	794
512	832	832	532	833	794
576	832	832	588	832	793
640	832	832	643	832	793
704	832	832	698	833	793
768	832	832	756	833	792
832	832	832	816	833	792
896	832	832	874	834	792
960	832	832	933	835	792
1023	832	832	990	836	792
0	896	832	245	890	798
64	896	832	250	890	798
128	896	832	267	891	798
192	896	832	297	891	796
256	896	832	338	892	796
320	896	832	385	892	796
384	896	832	434	892	795
448	896	832	485	892	795
512	896	832	537	892	794
576	896	832	593	892	794
640	896	832	647	893	794
704	896	832	703	894	794
768	896	832	760	894	794
832	896	832	820	895	794
896	896	832	878	895	793
960	896	832	937	896	793
1023	896	832	994	897	793
0	960	832	260	949	799
64	960	832	265	949	798
128	960	832	281	950	798
192	960	832	310	950	797
256	960	832	349	950	797
320	960	832	395	951	797
384	960	832	442	951	796
448	960	832	491	950	795
512	960	832	543	951	795
576	960	832	599	952	795
640	960	832	652	952	795
704	960	832	707	953	795
768	960	832	765	954	795
832	960	832	823	954	794
896	960	832	881	955	794
960	960	832	940	956	795
1023	960	832	997	956	794
0	1023	832	275	1008	800
64	1023	832	280	1009	799
128	1023	832	295	1009	798
192	1023	832	323	1009	798
256	1023	832	361	1009	798
320	1023	832	405	1010	798
384	1023	832	450	1010	798
448	1023	832	499	1010	797
512	1023	832	550	1011	797
576	1023	832	606	1011	797
640	1023	832	657	1012	797
704	1023	832	711	1012	797
768	1023	832	770	1012	796
832	1023	832	828	1013	796
896	1023	832	885	1014	796
960	1023	832	944	1015	796
1023	1023	832	1000	1015	796
0	0	896	104	173	854
64	0	896	119	173	854
128	0	896	157	175	853
192	0	896	208	175	853
256	0	896	264	177	852
320	0	896	324	179	850
384	0	896	385	179	850
448	0	896	445	180	849
512	0	896	503	182	848
576	0	896	562	184	848
640	0	896	622	187	847
704	0	896	679	189	847
768	0	896	738	193	846
832	0	896	802	194	846
896	0	896	861	198	845
960	0	896	922	201	845
1023	0	896	981	204	845
0	64	896	106	182	854
64	64	896	119	183	854
128	64	896	157	184	854
192	64	896	209	184	853
256	64	896	264	186	852
320	64	896	324	186	850
384	64	896	386	188	850
448	64	896	445	189	849
512	64	896	503	191	848
576	64	896	562	193	848
640	64	896	623	194	847
704	64	896	679	197	847
768	64	896	738	200	846
832	64	896	802	202	846
896	64	896	861	206	845
960	64	896	922	209	845
1023	64	896	981	212	845
0	128	896	109	210	854
64	128	896	122	210	854
128	128	896	159	210	854
192	128	896	209	212	853
256	128	896	265	212	852
320	128	896	324	213	850
384	128	896	386	215	850
448	128	896	445	216	849
512	128	896	503	217	848
576	128	896	562	219	848
640	128	896	622	221	847
704	128	896	679	223	847
768	128	896	738	226	846
832	128	896	802	228	846
896	128	896	861	230	845
960	128	896	921	233	845
1023	128	896	981	236	845
0	192	896	113	252	855
64	192	896	126	252	855
128	192	896	163	252	854
192	192	896	212	253	854
256	192	896	266	253	853
320	192	896	325	255	850
384	192	896	387	256	850
448	192	896	445	257	849
512	192	896	503	258	849
576	192	896	562	259	848
640	192	896	623	261	847
704	192	896	679	263	847
768	192	896	738	265	846
832	192	896	801	266	846
896	192	896	860	269	845
960	192	896	920	271	845
1023	192	896	980	273	845
0	256	896	119	301	851
64	256	896	133	301	851
128	256	896	167	302	851
192	256	896	215	303	850
256	256	896	268	304	849
320	256	896	327	305	847
384	256	896	388	305	847
448	256	896	446	306	846
512	256	896	504	307	846
576	256	896	562	308	845
640	256	896	623	309	845
704	256	896	679	311	845
768	256	896	737	313	844
832	256	896	801	314	844
896	256	896	860	316	844
960	256	896	920	317	844
1023	256	896	980	320	844
0	320	896	129	356	853
64	320	896	141	356	853
128	320	896	173	357	852
192	320	896	219	357	852
256	320	896	271	358	851
320	320	896	329	359	848
384	320	896	389	359	847
448	320	896	447	360	847
512	320	896	504	361	846
576	320	896	563	362	845
640	320	896	623	363	845
704	320	896	680	365	845
768	320	896	738	366	844
832	320	896	802	367	844
896	320	896	860	368	844
960	320	896	920	370	844
1023	320	896	980	372	844
0	384	896	138	414	850
64	384	896	149	414	850
128	384	896	180	414	850
192	384	896	223	415	849
256	384	896	275	415	848
320	384	896	332	416	847
384	384	896	392	417	846
448	384	896	449	417	846
512	384	896	506	418	845
576	384	896	564	419	845
640	384	896	624	419	845
704	384	896	681	421	845
768	384	896	739	421	844
832	384	896	802	423	844
896	384	896	861	424	844
960	384	896	921	425	844
1023	384	896	980	427	844
0	448	896	150	471	853
64	448	896	159	471	853
128	448	896	188	471	853
192	448	896	230	472	852
256	448	896	280	473	851
320	448	896	336	473	847
384	448	896	395	473	847
448	448	896	452	474	846
512	448	896	509	475	846
576	448	896	567	475	845
640	448	896	626	476	845
704	448	896	683	477	845
768	448	896	741	478	845
832	448	896	804	479	845
896	448	896	862	479	844
960	448	896	922	481	844
1023	448	896	980	482	844
0	512	896	163	529	852
64	512	896	171	529	852
128	512	896	198	529	852
192	512	896	238	530	851
256	512	896	286	531	850
320	512	896	341	531	847
384	512	896	400	532	847
448	512	896	455	533	847
512	512	896	511	533	846
576	512	896	570	534	846
640	512	896	628	535	846
704	512	896	684	535	846
768	512	896	742	536	845
832	512	896	805	537	845
896	512	896	864	538	845
960	512	896	924	539	845
1023	512	896	982	540	845
0	576	896	175	589	853
64	576	896	183	589	852
128	576	896	209	590	852
192	576	896	246	590	851
256	576	896	292	591	848
320	576	896	347	592	848
384	576	896	404	592	847
448	576	896	458	593	847
512	576	896	514	593	847
576	576	896	573	594	847
640	576	896	630	594	846
704	576	896	686	595	846
768	576	896	744	596	846
832	576	896	807	597	846
896	576	896	865	597	846
960	576	896	925	599	846
1023	576	896	983	599	845
0	640	896	189	649	854
64	640	896	196	649	853
128	640	896	219	649	853
192	640	896	256	650	853
256	640	896	301	651	849
320	640	896	353	651	849
384	640	896	409	651	848
448	640	896	463	652	848
512	640	896	518	652	848
576	640	896	576	653	847
640	640	896	634	654	847
704	640	896	689	654	847
768	640	896	747	655	847
832	640	896	809	655	847
896	640	896	867	656	846
960	640	896	926	656	846
1023	640	896	984	657	846
0	704	896	202	708	852
64	704	896	209	708	852
128	704	896	231	709	851
192	704	896	265	709	851
256	704	896	309	710	849
320	704	896	361	710	849
384	704	896	415	711	849
448	704	896	468	711	849
512	704	896	523	711	849
576	704	896	580	712	848
640	704	896	636	712	848
704	704	896	691	713	847
768	704	896	749	713	847
832	704	896	811	714	847
896	704	896	869	714	847
960	704	896	929	716	847
1023	704	896	987	717	847
0	768	896	218	770	854
64	768	896	223	770	854
128	768	896	243	771	854
192	768	896	275	771	853
256	768	896	318	772	851
320	768	896	368	772	850
384	768	896	421	773	850
448	768	896	473	773	850
512	768	896	527	773	850
576	768	896	584	773	849
640	768	896	640	774	849
704	768	896	695	774	848
768	768	896	753	775	848
832	768	896	814	776	848
896	768	896	873	777	848
960	768	896	932	777	848
1023	768	896	989	778	848
0	832	896	233	832	854
64	832	896	238	832	854
128	832	896	257	833	853
192	832	896	287	833	853
256	832	896	329	834	851
320	832	896	377	833	851
384	832	896	428	833	851
448	832	896	479	834	851
512	832	896	533	834	851
576	832	896	590	835	850
640	832	896	644	835	850
704	832	896	699	836	850
768	832	896	757	836	850
832	832	896	817	837	850
896	832	896	876	838	849
960	832	896	935	838	850
1023	832	896	992	839	850
0	896	896	247	893	857
64	896	896	252	893	857
128	896	896	270	893	857
192	896	896	299	894	853
256	896	896	340	894	853
320	896	896	386	894	853
384	896	896	435	894	852
448	896	896	485	894	852
512	896	896	538	895	852
576	896	896	595	895	851
640	896	896	648	896	851
704	896	896	703	896	851
768	896	896	762	897	851
832	896	896	820	897	851
896	896	896	879	898	850
960	896	896	938	899	850
1023	896	896	994	900	851
0	960	896	262	952	858
64	960	896	266	952	858
128	960	896	283	952	857
192	960	896	311	953	854
256	960	896	350	953	854
320	960	896	396	953	854
384	960	896	443	953	853
448	960	896	492	954	853
512	960	896	544	954	853
576	960	896	601	955	853
640	960	896	653	955	853
704	960	896	708	956	852
768	960	896	766	956	852
832	960	896	824	956	852
896	960	896	882	957	852
960	960	896	942	958	852
1023	960	896	997	958	851
0	1023	896	276	1011	859
64	1023	896	281	1011	859
128	1023	896	296	1011	856
192	1023	896	325	1011	856
256	1023	896	363	1012	856
320	1023	896	406	1013	855
384	1023	896	451	1013	855
448	1023	896	500	1013	854
512	1023	896	551	1013	854
576	1023	896	607	1014	854
640	1023	896	659	1015	854
704	1023	896	713	1015	854
768	1023	896	771	1015	853
832	1023	896	828	1015	854
896	1023	896	886	1016	853
960	1023	896	944	1016	853
1023	1023	896	1000	1017	853
0	0	960	113	187	915
64	0	960	125	187	915
128	0	960	161	188	914
192	0	960	210	188	913
256	0	960	265	189	911
320	0	960	324	190	909
384	0	960	386	191	909
448	0	960	445	193	908
512	0	960	503	194	908
576	0	960	562	197	908
640	0	960	623	198	907
704	0	960	680	201	907
768	0	960	739	204	906
832	0	960	803	206	906
896	0	960	862	209	906
960	0	960	922	212	905
1023	0	960	982	215	905
0	64	960	113	194	915
64	64	960	126	194	915
128	64	960	162	194	914
192	64	960	211	196	913
256	64	960	266	197	911
320	64	960	325	198	909
384	64	960	386	199	909
448	64	960	445	201	908
512	64	960	503	202	908
576	64	960	562	204	908
640	64	960	623	206	907
704	64	960	680	209	907
768	64	960	739	210	906
832	64	960	803	213	906
896	64	960	862	216	906
960	64	960	922	219	905
1023	64	960	982	222	906
0	128	960	116	221	915
64	128	960	128	221	915
128	128	960	163	221	914
192	128	960	212	221	913
256	128	960	266	222	911
320	128	960	325	223	909
384	128	960	387	225	909
448	128	960	446	226	909
512	128	960	503	228	908
576	128	960	563	229	908
640	128	960	623	230	907
704	128	960	680	233	907
768	128	960	739	234	906
832	128	960	803	237	906
896	128	960	862	240	906
960	128	960	922	242	905
1023	128	960	982	245	906
0	192	960	119	259	915
64	192	960	132	259	915
128	192	960	166	260	914
192	192	960	214	261	913
256	192	960	267	262	911
320	192	960	326	262	910
384	192	960	388	264	909
448	192	960	446	265	909
512	192	960	504	266	908
576	192	960	563	267	908
640	192	960	624	269	907
704	192	960	680	271	907
768	192	960	738	272	907
832	192	960	802	274	906
896	192	960	861	276	906
960	192	960	922	279	905
1023	192	960	981	281	906
0	256	960	126	308	913
64	256	960	138	308	913
128	256	960	171	308	912
192	256	960	217	309	911
256	256	960	270	310	909
320	256	960	327	311	908
384	256	960	388	312	907
448	256	960	447	313	907
512	256	960	504	314	906
576	256	960	563	315	906
640	256	960	624	317	905
704	256	960	680	318	905
768	256	960	738	319	905
832	256	960	802	321	905
896	256	960	861	323	904
960	256	960	921	325	904
1023	256	960	981	327	904
0	320	960	134	362	914
64	320	960	145	362	914
128	320	960	176	363	913
192	320	960	221	363	912
256	320	960	272	364	910
320	320	960	330	365	908
384	320	960	390	365	908
448	320	960	448	366	907
512	320	960	505	367	907
576	320	960	564	368	906
640	320	960	624	369	906
704	320	960	680	370	905
768	320	960	739	372	905
832	320	960	803	373	905
896	320	960	861	374	905
960	320	960	922	376	905
1023	320	960	981	378	905
0	384	960	143	418	913
64	384	960	153	418	913
128	384	960	183	418	912
192	384	960	226	419	911
256	384	960	276	420	909
320	384	960	333	421	908
384	384	960	393	421	907
448	384	960	450	422	907
512	384	960	507	423	907
576	384	960	566	423	906
640	384	960	625	424	906
704	384	960	681	425	905
768	384	960	740	427	905
832	384	960	804	427	905
896	384	960	862	429	904
960	384	960	922	430	904
1023	384	960	981	432	905
0	448	960	155	475	914
64	448	960	163	475	914
128	448	960	191	475	913
192	448	960	233	476	912
256	448	960	281	477	911
320	448	960	338	477	908
384	448	960	397	478	908
448	448	960	453	479	908
512	448	960	510	479	907
576	448	960	568	480	907
640	448	960	627	480	906
704	448	960	683	481	906
768	448	960	742	483	906
832	448	960	805	483	905
896	448	960	863	484	905
960	448	960	922	485	905
1023	448	960	981	486	905
0	512	960	167	533	914
64	512	960	175	533	914
128	512	960	200	533	913
192	512	960	240	534	912
256	512	960	287	535	910
320	512	960	343	535	909
384	512	960	401	536	908
448	512	960	457	537	907
512	512	960	512	537	907
576	512	960	571	538	907
640	512	960	629	538	907
704	512	960	686	539	907
768	512	960	743	540	906
832	512	960	806	540	906
896	512	960	865	541	906
960	512	960	924	542	905
1023	512	960	982	543	905
0	576	960	179	593	914
64	576	960	187	593	914
128	576	960	210	594	913
192	576	960	248	594	912
256	576	960	294	595	909
320	576	960	348	596	909
384	576	960	405	596	908
448	576	960	460	597	908
512	576	960	516	597	908
576	576	960	574	598	907
640	576	960	632	598	907
704	576	960	688	599	907
768	576	960	745	600	907
832	576	960	808	600	906
896	576	960	867	601	906
960	576	960	926	602	906
1023	576	960	984	603	906
0	640	960	193	652	915
64	640	960	199	652	914
128	640	960	222	653	914
192	640	960	257	653	913
256	640	960	302	654	910
320	640	960	355	654	909
384	640	960	411	655	909
448	640	960	464	655	909
512	640	960	520	656	909
576	640	960	578	657	908
640	640	960	635	657	908
704	640	960	690	657	908
768	640	960	748	657	907
832	640	960	810	658	907
896	640	960	868	658	906
960	640	960	928	660	906
1023	640	960	986	661	907
0	704	960	206	712	913
64	704	960	212	712	913
128	704	960	233	712	913
192	704	960	267	713	912
256	704	960	311	713	910
320	704	960	362	714	910
384	704	960	416	714	910
448	704	960	469	714	909
512	704	960	524	715	909
576	704	960	581	715	908
640	704	960	637	715	908
704	704	960	693	716	908
768	704	960	751	716	908
832	704	960	812	717	908
896	704	960	871	717	907
960	704	960	930	719	908
1023	704	960	988	720	908
0	768	960	219	774	915
64	768	960	226	774	915
128	768	960	245	774	914
192	768	960	277	774	913
256	768	960	320	775	911
320	768	960	370	775	911
384	768	960	422	775	910
448	768	960	474	776	910
512	768	960	528	776	909
576	768	960	585	776	909
640	768	960	641	777	909
704	768	960	697	778	909
768	768	960	755	779	909
832	768	960	815	779	909
896	768	960	873	780	908
960	768	960	933	781	909
1023	768	960	990	782	909
0	832	960	234	834	914
64	832	960	240	834	914
128	832	960	258	834	913
192	832	960	288	835	912
256	832	960	330	835	912
320	832	960	379	836	912
384	832	960	429	836	911
448	832	960	480	836	911
512	832	960	533	837	911
576	832	960	591	837	911
640	832	960	645	838	910
704	832	960	700	838	910
768	832	960	758	839	910
832	832	960	819	840	910
896	832	960	877	840	910
960	832	960	936	841	910
1023	832	960	993	842	910
0	896	960	248	895	916
64	896	960	254	895	916
128	896	960	271	896	916
192	896	960	300	896	913
256	896	960	340	896	913
320	896	960	388	896	913
384	896	960	436	897	913
448	896	960	487	898	912
512	896	960	539	897	912
576	896	960	597	898	912
640	896	960	650	899	912
704	896	960	705	899	912
768	896	960	763	900	911
832	896	960	822	900	911
896	896	960	880	901	911
960	896	960	939	901	910
1023	896	960	995	902	911
0	960	960	263	955	917
64	960	960	268	955	917
128	960	960	284	955	917
192	960	960	313	956	915
256	960	960	352	956	915
320	960	960	398	956	914
384	960	960	444	956	914
448	960	960	494	957	913
512	960	960	546	957	913
576	960	960	602	957	913
640	960	960	655	958	913
704	960	960	709	959	913
768	960	960	768	959	913
832	960	960	825	959	912
896	960	960	884	960	912
960	960	960	942	960	911
1023	960	960	998	961	912
0	1023	960	279	1014	919
64	1023	960	283	1014	919
128	1023	960	298	1014	916
192	1023	960	327	1014	916
256	1023	960	363	1015	916
320	1023	960	407	1015	916
384	1023	960	452	1015	915
448	1023	960	501	1015	915
512	1023	960	553	1016	915
576	1023	960	608	1016	915
640	1023	960	659	1017	915
704	1023	960	714	1017	914
768	1023	960	772	1017	914
832	1023	960	829	1017	913
896	1023	960	886	1018	913
960	1023	960	946	1019	913
1023	1023	960	1002	1020	913
0	0	1023	119	199	973
64	0	1023	130	199	973
128	0	1023	165	199	973
192	0	1023	213	201	972
256	0	1023	267	201	971
320	0	1023	326	202	969
384	0	1023	388	203	969
448	0	1023	447	206	968
512	0	1023	504	207	968
576	0	1023	563	209	968
640	0	1023	624	210	967
704	0	1023	681	212	967
768	0	1023	740	215	967
832	0	1023	804	218	966
896	0	1023	864	221	966
960	0	1023	924	223	966
1023	0	1023	983	226	966
0	64	1023	120	206	973
64	64	1023	132	206	973
128	64	1023	166	207	973
192	64	1023	215	208	972
256	64	1023	267	209	971
320	64	1023	327	210	969
384	64	1023	388	210	969
448	64	1023	447	212	968
512	64	1023	505	213	968
576	64	1023	564	215	968
640	64	1023	624	218	968
704	64	1023	681	219	967
768	64	1023	740	222	967
832	64	1023	804	225	966
896	64	1023	863	228	966
960	64	1023	924	230	966
1023	64	1023	983	233	966
0	128	1023	122	231	974
64	128	1023	133	231	974
128	128	1023	168	232	973
192	128	1023	215	232	973
256	128	1023	269	233	972
320	128	1023	327	234	969
384	128	1023	388	235	969
448	128	1023	447	236	968
512	128	1023	505	238	968
576	128	1023	564	240	968
640	128	1023	624	241	968
704	128	1023	681	242	967
768	128	1023	740	245	967
832	128	1023	804	247	967
896	128	1023	863	250	967
960	128	1023	923	252	966
1023	128	1023	983	255	966
0	192	1023	128	269	975
64	192	1023	138	269	975
128	192	1023	171	269	974
192	192	1023	217	270	974
256	192	1023	270	271	973
320	192	1023	327	272	969
384	192	1023	389	272	969
448	192	1023	447	274	969
512	192	1023	505	275	968
576	192	1023	564	276	968
640	192	1023	624	277	968
704	192	1023	681	279	968
768	192	1023	740	282	967
832	192	1023	804	283	967
896	192	1023	863	285	967
960	192	1023	923	287	966
1023	192	1023	982	289	966
0	256	1023	133	316	972
64	256	1023	143	316	972
128	256	1023	175	316	971
192	256	1023	220	317	971
256	256	1023	271	317	969
320	256	1023	329	318	968
384	256	1023	390	319	968
448	256	1023	448	320	967
512	256	1023	506	321	967
576	256	1023	564	322	966
640	256	1023	625	324	965
704	256	1023	681	325	965
768	256	1023	740	327	965
832	256	1023	804	328	964
896	256	1023	863	330	964
960	256	1023	922	331	964
1023	256	1023	981	334	964
0	320	1023	139	368	974
64	320	1023	150	368	974
128	320	1023	179	369	973
192	320	1023	224	370	971
256	320	1023	274	370	969
320	320	1023	332	371	968
384	320	1023	393	372	968
448	320	1023	450	373	967
512	320	1023	507	373	967
576	320	1023	566	374	966
640	320	1023	626	375	966
704	320	1023	682	376	965
768	320	1023	741	378	965
832	320	1023	804	379	965
896	320	1023	863	381	964
960	320	1023	922	382	964
1023	320	1023	981	384	964
0	384	1023	149	423	973
64	384	1023	159	424	973
128	384	1023	188	424	972
192	384	1023	229	425	971
256	384	1023	278	425	969
320	384	1023	335	426	968
384	384	1023	395	427	967
448	384	1023	452	427	966
512	384	1023	509	428	966
576	384	1023	567	429	965
640	384	1023	627	430	965
704	384	1023	683	431	965
768	384	1023	741	432	964
832	384	1023	805	432	963
896	384	1023	863	434	963
960	384	1023	923	435	963
1023	384	1023	981	436	963
0	448	1023	160	479	974
64	448	1023	167	480	974
128	448	1023	194	480	973
192	448	1023	236	481	971
256	448	1023	283	481	970
320	448	1023	340	482	968
384	448	1023	398	482	967
448	448	1023	455	483	967
512	448	1023	511	484	966
576	448	1023	569	484	966
640	448	1023	628	485	965
704	448	1023	685	486	965
768	448	1023	742	486	964
832	448	1023	805	487	963
896	448	1023	864	488	963
960	448	1023	924	489	963
1023	448	1023	982	490	964
0	512	1023	171	537	973
64	512	1023	179	537	973
128	512	1023	204	537	972
192	512	1023	242	538	971
256	512	1023	289	539	968
320	512	1023	344	539	967
384	512	1023	402	539	967
448	512	1023	458	540	967
512	512	1023	514	541	966
576	512	1023	572	541	965
640	512	1023	630	542	965
704	512	1023	686	543	965
768	512	1023	744	544	964
832	512	1023	806	544	964
896	512	1023	865	544	964
960	512	1023	925	546	964
1023	512	1023	984	548	964
0	576	1023	182	597	973
64	576	1023	190	597	973
128	576	1023	213	597	972
192	576	1023	250	598	971
256	576	1023	295	599	968
320	576	1023	350	599	967
384	576	1023	407	599	967
448	576	1023	461	600	967
512	576	1023	517	601	967
576	576	1023	575	601	966
640	576	1023	632	601	966
704	576	1023	688	602	965
768	576	1023	746	603	965
832	576	1023	808	603	964
896	576	1023	867	605	965
960	576	1023	927	605	965
1023	576	1023	985	606	965
0	640	1023	196	655	973
64	640	1023	202	656	973
128	640	1023	225	656	972
192	640	1023	259	657	971
256	640	1023	304	657	969
320	640	1023	356	658	968
384	640	1023	412	658	967
448	640	1023	466	659	967
512	640	1023	520	659	967
576	640	1023	578	659	966
640	640	1023	635	659	966
704	640	1023	691	660	966
768	640	1023	749	660	966
832	640	1023	811	661	965
896	640	1023	870	662	966
960	640	1023	929	663	965
1023	640	1023	987	664	965
0	704	1023	209	715	972
64	704	1023	215	715	972
128	704	1023	236	715	971
192	704	1023	269	716	970
256	704	1023	312	716	969
320	704	1023	363	716	968
384	704	1023	417	716	968
448	704	1023	470	717	968
512	704	1023	525	718	968
576	704	1023	582	718	968
640	704	1023	639	719	967
704	704	1023	694	720	967
768	704	1023	753	721	967
832	704	1023	813	720	967
896	704	1023	872	721	966
960	704	1023	932	722	967
1023	704	1023	989	723	967
0	768	1023	222	776	973
64	768	1023	228	776	973
128	768	1023	247	777	972
192	768	1023	279	778	971
256	768	1023	321	778	970
320	768	1023	371	778	970
384	768	1023	423	779	969
448	768	1023	475	779	969
512	768	1023	530	780	969
576	768	1023	587	780	968
640	768	1023	642	781	968
704	768	1023	698	782	968
768	768	1023	756	782	968
832	768	1023	817	783	968
896	768	1023	875	783	968
960	768	1023	935	784	967
1023	768	1023	992	785	968
0	832	1023	237	837	974
64	832	1023	242	837	973
128	832	1023	259	838	973
192	832	1023	290	838	971
256	832	1023	332	839	971
320	832	1023	380	839	971
384	832	1023	430	839	970
448	832	1023	481	840	970
512	832	1023	535	840	970
576	832	1023	592	841	969
640	832	1023	646	841	970
704	832	1023	702	842	969
768	832	1023	760	842	969
832	832	1023	820	843	969
896	832	1023	878	843	969
960	832	1023	937	844	968
1023	832	1023	994	844	968
0	896	1023	251	898	975
64	896	1023	256	898	975
128	896	1023	272	899	974
192	896	1023	302	899	972
256	896	1023	342	899	972
320	896	1023	389	899	972
384	896	1023	438	900	971
448	896	1023	488	900	971
512	896	1023	541	901	971
576	896	1023	598	901	971
640	896	1023	651	902	971
704	896	1023	707	903	970
768	896	1023	764	902	970
832	896	1023	823	903	970
896	896	1023	881	903	969
960	896	1023	940	904	969
1023	896	1023	997	905	970
0	960	1023	265	957	976
64	960	1023	270	958	975
128	960	1023	286	958	974
192	960	1023	315	958	974
256	960	1023	353	959	974
320	960	1023	399	959	973
384	960	1023	445	959	973
448	960	1023	495	959	972
512	960	1023	547	960	972
576	960	1023	603	960	972
640	960	1023	655	961	972
704	960	1023	710	961	971
768	960	1023	768	961	971
832	960	1023	827	962	971
896	960	1023	884	962	970
960	960	1023	943	963	970
1023	960	1023	1000	964	971
0	1023	1023	280	1017	977
64	1023	1023	284	1017	977
128	1023	1023	300	1017	975
192	1023	1023	328	1017	975
256	1023	1023	366	1018	975
320	1023	1023	409	1018	975
384	1023	1023	454	1019	975
448	1023	1023	503	1019	975
512	1023	1023	554	1019	974
576	1023	1023	609	1019	973
640	1023	1023	660	1019	973
704	1023	1023	715	1020	973
768	1023	1023	774	1020	973
832	1023	1023	831	1020	972
896	1023	1023	888	1021	972
960	1023	1023	947	1022	972
1023	1023	1023	1004	1023	973
