0	0	0	0	0	0
64	0	0	63	0	0
128	0	0	125	0	0
192	0	0	188	23	0
256	0	0	251	23	0
320	0	0	314	32	0
384	0	0	377	48	0
448	0	0	438	53	0
512	0	0	497	60	0
576	0	0	556	66	0
640	0	0	618	72	0
704	0	0	675	82	0
768	0	0	735	87	0
832	0	0	800	95	0
896	0	0	858	103	0
960	0	0	918	109	0
1023	0	0	978	116	0
0	64	0	0	63	0
64	64	0	66	63	0
128	64	0	125	63	0
192	64	0	189	66	0
256	64	0	251	66	0
320	64	0	314	69	0
384	64	0	377	72	0
448	64	0	438	80	0
512	64	0	497	85	0
576	64	0	556	89	0
640	64	0	618	93	0
704	64	0	675	97	0
768	64	0	735	104	0
832	64	0	800	109	0
896	64	0	858	117	0
960	64	0	919	123	0
1023	64	0	978	129	0
0	128	0	32	123	23
64	128	0	69	123	23
128	128	0	128	123	23
192	128	0	190	126	23
256	128	0	252	126	23
320	128	0	315	128	23
384	128	0	377	129	0
448	128	0	438	133	0
512	128	0	497	136	0
576	128	0	556	139	0
640	128	0	618	141	0
704	128	0	675	144	0
768	128	0	735	148	0
832	128	0	800	152	0
896	128	0	858	157	0
960	128	0	919	162	0
1023	128	0	978	166	0
0	192	0	48	187	32
64	192	0	77	187	32
128	192	0	132	187	32
192	192	0	193	188	32
256	192	0	253	188	23
320	192	0	316	189	23
384	192	0	378	190	23
448	192	0	438	193	23
512	192	0	497	195	23
576	192	0	556	198	23
640	192	0	618	198	23
704	192	0	675	200	23
768	192	0	734	203	23
832	192	0	799	206	23
896	192	0	858	210	23
960	192	0	919	213	23
1023	192	0	978	217	0
0	256	0	63	248	38
64	256	0	89	248	38
128	256	0	137	248	38
192	256	0	196	249	38
256	256	0	256	249	38
320	256	0	317	250	38
384	256	0	379	252	38
448	256	0	439	253	38
512	256	0	498	255	38
576	256	0	557	258	38
640	256	0	617	258	32
704	256	0	675	259	32
768	256	0	733	262	32
832	256	0	799	264	32
896	256	0	858	267	32
960	256	0	919	270	32
1023	256	0	979	272	32
0	320	0	82	310	48
64	320	0	101	310	48
128	320	0	145	311	48
192	320	0	201	311	48
256	320	0	259	312	48
320	320	0	319	313	48
384	320	0	381	314	48
448	320	0	441	315	48
512	320	0	499	317	44
576	320	0	557	319	44
640	320	0	618	319	44
704	320	0	675	321	44
768	320	0	733	322	44
832	320	0	799	325	44
896	320	0	859	327	44
960	320	0	919	329	44
1023	320	0	979	331	44
0	384	0	99	373	60
64	384	0	113	373	60
128	384	0	155	374	60
192	384	0	206	374	57
256	384	0	263	376	57
320	384	0	323	377	57
384	384	0	384	378	57
448	384	0	443	379	57
512	384	0	501	380	57
576	384	0	559	381	57
640	384	0	619	382	57
704	384	0	676	383	57
768	384	0	735	385	53
832	384	0	800	386	53
896	384	0	860	388	53
960	384	0	920	390	53
1023	384	0	979	392	53
0	448	0	114	434	69
64	448	0	128	434	69
128	448	0	164	434	69
192	448	0	214	435	69
256	448	0	269	436	69
320	448	0	327	437	69
384	448	0	387	438	69
448	448	0	446	439	69
512	448	0	503	440	69
576	448	0	561	440	69
640	448	0	621	442	66
704	448	0	678	443	63
768	448	0	736	444	66
832	448	0	801	445	63
896	448	0	861	447	63
960	448	0	920	447	63
1023	448	0	979	449	63
0	512	0	132	494	77
64	512	0	142	494	77
128	512	0	176	495	77
192	512	0	222	495	77
256	512	0	275	496	77
320	512	0	333	497	77
384	512	0	392	497	77
448	512	0	449	499	77
512	512	0	506	499	77
576	512	0	564	500	77
640	512	0	623	501	77
704	512	0	680	502	77
768	512	0	738	504	77
832	512	0	803	504	77
896	512	0	862	506	75
960	512	0	921	506	75
1023	512	0	980	507	75
0	576	0	149	556	87
64	576	0	158	556	87
128	576	0	188	556	87
192	576	0	232	557	87
256	576	0	283	558	87
320	576	0	339	559	87
384	576	0	397	560	87
448	576	0	453	560	87
512	576	0	509	561	87
576	576	0	567	561	87
640	576	0	626	562	87
704	576	0	683	564	87
768	576	0	740	564	87
832	576	0	804	565	85
896	576	0	863	566	85
960	576	0	923	567	85
1023	576	0	982	569	85
0	640	0	164	617	99
64	640	0	174	617	99
128	640	0	201	617	99
192	640	0	242	618	99
256	640	0	291	619	97
320	640	0	345	620	97
384	640	0	402	620	97
448	640	0	457	620	95
512	640	0	513	621	95
576	640	0	570	622	95
640	640	0	629	623	95
704	640	0	685	623	95
768	640	0	741	623	95
832	640	0	805	624	95
896	640	0	863	625	95
960	640	0	924	626	95
1023	640	0	983	628	93
0	704	0	182	676	108
64	704	0	190	676	108
128	704	0	215	677	108
192	704	0	253	678	108
256	704	0	300	679	108
320	704	0	353	679	108
384	704	0	409	679	108
448	704	0	462	680	108
512	704	0	518	680	106
576	704	0	574	680	106
640	704	0	631	680	104
704	704	0	686	680	104
768	704	0	744	682	104
832	704	0	807	683	104
896	704	0	865	683	104
960	704	0	926	686	106
1023	704	0	984	686	104
0	768	0	198	738	117
64	768	0	205	738	117
128	768	0	228	738	117
192	768	0	263	739	116
256	768	0	309	740	116
320	768	0	360	740	116
384	768	0	414	739	116
448	768	0	467	739	116
512	768	0	521	740	116
576	768	0	578	741	116
640	768	0	635	742	116
704	768	0	690	742	116
768	768	0	747	743	116
832	768	0	810	744	116
896	768	0	869	746	114
960	768	0	929	747	114
1023	768	0	986	748	114
0	832	0	214	801	128
64	832	0	221	801	128
128	832	0	242	801	128
192	832	0	275	802	128
256	832	0	319	803	125
320	832	0	368	803	125
384	832	0	421	803	125
448	832	0	473	804	125
512	832	0	527	804	125
576	832	0	584	805	125
640	832	0	639	806	125
704	832	0	694	806	125
768	832	0	752	808	125
832	832	0	814	809	125
896	832	0	872	809	125
960	832	0	932	811	125
1023	832	0	988	811	123
0	896	0	230	862	136
64	896	0	237	862	136
128	896	0	256	862	136
192	896	0	288	863	136
256	896	0	330	864	136
320	896	0	378	864	136
384	896	0	428	864	136
448	896	0	479	864	134
512	896	0	532	865	136
576	896	0	589	865	136
640	896	0	643	866	136
704	896	0	699	867	134
768	896	0	756	867	136
832	896	0	817	868	136
896	896	0	875	870	136
960	896	0	936	871	134
1023	896	0	990	870	133
0	960	0	247	923	147
64	960	0	253	923	147
128	960	0	270	923	147
192	960	0	301	924	147
256	960	0	341	924	145
320	960	0	388	924	145
384	960	0	437	924	145
448	960	0	486	924	145
512	960	0	538	925	145
576	960	0	594	925	144
640	960	0	648	926	144
704	960	0	703	927	144
768	960	0	760	927	144
832	960	0	821	928	144
896	960	0	878	929	144
960	960	0	937	928	144
1023	960	0	993	930	144
0	1023	0	263	982	157
64	1023	0	268	982	157
128	1023	0	285	982	156
192	1023	0	315	982	156
256	1023	0	353	982	156
320	1023	0	398	982	156
384	1023	0	444	982	156
448	1023	0	494	983	156
512	1023	0	546	983	155
576	1023	0	601	984	155
640	1023	0	654	984	155
704	1023	0	708	985	153
768	1023	0	764	983	153
832	1023	0	823	984	153
896	1023	0	881	985	153
960	1023	0	940	986	155
1023	1023	0	996	988	153
0	0	64	0	0	60
64	0	64	63	0	60
128	0	64	125	23	60
192	0	64	188	23	60
256	0	64	251	32	60
320	0	64	314	38	60
384	0	64	376	48	60
448	0	64	437	53	60
512	0	64	496	60	60
576	0	64	556	66	60
640	0	64	618	72	60
704	0	64	675	82	60
768	0	64	735	89	57
832	0	64	800	95	57
896	0	64	858	103	57
960	0	64	918	109	57
1023	0	64	977	116	57
0	64	64	23	63	60
64	64	64	66	63	60
128	64	64	125	63	60
192	64	64	189	66	60
256	64	64	251	69	60
320	64	64	314	72	60
384	64	64	377	75	60
448	64	64	438	80	60
512	64	64	496	85	60
576	64	64	556	89	60
640	64	64	618	93	60
704	64	64	675	99	60
768	64	64	735	106	60
832	64	64	800	111	57
896	64	64	858	117	57
960	64	64	918	123	57
1023	64	64	977	129	57
0	128	64	32	123	66
64	128	64	69	123	66
128	128	64	128	123	63
192	128	64	190	126	63
256	128	64	252	128	63
320	128	64	314	129	63
384	128	64	377	130	63
448	128	64	438	133	60
512	128	64	497	136	60
576	128	64	556	139	60
640	128	64	618	142	60
704	128	64	675	145	60
768	128	64	735	149	60
832	128	64	799	153	60
896	128	64	858	157	60
960	128	64	918	162	60
1023	128	64	978	166	60
0	192	64	48	187	69
64	192	64	77	187	69
128	192	64	132	187	69
192	192	64	193	188	66
256	192	64	253	189	66
320	192	64	316	189	63
384	192	64	378	192	63
448	192	64	438	193	63
512	192	64	497	195	63
576	192	64	556	198	63
640	192	64	618	198	63
704	192	64	675	202	63
768	192	64	734	203	63
832	192	64	799	207	63
896	192	64	858	210	63
960	192	64	919	213	63
1023	192	64	978	217	60
0	256	64	63	248	72
64	256	64	89	248	72
128	256	64	137	248	72
192	256	64	196	249	69
256	256	64	255	250	69
320	256	64	317	251	69
384	256	64	379	252	69
448	256	64	439	253	69
512	256	64	497	255	69
576	256	64	557	258	69
640	256	64	617	258	69
704	256	64	674	260	66
768	256	64	733	262	66
832	256	64	799	265	66
896	256	64	858	267	66
960	256	64	919	270	66
1023	256	64	978	272	66
0	320	64	82	310	77
64	320	64	101	311	77
128	320	64	144	311	77
192	320	64	201	312	77
256	320	64	259	313	77
320	320	64	319	314	77
384	320	64	381	315	75
448	320	64	441	316	77
512	320	64	498	317	77
576	320	64	557	319	75
640	320	64	617	319	72
704	320	64	675	321	72
768	320	64	733	323	75
832	320	64	799	325	72
896	320	64	859	327	75
960	320	64	919	329	72
1023	320	64	979	331	72
0	384	64	99	374	82
64	384	64	113	374	82
128	384	64	155	374	82
192	384	64	206	375	82
256	384	64	263	376	82
320	384	64	323	377	82
384	384	64	384	378	82
448	384	64	443	379	82
512	384	64	501	380	82
576	384	64	559	381	82
640	384	64	619	382	82
704	384	64	676	384	80
768	384	64	734	385	80
832	384	64	800	386	77
896	384	64	859	389	80
960	384	64	920	390	77
1023	384	64	979	393	77
0	448	64	114	434	89
64	448	64	128	434	89
128	448	64	164	434	89
192	448	64	213	436	89
256	448	64	269	436	89
320	448	64	327	437	89
384	448	64	387	438	89
448	448	64	446	439	89
512	448	64	503	440	89
576	448	64	561	441	89
640	448	64	621	442	89
704	448	64	678	443	87
768	448	64	736	444	87
832	448	64	801	446	87
896	448	64	860	447	87
960	448	64	920	448	85
1023	448	64	979	449	87
0	512	64	132	494	97
64	512	64	142	494	97
128	512	64	176	495	95
192	512	64	222	496	95
256	512	64	275	497	95
320	512	64	332	497	95
384	512	64	392	498	95
448	512	64	449	499	95
512	512	64	506	500	95
576	512	64	564	500	95
640	512	64	623	501	95
704	512	64	680	502	95
768	512	64	738	504	95
832	512	64	803	505	95
896	512	64	862	506	93
960	512	64	921	506	93
1023	512	64	980	508	93
0	576	64	149	556	104
64	576	64	158	556	104
128	576	64	188	557	104
192	576	64	232	557	104
256	576	64	282	558	103
320	576	64	339	559	103
384	576	64	397	560	103
448	576	64	453	560	103
512	576	64	509	561	103
576	576	64	567	561	103
640	576	64	626	562	103
704	576	64	683	564	103
768	576	64	739	565	103
832	576	64	804	565	101
896	576	64	862	566	101
960	576	64	922	567	101
1023	576	64	982	569	101
0	640	64	164	617	113
64	640	64	174	617	113
128	640	64	201	617	113
192	640	64	242	618	113
256	640	64	291	619	113
320	640	64	345	620	113
384	640	64	402	620	113
448	640	64	457	620	113
512	640	64	513	621	111
576	640	64	570	622	111
640	640	64	629	623	109
704	640	64	685	623	109
768	640	64	740	623	109
832	640	64	805	624	109
896	640	64	863	625	109
960	640	64	924	626	109
1023	640	64	983	628	109
0	704	64	182	676	120
64	704	64	190	676	120
128	704	64	215	677	120
192	704	64	253	678	120
256	704	64	300	679	120
320	704	64	353	679	120
384	704	64	409	679	120
448	704	64	462	680	120
512	704	64	517	680	119
576	704	64	574	680	119
640	704	64	631	680	119
704	704	64	686	681	117
768	704	64	744	683	119
832	704	64	807	683	119
896	704	64	865	684	119
960	704	64	926	686	119
1023	704	64	983	686	119
0	768	64	198	738	129
64	768	64	205	738	129
128	768	64	228	739	129
192	768	64	263	739	129
256	768	64	309	740	129
320	768	64	360	740	128
384	768	64	414	739	128
448	768	64	467	739	128
512	768	64	521	740	128
576	768	64	578	741	128
640	768	64	635	742	128
704	768	64	690	743	128
768	768	64	747	743	128
832	768	64	810	744	128
896	768	64	869	746	128
960	768	64	928	747	126
1023	768	64	986	748	126
0	832	64	214	801	138
64	832	64	220	801	138
128	832	64	242	802	138
192	832	64	275	802	138
256	832	64	318	803	138
320	832	64	368	803	138
384	832	64	421	804	137
448	832	64	473	804	136
512	832	64	526	804	136
576	832	64	583	805	136
640	832	64	639	806	136
704	832	64	694	807	136
768	832	64	752	808	136
832	832	64	814	809	137
896	832	64	872	810	137
960	832	64	932	811	136
1023	832	64	988	812	134
0	896	64	230	862	145
64	896	64	237	862	145
128	896	64	256	863	145
192	896	64	288	864	145
256	896	64	329	864	145
320	896	64	378	864	145
384	896	64	428	864	145
448	896	64	479	864	145
512	896	64	532	865	145
576	896	64	588	865	145
640	896	64	643	866	145
704	896	64	699	867	145
768	896	64	755	867	145
832	896	64	817	868	145
896	896	64	875	870	145
960	896	64	935	871	144
1023	896	64	990	870	144
0	960	64	247	923	156
64	960	64	252	923	156
128	960	64	270	924	156
192	960	64	301	924	156
256	960	64	341	924	156
320	960	64	388	925	156
384	960	64	437	925	155
448	960	64	486	925	155
512	960	64	538	925	155
576	960	64	594	925	155
640	960	64	648	926	153
704	960	64	703	927	153
768	960	64	760	927	155
832	960	64	821	929	155
896	960	64	878	929	153
960	960	64	937	929	153
1023	960	64	993	930	153
0	1023	64	263	982	165
64	1023	64	269	982	165
128	1023	64	285	983	165
192	1023	64	315	983	164
256	1023	64	353	983	164
320	1023	64	398	982	164
384	1023	64	444	982	164
448	1023	64	494	983	164
512	1023	64	545	984	164
576	1023	64	601	984	163
640	1023	64	654	984	163
704	1023	64	708	985	163
768	1023	64	764	984	163
832	1023	64	823	984	163
896	1023	64	881	986	163
960	1023	64	940	987	163
1023	1023	64	996	988	163
0	0	128	0	23	122
64	0	128	66	23	122
128	0	128	125	23	122
192	0	128	189	32	122
256	0	128	251	38	122
320	0	128	313	38	122
384	0	128	377	53	122
448	0	128	437	57	122
512	0	128	496	63	122
576	0	128	555	69	122
640	0	128	618	77	122
704	0	128	675	85	120
768	0	128	734	89	120
832	0	128	799	97	120
896	0	128	857	104	120
960	0	128	918	111	120
1023	0	128	977	119	120
0	64	128	23	66	122
64	64	128	66	66	122
128	64	128	126	66	122
192	64	128	189	69	122
256	64	128	251	69	122
320	64	128	314	72	122
384	64	128	376	77	122
448	64	128	437	82	122
512	64	128	496	87	122
576	64	128	555	91	122
640	64	128	618	95	122
704	64	128	675	103	122
768	64	128	734	106	120
832	64	128	799	113	120
896	64	128	857	119	120
960	64	128	918	125	120
1023	64	128	977	132	120
0	128	128	32	125	123
64	128	128	72	125	123
128	128	128	128	126	123
192	128	128	191	128	123
256	128	128	252	128	123
320	128	128	314	129	123
384	128	128	377	133	122
448	128	128	438	134	122
512	128	128	496	137	122
576	128	128	555	141	122
640	128	128	617	143	122
704	128	128	675	147	122
768	128	128	734	150	122
832	128	128	799	155	122
896	128	128	857	159	122
960	128	128	918	163	122
1023	128	128	977	168	120
0	192	128	48	188	125
64	192	128	80	188	125
128	192	128	132	188	123
192	192	128	193	189	123
256	192	128	253	189	123
320	192	128	315	191	123
384	192	128	378	192	123
448	192	128	438	193	123
512	192	128	497	196	123
576	192	128	556	198	123
640	192	128	617	200	123
704	192	128	674	202	123
768	192	128	733	205	123
832	192	128	798	208	123
896	192	128	857	211	123
960	192	128	918	215	123
1023	192	128	977	218	122
0	256	128	66	249	128
64	256	128	89	249	126
128	256	128	138	249	126
192	256	128	196	250	126
256	256	128	256	250	126
320	256	128	317	252	126
384	256	128	379	253	126
448	256	128	439	254	126
512	256	128	497	256	126
576	256	128	556	259	126
640	256	128	617	259	125
704	256	128	674	261	125
768	256	128	733	263	125
832	256	128	798	266	125
896	256	128	857	268	125
960	256	128	918	271	125
1023	256	128	978	274	125
0	320	128	85	311	130
64	320	128	101	312	130
128	320	128	144	312	130
192	320	128	201	313	130
256	320	128	258	314	129
320	320	128	319	315	129
384	320	128	381	316	129
448	320	128	440	317	128
512	320	128	498	318	128
576	320	128	557	320	128
640	320	128	617	320	128
704	320	128	674	322	128
768	320	128	733	324	128
832	320	128	798	326	128
896	320	128	858	328	128
960	320	128	918	330	128
1023	320	128	978	333	128
0	384	128	99	375	133
64	384	128	113	375	133
128	384	128	155	375	133
192	384	128	207	376	133
256	384	128	263	377	133
320	384	128	322	378	132
384	384	128	384	379	132
448	384	128	443	380	132
512	384	128	500	381	132
576	384	128	558	382	132
640	384	128	619	383	132
704	384	128	676	384	132
768	384	128	734	386	130
832	384	128	799	388	130
896	384	128	859	389	130
960	384	128	919	391	130
1023	384	128	978	393	130
0	448	128	114	435	137
64	448	128	129	435	137
128	448	128	164	436	137
192	448	128	214	437	137
256	448	128	269	437	137
320	448	128	327	438	137
384	448	128	387	439	136
448	448	128	445	440	136
512	448	128	502	441	136
576	448	128	560	442	137
640	448	128	620	443	134
704	448	128	677	444	134
768	448	128	735	445	134
832	448	128	800	446	134
896	448	128	860	448	134
960	448	128	919	449	134
1023	448	128	978	451	134
0	512	128	132	495	142
64	512	128	143	495	142
128	512	128	175	496	142
192	512	128	223	496	141
256	512	128	275	497	141
320	512	128	332	498	141
384	512	128	392	499	141
448	512	128	449	500	141
512	512	128	506	500	141
576	512	128	563	501	141
640	512	128	623	502	139
704	512	128	679	503	139
768	512	128	737	505	141
832	512	128	802	506	139
896	512	128	861	507	139
960	512	128	920	507	139
1023	512	128	979	508	138
0	576	128	148	557	147
64	576	128	158	557	147
128	576	128	188	557	147
192	576	128	231	558	147
256	576	128	282	559	147
320	576	128	338	560	145
384	576	128	397	561	145
448	576	128	453	561	145
512	576	128	509	562	145
576	576	128	566	562	145
640	576	128	625	563	145
704	576	128	682	565	145
768	576	128	739	565	145
832	576	128	803	566	144
896	576	128	862	567	144
960	576	128	922	568	144
1023	576	128	980	570	144
0	640	128	165	618	152
64	640	128	173	618	152
128	640	128	201	618	152
192	640	128	242	619	152
256	640	128	290	620	152
320	640	128	345	621	151
384	640	128	402	621	150
448	640	128	457	621	150
512	640	128	512	622	150
576	640	128	570	623	150
640	640	128	628	624	150
704	640	128	684	624	150
768	640	128	740	624	150
832	640	128	804	625	150
896	640	128	862	626	150
960	640	128	923	627	150
1023	640	128	982	629	149
0	704	128	182	677	159
64	704	128	189	677	159
128	704	128	215	678	159
192	704	128	252	679	158
256	704	128	300	680	158
320	704	128	352	680	158
384	704	128	408	680	158
448	704	128	462	681	157
512	704	128	517	682	157
576	704	128	574	682	157
640	704	128	630	681	156
704	704	128	686	682	156
768	704	128	743	683	156
832	704	128	807	684	156
896	704	128	865	685	157
960	704	128	925	687	157
1023	704	128	982	687	156
0	768	128	198	739	164
64	768	128	206	739	164
128	768	128	228	740	164
192	768	128	263	740	164
256	768	128	308	741	164
320	768	128	360	741	163
384	768	128	414	740	163
448	768	128	467	741	163
512	768	128	520	741	163
576	768	128	578	742	163
640	768	128	634	743	163
704	768	128	690	744	163
768	768	128	746	744	163
832	768	128	809	745	163
896	768	128	868	747	162
960	768	128	928	748	162
1023	768	128	985	750	162
0	832	128	215	802	172
64	832	128	221	802	172
128	832	128	241	803	171
192	832	128	275	803	170
256	832	128	318	804	170
320	832	128	368	804	170
384	832	128	421	805	170
448	832	128	472	805	169
512	832	128	526	805	169
576	832	128	583	806	169
640	832	128	638	807	169
704	832	128	694	808	169
768	832	128	751	809	169
832	832	128	813	810	169
896	832	128	871	811	169
960	832	128	932	812	169
1023	832	128	987	813	169
0	896	128	231	863	178
64	896	128	236	863	178
128	896	128	256	864	178
192	896	128	287	865	177
256	896	128	329	865	177
320	896	128	378	865	177
384	896	128	428	865	177
448	896	128	479	865	177
512	896	128	532	866	177
576	896	128	588	867	177
640	896	128	643	867	177
704	896	128	698	868	177
768	896	128	755	869	177
832	896	128	816	869	177
896	896	128	874	871	176
960	896	128	935	872	176
1023	896	128	989	871	175
0	960	128	247	924	187
64	960	128	252	924	187
128	960	128	270	925	187
192	960	128	300	925	186
256	960	128	341	925	186
320	960	128	388	925	186
384	960	128	436	925	185
448	960	128	485	925	185
512	960	128	538	926	185
576	960	128	593	926	184
640	960	128	647	927	184
704	960	128	702	928	184
768	960	128	760	928	185
832	960	128	820	930	185
896	960	128	877	930	184
960	960	128	936	930	184
1023	960	128	992	931	184
0	1023	128	263	983	193
64	1023	128	268	983	193
128	1023	128	284	983	193
192	1023	128	314	983	193
256	1023	128	352	983	193
320	1023	128	397	983	193
384	1023	128	444	983	193
448	1023	128	493	984	193
512	1023	128	545	985	192
576	1023	128	600	985	192
640	1023	128	653	985	192
704	1023	128	707	986	192
768	1023	128	763	985	192
832	1023	128	822	985	192
896	1023	128	880	987	192
960	1023	128	940	988	192
1023	1023	128	995	989	192
0	0	192	23	38	184
64	0	192	66	38	183
128	0	192	126	38	183
192	0	192	188	38	183
256	0	192	251	44	183
320	0	192	313	48	182
384	0	192	376	57	182
448	0	192	437	63	182
512	0	192	495	66	182
576	0	192	554	72	183
640	0	192	617	82	183
704	0	192	674	87	183
768	0	192	733	93	183
832	0	192	798	101	182
896	0	192	857	108	182
960	0	192	916	114	182
1023	0	192	976	120	182
0	64	192	23	72	184
64	64	192	69	72	184
128	64	192	126	72	183
192	64	192	189	72	183
256	64	192	251	75	183
320	64	192	313	77	182
384	64	192	376	82	182
448	64	192	437	87	182
512	64	192	495	89	182
576	64	192	554	93	183
640	64	192	617	101	183
704	64	192	674	104	183
768	64	192	733	109	183
832	64	192	798	116	183
896	64	192	856	122	182
960	64	192	916	128	182
1023	64	192	976	133	182
0	128	192	38	129	185
64	128	192	72	129	185
128	128	192	129	129	184
192	128	192	190	129	184
256	128	192	252	130	184
320	128	192	314	133	183
384	128	192	376	134	183
448	128	192	437	137	183
512	128	192	495	139	183
576	128	192	555	142	184
640	128	192	617	145	183
704	128	192	673	149	183
768	128	192	733	152	183
832	128	192	798	157	183
896	128	192	856	161	183
960	128	192	916	165	183
1023	128	192	976	169	183
0	192	192	53	189	186
64	192	192	80	190	186
128	192	192	133	190	186
192	192	192	193	190	185
256	192	192	253	192	185
320	192	192	315	193	184
384	192	192	378	194	184
448	192	192	438	195	184
512	192	192	496	198	183
576	192	192	555	200	184
640	192	192	616	202	184
704	192	192	673	204	184
768	192	192	732	207	184
832	192	192	797	210	184
896	192	192	856	212	184
960	192	192	917	216	184
1023	192	192	976	220	184
0	256	192	66	251	187
64	256	192	91	251	187
128	256	192	138	251	187
192	256	192	197	252	186
256	256	192	255	253	186
320	256	192	317	254	185
384	256	192	378	255	185
448	256	192	438	256	185
512	256	192	496	258	185
576	256	192	555	260	186
640	256	192	616	261	186
704	256	192	673	263	186
768	256	192	732	265	185
832	256	192	797	267	185
896	256	192	856	270	185
960	256	192	917	272	185
1023	256	192	977	275	185
0	320	192	85	313	189
64	320	192	101	313	188
128	320	192	145	314	188
192	320	192	201	314	188
256	320	192	258	315	188
320	320	192	319	316	188
384	320	192	381	317	188
448	320	192	440	318	188
512	320	192	497	320	188
576	320	192	556	322	188
640	320	192	616	322	188
704	320	192	673	324	187
768	320	192	732	326	187
832	320	192	797	327	187
896	320	192	857	330	187
960	320	192	917	331	187
1023	320	192	977	334	187
0	384	192	101	376	191
64	384	192	114	376	191
128	384	192	155	377	191
192	384	192	206	378	191
256	384	192	263	379	190
320	384	192	322	380	189
384	384	192	384	381	189
448	384	192	442	381	189
512	384	192	499	382	189
576	384	192	557	384	189
640	384	192	618	385	189
704	384	192	675	386	189
768	384	192	732	388	189
832	384	192	798	389	189
896	384	192	857	391	188
960	384	192	917	393	188
1023	384	192	977	395	188
0	448	192	116	437	193
64	448	192	129	437	193
128	448	192	165	438	193
192	448	192	214	438	193
256	448	192	269	439	193
320	448	192	327	440	193
384	448	192	387	441	193
448	448	192	445	442	193
512	448	192	502	443	193
576	448	192	560	443	193
640	448	192	620	444	193
704	448	192	676	446	192
768	448	192	734	447	191
832	448	192	799	448	192
896	448	192	858	449	192
960	448	192	917	450	191
1023	448	192	977	452	191
0	512	192	133	497	197
64	512	192	143	497	197
128	512	192	176	498	197
192	512	192	222	498	196
256	512	192	275	499	196
320	512	192	332	500	195
384	512	192	391	500	195
448	512	192	448	501	195
512	512	192	505	502	195
576	512	192	562	503	195
640	512	192	622	504	195
704	512	192	678	505	195
768	512	192	736	506	195
832	512	192	801	507	195
896	512	192	860	509	195
960	512	192	918	509	194
1023	512	192	977	510	194
0	576	192	149	559	200
64	576	192	158	559	200
128	576	192	188	559	200
192	576	192	231	560	200
256	576	192	281	561	200
320	576	192	338	561	199
384	576	192	396	562	198
448	576	192	452	563	198
512	576	192	508	563	198
576	576	192	566	564	198
640	576	192	624	565	198
704	576	192	681	566	198
768	576	192	738	567	199
832	576	192	802	568	199
896	576	192	861	569	198
960	576	192	920	570	198
1023	576	192	979	571	198
0	640	192	165	619	205
64	640	192	173	619	205
128	640	192	201	620	204
192	640	192	241	621	204
256	640	192	290	622	204
320	640	192	344	622	203
384	640	192	401	623	203
448	640	192	456	623	203
512	640	192	512	624	203
576	640	192	569	625	203
640	640	192	628	626	202
704	640	192	683	626	202
768	640	192	739	626	202
832	640	192	803	627	202
896	640	192	861	628	202
960	640	192	921	629	202
1023	640	192	980	630	202
0	704	192	182	679	209
64	704	192	190	679	209
128	704	192	214	679	209
192	704	192	252	680	209
256	704	192	299	681	207
320	704	192	352	682	207
384	704	192	408	682	208
448	704	192	461	683	207
512	704	192	516	683	207
576	704	192	573	683	207
640	704	192	629	683	207
704	704	192	685	684	206
768	704	192	742	685	206
832	704	192	806	686	206
896	704	192	864	687	206
960	704	192	924	689	206
1023	704	192	981	689	206
0	768	192	198	741	213
64	768	192	205	741	213
128	768	192	228	741	213
192	768	192	263	742	213
256	768	192	308	743	212
320	768	192	359	742	212
384	768	192	413	742	212
448	768	192	466	743	212
512	768	192	520	743	212
576	768	192	577	744	211
640	768	192	633	745	211
704	768	192	689	745	211
768	768	192	745	746	211
832	768	192	808	747	211
896	768	192	867	749	212
960	768	192	926	750	212
1023	768	192	984	752	211
0	832	192	214	804	218
64	832	192	220	804	218
128	832	192	241	804	218
192	832	192	274	805	218
256	832	192	318	806	218
320	832	192	367	806	218
384	832	192	420	807	217
448	832	192	471	807	217
512	832	192	525	807	217
576	832	192	582	808	216
640	832	192	637	809	216
704	832	192	692	810	216
768	832	192	750	811	216
832	832	192	812	812	216
896	832	192	870	813	216
960	832	192	930	814	216
1023	832	192	986	814	216
0	896	192	230	865	223
64	896	192	236	865	223
128	896	192	255	865	223
192	896	192	287	866	223
256	896	192	329	867	223
320	896	192	377	867	223
384	896	192	427	867	221
448	896	192	478	867	221
512	896	192	531	868	221
576	896	192	587	868	221
640	896	192	642	869	221
704	896	192	697	870	222
768	896	192	754	871	222
832	896	192	815	871	221
896	896	192	873	873	222
960	896	192	933	874	222
1023	896	192	988	873	221
0	960	192	246	925	229
64	960	192	252	926	229
128	960	192	270	926	229
192	960	192	300	927	228
256	960	192	340	927	228
320	960	192	386	927	228
384	960	192	435	927	228
448	960	192	485	927	228
512	960	192	537	927	228
576	960	192	592	928	228
640	960	192	646	929	228
704	960	192	701	930	228
768	960	192	759	930	227
832	960	192	819	932	228
896	960	192	876	932	227
960	960	192	934	931	227
1023	960	192	990	933	227
0	1023	192	263	984	235
64	1023	192	267	984	235
128	1023	192	284	985	235
192	1023	192	313	985	234
256	1023	192	351	985	234
320	1023	192	397	985	234
384	1023	192	443	985	234
448	1023	192	492	985	234
512	1023	192	544	986	234
576	1023	192	599	987	234
640	1023	192	652	987	234
704	1023	192	706	988	233
768	1023	192	762	987	232
832	1023	192	821	987	232
896	1023	192	879	989	232
960	1023	192	938	990	233
1023	1023	192	994	991	233
0	0	256	32	48	243
64	0	256	66	48	243
128	0	256	128	48	243
192	0	256	189	53	243
256	0	256	251	53	243
320	0	256	313	60	243
384	0	256	376	66	243
448	0	256	436	69	243
512	0	256	494	75	243
576	0	256	553	82	243
640	0	256	615	87	243
704	0	256	672	91	243
768	0	256	731	99	243
832	0	256	796	106	243
896	0	256	855	113	243
960	0	256	915	119	243
1023	0	256	974	126	243
0	64	256	32	77	243
64	64	256	66	77	243
128	64	256	128	77	243
192	64	256	189	80	243
256	64	256	250	80	243
320	64	256	313	85	243
384	64	256	375	87	243
448	64	256	436	91	243
512	64	256	494	95	243
576	64	256	553	101	243
640	64	256	615	104	243
704	64	256	672	108	243
768	64	256	731	114	243
832	64	256	796	119	243
896	64	256	855	126	243
960	64	256	915	132	243
1023	64	256	974	138	243
0	128	256	44	132	244
64	128	256	75	132	244
128	128	256	130	132	244
192	128	256	190	133	243
256	128	256	252	134	243
320	128	256	314	136	243
384	128	256	376	138	243
448	128	256	436	141	243
512	128	256	494	143	243
576	128	256	553	147	243
640	128	256	615	149	243
704	128	256	672	151	243
768	128	256	731	156	243
832	128	256	796	160	243
896	128	256	855	164	244
960	128	256	915	169	244
1023	128	256	974	173	243
0	192	256	57	193	245
64	192	256	82	193	244
128	192	256	134	193	244
192	192	256	193	193	244
256	192	256	253	194	244
320	192	256	315	196	243
384	192	256	377	197	243
448	192	256	437	199	243
512	192	256	494	200	243
576	192	256	554	202	244
640	192	256	615	205	244
704	192	256	672	207	244
768	192	256	730	210	244
832	192	256	796	212	244
896	192	256	854	216	245
960	192	256	915	219	244
1023	192	256	974	223	244
0	256	256	69	253	246
64	256	256	91	253	246
128	256	256	139	253	246
192	256	256	196	255	246
256	256	256	255	255	245
320	256	256	316	256	245
384	256	256	378	258	245
448	256	256	437	259	245
512	256	256	495	261	245
576	256	256	554	263	244
640	256	256	614	263	245
704	256	256	671	265	245
768	256	256	730	268	245
832	256	256	795	270	245
896	256	256	854	272	245
960	256	256	915	275	245
1023	256	256	975	278	245
0	320	256	87	316	248
64	320	256	103	316	248
128	320	256	147	316	248
192	320	256	200	317	248
256	320	256	258	318	247
320	320	256	318	319	247
384	320	256	380	320	247
448	320	256	439	321	246
512	320	256	497	322	247
576	320	256	555	324	246
640	320	256	615	325	246
704	320	256	672	327	246
768	320	256	730	328	247
832	320	256	795	331	247
896	320	256	854	332	247
960	320	256	915	334	247
1023	320	256	975	337	247
0	384	256	103	379	250
64	384	256	116	379	250
128	384	256	155	379	250
192	384	256	206	380	250
256	384	256	262	381	250
320	384	256	322	382	248
384	384	256	383	383	248
448	384	256	441	384	248
512	384	256	498	385	248
576	384	256	556	386	248
640	384	256	616	387	248
704	384	256	673	389	248
768	384	256	730	390	248
832	384	256	796	392	248
896	384	256	855	394	248
960	384	256	915	395	248
1023	384	256	974	397	248
0	448	256	117	439	252
64	448	256	129	439	252
128	448	256	165	440	252
192	448	256	214	441	252
256	448	256	268	442	252
320	448	256	326	443	251
384	448	256	386	443	251
448	448	256	444	444	250
512	448	256	501	445	250
576	448	256	559	446	250
640	448	256	618	447	250
704	448	256	674	448	250
768	448	256	732	449	250
832	448	256	797	451	250
896	448	256	856	452	250
960	448	256	915	452	250
1023	448	256	975	454	250
0	512	256	133	500	255
64	512	256	144	500	255
128	512	256	177	500	255
192	512	256	222	501	254
256	512	256	275	502	254
320	512	256	331	502	253
384	512	256	390	503	253
448	512	256	447	504	253
512	512	256	504	504	253
576	512	256	561	505	253
640	512	256	620	506	253
704	512	256	676	507	252
768	512	256	734	509	253
832	512	256	799	510	252
896	512	256	858	511	252
960	512	256	916	511	252
1023	512	256	975	512	252
0	576	256	149	561	257
64	576	256	159	561	257
128	576	256	188	562	257
192	576	256	231	562	257
256	576	256	281	563	257
320	576	256	337	564	256
384	576	256	395	564	255
448	576	256	451	565	255
512	576	256	507	566	255
576	576	256	564	566	255
640	576	256	623	567	255
704	576	256	679	568	255
768	576	256	736	570	255
832	576	256	801	571	255
896	576	256	859	572	255
960	576	256	918	572	255
1023	576	256	976	573	255
0	640	256	165	622	261
64	640	256	173	622	261
128	640	256	201	622	261
192	640	256	241	623	261
256	640	256	289	624	259
320	640	256	343	625	259
384	640	256	400	625	259
448	640	256	455	626	258
512	640	256	511	627	258
576	640	256	568	628	258
640	640	256	626	628	258
704	640	256	681	628	258
768	640	256	738	629	258
832	640	256	802	630	258
896	640	256	859	630	258
960	640	256	919	632	258
1023	640	256	978	633	257
0	704	256	181	681	264
64	704	256	189	681	264
128	704	256	213	681	264
192	704	256	252	682	263
256	704	256	298	683	262
320	704	256	351	684	262
384	704	256	407	685	262
448	704	256	460	685	262
512	704	256	515	686	262
576	704	256	572	686	262
640	704	256	628	686	261
704	704	256	684	687	261
768	704	256	740	688	261
832	704	256	804	689	261
896	704	256	862	690	261
960	704	256	922	691	261
1023	704	256	978	692	261
0	768	256	198	743	266
64	768	256	205	743	266
128	768	256	228	743	266
192	768	256	262	744	266
256	768	256	308	745	266
320	768	256	358	745	265
384	768	256	412	745	265
448	768	256	465	745	265
512	768	256	519	746	265
576	768	256	575	747	265
640	768	256	632	747	265
704	768	256	687	749	265
768	768	256	743	749	265
832	768	256	806	750	264
896	768	256	864	752	265
960	768	256	924	753	265
1023	768	256	982	755	265
0	832	256	214	806	271
64	832	256	220	806	271
128	832	256	240	807	271
192	832	256	273	807	271
256	832	256	317	808	269
320	832	256	366	809	269
384	832	256	419	809	269
448	832	256	470	810	269
512	832	256	524	810	269
576	832	256	580	811	269
640	832	256	636	811	269
704	832	256	691	812	269
768	832	256	748	814	269
832	832	256	810	815	269
896	832	256	868	816	269
960	832	256	928	817	269
1023	832	256	984	817	269
0	896	256	230	867	275
64	896	256	236	867	275
128	896	256	255	867	275
192	896	256	285	868	275
256	896	256	328	869	274
320	896	256	376	869	274
384	896	256	426	869	273
448	896	256	477	870	273
512	896	256	530	871	273
576	896	256	586	871	273
640	896	256	640	872	273
704	896	256	695	873	273
768	896	256	752	874	273
832	896	256	813	874	273
896	896	256	871	876	272
960	896	256	931	877	272
1023	896	256	985	876	272
0	960	256	246	928	280
64	960	256	251	928	280
128	960	256	269	928	280
192	960	256	299	929	279
256	960	256	339	929	278
320	960	256	385	929	278
384	960	256	433	929	278
448	960	256	483	930	277
512	960	256	535	930	277
576	960	256	591	930	277
640	960	256	645	932	277
704	960	256	700	933	277
768	960	256	757	933	277
832	960	256	817	935	277
896	960	256	874	935	277
960	960	256	932	934	277
1023	960	256	988	935	277
0	1023	256	262	986	284
64	1023	256	267	987	284
128	1023	256	283	987	284
192	1023	256	312	987	283
256	1023	256	350	987	283
320	1023	256	395	987	283
384	1023	256	442	987	282
448	1023	256	491	987	282
512	1023	256	542	989	282
576	1023	256	598	990	282
640	1023	256	650	990	282
704	1023	256	704	991	282
768	1023	256	760	989	281
832	1023	256	819	990	281
896	1023	256	877	991	282
960	1023	256	936	993	282
1023	1023	256	991	994	281
0	0	320	38	60	307
64	0	320	69	60	307
128	0	320	129	60	307
192	0	320	189	63	306
256	0	320	250	69	305
320	0	320	312	72	304
384	0	320	375	75	304
448	0	320	435	77	304
512	0	320	493	85	304
576	0	320	552	89	304
640	0	320	613	95	304
704	0	320	671	101	304
768	0	320	729	108	305
832	0	320	794	113	304
896	0	320	853	117	305
960	0	320	913	125	305
1023	0	320	972	132	305
0	64	320	38	85	307
64	64	320	69	85	307
128	64	320	129	85	307
192	64	320	190	87	306
256	64	320	250	89	305
320	64	320	312	91	305
384	64	320	375	95	305
448	64	320	435	99	305
512	64	320	493	103	304
576	64	320	552	106	304
640	64	320	613	111	304
704	64	320	671	116	304
768	64	320	728	120	305
832	64	320	794	126	304
896	64	320	853	130	305
960	64	320	913	137	305
1023	64	320	972	143	305
0	128	320	48	137	307
64	128	320	75	137	307
128	128	320	132	137	307
192	128	320	191	138	306
256	128	320	252	138	305
320	128	320	313	141	305
384	128	320	375	143	305
448	128	320	435	145	305
512	128	320	493	148	304
576	128	320	552	151	305
640	128	320	613	153	305
704	128	320	670	158	305
768	128	320	729	160	305
832	128	320	794	165	304
896	128	320	853	168	305
960	128	320	913	173	305
1023	128	320	972	178	305
0	192	320	60	196	308
64	192	320	85	196	308
128	192	320	136	196	307
192	192	320	193	198	307
256	192	320	253	198	306
320	192	320	314	199	305
384	192	320	376	202	305
448	192	320	436	202	305
512	192	320	493	205	305
576	192	320	552	207	305
640	192	320	613	209	305
704	192	320	670	211	305
768	192	320	728	214	305
832	192	320	794	216	305
896	192	320	853	220	305
960	192	320	913	223	305
1023	192	320	972	227	306
0	256	320	72	256	308
64	256	320	93	256	308
128	256	320	139	256	308
192	256	320	196	258	307
256	256	320	255	259	307
320	256	320	316	259	306
384	256	320	377	261	306
448	256	320	437	262	306
512	256	320	494	263	306
576	256	320	553	266	306
640	256	320	613	267	306
704	256	320	670	269	306
768	256	320	728	271	306
832	256	320	793	274	306
896	256	320	852	276	306
960	256	320	912	279	306
1023	256	320	973	281	306
0	320	320	87	319	309
64	320	320	104	319	309
128	320	320	147	319	309
192	320	320	201	320	308
256	320	320	258	321	308
320	320	320	318	322	307
384	320	320	379	323	308
448	320	320	438	324	307
512	320	320	495	325	307
576	320	320	554	327	307
640	320	320	614	328	307
704	320	320	670	330	307
768	320	320	728	332	307
832	320	320	793	333	307
896	320	320	852	335	307
960	320	320	913	337	307
1023	320	320	973	340	307
0	384	320	104	382	311
64	384	320	117	382	311
128	384	320	155	382	311
192	384	320	207	384	310
256	384	320	262	384	309
320	384	320	322	385	308
384	384	320	382	386	308
448	384	320	441	388	308
512	384	320	497	388	308
576	384	320	555	389	308
640	384	320	615	390	308
704	384	320	671	392	308
768	384	320	729	393	308
832	384	320	794	394	308
896	384	320	853	397	308
960	384	320	913	398	308
1023	384	320	972	400	308
0	448	320	119	442	312
64	448	320	130	442	312
128	448	320	166	443	312
192	448	320	214	444	312
256	448	320	268	445	311
320	448	320	326	446	310
384	448	320	386	446	310
448	448	320	443	447	310
512	448	320	500	448	310
576	448	320	558	449	310
640	448	320	617	450	310
704	448	320	673	451	309
768	448	320	730	452	309
832	448	320	795	453	310
896	448	320	854	455	310
960	448	320	913	455	309
1023	448	320	972	457	309
0	512	320	134	502	315
64	512	320	144	502	315
128	512	320	177	503	315
192	512	320	222	503	314
256	512	320	274	505	313
320	512	320	331	505	312
384	512	320	390	506	312
448	512	320	446	506	312
512	512	320	503	507	312
576	512	320	561	508	311
640	512	320	619	509	311
704	512	320	675	509	311
768	512	320	733	511	312
832	512	320	797	512	312
896	512	320	856	514	312
960	512	320	914	514	311
1023	512	320	973	515	311
0	576	320	150	564	317
64	576	320	159	564	317
128	576	320	188	564	317
192	576	320	231	565	316
256	576	320	281	566	316
320	576	320	337	567	315
384	576	320	394	567	314
448	576	320	450	567	314
512	576	320	506	568	314
576	576	320	563	569	314
640	576	320	621	570	314
704	576	320	678	571	314
768	576	320	735	573	314
832	576	320	799	573	314
896	576	320	857	574	314
960	576	320	916	575	313
1023	576	320	974	576	313
0	640	320	165	624	318
64	640	320	174	624	318
128	640	320	201	625	318
192	640	320	240	626	318
256	640	320	289	627	317
320	640	320	343	627	317
384	640	320	400	628	317
448	640	320	454	629	317
512	640	320	510	629	317
576	640	320	567	630	317
640	640	320	625	631	317
704	640	320	680	631	316
768	640	320	737	632	316
832	640	320	800	633	316
896	640	320	858	633	316
960	640	320	918	634	316
1023	640	320	976	636	316
0	704	320	182	684	322
64	704	320	190	684	321
128	704	320	213	684	321
192	704	320	251	685	321
256	704	320	297	686	319
320	704	320	350	687	319
384	704	320	407	688	320
448	704	320	460	688	319
512	704	320	514	689	319
576	704	320	571	689	319
640	704	320	627	689	318
704	704	320	683	689	318
768	704	320	739	690	318
832	704	320	803	691	318
896	704	320	861	693	318
960	704	320	920	694	318
1023	704	320	977	695	318
0	768	320	198	745	324
64	768	320	205	745	324
128	768	320	228	746	324
192	768	320	262	747	323
256	768	320	307	748	322
320	768	320	358	748	322
384	768	320	412	748	322
448	768	320	464	748	322
512	768	320	518	749	322
576	768	320	575	750	322
640	768	320	631	750	321
704	768	320	687	751	321
768	768	320	742	752	321
832	768	320	805	753	321
896	768	320	863	754	321
960	768	320	923	755	322
1023	768	320	981	758	322
0	832	320	214	808	327
64	832	320	220	808	327
128	832	320	240	809	327
192	832	320	273	810	326
256	832	320	317	810	325
320	832	320	366	811	325
384	832	320	419	812	325
448	832	320	470	812	324
512	832	320	523	812	324
576	832	320	580	813	324
640	832	320	635	814	324
704	832	320	690	814	324
768	832	320	747	816	325
832	832	320	809	817	324
896	832	320	867	818	324
960	832	320	927	819	324
1023	832	320	983	820	325
0	896	320	230	869	330
64	896	320	235	869	330
128	896	320	255	869	330
192	896	320	285	870	329
256	896	320	327	871	328
320	896	320	376	871	328
384	896	320	425	872	328
448	896	320	476	872	328
512	896	320	529	873	328
576	896	320	585	874	328
640	896	320	640	874	328
704	896	320	695	875	328
768	896	320	752	876	328
832	896	320	812	876	327
896	896	320	870	878	328
960	896	320	930	879	328
1023	896	320	984	878	327
0	960	320	246	930	334
64	960	320	252	930	334
128	960	320	269	930	333
192	960	320	299	931	332
256	960	320	339	931	332
320	960	320	385	931	332
384	960	320	433	931	331
448	960	320	483	932	331
512	960	320	535	932	331
576	960	320	590	933	331
640	960	320	645	934	331
704	960	320	699	935	331
768	960	320	756	936	331
832	960	320	816	936	332
896	960	320	873	937	331
960	960	320	931	936	331
1023	960	320	988	938	331
0	1023	320	262	988	337
64	1023	320	267	988	337
128	1023	320	283	989	337
192	1023	320	312	989	336
256	1023	320	350	989	336
320	1023	320	395	989	336
384	1023	320	442	989	336
448	1023	320	490	989	335
512	1023	320	542	991	336
576	1023	320	597	992	335
640	1023	320	650	992	335
704	1023	320	704	992	335
768	1023	320	760	991	334
832	1023	320	819	993	335
896	1023	320	876	994	334
960	1023	320	936	995	335
1023	1023	320	991	996	334
0	0	384	44	72	366
64	0	384	72	72	366
128	0	384	130	72	366
192	0	384	190	77	365
256	0	384	251	80	365
320	0	384	312	82	365
384	0	384	375	85	364
448	0	384	436	89	365
512	0	384	494	93	364
576	0	384	552	97	365
640	0	384	614	103	365
704	0	384	671	108	365
768	0	384	729	114	365
832	0	384	795	119	365
896	0	384	854	125	365
960	0	384	914	130	365
1023	0	384	973	137	365
0	64	384	48	93	366
64	64	384	75	93	366
128	64	384	130	93	366
192	64	384	191	97	365
256	64	384	251	99	365
320	64	384	313	99	365
384	64	384	376	103	365
448	64	384	436	106	365
512	64	384	494	109	364
576	64	384	552	114	365
640	64	384	614	117	365
704	64	384	671	122	365
768	64	384	729	126	365
832	64	384	795	132	365
896	64	384	854	137	365
960	64	384	914	143	365
1023	64	384	974	148	366
0	128	384	53	142	366
64	128	384	77	142	366
128	128	384	133	142	366
192	128	384	192	143	366
256	128	384	252	145	365
320	128	384	313	145	365
384	128	384	376	149	365
448	128	384	436	150	365
512	128	384	494	153	365
576	128	384	552	156	365
640	128	384	614	159	365
704	128	384	671	162	365
768	128	384	729	165	365
832	128	384	795	169	365
896	128	384	854	173	365
960	128	384	914	178	365
1023	128	384	973	182	366
0	192	384	63	200	367
64	192	384	87	200	367
128	192	384	137	200	367
192	192	384	193	201	366
256	192	384	253	202	366
320	192	384	315	203	365
384	192	384	377	205	365
448	192	384	437	206	365
512	192	384	494	208	365
576	192	384	553	210	365
640	192	384	613	212	365
704	192	384	671	214	365
768	192	384	729	217	365
832	192	384	795	220	365
896	192	384	853	223	366
960	192	384	914	226	366
1023	192	384	973	230	366
0	256	384	77	259	368
64	256	384	97	259	368
128	256	384	141	259	368
192	256	384	198	261	368
256	256	384	255	262	367
320	256	384	317	263	365
384	256	384	378	264	365
448	256	384	438	265	365
512	256	384	495	267	366
576	256	384	553	269	365
640	256	384	613	270	366
704	256	384	670	272	366
768	256	384	728	274	366
832	256	384	794	276	366
896	256	384	853	279	366
960	256	384	913	281	366
1023	256	384	973	284	366
0	320	384	89	321	368
64	320	384	108	321	368
128	320	384	148	322	368
192	320	384	202	322	368
256	320	384	259	324	368
320	320	384	318	325	367
384	320	384	380	326	367
448	320	384	439	327	366
512	320	384	496	328	366
576	320	384	554	329	366
640	320	384	614	331	366
704	320	384	671	332	366
768	320	384	729	334	366
832	320	384	794	336	366
896	320	384	853	338	366
960	320	384	914	340	367
1023	320	384	973	342	367
0	384	384	106	384	371
64	384	384	119	384	371
128	384	384	157	385	371
192	384	384	207	386	370
256	384	384	263	386	370
320	384	384	322	388	368
384	384	384	383	389	368
448	384	384	441	389	367
512	384	384	498	390	367
576	384	384	556	391	367
640	384	384	616	393	367
704	384	384	672	394	367
768	384	384	729	395	367
832	384	384	794	397	368
896	384	384	854	399	368
960	384	384	914	400	368
1023	384	384	972	402	368
0	448	384	120	444	371
64	448	384	132	444	371
128	448	384	166	445	371
192	448	384	215	446	371
256	448	384	268	447	371
320	448	384	326	447	369
384	448	384	386	448	369
448	448	384	444	449	369
512	448	384	500	450	369
576	448	384	558	451	369
640	448	384	618	452	369
704	448	384	674	452	369
768	448	384	731	454	369
832	448	384	796	455	369
896	448	384	854	456	369
960	448	384	914	458	369
1023	448	384	973	459	368
0	512	384	136	504	373
64	512	384	145	504	373
128	512	384	178	505	373
192	512	384	223	505	373
256	512	384	275	506	372
320	512	384	331	507	372
384	512	384	391	508	372
448	512	384	447	509	371
512	512	384	504	509	371
576	512	384	561	510	370
640	512	384	620	511	370
704	512	384	676	512	370
768	512	384	733	513	370
832	512	384	797	514	370
896	512	384	855	515	370
960	512	384	915	516	370
1023	512	384	974	517	370
0	576	384	151	566	375
64	576	384	160	566	375
128	576	384	190	566	375
192	576	384	232	567	375
256	576	384	281	568	375
320	576	384	337	569	374
384	576	384	395	569	373
448	576	384	451	570	373
512	576	384	507	570	372
576	576	384	564	571	372
640	576	384	623	572	372
704	576	384	678	573	372
768	576	384	736	574	372
832	576	384	799	575	372
896	576	384	857	576	372
960	576	384	916	577	372
1023	576	384	975	578	372
0	640	384	166	626	377
64	640	384	176	626	377
128	640	384	202	627	377
192	640	384	242	628	377
256	640	384	289	629	377
320	640	384	343	629	375
384	640	384	401	630	375
448	640	384	455	630	375
512	640	384	511	631	375
576	640	384	568	632	375
640	640	384	625	632	375
704	640	384	681	633	375
768	640	384	737	633	375
832	640	384	801	634	374
896	640	384	859	636	374
960	640	384	919	636	374
1023	640	384	977	638	374
0	704	384	184	686	380
64	704	384	191	687	380
128	704	384	215	687	380
192	704	384	252	688	380
256	704	384	299	689	378
320	704	384	351	689	378
384	704	384	407	690	378
448	704	384	460	690	378
512	704	384	515	690	377
576	704	384	571	690	377
640	704	384	628	690	376
704	704	384	683	691	376
768	704	384	740	692	376
832	704	384	803	693	376
896	704	384	861	694	376
960	704	384	921	696	376
1023	704	384	978	697	376
0	768	384	199	746	381
64	768	384	206	746	381
128	768	384	228	747	381
192	768	384	262	748	381
256	768	384	307	748	379
320	768	384	358	749	379
384	768	384	412	749	379
448	768	384	465	750	379
512	768	384	519	751	379
576	768	384	575	752	379
640	768	384	632	752	379
704	768	384	687	754	379
768	768	384	743	754	379
832	768	384	806	755	379
896	768	384	864	756	379
960	768	384	923	757	379
1023	768	384	981	759	379
0	832	384	215	810	385
64	832	384	221	810	385
128	832	384	241	811	385
192	832	384	274	812	384
256	832	384	317	812	382
320	832	384	367	813	382
384	832	384	419	813	381
448	832	384	470	813	381
512	832	384	524	814	381
576	832	384	580	815	381
640	832	384	636	815	381
704	832	384	690	816	381
768	832	384	747	817	381
832	832	384	810	819	381
896	832	384	867	820	381
960	832	384	927	820	381
1023	832	384	983	821	382
0	896	384	231	871	387
64	896	384	236	871	387
128	896	384	255	871	387
192	896	384	286	872	387
256	896	384	328	872	385
320	896	384	376	873	385
384	896	384	426	873	385
448	896	384	477	873	385
512	896	384	529	874	384
576	896	384	586	875	384
640	896	384	640	875	384
704	896	384	695	877	384
768	896	384	752	877	384
832	896	384	813	878	384
896	896	384	871	879	384
960	896	384	930	880	384
1023	896	384	985	879	384
0	960	384	247	932	390
64	960	384	252	932	390
128	960	384	270	932	390
192	960	384	300	933	388
256	960	384	339	933	388
320	960	384	386	933	388
384	960	384	434	933	388
448	960	384	483	933	387
512	960	384	536	934	387
576	960	384	592	935	387
640	960	384	645	935	387
704	960	384	699	936	387
768	960	384	757	937	388
832	960	384	816	937	387
896	960	384	873	938	386
960	960	384	932	939	386
1023	960	384	989	940	387
0	1023	384	262	990	393
64	1023	384	267	990	393
128	1023	384	284	990	393
192	1023	384	313	990	392
256	1023	384	351	991	392
320	1023	384	396	991	392
384	1023	384	443	991	391
448	1023	384	491	991	391
512	1023	384	543	993	391
576	1023	384	598	993	391
640	1023	384	650	992	391
704	1023	384	703	993	390
768	1023	384	760	993	390
832	1023	384	820	995	390
896	1023	384	877	995	390
960	1023	384	936	996	390
1023	1023	384	991	997	390
0	0	448	53	87	428
64	0	448	77	87	427
128	0	448	133	87	427
192	0	448	191	89	427
256	0	448	252	91	426
320	0	448	313	91	425
384	0	448	376	97	425
448	0	448	436	99	425
512	0	448	495	103	425
576	0	448	553	108	424
640	0	448	614	111	424
704	0	448	672	116	424
768	0	448	730	120	424
832	0	448	796	128	425
896	0	448	855	132	425
960	0	448	915	138	425
1023	0	448	974	143	425
0	64	448	53	104	428
64	64	448	82	104	427
128	64	448	133	104	427
192	64	448	192	106	427
256	64	448	252	106	426
320	64	448	313	109	425
384	64	448	376	113	425
448	64	448	437	114	425
512	64	448	495	119	425
576	64	448	553	122	424
640	64	448	614	125	425
704	64	448	672	129	425
768	64	448	730	134	424
832	64	448	796	138	425
896	64	448	855	143	425
960	64	448	915	149	425
1023	64	448	974	155	425
0	128	448	60	148	428
64	128	448	85	148	428
128	128	448	136	149	428
192	128	448	193	150	427
256	128	448	253	150	426
320	128	448	314	152	425
384	128	448	377	155	425
448	128	448	437	157	425
512	128	448	495	159	425
576	128	448	553	162	424
640	128	448	614	164	425
704	128	448	671	166	425
768	128	448	729	170	425
832	128	448	796	174	425
896	128	448	855	178	425
960	128	448	915	183	425
1023	128	448	974	188	425
0	192	448	69	204	428
64	192	448	91	204	428
128	192	448	139	205	428
192	192	448	195	206	427
256	192	448	255	206	426
320	192	448	315	208	425
384	192	448	378	209	425
448	192	448	438	211	425
512	192	448	495	212	425
576	192	448	553	215	425
640	192	448	614	216	425
704	192	448	671	218	425
768	192	448	729	221	425
832	192	448	796	224	425
896	192	448	854	227	425
960	192	448	915	230	425
1023	192	448	974	234	425
0	256	448	80	263	429
64	256	448	99	263	429
128	256	448	143	263	429
192	256	448	199	265	428
256	256	448	256	265	427
320	256	448	317	266	426
384	256	448	379	268	426
448	256	448	438	269	426
512	256	448	496	270	426
576	256	448	554	272	425
640	256	448	614	273	425
704	256	448	671	275	425
768	256	448	729	277	425
832	256	448	795	280	426
896	256	448	853	282	426
960	256	448	914	284	426
1023	256	448	973	287	426
0	320	448	93	324	430
64	320	448	109	324	429
128	320	448	150	325	429
192	320	448	203	326	429
256	320	448	260	327	428
320	320	448	319	328	427
384	320	448	381	329	426
448	320	448	440	330	426
512	320	448	497	331	426
576	320	448	555	332	426
640	320	448	615	334	426
704	320	448	672	335	426
768	320	448	729	337	426
832	320	448	795	339	426
896	320	448	853	340	426
960	320	448	914	343	427
1023	320	448	973	345	426
0	384	448	109	387	431
64	384	448	122	387	431
128	384	448	159	388	430
192	384	448	209	388	430
256	384	448	264	389	429
320	384	448	322	390	427
384	384	448	384	391	427
448	384	448	442	392	427
512	384	448	498	392	427
576	384	448	557	394	427
640	384	448	617	396	427
704	384	448	673	397	427
768	384	448	731	398	427
832	384	448	795	399	427
896	384	448	854	401	427
960	384	448	915	403	427
1023	384	448	972	405	427
0	448	448	123	447	431
64	448	448	134	447	431
128	448	448	168	447	431
192	448	448	215	448	431
256	448	448	269	449	430
320	448	448	327	450	429
384	448	448	387	451	429
448	448	448	444	451	429
512	448	448	501	452	428
576	448	448	559	453	428
640	448	448	619	454	428
704	448	448	675	455	428
768	448	448	732	456	428
832	448	448	796	457	428
896	448	448	854	458	428
960	448	448	915	460	428
1023	448	448	973	462	428
0	512	448	138	506	433
64	512	448	148	506	432
128	512	448	180	507	432
192	512	448	224	507	432
256	512	448	275	509	431
320	512	448	332	510	430
384	512	448	392	510	430
448	512	448	448	511	430
512	512	448	504	511	430
576	512	448	562	512	430
640	512	448	621	513	430
704	512	448	677	514	430
768	512	448	734	515	429
832	512	448	798	516	429
896	512	448	855	516	429
960	512	448	915	518	429
1023	512	448	974	520	429
0	576	448	153	568	434
64	576	448	162	568	434
128	576	448	191	568	434
192	576	448	233	569	433
256	576	448	282	570	432
320	576	448	338	571	432
384	576	448	397	572	431
448	576	448	452	572	431
512	576	448	508	573	431
576	576	448	565	573	431
640	576	448	624	574	431
704	576	448	679	575	431
768	576	448	735	575	430
832	576	448	800	577	430
896	576	448	858	578	431
960	576	448	917	579	431
1023	576	448	975	581	431
0	640	448	168	628	436
64	640	448	176	629	436
128	640	448	203	629	436
192	640	448	242	630	436
256	640	448	290	631	434
320	640	448	344	631	433
384	640	448	401	632	433
448	640	448	456	633	433
512	640	448	511	633	433
576	640	448	568	633	432
640	640	448	626	634	432
704	640	448	681	634	432
768	640	448	737	635	432
832	640	448	802	636	432
896	640	448	860	638	432
960	640	448	919	638	432
1023	640	448	977	640	432
0	704	448	186	689	439
64	704	448	193	689	439
128	704	448	216	689	438
192	704	448	253	690	438
256	704	448	299	691	436
320	704	448	352	691	436
384	704	448	407	691	435
448	704	448	461	692	435
512	704	448	515	692	434
576	704	448	571	692	434
640	704	448	629	692	433
704	704	448	684	693	433
768	704	448	740	694	434
832	704	448	804	695	434
896	704	448	861	695	433
960	704	448	922	697	434
1023	704	448	979	699	434
0	768	448	200	748	438
64	768	448	206	748	438
128	768	448	228	749	438
192	768	448	263	749	438
256	768	448	308	750	436
320	768	448	358	750	436
384	768	448	412	751	436
448	768	448	465	752	436
512	768	448	519	752	436
576	768	448	576	753	436
640	768	448	633	754	436
704	768	448	687	755	436
768	768	448	744	756	436
832	768	448	807	757	436
896	768	448	865	758	436
960	768	448	924	759	436
1023	768	448	982	761	436
0	832	448	215	812	441
64	832	448	221	812	441
128	832	448	242	812	441
192	832	448	274	813	441
256	832	448	318	814	439
320	832	448	367	814	439
384	832	448	419	815	438
448	832	448	471	815	438
512	832	448	524	816	438
576	832	448	581	816	438
640	832	448	636	817	438
704	832	448	691	818	438
768	832	448	747	818	438
832	832	448	810	820	438
896	832	448	868	821	438
960	832	448	927	821	438
1023	832	448	983	823	438
0	896	448	232	872	443
64	896	448	237	872	443
128	896	448	256	873	443
192	896	448	287	873	443
256	896	448	328	874	441
320	896	448	376	874	441
384	896	448	426	874	441
448	896	448	477	875	441
512	896	448	530	875	441
576	896	448	586	877	441
640	896	448	641	878	441
704	896	448	696	879	441
768	896	448	753	879	441
832	896	448	813	879	441
896	896	448	871	881	440
960	896	448	930	881	440
1023	896	448	985	881	440
0	960	448	247	933	446
64	960	448	253	933	446
128	960	448	270	934	446
192	960	448	300	934	444
256	960	448	340	934	444
320	960	448	386	934	444
384	960	448	435	935	444
448	960	448	484	935	444
512	960	448	537	936	443
576	960	448	592	937	443
640	960	448	646	937	443
704	960	448	700	938	443
768	960	448	757	938	443
832	960	448	816	938	443
896	960	448	873	939	443
960	960	448	933	940	443
1023	960	448	989	942	443
0	1023	448	263	991	449
64	1023	448	267	991	449
128	1023	448	284	991	448
192	1023	448	313	992	447
256	1023	448	351	992	447
320	1023	448	397	992	447
384	1023	448	443	993	447
448	1023	448	492	993	446
512	1023	448	543	994	446
576	1023	448	598	994	446
640	1023	448	650	994	445
704	1023	448	704	994	445
768	1023	448	761	995	445
832	1023	448	820	996	445
896	1023	448	877	997	446
960	1023	448	937	998	446
1023	1023	448	992	999	445
0	0	512	60	99	488
64	0	512	85	99	488
128	0	512	136	99	487
192	0	512	193	101	486
256	0	512	253	101	485
320	0	512	314	104	484
384	0	512	377	106	484
448	0	512	437	111	484
512	0	512	495	114	483
576	0	512	554	117	483
640	0	512	615	122	483
704	0	512	672	125	483
768	0	512	730	130	483
832	0	512	797	136	484
896	0	512	856	141	484
960	0	512	916	147	484
1023	0	512	974	151	482
0	64	512	60	114	488
64	64	512	87	114	488
128	64	512	136	114	487
192	64	512	193	116	486
256	64	512	253	117	485
320	64	512	314	119	484
384	64	512	377	120	484
448	64	512	437	125	484
512	64	512	495	126	483
576	64	512	554	130	483
640	64	512	615	134	483
704	64	512	672	137	483
768	64	512	730	142	483
832	64	512	797	147	484
896	64	512	855	151	484
960	64	512	916	157	484
1023	64	512	974	161	483
0	128	512	66	156	488
64	128	512	89	156	488
128	128	512	138	156	487
192	128	512	194	157	486
256	128	512	254	158	485
320	128	512	315	159	484
384	128	512	378	161	484
448	128	512	438	164	484
512	128	512	495	165	484
576	128	512	554	167	484
640	128	512	615	171	484
704	128	512	672	173	484
768	128	512	730	177	483
832	128	512	796	181	484
896	128	512	855	186	484
960	128	512	916	189	484
1023	128	512	974	193	483
0	192	512	75	209	488
64	192	512	95	209	488
128	192	512	141	209	488
192	192	512	197	210	486
256	192	512	255	211	485
320	192	512	316	212	484
384	192	512	379	214	484
448	192	512	438	216	484
512	192	512	496	217	484
576	192	512	554	219	484
640	192	512	615	222	484
704	192	512	672	223	484
768	192	512	730	226	484
832	192	512	796	229	484
896	192	512	855	232	484
960	192	512	915	234	484
1023	192	512	973	237	483
0	256	512	85	267	488
64	256	512	103	267	488
128	256	512	145	267	488
192	256	512	201	268	487
256	256	512	257	269	485
320	256	512	317	270	484
384	256	512	380	272	485
448	256	512	439	274	485
512	256	512	497	275	484
576	256	512	555	276	484
640	256	512	616	277	484
704	256	512	672	279	484
768	256	512	729	281	484
832	256	512	795	283	485
896	256	512	854	286	485
960	256	512	915	289	484
1023	256	512	972	290	483
0	320	512	97	328	489
64	320	512	113	328	489
128	320	512	152	328	489
192	320	512	204	329	488
256	320	512	261	330	486
320	320	512	320	331	485
384	320	512	382	332	485
448	320	512	441	333	485
512	320	512	498	334	485
576	320	512	556	336	485
640	320	512	617	337	486
704	320	512	673	339	485
768	320	512	730	340	485
832	320	512	796	342	485
896	320	512	854	344	485
960	320	512	914	346	484
1023	320	512	972	348	484
0	384	512	111	390	490
64	384	512	125	390	490
128	384	512	161	390	489
192	384	512	210	391	489
256	384	512	265	392	487
320	384	512	323	393	486
384	384	512	384	394	485
448	384	512	442	394	485
512	384	512	499	395	485
576	384	512	557	397	485
640	384	512	619	399	486
704	384	512	674	400	486
768	384	512	732	402	486
832	384	512	796	403	486
896	384	512	854	404	485
960	384	512	914	405	485
1023	384	512	973	407	485
0	448	512	126	449	491
64	448	512	137	449	491
128	448	512	171	450	490
192	448	512	218	451	489
256	448	512	270	452	488
320	448	512	328	452	488
384	448	512	388	453	487
448	448	512	445	454	487
512	448	512	502	455	487
576	448	512	560	455	487
640	448	512	620	457	487
704	448	512	676	458	487
768	448	512	732	459	486
832	448	512	796	459	485
896	448	512	854	461	486
960	448	512	914	462	486
1023	448	512	974	464	486
0	512	512	141	508	492
64	512	512	150	509	492
128	512	512	182	509	491
192	512	512	225	510	491
256	512	512	276	511	489
320	512	512	333	512	489
384	512	512	392	512	488
448	512	512	448	513	488
512	512	512	505	514	488
576	512	512	563	514	488
640	512	512	622	515	488
704	512	512	678	516	488
768	512	512	733	516	487
832	512	512	798	518	487
896	512	512	856	519	488
960	512	512	916	520	488
1023	512	512	975	522	488
0	576	512	156	570	493
64	576	512	164	570	493
128	576	512	193	570	493
192	576	512	234	571	492
256	576	512	283	573	491
320	576	512	339	573	491
384	576	512	397	573	490
448	576	512	452	574	490
512	576	512	508	575	490
576	576	512	566	575	489
640	576	512	624	576	489
704	576	512	679	577	488
768	576	512	735	577	488
832	576	512	800	579	489
896	576	512	858	580	489
960	576	512	918	582	489
1023	576	512	976	583	489
0	640	512	170	630	494
64	640	512	178	631	494
128	640	512	205	631	494
192	640	512	243	632	493
256	640	512	290	633	492
320	640	512	345	633	491
384	640	512	402	634	491
448	640	512	457	635	491
512	640	512	512	635	491
576	640	512	569	635	490
640	640	512	626	635	490
704	640	512	682	636	490
768	640	512	737	636	489
832	640	512	802	638	490
896	640	512	860	639	490
960	640	512	920	640	490
1023	640	512	978	642	490
0	704	512	187	691	496
64	704	512	194	691	496
128	704	512	217	691	496
192	704	512	254	692	495
256	704	512	299	692	493
320	704	512	352	692	493
384	704	512	407	691	492
448	704	512	461	693	492
512	704	512	515	693	492
576	704	512	572	694	491
640	704	512	630	695	492
704	704	512	685	696	492
768	704	512	742	697	492
832	704	512	805	697	492
896	704	512	861	697	491
960	704	512	922	699	491
1023	704	512	980	701	492
0	768	512	202	750	496
64	768	512	208	750	496
128	768	512	230	751	496
192	768	512	263	751	495
256	768	512	308	752	494
320	768	512	359	752	494
384	768	512	413	753	494
448	768	512	465	754	493
512	768	512	519	754	493
576	768	512	577	755	493
640	768	512	633	756	493
704	768	512	688	756	493
768	768	512	745	758	493
832	768	512	807	759	493
896	768	512	865	760	494
960	768	512	925	761	494
1023	768	512	982	762	493
0	832	512	217	813	498
64	832	512	223	813	498
128	832	512	243	814	498
192	832	512	275	815	497
256	832	512	318	816	496
320	832	512	368	816	496
384	832	512	420	816	495
448	832	512	471	817	495
512	832	512	525	817	495
576	832	512	581	818	495
640	832	512	637	819	495
704	832	512	692	820	495
768	832	512	748	820	495
832	832	512	810	822	495
896	832	512	868	823	495
960	832	512	927	822	495
1023	832	512	983	824	495
0	896	512	232	874	500
64	896	512	238	874	500
128	896	512	257	875	500
192	896	512	288	875	499
256	896	512	329	876	498
320	896	512	377	876	498
384	896	512	427	876	498
448	896	512	479	878	498
512	896	512	531	878	498
576	896	512	587	879	498
640	896	512	642	880	498
704	896	512	697	881	498
768	896	512	754	882	498
832	896	512	814	881	497
896	896	512	871	882	497
960	896	512	930	883	497
1023	896	512	986	883	497
0	960	512	248	935	502
64	960	512	254	935	502
128	960	512	271	935	502
192	960	512	301	936	501
256	960	512	340	936	501
320	960	512	387	936	501
384	960	512	436	937	501
448	960	512	485	937	500
512	960	512	537	938	500
576	960	512	593	938	500
640	960	512	646	939	500
704	960	512	701	939	500
768	960	512	757	939	499
832	960	512	817	940	499
896	960	512	874	941	499
960	960	512	933	941	499
1023	960	512	990	943	500
0	1023	512	263	993	505
64	1023	512	268	993	505
128	1023	512	284	993	504
192	1023	512	313	994	503
256	1023	512	352	994	503
320	1023	512	397	994	503
384	1023	512	443	995	503
448	1023	512	492	995	502
512	1023	512	543	995	502
576	1023	512	597	994	501
640	1023	512	650	995	501
704	1023	512	704	996	501
768	1023	512	762	997	502
832	1023	512	821	998	502
896	1023	512	878	999	501
960	1023	512	938	1000	502
1023	1023	512	993	1001	502
0	0	576	66	111	544
64	0	576	89	111	544
128	0	576	137	111	544
192	0	576	195	113	544
256	0	576	254	114	544
320	0	576	315	116	543
384	0	576	378	119	543
448	0	576	438	122	543
512	0	576	496	125	543
576	0	576	554	128	543
640	0	576	616	133	543
704	0	576	673	136	543
768	0	576	731	141	543
832	0	576	797	144	543
896	0	576	856	150	544
960	0	576	916	153	544
1023	0	576	974	159	543
0	64	576	69	125	545
64	64	576	91	125	545
128	64	576	137	126	545
192	64	576	195	126	545
256	64	576	254	128	545
320	64	576	315	130	543
384	64	576	378	132	543
448	64	576	438	136	543
512	64	576	496	137	543
576	64	576	555	139	543
640	64	576	616	144	543
704	64	576	673	147	543
768	64	576	731	151	543
832	64	576	797	156	543
896	64	576	856	160	544
960	64	576	916	164	544
1023	64	576	974	168	543
0	128	576	72	164	546
64	128	576	93	164	546
128	128	576	139	164	546
192	128	576	197	164	545
256	128	576	255	166	545
320	128	576	316	167	543
384	128	576	378	169	543
448	128	576	438	171	543
512	128	576	497	173	543
576	128	576	555	175	543
640	128	576	616	179	543
704	128	576	673	181	543
768	128	576	731	186	543
832	128	576	797	188	543
896	128	576	856	193	544
960	128	576	916	195	544
1023	128	576	974	199	543
0	192	576	80	215	547
64	192	576	99	215	547
128	192	576	143	215	547
192	192	576	198	216	547
256	192	576	256	217	547
320	192	576	317	218	544
384	192	576	379	220	544
448	192	576	439	221	544
512	192	576	497	223	544
576	192	576	555	225	543
640	192	576	617	227	544
704	192	576	673	230	544
768	192	576	731	232	543
832	192	576	797	234	544
896	192	576	856	237	544
960	192	576	916	240	544
1023	192	576	974	243	543
0	256	576	91	271	549
64	256	576	108	271	549
128	256	576	148	272	549
192	256	576	202	272	549
256	256	576	258	274	549
320	256	576	318	275	544
384	256	576	381	276	544
448	256	576	440	277	544
512	256	576	497	279	544
576	256	576	556	280	544
640	256	576	617	282	544
704	256	576	673	284	544
768	256	576	731	286	544
832	256	576	796	288	544
896	256	576	855	291	544
960	256	576	915	293	544
1023	256	576	973	295	543
0	320	576	103	332	546
64	320	576	117	332	546
128	320	576	155	332	546
192	320	576	206	333	546
256	320	576	261	334	546
320	320	576	321	335	544
384	320	576	383	336	544
448	320	576	442	337	544
512	320	576	499	338	544
576	320	576	557	339	544
640	320	576	617	341	544
704	320	576	673	342	544
768	320	576	731	344	544
832	320	576	796	346	544
896	320	576	855	348	544
960	320	576	915	349	544
1023	320	576	974	351	544
0	384	576	114	394	549
64	384	576	128	394	549
128	384	576	163	394	549
192	384	576	212	395	549
256	384	576	266	396	549
320	384	576	324	397	545
384	384	576	385	398	545
448	384	576	443	398	545
512	384	576	501	399	545
576	384	576	558	400	544
640	384	576	618	401	545
704	384	576	674	402	544
768	384	576	732	404	545
832	384	576	796	406	545
896	384	576	854	407	545
960	384	576	915	409	544
1023	384	576	974	410	544
0	448	576	129	453	549
64	448	576	141	453	549
128	448	576	172	454	549
192	448	576	219	454	549
256	448	576	271	455	549
320	448	576	329	456	546
384	448	576	389	457	546
448	448	576	447	457	546
512	448	576	503	458	545
576	448	576	561	459	545
640	448	576	620	459	545
704	448	576	676	460	545
768	448	576	733	461	545
832	448	576	797	462	545
896	448	576	855	463	544
960	448	576	916	465	545
1023	448	576	975	467	545
0	512	576	143	512	551
64	512	576	152	512	551
128	512	576	183	513	551
192	512	576	227	513	550
256	512	576	277	514	548
320	512	576	334	515	548
384	512	576	393	515	547
448	512	576	450	516	547
512	512	576	506	517	547
576	512	576	564	517	547
640	512	576	622	518	546
704	512	576	678	518	546
768	512	576	735	520	545
832	512	576	799	521	546
896	512	576	857	522	546
960	512	576	917	523	546
1023	512	576	976	525	546
0	576	576	158	573	553
64	576	576	166	573	553
128	576	576	194	574	552
192	576	576	235	574	551
256	576	576	284	575	550
320	576	576	340	576	549
384	576	576	398	576	549
448	576	576	453	577	548
512	576	576	509	578	548
576	576	576	567	578	548
640	576	576	624	579	547
704	576	576	680	579	547
768	576	576	737	580	547
832	576	576	801	582	547
896	576	576	859	583	547
960	576	576	919	584	548
1023	576	576	977	586	548
0	640	576	172	634	554
64	640	576	181	634	554
128	640	576	206	634	553
192	640	576	245	635	552
256	640	576	291	636	551
320	640	576	346	636	550
384	640	576	402	635	549
448	640	576	457	636	549
512	640	576	512	637	549
576	640	576	570	637	549
640	640	576	627	638	549
704	640	576	683	639	549
768	640	576	739	639	548
832	640	576	804	641	548
896	640	576	862	642	549
960	640	576	922	643	549
1023	640	576	979	644	549
0	704	576	188	692	554
64	704	576	195	692	554
128	704	576	218	692	553
192	704	576	254	693	553
256	704	576	300	694	551
320	704	576	352	694	551
384	704	576	408	694	550
448	704	576	462	696	551
512	704	576	517	696	551
576	704	576	573	697	550
640	704	576	630	697	550
704	704	576	686	698	550
768	704	576	743	699	550
832	704	576	806	699	550
896	704	576	864	701	549
960	704	576	923	701	550
1023	704	576	980	703	549
0	768	576	203	752	555
64	768	576	209	753	555
128	768	576	231	753	554
192	768	576	265	754	553
256	768	576	309	755	553
320	768	576	360	755	553
384	768	576	414	756	552
448	768	576	467	756	552
512	768	576	520	757	551
576	768	576	577	757	551
640	768	576	633	758	551
704	768	576	689	760	551
768	768	576	746	761	552
832	768	576	808	761	551
896	768	576	866	762	552
960	768	576	926	764	552
1023	768	576	981	763	551
0	832	576	218	815	556
64	832	576	224	815	556
128	832	576	243	816	555
192	832	576	276	816	554
256	832	576	318	817	554
320	832	576	368	818	553
384	832	576	421	818	553
448	832	576	473	820	553
512	832	576	526	820	553
576	832	576	582	820	553
640	832	576	637	821	553
704	832	576	693	822	553
768	832	576	750	823	553
832	832	576	811	824	553
896	832	576	867	823	553
960	832	576	928	825	553
1023	832	576	984	825	553
0	896	576	234	877	558
64	896	576	240	877	558
128	896	576	258	878	558
192	896	576	288	878	557
256	896	576	330	878	556
320	896	576	378	878	556
384	896	576	428	879	556
448	896	576	479	880	556
512	896	576	532	881	556
576	896	576	588	881	556
640	896	576	642	881	555
704	896	576	697	882	555
768	896	576	754	882	554
832	896	576	814	883	554
896	896	576	871	883	554
960	896	576	931	885	554
1023	896	576	987	886	555
0	960	576	250	937	560
64	960	576	255	937	560
128	960	576	272	937	560
192	960	576	301	938	559
256	960	576	341	938	559
320	960	576	388	939	559
384	960	576	436	939	558
448	960	576	486	940	558
512	960	576	538	939	557
576	960	576	593	940	557
640	960	576	646	939	556
704	960	576	700	941	557
768	960	576	758	941	557
832	960	576	818	943	557
896	960	576	875	943	557
960	960	576	935	944	557
1023	960	576	991	946	557
0	1023	576	265	996	562
64	1023	576	270	996	562
128	1023	576	285	996	562
192	1023	576	315	996	561
256	1023	576	353	996	561
320	1023	576	398	996	560
384	1023	576	444	997	560
448	1023	576	493	997	560
512	1023	576	543	996	559
576	1023	576	598	996	558
640	1023	576	651	997	559
704	1023	576	705	998	558
768	1023	576	763	999	559
832	1023	576	822	1000	559
896	1023	576	879	1001	559
960	1023	576	939	1003	559
1023	1023	576	994	1004	559
0	0	640	75	123	606
64	0	640	95	123	606
128	0	640	142	125	606
192	0	640	198	125	606
256	0	640	256	128	606
320	0	640	317	129	604
384	0	640	379	132	604
448	0	640	439	133	604
512	0	640	497	137	604
576	0	640	556	139	603
640	0	640	616	142	603
704	0	640	674	147	603
768	0	640	733	151	603
832	0	640	798	155	604
896	0	640	857	158	604
960	0	640	916	163	603
1023	0	640	975	168	603
0	64	640	75	136	606
64	64	640	97	136	606
128	64	640	142	137	606
192	64	640	198	138	606
256	64	640	256	139	606
320	64	640	317	142	604
384	64	640	379	143	604
448	64	640	439	145	604
512	64	640	497	148	604
576	64	640	556	151	603
640	64	640	616	153	603
704	64	640	674	157	603
768	64	640	733	161	603
832	64	640	798	165	604
896	64	640	857	168	604
960	64	640	916	173	603
1023	64	640	975	177	603
0	128	640	82	172	607
64	128	640	99	172	607
128	128	640	144	173	607
192	128	640	199	173	607
256	128	640	257	175	607
320	128	640	318	177	605
384	128	640	380	178	605
448	128	640	440	180	604
512	128	640	498	182	604
576	128	640	556	185	603
640	128	640	616	187	603
704	128	640	674	189	603
768	128	640	733	193	603
832	128	640	798	196	604
896	128	640	857	198	604
960	128	640	916	202	603
1023	128	640	975	206	603
0	192	640	89	221	608
64	192	640	104	222	608
128	192	640	148	222	608
192	192	640	201	223	608
256	192	640	259	224	608
320	192	640	319	225	605
384	192	640	381	227	605
448	192	640	440	228	604
512	192	640	498	230	604
576	192	640	557	232	604
640	192	640	617	233	603
704	192	640	674	236	603
768	192	640	732	239	603
832	192	640	798	241	604
896	192	640	856	242	604
960	192	640	916	246	603
1023	192	640	975	249	603
0	256	640	95	277	610
64	256	640	111	277	610
128	256	640	151	277	610
192	256	640	205	278	610
256	256	640	260	280	610
320	256	640	320	281	606
384	256	640	382	282	606
448	256	640	442	283	605
512	256	640	499	284	604
576	256	640	557	286	604
640	256	640	617	287	603
704	256	640	674	289	604
768	256	640	732	292	604
832	256	640	798	293	604
896	256	640	854	294	604
960	256	640	915	298	603
1023	256	640	974	300	603
0	320	640	108	336	606
64	320	640	120	337	606
128	320	640	158	337	606
192	320	640	208	337	606
256	320	640	263	339	606
320	320	640	322	340	604
384	320	640	384	341	604
448	320	640	443	342	604
512	320	640	500	343	604
576	320	640	558	344	604
640	320	640	618	345	603
704	320	640	675	347	603
768	320	640	732	348	604
832	320	640	797	350	604
896	320	640	854	351	603
960	320	640	915	353	603
1023	320	640	974	355	603
0	384	640	120	397	609
64	384	640	132	397	609
128	384	640	166	398	608
192	384	640	214	399	607
256	384	640	267	400	606
320	384	640	326	401	605
384	384	640	387	402	605
448	384	640	445	402	605
512	384	640	501	403	604
576	384	640	559	404	604
640	384	640	620	405	604
704	384	640	676	407	604
768	384	640	732	407	603
832	384	640	796	408	603
896	384	640	854	410	603
960	384	640	915	412	603
1023	384	640	974	414	604
0	448	640	133	455	610
64	448	640	143	455	609
128	448	640	175	456	609
192	448	640	221	457	608
256	448	640	273	458	607
320	448	640	330	459	606
384	448	640	390	459	605
448	448	640	447	460	605
512	448	640	504	460	605
576	448	640	561	461	604
640	448	640	620	461	603
704	448	640	676	463	604
768	448	640	733	464	604
832	448	640	797	465	603
896	448	640	856	467	604
960	448	640	916	468	604
1023	448	640	975	470	605
0	512	640	147	514	611
64	512	640	156	514	610
128	512	640	186	515	610
192	512	640	228	516	609
256	512	640	279	517	608
320	512	640	335	517	607
384	512	640	394	518	607
448	512	640	450	518	606
512	512	640	507	519	606
576	512	640	564	519	606
640	512	640	622	519	604
704	512	640	678	520	605
768	512	640	735	522	605
832	512	640	799	523	605
896	512	640	858	524	605
960	512	640	917	526	605
1023	512	640	976	527	605
0	576	640	160	575	612
64	576	640	168	575	611
128	576	640	196	576	611
192	576	640	236	577	610
256	576	640	284	578	608
320	576	640	340	578	608
384	576	640	399	579	607
448	576	640	454	580	607
512	576	640	509	580	607
576	576	640	567	580	606
640	576	640	625	581	606
704	576	640	681	582	606
768	576	640	738	583	606
832	576	640	802	584	607
896	576	640	860	585	607
960	576	640	919	586	606
1023	576	640	978	588	607
0	640	640	174	635	612
64	640	640	182	635	612
128	640	640	207	635	611
192	640	640	245	636	610
256	640	640	292	637	609
320	640	640	346	637	609
384	640	640	403	638	608
448	640	640	458	639	608
512	640	640	513	639	608
576	640	640	570	640	608
640	640	640	628	641	608
704	640	640	684	641	607
768	640	640	741	643	607
832	640	640	805	643	607
896	640	640	862	644	607
960	640	640	922	646	608
1023	640	640	980	647	608
0	704	640	190	693	613
64	704	640	197	694	613
128	704	640	219	694	612
192	704	640	255	695	611
256	704	640	300	696	610
320	704	640	353	696	609
384	704	640	409	697	609
448	704	640	462	697	609
512	704	640	516	697	609
576	704	640	573	698	608
640	704	640	631	699	608
704	704	640	686	700	608
768	704	640	742	701	609
832	704	640	807	702	609
896	704	640	865	704	609
960	704	640	925	705	608
1023	704	640	980	704	608
0	768	640	205	755	614
64	768	640	211	755	614
128	768	640	232	756	613
192	768	640	266	757	612
256	768	640	310	757	611
320	768	640	361	757	611
384	768	640	414	758	610
448	768	640	467	759	610
512	768	640	521	759	610
576	768	640	578	760	610
640	768	640	635	761	610
704	768	640	690	762	610
768	768	640	748	764	611
832	768	640	810	764	610
896	768	640	867	765	610
960	768	640	925	764	609
1023	768	640	982	766	609
0	832	640	219	817	615
64	832	640	225	817	614
128	832	640	245	818	614
192	832	640	276	819	613
256	832	640	320	820	612
320	832	640	369	820	612
384	832	640	421	820	612
448	832	640	473	821	611
512	832	640	527	822	612
576	832	640	583	822	611
640	832	640	638	823	612
704	832	640	693	824	612
768	832	640	748	823	610
832	832	640	811	824	610
896	832	640	868	825	611
960	832	640	928	826	611
1023	832	640	985	828	611
0	896	640	235	878	617
64	896	640	240	879	617
128	896	640	259	879	616
192	896	640	289	880	616
256	896	640	331	881	615
320	896	640	379	881	614
384	896	640	429	881	614
448	896	640	480	882	614
512	896	640	532	882	613
576	896	640	588	883	613
640	896	640	642	882	612
704	896	640	697	883	612
768	896	640	753	883	612
832	896	640	814	884	612
896	896	640	872	886	612
960	896	640	931	886	612
1023	896	640	987	888	613
0	960	640	250	938	618
64	960	640	255	938	618
128	960	640	272	939	617
192	960	640	302	939	616
256	960	640	341	940	616
320	960	640	388	940	616
384	960	640	437	941	616
448	960	640	486	941	616
512	960	640	538	942	616
576	960	640	593	941	615
640	960	640	646	941	614
704	960	640	701	942	614
768	960	640	759	943	614
832	960	640	818	944	614
896	960	640	875	945	614
960	960	640	935	946	614
1023	960	640	991	947	615
0	1023	640	265	997	620
64	1023	640	270	997	620
128	1023	640	286	997	619
192	1023	640	315	997	618
256	1023	640	353	997	618
320	1023	640	397	996	617
384	1023	640	444	997	617
448	1023	640	493	999	618
512	1023	640	544	999	617
576	1023	640	599	999	617
640	1023	640	652	1000	617
704	1023	640	706	1000	617
768	1023	640	764	1001	616
832	1023	640	822	1002	617
896	1023	640	880	1003	617
960	1023	640	939	1004	617
1023	1023	640	995	1006	617
0	0	704	82	137	667
64	0	704	101	137	667
128	0	704	144	137	667
192	0	704	198	138	665
256	0	704	256	139	664
320	0	704	317	141	662
384	0	704	379	143	662
448	0	704	440	145	662
512	0	704	498	148	662
576	0	704	556	151	662
640	0	704	617	153	661
704	0	704	675	158	662
768	0	704	733	161	662
832	0	704	798	165	660
896	0	704	856	168	660
960	0	704	916	173	660
1023	0	704	976	178	661
0	64	704	82	148	667
64	64	704	103	148	667
128	64	704	144	148	667
192	64	704	199	149	665
256	64	704	256	150	664
320	64	704	317	151	662
384	64	704	379	155	662
448	64	704	440	156	662
512	64	704	498	159	662
576	64	704	556	161	662
640	64	704	617	164	661
704	64	704	675	168	662
768	64	704	733	170	662
832	64	704	798	174	660
896	64	704	856	178	660
960	64	704	916	183	660
1023	64	704	976	187	661
0	128	704	87	181	668
64	128	704	103	181	667
128	128	704	147	182	667
192	128	704	200	183	665
256	128	704	258	183	664
320	128	704	317	185	662
384	128	704	380	188	662
448	128	704	440	188	662
512	128	704	499	191	662
576	128	704	557	193	662
640	128	704	617	195	661
704	128	704	675	198	662
768	128	704	733	201	662
832	128	704	797	204	660
896	128	704	855	206	660
960	128	704	916	210	660
1023	128	704	976	214	661
0	192	704	93	228	668
64	192	704	108	228	668
128	192	704	150	229	667
192	192	704	202	230	666
256	192	704	259	230	664
320	192	704	319	232	662
384	192	704	381	233	662
448	192	704	441	234	662
512	192	704	499	236	662
576	192	704	557	238	662
640	192	704	618	240	662
704	192	704	675	242	662
768	192	704	733	245	662
832	192	704	797	246	661
896	192	704	855	249	660
960	192	704	916	252	661
1023	192	704	975	255	661
0	256	704	101	282	668
64	256	704	114	282	668
128	256	704	155	282	668
192	256	704	206	283	666
256	256	704	261	284	665
320	256	704	320	285	663
384	256	704	382	287	663
448	256	704	442	288	663
512	256	704	500	290	662
576	256	704	558	291	662
640	256	704	618	293	662
704	256	704	676	295	663
768	256	704	733	297	662
832	256	704	796	298	661
896	256	704	855	300	661
960	256	704	915	303	661
1023	256	704	975	306	661
0	320	704	111	341	668
64	320	704	123	341	668
128	320	704	161	341	667
192	320	704	210	342	666
256	320	704	265	343	665
320	320	704	323	345	663
384	320	704	385	346	663
448	320	704	443	346	663
512	320	704	501	347	662
576	320	704	559	348	662
640	320	704	619	350	662
704	320	704	676	351	661
768	320	704	733	353	661
832	320	704	796	354	661
896	320	704	855	355	661
960	320	704	915	358	661
1023	320	704	975	360	662
0	384	704	125	402	669
64	384	704	136	402	668
128	384	704	169	402	668
192	384	704	216	403	667
256	384	704	269	404	666
320	384	704	327	405	664
384	384	704	388	406	664
448	384	704	446	407	663
512	384	704	502	407	663
576	384	704	561	408	662
640	384	704	621	409	662
704	384	704	675	410	662
768	384	704	732	411	662
832	384	704	797	412	661
896	384	704	855	414	662
960	384	704	916	415	662
1023	384	704	975	417	662
0	448	704	136	459	668
64	448	704	145	459	668
128	448	704	178	459	668
192	448	704	222	460	667
256	448	704	274	461	666
320	448	704	331	462	665
384	448	704	391	462	664
448	448	704	448	463	664
512	448	704	504	464	663
576	448	704	562	464	662
640	448	704	621	465	662
704	448	704	677	466	662
768	448	704	734	467	662
832	448	704	799	468	662
896	448	704	857	470	662
960	448	704	916	471	662
1023	448	704	975	473	663
0	512	704	149	518	669
64	512	704	158	518	669
128	512	704	188	518	669
192	512	704	230	518	668
256	512	704	279	520	666
320	512	704	336	520	665
384	512	704	395	521	665
448	512	704	451	521	665
512	512	704	507	521	664
576	512	704	564	522	663
640	512	704	623	523	663
704	512	704	679	524	663
768	512	704	737	526	663
832	512	704	801	527	663
896	512	704	859	528	663
960	512	704	919	529	664
1023	512	704	977	530	664
0	576	704	163	579	670
64	576	704	171	579	670
128	576	704	198	579	670
192	576	704	238	580	669
256	576	704	285	581	667
320	576	704	341	581	666
384	576	704	399	581	665
448	576	704	454	582	665
512	576	704	510	582	664
576	576	704	567	583	664
640	576	704	626	584	664
704	576	704	681	585	664
768	576	704	739	586	664
832	576	704	802	587	664
896	576	704	861	588	665
960	576	704	921	590	665
1023	576	704	979	592	665
0	640	704	177	637	670
64	640	704	185	637	670
128	640	704	209	637	670
192	640	704	247	638	669
256	640	704	293	639	667
320	640	704	347	639	666
384	640	704	404	639	666
448	640	704	458	640	665
512	640	704	513	641	665
576	640	704	571	642	665
640	640	704	628	643	665
704	640	704	684	643	665
768	640	704	741	645	665
832	640	704	805	646	665
896	640	704	863	647	666
960	640	704	923	648	666
1023	640	704	981	650	666
0	704	704	193	697	672
64	704	704	199	697	671
128	704	704	221	697	671
192	704	704	257	698	670
256	704	704	302	699	668
320	704	704	355	699	668
384	704	704	410	699	667
448	704	704	463	700	667
512	704	704	517	700	667
576	704	704	574	700	666
640	704	704	631	701	666
704	704	704	687	703	666
768	704	704	744	704	667
832	704	704	808	705	667
896	704	704	865	705	667
960	704	704	925	707	666
1023	704	704	980	706	665
0	768	704	206	757	672
64	768	704	212	757	671
128	768	704	234	758	671
192	768	704	266	759	670
256	768	704	311	760	669
320	768	704	361	760	668
384	768	704	415	761	668
448	768	704	468	761	668
512	768	704	522	762	668
576	768	704	579	763	668
640	768	704	635	763	668
704	768	704	690	764	668
768	768	704	748	766	668
832	768	704	809	766	667
896	768	704	867	767	667
960	768	704	926	767	667
1023	768	704	983	768	667
0	832	704	221	821	672
64	832	704	227	821	672
128	832	704	247	821	672
192	832	704	277	822	671
256	832	704	321	823	671
320	832	704	370	823	670
384	832	704	422	824	670
448	832	704	474	824	670
512	832	704	528	825	670
576	832	704	584	826	670
640	832	704	639	826	669
704	832	704	694	826	669
768	832	704	750	826	668
832	832	704	811	826	668
896	832	704	869	827	669
960	832	704	929	829	669
1023	832	704	986	830	669
0	896	704	236	881	675
64	896	704	242	881	675
128	896	704	260	881	674
192	896	704	290	882	672
256	896	704	331	883	672
320	896	704	380	883	672
384	896	704	430	884	672
448	896	704	481	884	672
512	896	704	534	885	672
576	896	704	589	885	671
640	896	704	643	884	670
704	896	704	698	886	670
768	896	704	755	886	670
832	896	704	816	887	670
896	896	704	873	888	670
960	896	704	933	889	670
1023	896	704	989	890	670
0	960	704	252	941	677
64	960	704	257	941	677
128	960	704	274	942	676
192	960	704	303	942	675
256	960	704	343	943	674
320	960	704	389	943	674
384	960	704	438	943	674
448	960	704	488	944	673
512	960	704	539	943	673
576	960	704	594	943	672
640	960	704	648	944	672
704	960	704	702	945	672
768	960	704	760	945	672
832	960	704	819	946	672
896	960	704	877	948	672
960	960	704	937	949	672
1023	960	704	992	950	672
0	1023	704	266	998	678
64	1023	704	271	998	678
128	1023	704	286	999	677
192	1023	704	316	999	676
256	1023	704	354	999	676
320	1023	704	399	1000	675
384	1023	704	445	1000	675
448	1023	704	494	1000	675
512	1023	704	545	1001	675
576	1023	704	601	1002	674
640	1023	704	653	1002	674
704	1023	704	707	1003	674
768	1023	704	766	1004	674
832	1023	704	824	1005	675
896	1023	704	882	1006	675
960	1023	704	940	1007	675
1023	1023	704	996	1008	675
0	0	768	89	149	727
64	0	768	106	149	727
128	0	768	148	150	727
192	0	768	202	151	726
256	0	768	258	152	725
320	0	768	318	153	723
384	0	768	381	156	723
448	0	768	441	158	723
512	0	768	500	161	722
576	0	768	558	163	722
640	0	768	619	166	722
704	0	768	676	168	722
768	0	768	734	172	721
832	0	768	799	175	721
896	0	768	858	180	721
960	0	768	918	185	721
1023	0	768	977	188	721
0	64	768	91	160	727
64	64	768	108	160	727
128	64	768	149	160	727
192	64	768	202	160	726
256	64	768	259	162	725
320	64	768	319	164	723
384	64	768	381	165	723
448	64	768	441	167	723
512	64	768	499	169	722
576	64	768	558	172	722
640	64	768	619	176	722
704	64	768	676	178	722
768	64	768	734	181	721
832	64	768	799	185	721
896	64	768	858	188	721
960	64	768	918	192	721
1023	64	768	977	196	721
0	128	768	93	191	727
64	128	768	111	191	727
128	128	768	150	192	727
192	128	768	203	192	726
256	128	768	259	193	725
320	128	768	319	195	723
384	128	768	382	196	723
448	128	768	442	198	723
512	128	768	500	200	722
576	128	768	558	202	722
640	128	768	619	205	722
704	128	768	676	206	722
768	128	768	734	209	722
832	128	768	799	212	721
896	128	768	857	215	721
960	128	768	917	218	721
1023	128	768	977	221	721
0	192	768	99	236	728
64	192	768	114	236	728
128	192	768	153	236	728
192	192	768	206	237	727
256	192	768	261	238	726
320	192	768	320	240	724
384	192	768	382	241	723
448	192	768	442	242	723
512	192	768	500	243	723
576	192	768	559	245	722
640	192	768	620	248	722
704	192	768	677	250	722
768	192	768	733	252	722
832	192	768	798	253	721
896	192	768	857	256	721
960	192	768	917	259	721
1023	192	768	976	262	721
0	256	768	108	288	729
64	256	768	120	288	729
128	256	768	158	289	729
192	256	768	208	290	728
256	256	768	262	291	727
320	256	768	322	292	724
384	256	768	384	293	724
448	256	768	443	294	723
512	256	768	501	296	723
576	256	768	560	298	723
640	256	768	620	300	722
704	256	768	677	301	721
768	256	768	733	303	721
832	256	768	798	304	721
896	256	768	857	307	721
960	256	768	917	309	721
1023	256	768	976	311	721
0	320	768	117	346	727
64	320	768	129	346	727
128	320	768	164	346	727
192	320	768	212	348	726
256	320	768	266	348	725
320	320	768	325	349	723
384	320	768	386	350	723
448	320	768	445	351	722
512	320	768	502	353	722
576	320	768	561	354	722
640	320	768	621	355	722
704	320	768	677	356	721
768	320	768	734	357	721
832	320	768	799	359	721
896	320	768	857	361	721
960	320	768	917	363	721
1023	320	768	976	365	721
0	384	768	128	406	726
64	384	768	138	406	726
128	384	768	172	407	726
192	384	768	218	407	725
256	384	768	270	408	724
320	384	768	328	409	723
384	384	768	389	410	723
448	384	768	447	410	722
512	384	768	504	411	722
576	384	768	562	412	722
640	384	768	622	413	721
704	384	768	678	414	722
768	384	768	735	416	722
832	384	768	799	417	721
896	384	768	858	418	721
960	384	768	918	420	722
1023	384	768	977	422	722
0	448	768	139	463	729
64	448	768	150	463	729
128	448	768	180	464	728
192	448	768	225	464	728
256	448	768	275	465	727
320	448	768	332	466	724
384	448	768	392	466	723
448	448	768	449	467	723
512	448	768	505	467	722
576	448	768	563	468	722
640	448	768	623	469	722
704	448	768	679	470	722
768	448	768	737	472	722
832	448	768	801	473	722
896	448	768	859	474	722
960	448	768	919	475	722
1023	448	768	977	477	722
0	512	768	152	521	729
64	512	768	161	521	728
128	512	768	190	522	728
192	512	768	232	522	728
256	512	768	280	523	727
320	512	768	337	524	724
384	512	768	395	524	724
448	512	768	451	524	723
512	512	768	508	525	722
576	512	768	565	525	722
640	512	768	624	526	722
704	512	768	680	528	722
768	512	768	738	529	723
832	512	768	802	530	722
896	512	768	860	531	722
960	512	768	920	532	723
1023	512	768	978	534	723
0	576	768	166	582	729
64	576	768	173	582	729
128	576	768	200	582	728
192	576	768	239	583	728
256	576	768	286	584	727
320	576	768	342	584	725
384	576	768	399	584	724
448	576	768	454	584	723
512	576	768	511	585	723
576	576	768	568	586	723
640	576	768	626	587	723
704	576	768	683	588	723
768	576	768	740	589	723
832	576	768	804	590	723
896	576	768	862	592	723
960	576	768	922	593	724
1023	576	768	980	594	724
0	640	768	180	640	729
64	640	768	188	640	729
128	640	768	211	640	729
192	640	768	248	641	728
256	640	768	293	642	725
320	640	768	348	642	725
384	640	768	405	642	724
448	640	768	459	643	724
512	640	768	514	644	724
576	640	768	572	644	724
640	640	768	629	645	724
704	640	768	685	646	724
768	640	768	742	647	724
832	640	768	806	648	724
896	640	768	865	650	725
960	640	768	924	651	725
1023	640	768	982	652	725
0	704	768	194	699	728
64	704	768	201	699	728
128	704	768	223	699	728
192	704	768	258	700	727
256	704	768	303	701	726
320	704	768	355	701	726
384	704	768	411	702	726
448	704	768	464	702	726
512	704	768	519	703	725
576	704	768	576	704	725
640	704	768	633	705	725
704	704	768	689	706	726
768	704	768	745	706	726
832	704	768	809	708	726
896	704	768	867	709	726
960	704	768	926	710	725
1023	704	768	983	710	725
0	768	768	208	761	731
64	768	768	214	761	730
128	768	768	235	761	730
192	768	768	268	762	730
256	768	768	312	763	728
320	768	768	363	763	727
384	768	768	416	764	727
448	768	768	469	765	727
512	768	768	524	766	727
576	768	768	580	766	727
640	768	768	636	767	726
704	768	768	692	768	727
768	768	768	749	768	726
832	768	768	811	769	726
896	768	768	868	770	726
960	768	768	928	771	726
1023	768	768	985	772	726
0	832	768	223	823	730
64	832	768	229	824	730
128	832	768	248	824	730
192	832	768	279	825	730
256	832	768	322	825	729
320	832	768	372	826	729
384	832	768	424	827	729
448	832	768	475	827	729
512	832	768	529	828	729
576	832	768	585	828	728
640	832	768	640	828	727
704	832	768	694	828	727
768	832	768	752	829	727
832	832	768	813	830	727
896	832	768	871	831	727
960	832	768	931	832	728
1023	832	768	987	833	727
0	896	768	238	883	734
64	896	768	243	883	734
128	896	768	261	884	734
192	896	768	291	885	731
256	896	768	332	885	731
320	896	768	381	886	730
384	896	768	431	887	730
448	896	768	482	887	730
512	896	768	534	887	730
576	896	768	590	887	729
640	896	768	644	887	729
704	896	768	699	888	728
768	896	768	756	889	728
832	896	768	817	890	728
896	896	768	874	891	728
960	896	768	935	892	729
1023	896	768	991	893	729
0	960	768	253	944	736
64	960	768	258	944	736
128	960	768	275	945	736
192	960	768	304	945	733
256	960	768	344	945	732
320	960	768	390	945	732
384	960	768	438	945	731
448	960	768	488	945	731
512	960	768	540	945	731
576	960	768	596	946	730
640	960	768	649	947	730
704	960	768	704	948	731
768	960	768	762	949	730
832	960	768	821	950	731
896	960	768	879	951	730
960	960	768	938	952	731
1023	960	768	994	953	731
0	1023	768	267	1000	736
64	1023	768	272	1001	736
128	1023	768	287	1001	736
192	1023	768	317	1001	733
256	1023	768	355	1002	733
320	1023	768	400	1003	733
384	1023	768	446	1003	733
448	1023	768	495	1004	733
512	1023	768	547	1005	733
576	1023	768	602	1005	733
640	1023	768	654	1005	733
704	1023	768	709	1006	732
768	1023	768	767	1007	732
832	1023	768	825	1008	732
896	1023	768	883	1009	733
960	1023	768	942	1010	733
1023	1023	768	998	1011	733
0	0	832	97	163	791
64	0	832	111	163	791
128	0	832	152	163	790
192	0	832	204	163	790
256	0	832	260	165	790
320	0	832	320	166	788
384	0	832	382	168	788
448	0	832	442	170	788
512	0	832	501	172	788
576	0	832	559	174	788
640	0	832	620	178	788
704	0	832	676	180	786
768	0	832	734	184	786
832	0	832	799	187	785
896	0	832	858	191	785
960	0	832	918	194	785
1023	0	832	978	198	785
0	64	832	97	171	791
64	64	832	113	172	791
128	64	832	152	172	791
192	64	832	205	173	791
256	64	832	260	174	790
320	64	832	319	176	788
384	64	832	382	177	788
448	64	832	442	179	788
512	64	832	501	181	788
576	64	832	559	184	788
640	64	832	620	187	788
704	64	832	677	188	786
768	64	832	734	193	786
832	64	832	799	195	785
896	64	832	858	198	785
960	64	832	918	202	785
1023	64	832	978	206	785
0	128	832	101	201	792
64	128	832	114	202	792
128	128	832	155	202	792
192	128	832	205	202	791
256	128	832	261	203	791
320	128	832	320	205	788
384	128	832	383	206	788
448	128	832	443	207	788
512	128	832	501	209	788
576	128	832	560	211	788
640	128	832	621	213	788
704	128	832	676	215	787
768	128	832	734	218	786
832	128	832	799	221	785
896	128	832	858	223	785
960	128	832	918	227	785
1023	128	832	978	230	785
0	192	832	106	244	793
64	192	832	119	244	793
128	192	832	158	245	793
192	192	832	207	245	793
256	192	832	262	247	792
320	192	832	322	248	789
384	192	832	384	248	789
448	192	832	443	250	788
512	192	832	501	252	788
576	192	832	560	253	788
640	192	832	621	255	788
704	192	832	676	256	787
768	192	832	734	259	786
832	192	832	799	261	786
896	192	832	858	263	785
960	192	832	918	266	785
1023	192	832	977	269	785
0	256	832	113	295	795
64	256	832	126	295	795
128	256	832	161	296	795
192	256	832	211	297	795
256	256	832	264	298	788
320	256	832	323	299	786
384	256	832	385	300	786
448	256	832	444	301	786
512	256	832	502	302	786
576	256	832	561	304	786
640	256	832	621	305	784
704	256	832	676	307	784
768	256	832	734	308	784
832	256	832	799	310	784
896	256	832	857	312	784
960	256	832	918	315	784
1023	256	832	977	317	784
0	320	832	122	352	791
64	320	832	133	352	791
128	320	832	167	353	791
192	320	832	215	353	791
256	320	832	267	354	791
320	320	832	326	355	787
384	320	832	387	356	787
448	320	832	446	357	786
512	320	832	503	357	786
576	320	832	561	358	786
640	320	832	621	360	785
704	320	832	677	361	784
768	320	832	734	363	784
832	320	832	799	364	784
896	320	832	858	366	784
960	320	832	918	368	785
1023	320	832	977	370	784
0	384	832	133	411	789
64	384	832	143	411	789
128	384	832	175	411	788
192	384	832	220	412	788
256	384	832	271	413	788
320	384	832	329	413	787
384	384	832	390	414	787
448	384	832	448	415	786
512	384	832	504	415	785
576	384	832	562	415	784
640	384	832	621	416	784
704	384	832	678	418	785
768	384	832	735	419	784
832	384	832	800	421	785
896	384	832	858	422	785
960	384	832	919	424	785
1023	384	832	978	426	785
0	448	832	143	467	794
64	448	832	152	467	794
128	448	832	183	467	794
192	448	832	225	468	794
256	448	832	275	468	793
320	448	832	332	469	788
384	448	832	392	469	788
448	448	832	449	470	787
512	448	832	506	471	786
576	448	832	564	472	785
640	448	832	624	473	785
704	448	832	680	474	784
768	448	832	737	475	785
832	448	832	802	476	785
896	448	832	861	478	785
960	448	832	921	479	785
1023	448	832	978	481	786
0	512	832	156	524	793
64	512	832	164	524	793
128	512	832	193	525	793
192	512	832	232	525	793
256	512	832	281	526	792
320	512	832	337	527	787
384	512	832	396	527	787
448	512	832	452	528	786
512	512	832	509	529	786
576	512	832	567	529	786
640	512	832	626	530	786
704	512	832	682	532	786
768	512	832	739	533	786
832	512	832	804	534	786
896	512	832	862	535	786
960	512	832	923	537	787
1023	512	832	980	538	787
0	576	832	169	585	792
64	576	832	177	585	792
128	576	832	202	585	792
192	576	832	240	586	792
256	576	832	287	587	792
320	576	832	343	587	788
384	576	832	401	588	788
448	576	832	457	589	787
512	576	832	512	590	787
576	576	832	570	590	787
640	576	832	629	591	787
704	576	832	685	592	787
768	576	832	742	593	787
832	576	832	806	594	788
896	576	832	864	596	788
960	576	832	924	597	788
1023	576	832	982	598	787
0	640	832	183	644	794
64	640	832	190	644	794
128	640	832	213	644	794
192	640	832	250	645	793
256	640	832	295	646	789
320	640	832	350	646	789
384	640	832	407	647	789
448	640	832	461	647	789
512	640	832	516	648	789
576	640	832	574	649	789
640	640	832	632	650	789
704	640	832	688	651	789
768	640	832	745	652	788
832	640	832	809	653	789
896	640	832	867	654	789
960	640	832	927	655	789
1023	640	832	983	655	789
0	704	832	197	702	791
64	704	832	203	703	791
128	704	832	224	703	791
192	704	832	259	704	791
256	704	832	304	704	791
320	704	832	357	705	791
384	704	832	412	707	791
448	704	832	466	707	791
512	704	832	521	708	790
576	704	832	578	708	789
640	704	832	635	708	790
704	704	832	691	710	790
768	704	832	747	710	790
832	704	832	811	711	790
896	704	832	868	712	788
960	704	832	927	712	788
1023	704	832	984	713	789
0	768	832	211	765	795
64	768	832	217	765	795
128	768	832	237	765	795
192	768	832	269	766	794
256	768	832	313	767	793
320	768	832	365	767	792
384	768	832	418	768	792
448	768	832	471	768	792
512	768	832	525	769	792
576	768	832	583	770	791
640	768	832	639	771	791
704	768	832	694	772	791
768	768	832	750	771	789
832	768	832	812	772	790
896	768	832	871	774	790
960	768	832	930	774	790
1023	768	832	987	776	791
0	832	832	225	827	797
64	832	832	230	827	796
128	832	832	250	828	796
192	832	832	280	829	795
256	832	832	323	829	794
320	832	832	373	830	794
384	832	832	425	830	794
448	832	832	477	831	794
512	832	832	531	832	794
576	832	832	586	831	793
640	832	832	641	831	792
704	832	832	696	832	792
768	832	832	754	833	791
832	832	832	815	834	792
896	832	832	873	835	791
960	832	832	933	836	791
1023	832	832	990	837	792
0	896	832	240	888	798
64	896	832	245	888	798
128	896	832	262	889	797
192	896	832	292	889	796
256	896	832	334	890	795
320	896	832	382	890	795
384	896	832	432	890	794
448	896	832	483	891	794
512	896	832	535	890	793
576	896	832	591	890	793
640	896	832	646	891	792
704	896	832	701	892	793
768	896	832	759	893	793
832	896	832	819	894	793
896	896	832	877	895	793
960	896	832	937	896	793
1023	896	832	993	897	793
0	960	832	254	946	797
64	960	832	259	946	797
128	960	832	275	946	796
192	960	832	305	947	795
256	960	832	345	947	796
320	960	832	392	948	796
384	960	832	439	948	795
448	960	832	489	947	794
512	960	832	540	948	794
576	960	832	597	949	794
640	960	832	650	950	794
704	960	832	705	951	794
768	960	832	763	952	794
832	960	832	822	952	794
896	960	832	880	953	794
960	960	832	940	955	795
1023	960	832	996	956	794
0	1023	832	268	1004	798
64	1023	832	272	1004	798
128	1023	832	288	1004	797
192	1023	832	317	1004	797
256	1023	832	356	1005	797
320	1023	832	401	1005	797
384	1023	832	447	1006	796
448	1023	832	497	1007	796
512	1023	832	548	1008	797
576	1023	832	603	1008	796
640	1023	832	656	1009	796
704	1023	832	710	1009	796
768	1023	832	768	1010	796
832	1023	832	827	1011	796
896	1023	832	884	1012	796
960	1023	832	944	1014	796
1023	1023	832	997	1012	795
0	0	896	104	175	851
64	0	896	117	175	851
128	0	896	157	177	851
192	0	896	206	177	850
256	0	896	262	178	849
320	0	896	321	180	847
384	0	896	384	181	846
448	0	896	443	183	846
512	0	896	502	185	845
576	0	896	560	188	844
640	0	896	620	189	843
704	0	896	677	193	843
768	0	896	735	196	843
832	0	896	801	198	843
896	0	896	860	202	843
960	0	896	920	206	843
1023	0	896	980	209	843
0	64	896	104	185	851
64	64	896	119	185	851
128	64	896	156	186	851
192	64	896	207	186	850
256	64	896	262	188	849
320	64	896	321	188	847
384	64	896	384	190	846
448	64	896	443	191	846
512	64	896	502	193	845
576	64	896	560	195	844
640	64	896	620	198	843
704	64	896	677	200	843
768	64	896	735	204	843
832	64	896	801	206	843
896	64	896	860	209	843
960	64	896	920	213	843
1023	64	896	980	216	843
0	128	896	108	212	851
64	128	896	120	212	851
128	128	896	158	212	851
192	128	896	208	213	850
256	128	896	262	214	849
320	128	896	322	215	847
384	128	896	384	217	847
448	128	896	444	218	846
512	128	896	502	219	845
576	128	896	560	221	844
640	128	896	620	223	843
704	128	896	677	225	843
768	128	896	735	229	843
832	128	896	801	231	843
896	128	896	860	234	843
960	128	896	920	237	843
1023	128	896	980	240	843
0	192	896	113	253	852
64	192	896	125	253	852
128	192	896	161	253	852
192	192	896	209	254	851
256	192	896	263	255	850
320	192	896	323	256	847
384	192	896	385	258	847
448	192	896	444	258	846
512	192	896	502	259	845
576	192	896	561	261	845
640	192	896	620	262	844
704	192	896	677	265	843
768	192	896	735	267	843
832	192	896	800	269	843
896	192	896	859	272	843
960	192	896	920	275	843
1023	192	896	979	277	843
0	256	896	119	303	849
64	256	896	132	303	849
128	256	896	165	304	848
192	256	896	213	304	848
256	256	896	265	306	846
320	256	896	324	307	845
384	256	896	387	307	844
448	256	896	445	308	843
512	256	896	502	309	843
576	256	896	561	310	842
640	256	896	621	311	842
704	256	896	678	314	842
768	256	896	735	316	842
832	256	896	800	317	842
896	256	896	859	319	842
960	256	896	920	322	842
1023	256	896	979	324	842
0	320	896	128	358	851
64	320	896	139	358	850
128	320	896	170	359	850
192	320	896	217	359	849
256	320	896	268	360	848
320	320	896	327	361	845
384	320	896	388	361	845
448	320	896	446	362	844
512	320	896	504	363	843
576	320	896	562	364	843
640	320	896	622	365	842
704	320	896	679	367	843
768	320	896	736	369	842
832	320	896	801	370	842
896	320	896	860	372	842
960	320	896	920	375	843
1023	320	896	979	376	843
0	384	896	137	415	848
64	384	896	147	415	848
128	384	896	178	416	848
192	384	896	221	416	847
256	384	896	272	417	846
320	384	896	330	418	844
384	384	896	390	418	844
448	384	896	448	419	843
512	384	896	505	420	843
576	384	896	563	421	843
640	384	896	624	422	843
704	384	896	680	423	843
768	384	896	738	425	843
832	384	896	802	426	843
896	384	896	861	428	843
960	384	896	921	429	843
1023	384	896	980	431	843
0	448	896	148	471	851
64	448	896	157	471	851
128	448	896	186	471	851
192	448	896	228	472	850
256	448	896	276	473	849
320	448	896	334	473	845
384	448	896	394	474	845
448	448	896	451	475	844
512	448	896	508	476	843
576	448	896	566	477	843
640	448	896	626	478	843
704	448	896	682	479	843
768	448	896	740	481	843
832	448	896	804	481	843
896	448	896	862	482	843
960	448	896	922	484	843
1023	448	896	980	486	844
0	512	896	160	528	850
64	512	896	168	528	850
128	512	896	195	529	850
192	512	896	235	530	849
256	512	896	282	531	848
320	512	896	339	531	845
384	512	896	398	532	845
448	512	896	454	533	844
512	512	896	511	533	844
576	512	896	569	534	844
640	512	896	628	535	844
704	512	896	684	536	844
768	512	896	741	537	844
832	512	896	805	538	844
896	512	896	864	540	844
960	512	896	924	541	844
1023	512	896	982	542	844
0	576	896	172	589	851
64	576	896	180	589	850
128	576	896	206	590	850
192	576	896	243	590	849
256	576	896	289	592	846
320	576	896	345	592	846
384	576	896	403	592	846
448	576	896	458	593	845
512	576	896	514	594	845
576	576	896	572	595	845
640	576	896	630	595	845
704	576	896	686	596	845
768	576	896	743	598	845
832	576	896	808	599	845
896	576	896	866	600	845
960	576	896	926	601	845
1023	576	896	982	601	845
0	640	896	186	647	852
64	640	896	193	648	852
128	640	896	216	648	851
192	640	896	252	649	851
256	640	896	297	650	847
320	640	896	351	650	847
384	640	896	408	650	846
448	640	896	462	651	846
512	640	896	518	652	846
576	640	896	575	652	846
640	640	896	633	653	846
704	640	896	690	655	846
768	640	896	746	655	846
832	640	896	810	656	846
896	640	896	867	656	846
960	640	896	927	657	845
1023	640	896	984	658	845
0	704	896	199	706	850
64	704	896	206	706	850
128	704	896	227	707	850
192	704	896	261	707	849
256	704	896	306	708	848
320	704	896	358	709	848
384	704	896	413	709	847
448	704	896	467	710	847
512	704	896	522	711	847
576	704	896	580	711	847
640	704	896	636	711	846
704	704	896	691	712	845
768	704	896	748	713	846
832	704	896	811	714	846
896	704	896	869	714	846
960	704	896	929	716	846
1023	704	896	986	717	846
0	768	896	212	768	852
64	768	896	218	769	852
128	768	896	238	769	852
192	768	896	270	770	851
256	768	896	315	770	849
320	768	896	365	771	849
384	768	896	419	771	849
448	768	896	472	772	849
512	768	896	526	772	848
576	768	896	583	772	847
640	768	896	638	772	846
704	768	896	694	773	846
768	768	896	751	774	846
832	768	896	813	776	847
896	768	896	872	777	847
960	768	896	932	778	847
1023	768	896	988	779	847
0	832	896	228	831	852
64	832	896	232	831	852
128	832	896	252	832	852
192	832	896	282	833	852
256	832	896	325	833	850
320	832	896	374	832	849
384	832	896	425	832	849
448	832	896	477	833	849
512	832	896	531	834	849
576	832	896	588	834	849
640	832	896	643	835	849
704	832	896	698	836	849
768	832	896	755	836	848
832	832	896	817	838	849
896	832	896	875	839	849
960	832	896	936	840	849
1023	832	896	992	841	849
0	896	896	241	891	856
64	896	896	247	891	856
128	896	896	263	891	855
192	896	896	293	892	852
256	896	896	335	892	851
320	896	896	383	892	851
384	896	896	432	892	850
448	896	896	483	892	850
512	896	896	536	893	850
576	896	896	593	894	850
640	896	896	647	894	850
704	896	896	702	895	850
768	896	896	760	896	850
832	896	896	820	897	850
896	896	896	878	898	850
960	896	896	938	899	850
1023	896	896	994	900	850
0	960	896	255	949	856
64	960	896	260	949	856
128	960	896	276	949	855
192	960	896	306	950	852
256	960	896	345	950	852
320	960	896	392	950	852
384	960	896	440	951	852
448	960	896	491	952	851
512	960	896	542	952	851
576	960	896	598	953	851
640	960	896	652	953	851
704	960	896	706	954	851
768	960	896	764	955	851
832	960	896	824	956	851
896	960	896	882	957	851
960	960	896	942	958	852
1023	960	896	996	958	851
0	1023	896	269	1007	857
64	1023	896	274	1007	857
128	1023	896	289	1007	853
192	1023	896	319	1008	854
256	1023	896	357	1008	854
320	1023	896	402	1009	854
384	1023	896	448	1010	853
448	1023	896	498	1010	853
512	1023	896	549	1010	853
576	1023	896	604	1011	853
640	1023	896	657	1011	853
704	1023	896	711	1012	853
768	1023	896	770	1013	853
832	1023	896	827	1013	853
896	1023	896	885	1014	852
960	1023	896	943	1014	852
1023	1023	896	999	1015	852
0	0	960	111	188	912
64	0	960	125	188	912
128	0	960	160	190	911
192	0	960	209	190	910
256	0	960	262	191	908
320	0	960	321	193	906
384	0	960	384	193	905
448	0	960	443	195	905
512	0	960	502	198	905
576	0	960	561	200	905
640	0	960	621	202	904
704	0	960	678	205	904
768	0	960	737	208	903
832	0	960	803	211	904
896	0	960	861	213	904
960	0	960	922	217	903
1023	0	960	982	221	904
0	64	960	113	197	912
64	64	960	125	197	912
128	64	960	161	197	911
192	64	960	209	198	910
256	64	960	262	199	908
320	64	960	322	199	906
384	64	960	384	202	905
448	64	960	443	202	905
512	64	960	502	205	905
576	64	960	561	207	905
640	64	960	621	209	904
704	64	960	678	212	904
768	64	960	737	214	903
832	64	960	803	218	904
896	64	960	861	221	904
960	64	960	922	224	903
1023	64	960	982	228	904
0	128	960	114	222	912
64	128	960	128	222	912
128	128	960	161	222	911
192	128	960	210	223	910
256	128	960	263	224	908
320	128	960	322	225	906
384	128	960	385	226	905
448	128	960	444	228	905
512	128	960	502	230	905
576	128	960	561	232	905
640	128	960	621	233	904
704	128	960	678	236	904
768	128	960	736	238	904
832	128	960	803	241	904
896	128	960	861	243	904
960	128	960	921	247	903
1023	128	960	981	250	904
0	192	960	117	261	912
64	192	960	130	261	912
128	192	960	164	261	911
192	192	960	212	262	910
256	192	960	264	263	908
320	192	960	323	263	906
384	192	960	385	265	906
448	192	960	444	266	905
512	192	960	503	268	905
576	192	960	562	270	905
640	192	960	622	271	904
704	192	960	678	274	904
768	192	960	736	275	904
832	192	960	802	278	904
896	192	960	861	281	904
960	192	960	921	283	903
1023	192	960	981	286	904
0	256	960	125	310	911
64	256	960	136	310	911
128	256	960	168	310	910
192	256	960	214	311	909
256	256	960	266	312	907
320	256	960	325	313	905
384	256	960	386	314	905
448	256	960	445	315	905
512	256	960	504	316	905
576	256	960	563	318	904
640	256	960	622	319	903
704	256	960	679	321	903
768	256	960	737	323	903
832	256	960	802	325	903
896	256	960	861	327	903
960	256	960	921	329	903
1023	256	960	981	331	903
0	320	960	133	364	912
64	320	960	143	364	911
128	320	960	174	364	911
192	320	960	218	365	909
256	320	960	269	366	907
320	320	960	327	366	906
384	320	960	389	367	905
448	320	960	447	368	905
512	320	960	505	369	905
576	320	960	564	371	905
640	320	960	623	372	904
704	320	960	680	374	903
768	320	960	738	375	903
832	320	960	803	377	903
896	320	960	861	379	903
960	320	960	922	381	903
1023	320	960	981	383	904
0	384	960	142	420	911
64	384	960	152	420	911
128	384	960	181	420	910
192	384	960	224	421	909
256	384	960	273	422	907
320	384	960	331	423	906
384	384	960	392	423	906
448	384	960	449	424	905
512	384	960	507	425	905
576	384	960	565	426	905
640	384	960	625	427	904
704	384	960	681	428	904
768	384	960	739	430	904
832	384	960	804	431	904
896	384	960	862	433	903
960	384	960	922	434	903
1023	384	960	981	436	904
0	448	960	152	476	912
64	448	960	161	476	912
128	448	960	189	476	912
192	448	960	230	477	910
256	448	960	277	478	909
320	448	960	335	478	906
384	448	960	395	479	906
448	448	960	452	480	906
512	448	960	509	481	905
576	448	960	568	482	905
640	448	960	627	483	904
704	448	960	683	483	904
768	448	960	741	485	904
832	448	960	806	486	904
896	448	960	863	487	904
960	448	960	923	488	904
1023	448	960	981	490	904
0	512	960	163	533	912
64	512	960	172	533	912
128	512	960	198	534	912
192	512	960	237	535	910
256	512	960	283	536	909
320	512	960	340	536	907
384	512	960	400	536	906
448	512	960	456	538	906
512	512	960	512	538	906
576	512	960	570	538	905
640	512	960	629	540	906
704	512	960	686	541	905
768	512	960	743	542	905
832	512	960	808	543	905
896	512	960	866	544	905
960	512	960	925	545	905
1023	512	960	983	546	905
0	576	960	176	594	913
64	576	960	184	594	912
128	576	960	208	594	912
192	576	960	244	595	911
256	576	960	290	596	908
320	576	960	346	597	907
384	576	960	404	597	907
448	576	960	460	598	907
512	576	960	516	599	907
576	576	960	573	599	906
640	576	960	632	600	906
704	576	960	688	601	906
768	576	960	745	602	906
832	576	960	809	603	906
896	576	960	867	604	905
960	576	960	927	604	905
1023	576	960	985	606	906
0	640	960	189	652	913
64	640	960	196	652	913
128	640	960	218	652	912
192	640	960	253	653	911
256	640	960	299	654	909
320	640	960	353	654	908
384	640	960	409	655	908
448	640	960	464	655	908
512	640	960	520	657	908
576	640	960	578	657	907
640	640	960	635	657	907
704	640	960	691	658	907
768	640	960	747	658	906
832	640	960	810	659	906
896	640	960	869	660	906
960	640	960	929	661	906
1023	640	960	987	663	906
0	704	960	202	711	912
64	704	960	208	711	912
128	704	960	229	711	912
192	704	960	262	712	910
256	704	960	307	713	909
320	704	960	359	713	909
384	704	960	415	714	908
448	704	960	468	714	908
512	704	960	523	714	907
576	704	960	580	714	906
640	704	960	636	715	906
704	704	960	692	716	906
768	704	960	749	717	907
832	704	960	813	718	907
896	704	960	871	718	907
960	704	960	931	720	907
1023	704	960	988	721	907
0	768	960	215	773	913
64	768	960	221	773	913
128	768	960	240	773	913
192	768	960	272	774	912
256	768	960	316	774	910
320	768	960	366	774	909
384	768	960	420	775	909
448	768	960	473	775	908
512	768	960	527	776	908
576	768	960	584	776	908
640	768	960	640	777	908
704	768	960	696	778	908
768	768	960	753	779	908
832	768	960	815	780	908
896	768	960	874	781	908
960	768	960	934	782	908
1023	768	960	991	784	908
0	832	960	229	833	912
64	832	960	234	833	912
128	832	960	252	833	911
192	832	960	282	834	910
256	832	960	325	835	910
320	832	960	375	835	910
384	832	960	426	836	909
448	832	960	478	836	909
512	832	960	532	837	909
576	832	960	589	838	909
640	832	960	645	839	909
704	832	960	699	839	909
768	832	960	757	840	909
832	832	960	818	841	909
896	832	960	876	842	909
960	832	960	937	843	909
1023	832	960	993	844	909
0	896	960	243	893	914
64	896	960	248	893	914
128	896	960	265	893	914
192	896	960	294	894	911
256	896	960	336	894	911
320	896	960	384	895	911
384	896	960	434	896	911
448	896	960	485	897	911
512	896	960	538	897	910
576	896	960	595	898	910
640	896	960	649	899	910
704	896	960	704	899	910
768	896	960	762	900	910
832	896	960	822	901	910
896	896	960	881	903	910
960	896	960	939	902	909
1023	896	960	995	902	910
0	960	960	257	953	916
64	960	960	262	953	916
128	960	960	278	954	915
192	960	960	308	954	913
256	960	960	347	954	913
320	960	960	394	954	913
384	960	960	442	955	912
448	960	960	492	956	912
512	960	960	544	956	912
576	960	960	600	957	912
640	960	960	654	958	912
704	960	960	708	958	912
768	960	960	767	960	912
832	960	960	825	959	912
896	960	960	884	961	912
960	960	960	942	960	911
1023	960	960	998	961	911
0	1023	960	271	1011	917
64	1023	960	275	1011	917
128	1023	960	291	1012	915
192	1023	960	321	1012	915
256	1023	960	358	1012	915
320	1023	960	404	1012	914
384	1023	960	450	1012	914
448	1023	960	498	1013	913
512	1023	960	550	1014	913
576	1023	960	606	1015	913
640	1023	960	658	1015	913
704	1023	960	713	1015	913
768	1023	960	771	1015	912
832	1023	960	828	1016	912
896	1023	960	886	1017	912
960	1023	960	945	1018	912
1023	1023	960	1001	1020	913
0	0	1023	117	202	970
64	0	1023	129	202	970
128	0	1023	164	202	970
192	0	1023	211	203	970
256	0	1023	263	203	969
320	0	1023	323	205	967
384	0	1023	385	206	967
448	0	1023	445	208	967
512	0	1023	503	210	967
576	0	1023	562	212	967
640	0	1023	623	214	967
704	0	1023	680	216	967
768	0	1023	738	219	966
832	0	1023	804	222	966
896	0	1023	863	225	966
960	0	1023	923	228	966
1023	0	1023	983	232	966
0	64	1023	119	209	970
64	64	1023	130	209	970
128	64	1023	164	209	970
192	64	1023	212	210	970
256	64	1023	263	211	970
320	64	1023	323	212	967
384	64	1023	386	213	967
448	64	1023	445	215	967
512	64	1023	503	216	967
576	64	1023	562	218	967
640	64	1023	623	221	967
704	64	1023	680	223	967
768	64	1023	738	226	966
832	64	1023	804	229	966
896	64	1023	862	232	966
960	64	1023	923	235	966
1023	64	1023	983	238	967
0	128	1023	120	233	971
64	128	1023	132	233	971
128	128	1023	166	233	971
192	128	1023	212	234	971
256	128	1023	265	235	971
320	128	1023	323	236	967
384	128	1023	386	237	967
448	128	1023	446	238	967
512	128	1023	504	240	967
576	128	1023	562	242	967
640	128	1023	623	243	967
704	128	1023	680	245	967
768	128	1023	739	249	967
832	128	1023	804	251	966
896	128	1023	862	253	967
960	128	1023	923	257	966
1023	128	1023	982	260	967
0	192	1023	125	270	972
64	192	1023	136	270	972
128	192	1023	168	271	972
192	192	1023	214	271	972
256	192	1023	266	272	972
320	192	1023	325	274	967
384	192	1023	387	274	967
448	192	1023	446	276	967
512	192	1023	504	277	967
576	192	1023	563	279	967
640	192	1023	623	280	967
704	192	1023	680	282	967
768	192	1023	739	285	967
832	192	1023	804	287	966
896	192	1023	862	289	967
960	192	1023	923	291	966
1023	192	1023	982	294	967
0	256	1023	132	317	968
64	256	1023	142	317	968
128	256	1023	172	318	968
192	256	1023	217	319	968
256	256	1023	267	320	968
320	256	1023	327	321	966
384	256	1023	389	321	966
448	256	1023	447	323	965
512	256	1023	505	324	965
576	256	1023	563	325	964
640	256	1023	624	327	964
704	256	1023	681	328	964
768	256	1023	739	331	965
832	256	1023	804	332	964
896	256	1023	862	334	963
960	256	1023	923	336	963
1023	256	1023	981	338	963
0	320	1023	137	370	972
64	320	1023	148	370	972
128	320	1023	177	371	971
192	320	1023	221	372	969
256	320	1023	270	372	967
320	320	1023	329	373	966
384	320	1023	391	375	966
448	320	1023	449	376	966
512	320	1023	506	376	965
576	320	1023	564	377	965
640	320	1023	625	379	964
704	320	1023	682	380	964
768	320	1023	740	382	965
832	320	1023	805	384	964
896	320	1023	863	385	964
960	320	1023	923	387	964
1023	320	1023	981	389	964
0	384	1023	147	426	973
64	384	1023	156	426	972
128	384	1023	185	426	971
192	384	1023	225	427	970
256	384	1023	274	428	967
320	384	1023	332	428	966
384	384	1023	393	429	965
448	384	1023	451	430	965
512	384	1023	508	431	965
576	384	1023	566	431	964
640	384	1023	626	433	964
704	384	1023	683	434	964
768	384	1023	741	436	962
832	384	1023	805	437	961
896	384	1023	864	438	962
960	384	1023	923	439	962
1023	384	1023	981	441	962
0	448	1023	157	481	973
64	448	1023	164	481	972
128	448	1023	192	481	972
192	448	1023	232	482	970
256	448	1023	279	483	968
320	448	1023	336	483	966
384	448	1023	396	484	965
448	448	1023	454	485	965
512	448	1023	511	486	965
576	448	1023	569	486	965
640	448	1023	628	488	964
704	448	1023	685	489	964
768	448	1023	741	489	962
832	448	1023	805	490	962
896	448	1023	864	491	962
960	448	1023	924	492	963
1023	448	1023	981	494	964
0	512	1023	167	537	972
64	512	1023	175	538	971
128	512	1023	201	538	970
192	512	1023	238	538	969
256	512	1023	284	539	967
320	512	1023	341	540	966
384	512	1023	400	541	965
448	512	1023	457	541	965
512	512	1023	513	542	964
576	512	1023	571	543	964
640	512	1023	630	544	964
704	512	1023	687	545	964
768	512	1023	743	546	963
832	512	1023	807	546	962
896	512	1023	865	547	962
960	512	1023	926	549	963
1023	512	1023	984	551	964
0	576	1023	179	598	972
64	576	1023	187	598	972
128	576	1023	210	598	971
192	576	1023	246	599	969
256	576	1023	291	600	967
320	576	1023	347	600	966
384	576	1023	405	600	966
448	576	1023	460	601	965
512	576	1023	517	603	966
576	576	1023	574	603	965
640	576	1023	632	603	964
704	576	1023	687	603	963
768	576	1023	745	605	964
832	576	1023	809	606	964
896	576	1023	868	608	964
960	576	1023	928	609	964
1023	576	1023	986	610	965
0	640	1023	192	655	972
64	640	1023	198	655	972
128	640	1023	220	656	971
192	640	1023	255	656	970
256	640	1023	299	657	967
320	640	1023	353	657	967
384	640	1023	410	658	966
448	640	1023	465	659	966
512	640	1023	520	659	966
576	640	1023	577	659	965
640	640	1023	634	659	964
704	640	1023	690	660	964
768	640	1023	747	661	964
832	640	1023	811	662	964
896	640	1023	870	664	966
960	640	1023	931	665	965
1023	640	1023	988	666	965
0	704	1023	205	714	971
64	704	1023	210	714	970
128	704	1023	231	714	970
192	704	1023	263	715	969
256	704	1023	308	716	967
320	704	1023	360	715	967
384	704	1023	414	715	966
448	704	1023	468	716	966
512	704	1023	524	717	966
576	704	1023	581	718	966
640	704	1023	638	719	966
704	704	1023	694	720	966
768	704	1023	752	721	966
832	704	1023	814	721	966
896	704	1023	872	723	966
960	704	1023	933	724	967
1023	704	1023	990	725	967
0	768	1023	217	776	972
64	768	1023	223	776	971
128	768	1023	242	776	971
192	768	1023	272	777	969
256	768	1023	317	778	968
320	768	1023	368	778	968
384	768	1023	421	779	968
448	768	1023	474	779	967
512	768	1023	528	780	967
576	768	1023	586	780	967
640	768	1023	642	781	967
704	768	1023	697	782	967
768	768	1023	755	783	967
832	768	1023	817	784	967
896	768	1023	875	785	967
960	768	1023	936	787	967
1023	768	1023	992	788	967
0	832	1023	231	837	972
64	832	1023	236	837	972
128	832	1023	254	837	971
192	832	1023	283	838	970
256	832	1023	327	839	970
320	832	1023	377	839	969
384	832	1023	428	840	969
448	832	1023	480	840	969
512	832	1023	533	840	968
576	832	1023	591	841	968
640	832	1023	646	842	969
704	832	1023	701	843	968
768	832	1023	759	844	969
832	832	1023	820	845	969
896	832	1023	878	845	968
960	832	1023	937	846	967
1023	832	1023	994	847	968
0	896	1023	244	897	973
64	896	1023	250	897	973
128	896	1023	266	897	973
192	896	1023	296	898	971
256	896	1023	337	899	971
320	896	1023	386	899	971
384	896	1023	436	900	970
448	896	1023	486	900	970
512	896	1023	540	901	970
576	896	1023	596	901	970
640	896	1023	650	901	970
704	896	1023	706	903	970
768	896	1023	763	903	969
832	896	1023	823	904	969
896	896	1023	880	904	968
960	896	1023	940	905	968
1023	896	1023	997	906	969
0	960	1023	259	956	975
64	960	1023	263	956	974
128	960	1023	279	957	974
192	960	1023	309	957	972
256	960	1023	348	958	972
320	960	1023	395	958	972
384	960	1023	443	958	972
448	960	1023	493	958	971
512	960	1023	545	960	972
576	960	1023	601	960	971
640	960	1023	655	961	971
704	960	1023	709	960	970
768	960	1023	767	961	970
832	960	1023	826	961	970
896	960	1023	884	963	970
960	960	1023	943	963	969
1023	960	1023	1000	965	970
0	1023	1023	272	1015	976
64	1023	1023	277	1015	976
128	1023	1023	293	1015	974
192	1023	1023	322	1015	974
256	1023	1023	360	1016	974
320	1023	1023	405	1017	974
384	1023	1023	452	1018	974
448	1023	1023	501	1018	974
512	1023	1023	552	1017	973
576	1023	1023	606	1017	972
640	1023	1023	658	1017	971
704	1023	1023	713	1018	971
768	1023	1023	772	1019	971
832	1023	1023	830	1020	971
896	1023	1023	888	1021	971
960	1023	1023	947	1022	972
1023	1023	1023	1003	1023	972
