0	0	0	0	0	0
64	0	0	60	0	0
128	0	0	125	0	0
192	0	0	188	23	0
256	0	0	250	23	0
320	0	0	313	32	0
384	0	0	376	44	0
448	0	0	437	48	0
512	0	0	497	53	0
576	0	0	556	60	0
640	0	0	619	66	0
704	0	0	676	75	0
768	0	0	736	82	0
832	0	0	800	89	0
896	0	0	859	95	0
960	0	0	920	101	0
1023	0	0	979	108	0
0	64	0	0	63	0
64	64	0	63	63	0
128	64	0	125	63	0
192	64	0	188	66	0
256	64	0	250	66	0
320	64	0	313	69	0
384	64	0	376	72	0
448	64	0	438	77	0
512	64	0	497	82	0
576	64	0	556	87	0
640	64	0	619	91	0
704	64	0	676	95	0
768	64	0	736	99	0
832	64	0	800	104	0
896	64	0	859	109	0
960	64	0	920	116	0
1023	64	0	979	122	0
0	128	0	32	125	23
64	128	0	69	125	23
128	128	0	128	125	23
192	128	0	189	126	23
256	128	0	252	126	23
320	128	0	314	128	23
384	128	0	377	129	0
448	128	0	438	130	0
512	128	0	497	133	0
576	128	0	556	137	0
640	128	0	619	138	0
704	128	0	676	142	0
768	128	0	736	145	0
832	128	0	800	149	0
896	128	0	859	152	0
960	128	0	920	156	0
1023	128	0	979	160	0
0	192	0	48	187	32
64	192	0	80	187	32
128	192	0	132	187	32
192	192	0	192	188	23
256	192	0	253	188	23
320	192	0	315	189	23
384	192	0	377	190	23
448	192	0	438	191	23
512	192	0	497	193	23
576	192	0	556	195	23
640	192	0	619	197	23
704	192	0	675	198	23
768	192	0	735	200	23
832	192	0	799	202	23
896	192	0	859	206	23
960	192	0	919	208	23
1023	192	0	979	212	0
0	256	0	66	248	38
64	256	0	89	248	38
128	256	0	138	249	38
192	256	0	195	250	38
256	256	0	255	250	38
320	256	0	316	251	38
384	256	0	379	252	38
448	256	0	438	253	38
512	256	0	497	255	38
576	256	0	556	256	38
640	256	0	618	257	32
704	256	0	675	258	32
768	256	0	734	259	32
832	256	0	799	262	32
896	256	0	858	263	32
960	256	0	919	265	32
1023	256	0	978	268	32
0	320	0	85	311	48
64	320	0	103	311	48
128	320	0	145	311	48
192	320	0	200	312	48
256	320	0	258	313	48
320	320	0	318	313	48
384	320	0	380	314	48
448	320	0	439	315	48
512	320	0	497	316	44
576	320	0	557	317	44
640	320	0	618	318	44
704	320	0	675	319	44
768	320	0	734	320	44
832	320	0	798	322	44
896	320	0	858	323	44
960	320	0	919	324	44
1023	320	0	979	327	44
0	384	0	101	373	60
64	384	0	116	374	60
128	384	0	155	374	57
192	384	0	206	375	57
256	384	0	263	375	57
320	384	0	322	376	57
384	384	0	383	377	57
448	384	0	441	378	57
512	384	0	499	378	57
576	384	0	558	379	57
640	384	0	619	380	57
704	384	0	675	381	57
768	384	0	735	382	53
832	384	0	799	382	53
896	384	0	858	384	53
960	384	0	918	385	53
1023	384	0	979	387	53
0	448	0	116	435	69
64	448	0	129	435	69
128	448	0	165	435	69
192	448	0	213	436	69
256	448	0	268	437	69
320	448	0	326	437	66
384	448	0	386	438	66
448	448	0	444	438	66
512	448	0	501	439	66
576	448	0	560	439	66
640	448	0	620	440	63
704	448	0	676	441	63
768	448	0	736	442	63
832	448	0	799	442	63
896	448	0	859	443	63
960	448	0	919	444	63
1023	448	0	979	445	63
0	512	0	133	496	77
64	512	0	143	496	77
128	512	0	177	497	77
192	512	0	222	497	77
256	512	0	274	498	77
320	512	0	331	498	75
384	512	0	390	499	75
448	512	0	447	499	75
512	512	0	504	500	75
576	512	0	562	500	75
640	512	0	622	501	75
704	512	0	678	502	75
768	512	0	737	502	75
832	512	0	800	502	72
896	512	0	859	503	72
960	512	0	920	504	72
1023	512	0	979	505	72
0	576	0	150	558	87
64	576	0	160	558	87
128	576	0	188	559	87
192	576	0	232	559	87
256	576	0	282	560	87
320	576	0	337	561	87
384	576	0	395	561	87
448	576	0	451	561	87
512	576	0	507	561	87
576	576	0	565	561	87
640	576	0	625	562	87
704	576	0	680	563	85
768	576	0	739	563	82
832	576	0	802	564	82
896	576	0	860	564	82
960	576	0	921	565	82
1023	576	0	980	566	82
0	640	0	167	620	97
64	640	0	175	620	97
128	640	0	202	620	97
192	640	0	242	621	97
256	640	0	290	622	95
320	640	0	344	622	95
384	640	0	401	622	95
448	640	0	456	622	95
512	640	0	511	623	95
576	640	0	569	623	95
640	640	0	628	624	95
704	640	0	683	624	93
768	640	0	741	624	93
832	640	0	803	624	93
896	640	0	862	624	93
960	640	0	922	626	93
1023	640	0	981	626	91
0	704	0	184	681	106
64	704	0	191	681	106
128	704	0	216	682	106
192	704	0	253	682	106
256	704	0	300	683	106
320	704	0	352	683	106
384	704	0	407	683	106
448	704	0	461	683	106
512	704	0	516	684	104
576	704	0	574	684	104
640	704	0	631	684	104
704	704	0	685	684	104
768	704	0	744	685	104
832	704	0	805	685	104
896	704	0	864	685	103
960	704	0	924	686	103
1023	704	0	983	687	103
0	768	0	201	743	116
64	768	0	207	743	116
128	768	0	230	744	116
192	768	0	265	744	114
256	768	0	310	744	114
320	768	0	361	744	114
384	768	0	414	744	114
448	768	0	467	745	114
512	768	0	520	745	114
576	768	0	578	745	114
640	768	0	635	746	114
704	768	0	690	746	114
768	768	0	748	747	114
832	768	0	808	746	113
896	768	0	867	747	113
960	768	0	927	747	113
1023	768	0	986	749	113
0	832	0	218	807	125
64	832	0	223	807	125
128	832	0	245	807	125
192	832	0	277	808	125
256	832	0	321	808	123
320	832	0	370	808	123
384	832	0	421	808	123
448	832	0	473	808	123
512	832	0	526	808	123
576	832	0	584	808	123
640	832	0	639	809	123
704	832	0	694	809	123
768	832	0	752	809	123
832	832	0	812	809	123
896	832	0	871	809	123
960	832	0	930	810	122
1023	832	0	988	811	122
0	896	0	235	868	134
64	896	0	240	868	134
128	896	0	259	869	134
192	896	0	290	869	134
256	896	0	332	869	134
320	896	0	379	869	134
384	896	0	429	869	134
448	896	0	479	869	133
512	896	0	532	868	133
576	896	0	589	869	133
640	896	0	643	870	133
704	896	0	699	870	133
768	896	0	756	870	133
832	896	0	816	870	133
896	896	0	874	871	133
960	896	0	933	871	133
1023	896	0	990	872	132
0	960	0	251	929	145
64	960	0	257	929	145
128	960	0	274	930	145
192	960	0	304	930	145
256	960	0	343	930	143
320	960	0	389	930	143
384	960	0	437	929	143
448	960	0	486	929	143
512	960	0	538	929	143
576	960	0	595	929	143
640	960	0	648	930	143
704	960	0	703	930	143
768	960	0	761	930	143
832	960	0	820	931	143
896	960	0	878	931	143
960	960	0	937	931	143
1023	960	0	994	932	142
0	1023	0	269	990	155
64	1023	0	273	990	155
128	1023	0	290	990	155
192	1023	0	318	990	153
256	1023	0	355	990	153
320	1023	0	400	990	153
384	1023	0	445	990	153
448	1023	0	494	990	153
512	1023	0	545	990	152
576	1023	0	602	990	152
640	1023	0	653	990	152
704	1023	0	708	990	152
768	1023	0	766	990	152
832	1023	0	824	990	152
896	1023	0	882	991	152
960	1023	0	941	992	151
1023	1023	0	997	992	151
0	0	64	0	0	60
64	0	64	60	0	60
128	0	64	125	23	60
192	0	64	188	23	60
256	0	64	250	32	60
320	0	64	313	32	60
384	0	64	376	44	60
448	0	64	437	48	60
512	0	64	497	53	60
576	0	64	556	60	60
640	0	64	619	66	60
704	0	64	676	75	60
768	0	64	736	82	57
832	0	64	800	89	57
896	0	64	859	95	57
960	0	64	920	101	57
1023	0	64	979	108	57
0	64	64	23	63	63
64	64	64	63	63	63
128	64	64	126	63	60
192	64	64	188	66	60
256	64	64	250	66	60
320	64	64	314	69	60
384	64	64	376	72	60
448	64	64	437	77	60
512	64	64	496	82	60
576	64	64	556	87	60
640	64	64	619	91	60
704	64	64	676	95	60
768	64	64	736	99	60
832	64	64	800	106	60
896	64	64	859	109	57
960	64	64	920	116	57
1023	64	64	979	122	57
0	128	64	32	125	66
64	128	64	72	125	66
128	128	64	128	125	66
192	128	64	189	126	63
256	128	64	252	126	63
320	128	64	314	128	63
384	128	64	376	129	63
448	128	64	438	132	63
512	128	64	497	133	60
576	128	64	556	137	60
640	128	64	619	139	60
704	128	64	676	142	60
768	128	64	736	145	60
832	128	64	800	149	60
896	128	64	859	152	60
960	128	64	919	156	60
1023	128	64	979	160	60
0	192	64	48	187	69
64	192	64	80	187	69
128	192	64	132	187	69
192	192	64	191	188	69
256	192	64	253	188	66
320	192	64	315	189	66
384	192	64	377	191	63
448	192	64	438	192	63
512	192	64	497	193	63
576	192	64	556	195	63
640	192	64	619	197	63
704	192	64	675	198	63
768	192	64	735	201	63
832	192	64	799	204	63
896	192	64	859	206	63
960	192	64	919	208	63
1023	192	64	979	212	60
0	256	64	66	248	72
64	256	64	89	248	72
128	256	64	138	250	72
192	256	64	195	250	72
256	256	64	255	251	69
320	256	64	316	252	69
384	256	64	379	252	69
448	256	64	438	253	69
512	256	64	497	255	69
576	256	64	556	256	69
640	256	64	618	257	69
704	256	64	675	258	66
768	256	64	734	260	66
832	256	64	798	262	66
896	256	64	858	263	66
960	256	64	919	265	66
1023	256	64	978	268	66
0	320	64	85	311	77
64	320	64	103	312	77
128	320	64	145	312	77
192	320	64	199	312	77
256	320	64	258	313	77
320	320	64	318	314	75
384	320	64	380	314	75
448	320	64	439	315	75
512	320	64	497	317	75
576	320	64	556	317	72
640	320	64	618	318	72
704	320	64	675	319	72
768	320	64	734	320	72
832	320	64	798	322	72
896	320	64	858	323	72
960	320	64	918	325	72
1023	320	64	978	327	72
0	384	64	101	374	82
64	384	64	116	374	82
128	384	64	155	374	82
192	384	64	206	375	82
256	384	64	263	375	82
320	384	64	322	376	80
384	384	64	383	377	80
448	384	64	441	378	80
512	384	64	499	379	80
576	384	64	558	379	80
640	384	64	619	380	80
704	384	64	675	381	80
768	384	64	735	382	77
832	384	64	798	383	77
896	384	64	858	384	77
960	384	64	918	385	77
1023	384	64	978	387	77
0	448	64	116	435	89
64	448	64	129	435	89
128	448	64	165	435	89
192	448	64	213	436	89
256	448	64	268	437	89
320	448	64	326	438	89
384	448	64	386	438	89
448	448	64	444	439	89
512	448	64	501	439	89
576	448	64	559	439	89
640	448	64	620	440	89
704	448	64	676	441	85
768	448	64	735	442	85
832	448	64	799	443	85
896	448	64	858	443	85
960	448	64	919	444	85
1023	448	64	978	445	85
0	512	64	133	496	95
64	512	64	143	496	95
128	512	64	177	497	95
192	512	64	222	497	95
256	512	64	274	498	95
320	512	64	331	498	95
384	512	64	391	499	95
448	512	64	447	500	95
512	512	64	504	500	95
576	512	64	562	500	95
640	512	64	622	501	95
704	512	64	678	502	93
768	512	64	737	502	95
832	512	64	800	503	93
896	512	64	859	503	91
960	512	64	920	504	91
1023	512	64	979	505	91
0	576	64	150	558	103
64	576	64	160	559	103
128	576	64	188	559	103
192	576	64	232	559	103
256	576	64	282	560	103
320	576	64	337	561	103
384	576	64	395	561	103
448	576	64	451	561	103
512	576	64	507	562	103
576	576	64	565	562	103
640	576	64	624	562	103
704	576	64	680	563	103
768	576	64	739	564	103
832	576	64	801	564	99
896	576	64	860	564	99
960	576	64	921	565	99
1023	576	64	980	566	99
0	640	64	167	620	113
64	640	64	175	620	113
128	640	64	202	621	111
192	640	64	242	621	111
256	640	64	290	622	111
320	640	64	344	622	111
384	640	64	401	622	109
448	640	64	455	623	109
512	640	64	511	623	109
576	640	64	569	623	109
640	640	64	627	624	109
704	640	64	683	624	109
768	640	64	741	625	109
832	640	64	803	624	108
896	640	64	862	625	108
960	640	64	922	626	108
1023	640	64	981	626	108
0	704	64	184	681	120
64	704	64	191	681	120
128	704	64	215	682	120
192	704	64	253	682	119
256	704	64	300	683	119
320	704	64	352	683	119
384	704	64	407	683	119
448	704	64	461	684	119
512	704	64	516	684	117
576	704	64	573	684	117
640	704	64	630	684	117
704	704	64	685	684	117
768	704	64	744	685	117
832	704	64	805	685	117
896	704	64	864	685	116
960	704	64	924	686	116
1023	704	64	982	687	117
0	768	64	201	743	128
64	768	64	207	743	128
128	768	64	230	744	128
192	768	64	265	744	128
256	768	64	310	745	128
320	768	64	361	745	126
384	768	64	414	745	126
448	768	64	466	745	126
512	768	64	520	745	126
576	768	64	578	746	126
640	768	64	634	746	126
704	768	64	689	746	126
768	768	64	748	747	126
832	768	64	808	746	126
896	768	64	867	747	125
960	768	64	927	748	125
1023	768	64	985	749	125
0	832	64	218	807	136
64	832	64	223	807	136
128	832	64	245	807	136
192	832	64	277	808	136
256	832	64	320	808	136
320	832	64	369	808	136
384	832	64	421	808	136
448	832	64	473	808	134
512	832	64	526	808	134
576	832	64	584	809	134
640	832	64	639	809	134
704	832	64	694	809	134
768	832	64	752	809	134
832	832	64	812	809	136
896	832	64	870	810	136
960	832	64	930	810	133
1023	832	64	988	812	133
0	896	64	235	869	144
64	896	64	240	869	144
128	896	64	259	869	144
192	896	64	290	869	144
256	896	64	331	869	144
320	896	64	379	870	144
384	896	64	429	870	144
448	896	64	479	869	144
512	896	64	532	869	143
576	896	64	589	869	143
640	896	64	643	870	143
704	896	64	698	871	143
768	896	64	756	870	143
832	896	64	815	871	143
896	896	64	874	871	143
960	896	64	933	872	143
1023	896	64	990	872	143
0	960	64	252	930	155
64	960	64	257	930	155
128	960	64	274	930	155
192	960	64	304	930	155
256	960	64	343	930	155
320	960	64	389	930	155
384	960	64	436	930	152
448	960	64	486	929	152
512	960	64	538	930	152
576	960	64	595	930	152
640	960	64	647	930	152
704	960	64	703	930	152
768	960	64	761	930	152
832	960	64	820	931	152
896	960	64	878	931	152
960	960	64	936	931	152
1023	960	64	993	932	152
0	1023	64	269	990	163
64	1023	64	273	990	163
128	1023	64	290	990	163
192	1023	64	318	990	163
256	1023	64	355	990	163
320	1023	64	400	990	162
384	1023	64	445	990	162
448	1023	64	494	990	162
512	1023	64	545	990	162
576	1023	64	602	990	161
640	1023	64	653	990	161
704	1023	64	708	990	161
768	1023	64	766	990	161
832	1023	64	823	991	161
896	1023	64	881	991	161
960	1023	64	940	992	161
1023	1023	64	997	992	160
0	0	128	0	23	123
64	0	128	63	23	123
128	0	128	125	23	123
192	0	128	188	32	123
256	0	128	250	32	122
320	0	128	313	38	122
384	0	128	376	44	122
448	0	128	437	53	122
512	0	128	496	60	122
576	0	128	556	66	122
640	0	128	619	72	122
704	0	128	676	77	122
768	0	128	735	85	122
832	0	128	799	91	120
896	0	128	858	97	120
960	0	128	919	103	120
1023	0	128	978	109	120
0	64	128	23	66	123
64	64	128	63	66	123
128	64	128	126	66	123
192	64	128	188	69	123
256	64	128	250	69	122
320	64	128	313	72	122
384	64	128	376	75	122
448	64	128	437	80	122
512	64	128	496	82	122
576	64	128	556	87	122
640	64	128	619	91	122
704	64	128	675	97	122
768	64	128	735	103	122
832	64	128	799	108	122
896	64	128	858	113	120
960	64	128	919	117	120
1023	64	128	978	123	120
0	128	128	38	126	125
64	128	128	72	126	125
128	128	128	129	126	125
192	128	128	189	128	125
256	128	128	251	128	123
320	128	128	314	129	123
384	128	128	376	130	123
448	128	128	437	133	123
512	128	128	496	136	123
576	128	128	556	138	122
640	128	128	619	141	122
704	128	128	675	143	122
768	128	128	735	147	122
832	128	128	799	150	122
896	128	128	858	155	122
960	128	128	919	158	122
1023	128	128	978	162	122
0	192	128	53	188	126
64	192	128	80	188	126
128	192	128	133	188	125
192	192	128	191	188	125
256	192	128	253	189	125
320	192	128	315	190	125
384	192	128	377	191	125
448	192	128	437	193	123
512	192	128	496	194	123
576	192	128	556	196	123
640	192	128	618	198	123
704	192	128	675	199	123
768	192	128	735	202	123
832	192	128	798	204	123
896	192	128	858	207	123
960	192	128	918	209	123
1023	192	128	978	212	123
0	256	128	66	250	128
64	256	128	91	250	128
128	256	128	138	250	128
192	256	128	195	251	128
256	256	128	255	251	126
320	256	128	316	252	126
384	256	128	378	253	126
448	256	128	438	255	126
512	256	128	496	255	126
576	256	128	556	257	126
640	256	128	618	258	126
704	256	128	674	259	126
768	256	128	734	261	125
832	256	128	798	263	125
896	256	128	857	265	125
960	256	128	918	266	125
1023	256	128	978	269	125
0	320	128	85	312	130
64	320	128	103	312	130
128	320	128	145	313	130
192	320	128	199	313	130
256	320	128	258	314	129
320	320	128	318	314	129
384	320	128	380	315	129
448	320	128	439	316	129
512	320	128	497	317	129
576	320	128	556	318	129
640	320	128	617	319	128
704	320	128	674	320	128
768	320	128	733	321	128
832	320	128	797	323	128
896	320	128	857	324	128
960	320	128	918	326	128
1023	320	128	978	327	128
0	384	128	103	375	133
64	384	128	116	375	133
128	384	128	156	375	133
192	384	128	206	376	133
256	384	128	262	376	133
320	384	128	322	377	132
384	384	128	382	378	132
448	384	128	441	378	132
512	384	128	498	379	132
576	384	128	557	380	132
640	384	128	618	381	132
704	384	128	675	382	132
768	384	128	734	383	132
832	384	128	798	384	130
896	384	128	857	385	130
960	384	128	917	386	130
1023	384	128	978	388	130
0	448	128	116	436	137
64	448	128	130	436	137
128	448	128	165	436	137
192	448	128	213	437	137
256	448	128	268	438	137
320	448	128	326	438	136
384	448	128	386	439	136
448	448	128	443	439	136
512	448	128	501	440	136
576	448	128	559	440	136
640	448	128	620	441	136
704	448	128	676	442	134
768	448	128	735	443	134
832	448	128	798	443	134
896	448	128	858	444	134
960	448	128	918	445	134
1023	448	128	978	446	134
0	512	128	133	497	142
64	512	128	144	497	141
128	512	128	177	498	141
192	512	128	223	498	141
256	512	128	275	499	141
320	512	128	331	500	139
384	512	128	390	500	139
448	512	128	447	501	139
512	512	128	504	501	139
576	512	128	562	501	139
640	512	128	621	502	139
704	512	128	678	503	139
768	512	128	736	503	139
832	512	128	799	504	139
896	512	128	859	504	138
960	512	128	919	505	138
1023	512	128	978	506	138
0	576	128	150	559	147
64	576	128	159	560	147
128	576	128	189	560	145
192	576	128	232	560	145
256	576	128	282	561	145
320	576	128	337	561	144
384	576	128	395	562	144
448	576	128	451	562	144
512	576	128	507	562	144
576	576	128	565	563	144
640	576	128	624	563	144
704	576	128	680	564	144
768	576	128	738	564	144
832	576	128	801	565	144
896	576	128	860	565	143
960	576	128	920	566	143
1023	576	128	979	567	143
0	640	128	167	621	152
64	640	128	175	621	152
128	640	128	202	621	152
192	640	128	242	622	151
256	640	128	290	623	151
320	640	128	344	623	151
384	640	128	400	623	150
448	640	128	455	623	150
512	640	128	511	624	149
576	640	128	568	624	149
640	640	128	627	625	149
704	640	128	682	625	149
768	640	128	740	625	149
832	640	128	802	625	149
896	640	128	861	625	149
960	640	128	921	627	149
1023	640	128	980	627	149
0	704	128	184	682	158
64	704	128	191	682	158
128	704	128	215	682	158
192	704	128	253	683	158
256	704	128	300	684	157
320	704	128	352	684	157
384	704	128	407	684	157
448	704	128	461	685	156
512	704	128	515	685	155
576	704	128	573	685	155
640	704	128	630	685	155
704	704	128	685	685	155
768	704	128	743	686	155
832	704	128	805	686	155
896	704	128	863	686	155
960	704	128	923	687	155
1023	704	128	981	688	155
0	768	128	201	744	163
64	768	128	207	744	163
128	768	128	230	745	163
192	768	128	265	745	163
256	768	128	309	746	163
320	768	128	360	746	162
384	768	128	413	746	162
448	768	128	466	746	162
512	768	128	520	746	162
576	768	128	578	746	161
640	768	128	634	747	161
704	768	128	689	747	161
768	768	128	747	748	161
832	768	128	807	747	161
896	768	128	866	748	161
960	768	128	926	749	161
1023	768	128	985	750	161
0	832	128	218	808	171
64	832	128	224	808	171
128	832	128	244	808	169
192	832	128	277	808	169
256	832	128	320	808	169
320	832	128	369	809	169
384	832	128	421	809	169
448	832	128	472	809	168
512	832	128	526	809	168
576	832	128	583	810	168
640	832	128	638	810	168
704	832	128	693	810	168
768	832	128	751	810	167
832	832	128	811	810	167
896	832	128	870	810	167
960	832	128	929	811	167
1023	832	128	987	813	167
0	896	128	235	869	177
64	896	128	240	869	177
128	896	128	259	870	177
192	896	128	290	870	176
256	896	128	331	870	176
320	896	128	379	870	176
384	896	128	428	870	175
448	896	128	478	870	175
512	896	128	531	870	175
576	896	128	588	870	175
640	896	128	643	871	175
704	896	128	698	872	175
768	896	128	755	871	175
832	896	128	815	871	175
896	896	128	874	872	175
960	896	128	932	873	174
1023	896	128	989	873	173
0	960	128	252	930	185
64	960	128	257	930	185
128	960	128	274	930	185
192	960	128	304	931	184
256	960	128	343	930	184
320	960	128	389	930	184
384	960	128	436	930	183
448	960	128	485	930	183
512	960	128	538	930	182
576	960	128	594	930	182
640	960	128	647	931	182
704	960	128	702	931	182
768	960	128	760	931	182
832	960	128	819	932	182
896	960	128	877	932	182
960	960	128	936	932	182
1023	960	128	992	933	181
0	1023	128	268	991	192
64	1023	128	273	991	192
128	1023	128	290	991	192
192	1023	128	317	991	191
256	1023	128	355	991	191
320	1023	128	399	991	190
384	1023	128	445	991	190
448	1023	128	494	991	190
512	1023	128	545	991	190
576	1023	128	601	991	189
640	1023	128	653	991	190
704	1023	128	707	992	189
768	1023	128	765	991	189
832	1023	128	823	992	189
896	1023	128	881	992	189
960	1023	128	940	993	188
1023	1023	128	996	993	188
0	0	192	23	38	185
64	0	192	63	38	184
128	0	192	126	38	184
192	0	192	188	38	184
256	0	192	250	44	184
320	0	192	313	48	183
384	0	192	376	53	183
448	0	192	436	60	182
512	0	192	495	63	182
576	0	192	555	69	182
640	0	192	618	77	182
704	0	192	675	82	182
768	0	192	734	87	182
832	0	192	798	93	182
896	0	192	858	99	181
960	0	192	918	106	182
1023	0	192	977	113	182
0	64	192	23	72	185
64	64	192	66	72	185
128	64	192	126	72	184
192	64	192	188	72	184
256	64	192	250	75	184
320	64	192	312	77	183
384	64	192	376	80	183
448	64	192	436	82	183
512	64	192	495	87	183
576	64	192	555	91	182
640	64	192	618	95	182
704	64	192	675	101	182
768	64	192	734	104	182
832	64	192	798	109	182
896	64	192	857	116	181
960	64	192	918	120	182
1023	64	192	977	125	182
0	128	192	38	129	185
64	128	192	69	129	185
128	128	192	129	129	185
192	128	192	189	129	185
256	128	192	252	130	184
320	128	192	313	132	183
384	128	192	376	134	183
448	128	192	436	136	183
512	128	192	495	138	183
576	128	192	555	141	183
640	128	192	618	143	183
704	128	192	674	147	183
768	128	192	734	148	183
832	128	192	798	152	183
896	128	192	857	156	182
960	128	192	918	160	182
1023	128	192	977	163	182
0	192	192	53	190	186
64	192	192	80	190	186
128	192	192	133	190	186
192	192	192	192	190	186
256	192	192	253	191	185
320	192	192	314	192	184
384	192	192	377	193	184
448	192	192	437	194	184
512	192	192	495	196	184
576	192	192	555	198	184
640	192	192	617	199	184
704	192	192	674	202	184
768	192	192	733	204	184
832	192	192	797	206	183
896	192	192	857	208	183
960	192	192	917	211	183
1023	192	192	977	214	183
0	256	192	69	252	188
64	256	192	91	252	188
128	256	192	139	252	188
192	256	192	195	252	187
256	256	192	255	253	187
320	256	192	316	254	185
384	256	192	378	255	185
448	256	192	437	256	185
512	256	192	495	257	185
576	256	192	555	259	185
640	256	192	617	260	185
704	256	192	673	261	185
768	256	192	733	263	185
832	256	192	797	264	185
896	256	192	856	266	185
960	256	192	917	268	185
1023	256	192	976	270	184
0	320	192	85	314	188
64	320	192	103	314	188
128	320	192	145	314	188
192	320	192	200	315	188
256	320	192	258	315	188
320	320	192	318	316	187
384	320	192	379	317	187
448	320	192	438	317	187
512	320	192	496	318	187
576	320	192	555	319	187
640	320	192	617	320	187
704	320	192	673	322	187
768	320	192	732	323	187
832	320	192	796	324	186
896	320	192	856	326	186
960	320	192	916	327	186
1023	320	192	976	329	186
0	384	192	103	376	192
64	384	192	116	376	192
128	384	192	155	376	192
192	384	192	206	377	191
256	384	192	262	378	191
320	384	192	321	379	190
384	384	192	382	379	189
448	384	192	440	380	188
512	384	192	498	381	188
576	384	192	556	381	188
640	384	192	617	382	188
704	384	192	673	383	188
768	384	192	733	384	188
832	384	192	796	385	188
896	384	192	856	386	188
960	384	192	916	388	188
1023	384	192	976	389	188
0	448	192	119	437	193
64	448	192	130	438	193
128	448	192	165	438	193
192	448	192	213	438	193
256	448	192	267	439	193
320	448	192	326	440	192
384	448	192	386	441	192
448	448	192	443	441	191
512	448	192	500	441	191
576	448	192	558	442	191
640	448	192	619	443	191
704	448	192	675	444	191
768	448	192	734	444	191
832	448	192	797	445	191
896	448	192	856	446	191
960	448	192	916	447	189
1023	448	192	976	447	189
0	512	192	136	499	197
64	512	192	145	499	197
128	512	192	177	499	196
192	512	192	222	500	196
256	512	192	274	501	195
320	512	192	331	501	195
384	512	192	390	502	195
448	512	192	446	502	194
512	512	192	503	502	194
576	512	192	561	502	194
640	512	192	621	503	194
704	512	192	677	504	194
768	512	192	735	505	194
832	512	192	798	505	193
896	512	192	857	506	193
960	512	192	917	507	193
1023	512	192	977	508	193
0	576	192	150	561	200
64	576	192	159	561	200
128	576	192	188	561	199
192	576	192	232	562	199
256	576	192	282	562	199
320	576	192	337	563	198
384	576	192	395	563	198
448	576	192	450	564	198
512	576	192	506	564	198
576	576	192	564	564	198
640	576	192	623	565	198
704	576	192	678	565	198
768	576	192	737	566	198
832	576	192	799	566	197
896	576	192	858	567	197
960	576	192	919	567	196
1023	576	192	978	568	196
0	640	192	167	622	204
64	640	192	175	623	204
128	640	192	202	623	203
192	640	192	242	624	202
256	640	192	290	624	202
320	640	192	343	624	202
384	640	192	400	624	202
448	640	192	454	625	202
512	640	192	510	625	202
576	640	192	567	626	202
640	640	192	626	626	201
704	640	192	681	627	201
768	640	192	739	627	201
832	640	192	801	627	200
896	640	192	860	627	200
960	640	192	920	628	200
1023	640	192	978	629	200
0	704	192	184	683	207
64	704	192	191	684	207
128	704	192	215	684	207
192	704	192	253	684	207
256	704	192	299	685	206
320	704	192	351	685	206
384	704	192	407	685	206
448	704	192	460	686	206
512	704	192	514	686	206
576	704	192	572	686	206
640	704	192	629	686	206
704	704	192	684	687	206
768	704	192	742	687	206
832	704	192	804	687	204
896	704	192	862	687	204
960	704	192	922	689	204
1023	704	192	980	689	204
0	768	192	200	746	212
64	768	192	207	746	212
128	768	192	230	746	212
192	768	192	265	746	212
256	768	192	309	747	210
320	768	192	360	747	210
384	768	192	413	747	210
448	768	192	465	747	210
512	768	192	519	748	210
576	768	192	577	748	209
640	768	192	633	748	209
704	768	192	688	749	209
768	768	192	746	749	209
832	768	192	806	749	209
896	768	192	865	750	209
960	768	192	925	750	209
1023	768	192	983	752	209
0	832	192	218	809	218
64	832	192	223	809	218
128	832	192	244	809	218
192	832	192	277	810	218
256	832	192	319	810	216
320	832	192	368	810	216
384	832	192	420	810	215
448	832	192	471	811	215
512	832	192	525	811	215
576	832	192	582	811	215
640	832	192	637	811	215
704	832	192	692	811	215
768	832	192	750	812	214
832	832	192	810	812	214
896	832	192	868	812	214
960	832	192	928	813	214
1023	832	192	986	814	214
0	896	192	235	871	223
64	896	192	240	871	223
128	896	192	259	871	223
192	896	192	290	871	222
256	896	192	331	871	222
320	896	192	378	872	222
384	896	192	427	872	221
448	896	192	477	871	221
512	896	192	530	871	221
576	896	192	587	872	221
640	896	192	641	873	221
704	896	192	697	873	221
768	896	192	754	873	220
832	896	192	814	873	220
896	896	192	872	874	220
960	896	192	931	874	220
1023	896	192	988	874	219
0	960	192	251	931	228
64	960	192	256	931	228
128	960	192	274	932	228
192	960	192	303	932	227
256	960	192	342	932	227
320	960	192	388	932	226
384	960	192	435	932	226
448	960	192	485	932	226
512	960	192	537	932	226
576	960	192	593	932	226
640	960	192	646	933	226
704	960	192	701	933	226
768	960	192	759	933	226
832	960	192	818	934	225
896	960	192	876	934	225
960	960	192	934	934	225
1023	960	192	991	935	225
0	1023	192	268	992	234
64	1023	192	273	992	234
128	1023	192	289	992	234
192	1023	192	317	992	233
256	1023	192	355	992	233
320	1023	192	399	992	233
384	1023	192	444	992	232
448	1023	192	492	992	232
512	1023	192	543	992	232
576	1023	192	600	993	232
640	1023	192	651	993	232
704	1023	192	706	993	232
768	1023	192	764	993	231
832	1023	192	822	993	231
896	1023	192	880	994	231
960	1023	192	938	994	230
1023	1023	192	995	995	230
0	0	256	32	48	245
64	0	256	66	48	245
128	0	256	128	48	245
192	0	256	188	53	245
256	0	256	250	53	245
320	0	256	312	57	245
384	0	256	375	60	244
448	0	256	435	66	244
512	0	256	494	72	243
576	0	256	553	77	245
640	0	256	617	82	244
704	0	256	673	87	244
768	0	256	733	93	243
832	0	256	797	99	244
896	0	256	856	106	243
960	0	256	916	111	244
1023	0	256	976	117	244
0	64	256	32	77	245
64	64	256	66	77	245
128	64	256	128	77	245
192	64	256	188	80	245
256	64	256	250	80	245
320	64	256	312	82	245
384	64	256	375	85	244
448	64	256	435	87	244
512	64	256	494	91	244
576	64	256	553	97	245
640	64	256	617	101	245
704	64	256	673	104	245
768	64	256	733	109	243
832	64	256	796	114	244
896	64	256	856	119	243
960	64	256	916	125	244
1023	64	256	976	130	243
0	128	256	44	132	245
64	128	256	72	132	245
128	128	256	129	132	245
192	128	256	189	133	245
256	128	256	251	134	245
320	128	256	313	136	245
384	128	256	376	137	244
448	128	256	435	138	244
512	128	256	494	141	244
576	128	256	553	144	245
640	128	256	617	147	245
704	128	256	673	149	245
768	128	256	732	152	245
832	128	256	796	156	245
896	128	256	856	159	243
960	128	256	916	163	244
1023	128	256	975	166	243
0	192	256	57	192	247
64	192	256	80	192	247
128	192	256	133	192	247
192	192	256	192	193	247
256	192	256	252	193	246
320	192	256	314	194	245
384	192	256	376	196	245
448	192	256	436	198	245
512	192	256	494	199	245
576	192	256	553	201	245
640	192	256	616	202	245
704	192	256	672	204	245
768	192	256	732	207	245
832	192	256	796	209	245
896	192	256	855	211	244
960	192	256	916	213	245
1023	192	256	975	217	244
0	256	256	72	254	248
64	256	256	91	254	248
128	256	256	139	254	248
192	256	256	195	255	248
256	256	256	255	255	248
320	256	256	315	256	246
384	256	256	377	257	246
448	256	256	436	258	246
512	256	256	494	259	246
576	256	256	553	261	245
640	256	256	615	262	246
704	256	256	672	263	246
768	256	256	731	265	246
832	256	256	795	267	246
896	256	256	854	269	245
960	256	256	915	271	246
1023	256	256	975	272	245
0	320	256	87	316	248
64	320	256	103	316	248
128	320	256	147	316	248
192	320	256	200	317	248
256	320	256	258	317	248
320	320	256	317	318	247
384	320	256	379	319	247
448	320	256	438	320	247
512	320	256	495	321	247
576	320	256	554	322	247
640	320	256	615	323	247
704	320	256	672	324	247
768	320	256	731	325	247
832	320	256	794	327	247
896	320	256	854	327	246
960	320	256	914	329	246
1023	320	256	974	331	246
0	384	256	103	379	252
64	384	256	116	379	252
128	384	256	156	379	252
192	384	256	206	379	251
256	384	256	262	380	251
320	384	256	321	381	250
384	384	256	381	382	249
448	384	256	439	382	249
512	384	256	497	383	248
576	384	256	555	384	248
640	384	256	616	385	248
704	384	256	672	385	248
768	384	256	731	386	248
832	384	256	795	388	248
896	384	256	854	389	247
960	384	256	914	390	247
1023	384	256	974	391	247
0	448	256	119	440	253
64	448	256	130	440	253
128	448	256	166	440	253
192	448	256	213	441	252
256	448	256	267	441	252
320	448	256	325	443	250
384	448	256	385	443	250
448	448	256	442	443	250
512	448	256	499	444	250
576	448	256	557	444	250
640	448	256	618	445	250
704	448	256	673	446	250
768	448	256	732	447	250
832	448	256	795	447	249
896	448	256	854	448	250
960	448	256	915	449	249
1023	448	256	974	450	248
0	512	256	136	501	255
64	512	256	145	501	255
128	512	256	177	501	255
192	512	256	223	502	255
256	512	256	274	503	254
320	512	256	330	504	253
384	512	256	389	504	253
448	512	256	445	504	253
512	512	256	502	505	252
576	512	256	560	505	252
640	512	256	619	506	252
704	512	256	675	506	252
768	512	256	734	507	252
832	512	256	796	508	251
896	512	256	855	508	251
960	512	256	915	509	251
1023	512	256	975	510	251
0	576	256	150	563	257
64	576	256	161	563	257
128	576	256	189	564	257
192	576	256	232	564	257
256	576	256	281	564	256
320	576	256	336	565	255
384	576	256	394	565	255
448	576	256	449	566	255
512	576	256	505	566	255
576	576	256	563	567	255
640	576	256	622	567	255
704	576	256	677	568	255
768	576	256	736	568	254
832	576	256	798	569	254
896	576	256	856	569	254
960	576	256	916	570	253
1023	576	256	975	571	253
0	640	256	167	625	260
64	640	256	176	625	260
128	640	256	202	625	260
192	640	256	242	625	259
256	640	256	289	626	259
320	640	256	343	627	258
384	640	256	399	627	258
448	640	256	453	627	258
512	640	256	509	628	258
576	640	256	567	628	257
640	640	256	625	628	257
704	640	256	680	629	257
768	640	256	738	629	257
832	640	256	799	629	257
896	640	256	858	629	256
960	640	256	918	631	256
1023	640	256	976	631	256
0	704	256	184	686	263
64	704	256	191	686	263
128	704	256	215	686	263
192	704	256	252	687	263
256	704	256	298	687	262
320	704	256	350	687	261
384	704	256	406	688	261
448	704	256	458	688	261
512	704	256	513	689	261
576	704	256	571	689	261
640	704	256	627	689	261
704	704	256	682	689	261
768	704	256	740	690	259
832	704	256	802	690	260
896	704	256	860	690	259
960	704	256	920	691	259
1023	704	256	978	692	259
0	768	256	200	748	266
64	768	256	207	748	266
128	768	256	229	748	266
192	768	256	264	748	266
256	768	256	308	749	265
320	768	256	358	749	265
384	768	256	412	749	264
448	768	256	464	750	264
512	768	256	518	750	264
576	768	256	575	750	264
640	768	256	631	751	263
704	768	256	686	751	263
768	768	256	744	751	263
832	768	256	805	751	263
896	768	256	863	752	263
960	768	256	923	753	263
1023	768	256	981	755	263
0	832	256	218	811	271
64	832	256	223	811	271
128	832	256	243	811	271
192	832	256	276	811	271
256	832	256	319	812	269
320	832	256	368	812	269
384	832	256	419	812	269
448	832	256	470	813	269
512	832	256	523	813	269
576	832	256	581	813	267
640	832	256	635	814	267
704	832	256	690	814	267
768	832	256	749	814	267
832	832	256	808	814	267
896	832	256	867	814	267
960	832	256	926	815	267
1023	832	256	984	816	267
0	896	256	234	872	275
64	896	256	240	872	275
128	896	256	258	873	275
192	896	256	289	873	274
256	896	256	330	873	273
320	896	256	377	874	273
384	896	256	426	874	272
448	896	256	476	874	272
512	896	256	529	874	272
576	896	256	586	874	272
640	896	256	640	875	272
704	896	256	695	876	272
768	896	256	753	875	271
832	896	256	812	875	271
896	896	256	871	876	271
960	896	256	929	877	271
1023	896	256	986	877	271
0	960	256	251	933	279
64	960	256	256	933	279
128	960	256	273	934	279
192	960	256	303	934	277
256	960	256	341	934	277
320	960	256	387	934	277
384	960	256	434	934	276
448	960	256	483	934	276
512	960	256	535	934	276
576	960	256	592	934	276
640	960	256	645	935	276
704	960	256	700	936	276
768	960	256	757	935	276
832	960	256	816	936	276
896	960	256	874	936	275
960	960	256	932	936	275
1023	960	256	989	937	275
0	1023	256	267	994	284
64	1023	256	272	994	284
128	1023	256	289	994	284
192	1023	256	317	994	282
256	1023	256	354	994	282
320	1023	256	397	994	282
384	1023	256	443	994	281
448	1023	256	491	994	281
512	1023	256	542	995	281
576	1023	256	598	995	281
640	1023	256	650	996	281
704	1023	256	705	996	281
768	1023	256	762	995	281
832	1023	256	820	996	280
896	1023	256	878	996	280
960	1023	256	936	997	280
1023	1023	256	993	998	280
0	0	320	38	60	309
64	0	320	69	60	309
128	0	320	128	63	308
192	0	320	188	63	308
256	0	320	250	66	307
320	0	320	312	66	306
384	0	320	374	72	305
448	0	320	434	75	305
512	0	320	492	80	305
576	0	320	552	85	305
640	0	320	615	89	305
704	0	320	672	93	305
768	0	320	731	99	305
832	0	320	795	106	304
896	0	320	854	109	304
960	0	320	915	116	304
1023	0	320	974	122	304
0	64	320	38	85	309
64	64	320	69	85	309
128	64	320	128	85	308
192	64	320	189	87	308
256	64	320	250	87	307
320	64	320	312	89	306
384	64	320	374	91	305
448	64	320	434	95	305
512	64	320	492	99	305
576	64	320	552	103	305
640	64	320	615	106	305
704	64	320	672	109	305
768	64	320	731	114	305
832	64	320	795	119	304
896	64	320	854	125	304
960	64	320	915	129	304
1023	64	320	974	134	304
0	128	320	48	137	309
64	128	320	75	137	309
128	128	320	130	137	308
192	128	320	190	138	308
256	128	320	251	138	307
320	128	320	312	139	306
384	128	320	375	141	305
448	128	320	434	143	305
512	128	320	493	145	305
576	128	320	552	148	305
640	128	320	615	151	305
704	128	320	672	153	305
768	128	320	731	157	305
832	128	320	794	160	305
896	128	320	854	163	304
960	128	320	914	166	304
1023	128	320	974	171	304
0	192	320	60	195	309
64	192	320	82	195	309
128	192	320	134	195	309
192	192	320	192	197	308
256	192	320	252	197	307
320	192	320	313	198	306
384	192	320	376	199	306
448	192	320	435	201	306
512	192	320	493	202	306
576	192	320	552	204	306
640	192	320	615	206	306
704	192	320	671	207	306
768	192	320	730	210	306
832	192	320	794	212	305
896	192	320	853	215	305
960	192	320	914	217	304
1023	192	320	973	220	305
0	256	320	75	256	310
64	256	320	93	256	310
128	256	320	141	257	310
192	256	320	195	258	309
256	256	320	254	259	308
320	256	320	315	259	307
384	256	320	376	261	307
448	256	320	436	262	307
512	256	320	493	262	306
576	256	320	552	263	306
640	256	320	614	265	306
704	256	320	670	267	306
768	256	320	729	269	306
832	256	320	793	270	306
896	256	320	852	272	305
960	256	320	913	274	305
1023	256	320	973	276	305
0	320	320	89	318	311
64	320	320	104	318	311
128	320	320	148	319	310
192	320	320	200	319	309
256	320	320	257	320	309
320	320	320	317	322	308
384	320	320	378	322	308
448	320	320	437	322	307
512	320	320	494	323	307
576	320	320	553	325	307
640	320	320	614	326	307
704	320	320	670	327	307
768	320	320	729	328	307
832	320	320	793	329	306
896	320	320	852	331	306
960	320	320	912	332	306
1023	320	320	972	334	306
0	384	320	104	381	312
64	384	320	117	381	312
128	384	320	157	382	312
192	384	320	206	382	311
256	384	320	262	383	310
320	384	320	320	384	309
384	384	320	381	384	309
448	384	320	438	385	308
512	384	320	495	385	308
576	384	320	554	386	308
640	384	320	615	387	308
704	384	320	670	388	308
768	384	320	729	389	308
832	384	320	793	390	307
896	384	320	852	392	307
960	384	320	912	392	307
1023	384	320	972	394	307
0	448	320	120	442	313
64	448	320	132	442	313
128	448	320	167	443	313
192	448	320	213	443	313
256	448	320	267	444	312
320	448	320	325	445	311
384	448	320	384	445	310
448	448	320	441	446	310
512	448	320	498	446	309
576	448	320	557	447	309
640	448	320	617	448	309
704	448	320	672	448	309
768	448	320	731	449	309
832	448	320	794	450	308
896	448	320	853	451	308
960	448	320	913	451	308
1023	448	320	972	453	308
0	512	320	136	504	315
64	512	320	145	504	315
128	512	320	178	504	315
192	512	320	223	505	314
256	512	320	274	506	313
320	512	320	330	506	312
384	512	320	388	506	312
448	512	320	444	507	311
512	512	320	501	507	311
576	512	320	559	508	311
640	512	320	619	508	311
704	512	320	674	509	311
768	512	320	732	510	310
832	512	320	795	510	310
896	512	320	854	511	310
960	512	320	914	512	310
1023	512	320	973	513	310
0	576	320	152	566	317
64	576	320	161	566	317
128	576	320	189	566	316
192	576	320	232	566	316
256	576	320	281	567	315
320	576	320	336	567	314
384	576	320	393	568	314
448	576	320	448	568	314
512	576	320	504	569	313
576	576	320	562	569	313
640	576	320	621	569	313
704	576	320	676	570	313
768	576	320	734	571	312
832	576	320	796	571	312
896	576	320	855	571	312
960	576	320	915	573	312
1023	576	320	973	573	312
0	640	320	167	627	318
64	640	320	176	627	318
128	640	320	202	627	318
192	640	320	242	628	317
256	640	320	289	629	317
320	640	320	342	629	316
384	640	320	398	629	316
448	640	320	452	630	316
512	640	320	508	630	316
576	640	320	566	630	315
640	640	320	624	631	315
704	640	320	678	631	315
768	640	320	737	632	315
832	640	320	798	632	314
896	640	320	856	632	314
960	640	320	916	633	314
1023	640	320	974	634	314
0	704	320	185	688	321
64	704	320	192	688	321
128	704	320	215	688	321
192	704	320	253	689	320
256	704	320	298	690	318
320	704	320	350	690	318
384	704	320	405	690	318
448	704	320	458	690	318
512	704	320	512	691	318
576	704	320	570	691	318
640	704	320	626	691	317
704	704	320	682	691	317
768	704	320	739	692	317
832	704	320	801	693	317
896	704	320	859	692	317
960	704	320	918	693	317
1023	704	320	977	695	317
0	768	320	201	749	323
64	768	320	208	750	323
128	768	320	230	750	323
192	768	320	264	750	322
256	768	320	308	751	322
320	768	320	358	751	322
384	768	320	411	752	321
448	768	320	463	752	321
512	768	320	517	752	321
576	768	320	574	753	321
640	768	320	630	753	320
704	768	320	686	754	320
768	768	320	743	754	320
832	768	320	804	754	319
896	768	320	862	755	320
960	768	320	922	755	319
1023	768	320	980	757	320
0	832	320	218	813	327
64	832	320	223	813	327
128	832	320	244	813	327
192	832	320	276	813	326
256	832	320	318	814	325
320	832	320	367	814	325
384	832	320	419	814	324
448	832	320	469	815	324
512	832	320	523	815	324
576	832	320	580	815	324
640	832	320	635	816	324
704	832	320	690	816	324
768	832	320	748	816	323
832	832	320	808	817	323
896	832	320	866	817	322
960	832	320	925	817	322
1023	832	320	982	818	323
0	896	320	234	874	330
64	896	320	240	874	330
128	896	320	259	874	329
192	896	320	289	875	329
256	896	320	330	875	328
320	896	320	377	876	328
384	896	320	426	876	327
448	896	320	476	876	327
512	896	320	529	876	327
576	896	320	586	876	327
640	896	320	639	877	327
704	896	320	694	878	327
768	896	320	752	877	326
832	896	320	811	878	326
896	896	320	870	878	326
960	896	320	928	879	326
1023	896	320	985	879	326
0	960	320	251	935	333
64	960	320	256	935	333
128	960	320	273	935	333
192	960	320	303	935	332
256	960	320	341	935	331
320	960	320	387	935	331
384	960	320	434	935	331
448	960	320	483	936	331
512	960	320	535	936	331
576	960	320	591	936	330
640	960	320	644	937	331
704	960	320	699	938	331
768	960	320	757	937	330
832	960	320	815	937	330
896	960	320	873	938	330
960	960	320	932	938	329
1023	960	320	988	939	329
0	1023	320	268	996	337
64	1023	320	273	996	336
128	1023	320	289	996	336
192	1023	320	317	996	335
256	1023	320	354	996	335
320	1023	320	398	996	335
384	1023	320	443	996	335
448	1023	320	491	996	334
512	1023	320	542	996	334
576	1023	320	598	997	334
640	1023	320	650	997	334
704	1023	320	704	998	334
768	1023	320	762	997	334
832	1023	320	820	998	334
896	1023	320	877	998	333
960	1023	320	936	998	333
1023	1023	320	992	999	333
0	0	384	44	72	369
64	0	384	72	72	369
128	0	384	129	75	369
192	0	384	189	75	368
256	0	384	251	77	368
320	0	384	312	77	368
384	0	384	375	82	368
448	0	384	436	87	367
512	0	384	494	89	367
576	0	384	553	93	367
640	0	384	616	97	367
704	0	384	672	101	367
768	0	384	732	106	367
832	0	384	796	113	366
896	0	384	855	117	366
960	0	384	915	122	366
1023	0	384	975	128	366
0	64	384	48	93	370
64	64	384	75	93	370
128	64	384	130	93	369
192	64	384	189	95	369
256	64	384	251	97	368
320	64	384	313	97	368
384	64	384	375	99	368
448	64	384	435	104	367
512	64	384	493	106	367
576	64	384	553	109	367
640	64	384	616	114	367
704	64	384	672	117	367
768	64	384	732	120	367
832	64	384	796	125	366
896	64	384	855	130	366
960	64	384	915	134	366
1023	64	384	975	139	366
0	128	384	53	142	370
64	128	384	80	142	370
128	128	384	132	142	370
192	128	384	191	143	369
256	128	384	252	144	369
320	128	384	313	145	368
384	128	384	376	148	368
448	128	384	436	149	368
512	128	384	494	151	368
576	128	384	553	153	367
640	128	384	616	156	368
704	128	384	672	158	368
768	128	384	732	161	367
832	128	384	795	165	366
896	128	384	855	167	366
960	128	384	915	171	366
1023	128	384	974	175	366
0	192	384	63	199	371
64	192	384	89	199	371
128	192	384	136	199	370
192	192	384	193	200	370
256	192	384	253	201	370
320	192	384	314	202	368
384	192	384	376	203	368
448	192	384	436	206	368
512	192	384	494	206	368
576	192	384	553	208	368
640	192	384	615	209	368
704	192	384	672	211	368
768	192	384	731	213	367
832	192	384	794	215	367
896	192	384	854	218	366
960	192	384	914	221	366
1023	192	384	974	224	366
0	256	384	77	259	372
64	256	384	95	259	372
128	256	384	142	260	372
192	256	384	197	261	372
256	256	384	256	262	371
320	256	384	316	262	369
384	256	384	378	263	369
448	256	384	437	265	368
512	256	384	494	266	368
576	256	384	553	267	368
640	256	384	615	268	368
704	256	384	671	270	368
768	256	384	730	271	368
832	256	384	793	272	368
896	256	384	853	274	367
960	256	384	913	276	367
1023	256	384	973	279	367
0	320	384	91	321	371
64	320	384	108	321	371
128	320	384	149	321	371
192	320	384	202	322	370
256	320	384	259	323	370
320	320	384	317	324	369
384	320	384	379	325	369
448	320	384	438	325	368
512	320	384	495	326	368
576	320	384	553	327	368
640	320	384	615	328	368
704	320	384	671	330	368
768	320	384	730	331	368
832	320	384	793	331	367
896	320	384	852	333	367
960	320	384	913	334	367
1023	320	384	973	336	367
0	384	384	106	384	373
64	384	384	120	384	373
128	384	384	158	384	373
192	384	384	207	384	373
256	384	384	263	385	372
320	384	384	321	386	370
384	384	384	382	387	370
448	384	384	439	387	370
512	384	384	496	387	369
576	384	384	555	388	369
640	384	384	616	389	369
704	384	384	671	390	369
768	384	384	730	392	369
832	384	384	793	392	368
896	384	384	853	393	368
960	384	384	913	395	368
1023	384	384	972	396	368
0	448	384	122	444	373
64	448	384	133	444	373
128	448	384	167	445	373
192	448	384	215	445	373
256	448	384	269	446	373
320	448	384	326	447	371
384	448	384	385	447	371
448	448	384	442	447	370
512	448	384	499	448	370
576	448	384	557	449	370
640	448	384	617	449	370
704	448	384	673	450	370
768	448	384	731	451	370
832	448	384	794	452	369
896	448	384	853	452	369
960	448	384	913	454	368
1023	448	384	973	455	368
0	512	384	138	505	375
64	512	384	148	506	375
128	512	384	179	506	375
192	512	384	223	506	374
256	512	384	275	508	374
320	512	384	331	508	372
384	512	384	389	508	372
448	512	384	445	509	372
512	512	384	502	509	371
576	512	384	560	509	371
640	512	384	619	510	371
704	512	384	675	511	371
768	512	384	733	511	371
832	512	384	795	512	370
896	512	384	854	512	370
960	512	384	914	514	370
1023	512	384	973	515	370
0	576	384	152	567	376
64	576	384	162	567	376
128	576	384	191	567	376
192	576	384	233	568	376
256	576	384	282	569	375
320	576	384	336	569	374
384	576	384	394	570	374
448	576	384	449	570	373
512	576	384	505	570	373
576	576	384	563	571	373
640	576	384	621	572	373
704	576	384	677	572	373
768	576	384	734	572	372
832	576	384	797	573	372
896	576	384	856	574	372
960	576	384	915	575	372
1023	576	384	974	575	371
0	640	384	169	628	378
64	640	384	177	629	378
128	640	384	203	629	378
192	640	384	242	629	378
256	640	384	290	630	377
320	640	384	343	630	376
384	640	384	400	631	375
448	640	384	453	631	375
512	640	384	509	632	375
576	640	384	566	632	374
640	640	384	624	632	374
704	640	384	679	633	375
768	640	384	737	633	374
832	640	384	799	634	373
896	640	384	857	634	373
960	640	384	917	635	373
1023	640	384	975	636	373
0	704	384	186	690	381
64	704	384	193	690	381
128	704	384	216	690	381
192	704	384	253	691	380
256	704	384	299	691	378
320	704	384	350	691	378
384	704	384	406	692	377
448	704	384	459	692	377
512	704	384	513	692	377
576	704	384	570	693	376
640	704	384	627	693	376
704	704	384	682	693	376
768	704	384	740	694	376
832	704	384	802	694	376
896	704	384	860	695	375
960	704	384	920	695	376
1023	704	384	977	696	375
0	768	384	202	751	382
64	768	384	209	751	382
128	768	384	230	752	381
192	768	384	265	752	381
256	768	384	308	753	379
320	768	384	359	753	379
384	768	384	412	753	379
448	768	384	464	753	379
512	768	384	518	754	379
576	768	384	575	754	379
640	768	384	631	755	379
704	768	384	687	756	379
768	768	384	744	755	378
832	768	384	804	755	378
896	768	384	863	756	378
960	768	384	922	757	378
1023	768	384	980	758	378
0	832	384	219	814	386
64	832	384	225	814	386
128	832	384	245	815	386
192	832	384	277	815	385
256	832	384	319	815	383
320	832	384	368	815	382
384	832	384	419	816	382
448	832	384	471	816	382
512	832	384	523	816	382
576	832	384	581	817	382
640	832	384	635	817	381
704	832	384	691	818	381
768	832	384	748	818	380
832	832	384	808	818	380
896	832	384	867	819	380
960	832	384	925	819	380
1023	832	384	983	820	380
0	896	384	236	876	388
64	896	384	241	876	388
128	896	384	259	876	388
192	896	384	290	877	388
256	896	384	331	877	385
320	896	384	378	877	385
384	896	384	427	877	385
448	896	384	477	878	385
512	896	384	530	878	384
576	896	384	586	878	384
640	896	384	640	878	384
704	896	384	695	879	384
768	896	384	753	879	383
832	896	384	812	879	383
896	896	384	870	879	383
960	896	384	929	880	383
1023	896	384	986	881	383
0	960	384	252	936	390
64	960	384	257	936	390
128	960	384	274	937	390
192	960	384	303	937	388
256	960	384	342	937	388
320	960	384	388	937	388
384	960	384	435	937	388
448	960	384	484	937	388
512	960	384	536	938	388
576	960	384	592	938	387
640	960	384	645	938	387
704	960	384	699	939	387
768	960	384	757	939	386
832	960	384	815	938	386
896	960	384	873	939	386
960	960	384	932	940	386
1023	960	384	989	941	386
0	1023	384	269	997	394
64	1023	384	274	997	394
128	1023	384	290	998	394
192	1023	384	318	998	392
256	1023	384	355	998	392
320	1023	384	399	998	392
384	1023	384	444	998	391
448	1023	384	492	998	391
512	1023	384	543	998	391
576	1023	384	599	999	390
640	1023	384	650	998	390
704	1023	384	705	999	390
768	1023	384	762	998	389
832	1023	384	820	999	389
896	1023	384	878	999	389
960	1023	384	936	1000	389
1023	1023	384	993	1000	389
0	0	448	53	85	431
64	0	448	80	85	431
128	0	448	133	87	431
192	0	448	191	87	430
256	0	448	252	89	429
320	0	448	314	89	428
384	0	448	376	95	428
448	0	448	436	97	427
512	0	448	494	99	427
576	0	448	553	104	427
640	0	448	617	108	427
704	0	448	673	111	427
768	0	448	733	116	427
832	0	448	796	120	426
896	0	448	856	125	426
960	0	448	916	129	425
1023	0	448	975	134	426
0	64	448	53	103	431
64	64	448	80	103	431
128	64	448	133	103	431
192	64	448	192	104	430
256	64	448	252	104	429
320	64	448	314	106	428
384	64	448	376	109	428
448	64	448	436	113	428
512	64	448	494	116	427
576	64	448	553	119	427
640	64	448	616	122	427
704	64	448	673	125	427
768	64	448	733	129	427
832	64	448	796	133	426
896	64	448	856	137	426
960	64	448	916	141	425
1023	64	448	975	147	426
0	128	448	60	148	431
64	128	448	85	148	431
128	128	448	136	148	431
192	128	448	193	149	430
256	128	448	253	150	429
320	128	448	314	151	428
384	128	448	377	152	428
448	128	448	437	155	428
512	128	448	495	157	427
576	128	448	553	159	427
640	128	448	617	161	427
704	128	448	672	163	427
768	128	448	732	166	427
832	128	448	796	169	426
896	128	448	855	173	426
960	128	448	915	177	426
1023	128	448	975	180	426
0	192	448	69	203	432
64	192	448	91	203	431
128	192	448	139	204	431
192	192	448	195	204	431
256	192	448	255	206	430
320	192	448	315	207	429
384	192	448	378	207	428
448	192	448	437	209	428
512	192	448	495	210	428
576	192	448	554	212	428
640	192	448	616	213	427
704	192	448	672	215	427
768	192	448	732	218	427
832	192	448	795	221	426
896	192	448	854	222	426
960	192	448	915	225	426
1023	192	448	974	228	426
0	256	448	82	263	432
64	256	448	101	263	432
128	256	448	144	263	432
192	256	448	198	264	431
256	256	448	257	265	431
320	256	448	317	266	429
384	256	448	379	267	429
448	256	448	438	268	429
512	256	448	495	269	428
576	256	448	554	270	428
640	256	448	616	271	428
704	256	448	671	273	428
768	256	448	730	274	428
832	256	448	794	276	427
896	256	448	853	277	427
960	256	448	914	279	427
1023	256	448	974	282	427
0	320	448	95	324	432
64	320	448	111	324	431
128	320	448	151	324	431
192	320	448	203	325	431
256	320	448	260	326	430
320	320	448	319	327	429
384	320	448	381	328	429
448	320	448	439	328	428
512	320	448	496	329	427
576	320	448	554	330	427
640	320	448	616	331	427
704	320	448	671	332	427
768	320	448	730	333	427
832	320	448	794	334	427
896	320	448	853	336	426
960	320	448	913	337	426
1023	320	448	973	339	426
0	384	448	109	386	433
64	384	448	122	386	433
128	384	448	160	386	432
192	384	448	209	387	432
256	384	448	264	388	431
320	384	448	322	388	430
384	384	448	383	389	430
448	384	448	440	390	429
512	384	448	497	390	428
576	384	448	556	391	428
640	384	448	617	392	428
704	384	448	672	393	428
768	384	448	731	394	428
832	384	448	794	395	427
896	384	448	853	396	427
960	384	448	913	397	427
1023	384	448	973	399	427
0	448	448	125	447	433
64	448	448	136	447	433
128	448	448	169	447	433
192	448	448	216	447	432
256	448	448	269	448	431
320	448	448	327	449	430
384	448	448	386	449	430
448	448	448	443	450	430
512	448	448	500	450	429
576	448	448	558	451	429
640	448	448	618	452	429
704	448	448	673	452	429
768	448	448	732	453	428
832	448	448	795	454	428
896	448	448	853	454	428
960	448	448	914	456	428
1023	448	448	973	457	428
0	512	448	141	508	434
64	512	448	150	508	434
128	512	448	180	508	434
192	512	448	225	509	433
256	512	448	276	510	432
320	512	448	332	510	431
384	512	448	390	510	431
448	512	448	446	511	431
512	512	448	502	511	430
576	512	448	561	511	430
640	512	448	620	512	430
704	512	448	675	513	430
768	512	448	733	513	429
832	512	448	796	514	429
896	512	448	854	514	429
960	512	448	915	515	429
1023	512	448	974	516	429
0	576	448	156	569	435
64	576	448	164	569	435
128	576	448	193	570	435
192	576	448	234	570	434
256	576	448	283	571	433
320	576	448	337	571	432
384	576	448	395	572	432
448	576	448	450	572	432
512	576	448	505	572	431
576	576	448	563	573	431
640	576	448	622	574	431
704	576	448	678	574	431
768	576	448	735	574	430
832	576	448	797	575	430
896	576	448	856	576	430
960	576	448	916	576	430
1023	576	448	974	577	430
0	640	448	170	630	437
64	640	448	179	631	437
128	640	448	204	631	436
192	640	448	243	631	436
256	640	448	290	632	435
320	640	448	344	632	433
384	640	448	400	633	433
448	640	448	454	633	433
512	640	448	509	633	433
576	640	448	567	634	432
640	640	448	625	634	432
704	640	448	680	635	432
768	640	448	738	635	432
832	640	448	800	636	431
896	640	448	858	636	431
960	640	448	918	637	431
1023	640	448	976	638	431
0	704	448	188	692	439
64	704	448	194	692	439
128	704	448	218	692	438
192	704	448	255	693	438
256	704	448	300	693	436
320	704	448	352	693	435
384	704	448	407	694	435
448	704	448	460	694	435
512	704	448	514	694	434
576	704	448	571	694	434
640	704	448	628	695	434
704	704	448	683	695	434
768	704	448	741	695	433
832	704	448	803	696	433
896	704	448	861	697	433
960	704	448	920	697	433
1023	704	448	978	698	433
0	768	448	203	753	440
64	768	448	210	753	439
128	768	448	232	754	439
192	768	448	266	754	439
256	768	448	310	754	437
320	768	448	360	755	437
384	768	448	413	755	437
448	768	448	465	755	437
512	768	448	518	755	436
576	768	448	576	756	436
640	768	448	632	757	436
704	768	448	687	758	436
768	768	448	745	757	436
832	768	448	805	758	435
896	768	448	864	758	435
960	768	448	923	759	435
1023	768	448	981	760	435
0	832	448	221	816	443
64	832	448	226	816	443
128	832	448	246	816	442
192	832	448	278	817	442
256	832	448	320	817	439
320	832	448	369	817	439
384	832	448	420	817	439
448	832	448	471	818	439
512	832	448	524	818	439
576	832	448	581	818	438
640	832	448	636	819	438
704	832	448	692	820	438
768	832	448	749	819	438
832	832	448	809	820	438
896	832	448	868	820	437
960	832	448	926	820	437
1023	832	448	983	821	437
0	896	448	237	878	444
64	896	448	242	878	444
128	896	448	261	878	444
192	896	448	291	878	443
256	896	448	332	878	442
320	896	448	378	879	442
384	896	448	428	879	441
448	896	448	478	879	441
512	896	448	531	880	441
576	896	448	587	880	441
640	896	448	641	880	441
704	896	448	696	881	440
768	896	448	754	881	440
832	896	448	812	881	440
896	896	448	870	881	439
960	896	448	929	882	439
1023	896	448	986	883	439
0	960	448	253	938	446
64	960	448	258	938	446
128	960	448	275	938	446
192	960	448	305	939	445
256	960	448	343	939	444
320	960	448	389	939	444
384	960	448	436	939	444
448	960	448	485	939	443
512	960	448	537	940	443
576	960	448	593	940	443
640	960	448	646	940	443
704	960	448	700	941	443
768	960	448	758	941	443
832	960	448	816	940	442
896	960	448	874	941	442
960	960	448	932	941	441
1023	960	448	990	942	442
0	1023	448	270	998	449
64	1023	448	275	999	449
128	1023	448	291	999	449
192	1023	448	318	999	447
256	1023	448	355	999	447
320	1023	448	399	999	447
384	1023	448	444	999	447
448	1023	448	493	1000	446
512	1023	448	544	1000	446
576	1023	448	600	1000	446
640	1023	448	651	1000	446
704	1023	448	705	1000	445
768	1023	448	763	1000	445
832	1023	448	820	1000	444
896	1023	448	878	1001	444
960	1023	448	937	1001	444
1023	1023	448	993	1002	444
0	0	512	60	97	491
64	0	512	85	97	491
128	0	512	136	97	490
192	0	512	193	99	489
256	0	512	253	99	488
320	0	512	315	103	486
384	0	512	377	104	486
448	0	512	437	109	486
512	0	512	495	111	486
576	0	512	555	114	485
640	0	512	617	117	485
704	0	512	673	120	485
768	0	512	733	125	485
832	0	512	797	130	484
896	0	512	856	134	484
960	0	512	917	138	484
1023	0	512	975	143	484
0	64	512	60	113	491
64	64	512	85	113	491
128	64	512	136	113	490
192	64	512	193	114	489
256	64	512	253	116	488
320	64	512	315	117	486
384	64	512	378	119	486
448	64	512	437	122	486
512	64	512	495	125	486
576	64	512	555	128	485
640	64	512	617	130	485
704	64	512	673	133	485
768	64	512	733	137	485
832	64	512	797	141	484
896	64	512	856	145	484
960	64	512	917	149	484
1023	64	512	975	153	484
0	128	512	66	155	491
64	128	512	89	155	491
128	128	512	138	155	490
192	128	512	195	156	489
256	128	512	255	157	488
320	128	512	316	158	486
384	128	512	378	159	486
448	128	512	437	163	486
512	128	512	495	163	486
576	128	512	555	165	486
640	128	512	617	168	485
704	128	512	673	170	485
768	128	512	733	173	485
832	128	512	796	176	484
896	128	512	856	179	484
960	128	512	916	182	484
1023	128	512	975	186	484
0	192	512	75	209	491
64	192	512	95	209	491
128	192	512	142	209	490
192	192	512	197	209	489
256	192	512	256	210	488
320	192	512	317	212	487
384	192	512	379	212	487
448	192	512	438	214	486
512	192	512	496	215	486
576	192	512	555	217	486
640	192	512	617	219	486
704	192	512	672	221	485
768	192	512	732	223	485
832	192	512	796	225	485
896	192	512	855	228	484
960	192	512	916	229	484
1023	192	512	975	232	484
0	256	512	87	266	491
64	256	512	104	267	491
128	256	512	147	267	491
192	256	512	200	267	490
256	256	512	258	268	488
320	256	512	318	270	487
384	256	512	379	271	487
448	256	512	438	272	487
512	256	512	496	273	487
576	256	512	555	274	486
640	256	512	616	275	486
704	256	512	672	276	486
768	256	512	731	278	485
832	256	512	794	280	485
896	256	512	854	281	485
960	256	512	914	283	485
1023	256	512	974	285	485
0	320	512	99	327	491
64	320	512	114	327	491
128	320	512	153	327	490
192	320	512	205	328	489
256	320	512	261	329	488
320	320	512	320	329	487
384	320	512	381	331	487
448	320	512	440	331	486
512	320	512	497	332	486
576	320	512	555	333	486
640	320	512	617	334	486
704	320	512	672	335	486
768	320	512	731	336	485
832	320	512	794	338	485
896	320	512	854	339	485
960	320	512	914	340	485
1023	320	512	973	342	485
0	384	512	113	389	492
64	384	512	126	389	492
128	384	512	162	389	491
192	384	512	211	390	490
256	384	512	265	390	489
320	384	512	323	391	488
384	384	512	384	392	488
448	384	512	441	392	487
512	384	512	498	393	486
576	384	512	556	394	486
640	384	512	618	395	486
704	384	512	673	396	486
768	384	512	731	397	486
832	384	512	795	398	486
896	384	512	854	399	485
960	384	512	914	400	485
1023	384	512	973	401	485
0	448	512	128	449	492
64	448	512	138	449	492
128	448	512	172	449	491
192	448	512	218	450	491
256	448	512	271	451	489
320	448	512	327	451	488
384	448	512	387	452	488
448	448	512	444	452	488
512	448	512	500	453	488
576	448	512	559	454	487
640	448	512	619	455	487
704	448	512	675	455	487
768	448	512	732	456	486
832	448	512	795	457	486
896	448	512	854	457	486
960	448	512	914	458	486
1023	448	512	974	460	486
0	512	512	143	510	493
64	512	512	152	510	493
128	512	512	182	510	492
192	512	512	226	511	492
256	512	512	277	512	490
320	512	512	333	512	490
384	512	512	391	513	489
448	512	512	447	513	489
512	512	512	503	513	488
576	512	512	561	514	488
640	512	512	621	515	488
704	512	512	676	515	488
768	512	512	734	515	487
832	512	512	797	516	487
896	512	512	855	517	487
960	512	512	915	518	486
1023	512	512	974	519	486
0	576	512	158	571	494
64	576	512	166	572	494
128	576	512	194	572	493
192	576	512	236	572	492
256	576	512	284	573	491
320	576	512	339	573	490
384	576	512	396	574	490
448	576	512	451	574	490
512	576	512	506	574	489
576	576	512	564	575	489
640	576	512	623	576	489
704	576	512	678	576	489
768	576	512	736	576	488
832	576	512	798	577	488
896	576	512	857	578	488
960	576	512	917	579	488
1023	576	512	975	579	488
0	640	512	173	633	495
64	640	512	181	633	495
128	640	512	206	633	494
192	640	512	245	633	493
256	640	512	292	634	492
320	640	512	345	634	491
384	640	512	401	635	491
448	640	512	455	635	491
512	640	512	510	635	490
576	640	512	568	636	490
640	640	512	626	636	490
704	640	512	681	637	490
768	640	512	738	637	489
832	640	512	800	637	489
896	640	512	859	638	489
960	640	512	919	639	489
1023	640	512	977	640	489
0	704	512	189	694	496
64	704	512	196	694	496
128	704	512	221	694	496
192	704	512	256	695	495
256	704	512	301	695	493
320	704	512	353	695	493
384	704	512	408	695	492
448	704	512	460	695	492
512	704	512	515	696	492
576	704	512	572	696	492
640	704	512	629	697	491
704	704	512	685	698	491
768	704	512	742	698	491
832	704	512	804	698	491
896	704	512	861	698	490
960	704	512	921	699	490
1023	704	512	979	700	490
0	768	512	206	755	497
64	768	512	212	755	497
128	768	512	233	755	497
192	768	512	267	756	496
256	768	512	311	756	495
320	768	512	361	756	494
384	768	512	413	757	494
448	768	512	466	757	494
512	768	512	519	757	494
576	768	512	577	758	494
640	768	512	633	759	494
704	768	512	688	759	493
768	768	512	746	760	493
832	768	512	807	760	493
896	768	512	865	760	493
960	768	512	924	761	492
1023	768	512	982	762	492
0	832	512	222	817	500
64	832	512	228	818	500
128	832	512	247	818	499
192	832	512	279	818	498
256	832	512	322	819	497
320	832	512	370	820	497
384	832	512	421	820	496
448	832	512	472	820	496
512	832	512	525	820	495
576	832	512	582	820	495
640	832	512	637	821	495
704	832	512	693	822	495
768	832	512	750	821	495
832	832	512	810	822	494
896	832	512	868	822	494
960	832	512	927	822	494
1023	832	512	984	823	494
0	896	512	238	879	501
64	896	512	243	879	501
128	896	512	262	880	501
192	896	512	292	880	499
256	896	512	333	880	499
320	896	512	379	880	498
384	896	512	429	881	498
448	896	512	479	881	498
512	896	512	532	882	498
576	896	512	588	882	498
640	896	512	642	882	497
704	896	512	697	883	497
768	896	512	755	883	497
832	896	512	813	883	496
896	896	512	871	883	496
960	896	512	930	884	496
1023	896	512	987	885	496
0	960	512	255	940	503
64	960	512	259	940	503
128	960	512	276	940	502
192	960	512	306	940	501
256	960	512	344	941	501
320	960	512	390	941	501
384	960	512	437	941	500
448	960	512	486	941	500
512	960	512	538	942	500
576	960	512	594	942	500
640	960	512	646	942	499
704	960	512	701	943	499
768	960	512	759	942	499
832	960	512	817	942	498
896	960	512	875	943	498
960	960	512	933	943	498
1023	960	512	990	944	498
0	1023	512	271	1000	505
64	1023	512	275	1000	505
128	1023	512	291	1000	505
192	1023	512	319	1000	504
256	1023	512	356	1001	504
320	1023	512	400	1001	503
384	1023	512	445	1001	503
448	1023	512	494	1001	503
512	1023	512	545	1001	502
576	1023	512	601	1001	502
640	1023	512	651	1001	501
704	1023	512	706	1002	501
768	1023	512	764	1002	501
832	1023	512	821	1002	501
896	1023	512	879	1003	500
960	1023	512	938	1003	501
1023	1023	512	994	1004	501
0	0	576	66	109	548
64	0	576	89	109	548
128	0	576	138	109	548
192	0	576	196	111	548
256	0	576	255	113	548
320	0	576	316	114	547
384	0	576	379	116	547
448	0	576	438	119	547
512	0	576	497	122	546
576	0	576	555	125	546
640	0	576	618	128	546
704	0	576	674	130	545
768	0	576	733	136	545
832	0	576	798	138	546
896	0	576	858	143	545
960	0	576	918	147	545
1023	0	576	977	151	545
0	64	576	66	123	549
64	64	576	91	123	549
128	64	576	138	125	549
192	64	576	195	126	549
256	64	576	255	126	549
320	64	576	317	128	547
384	64	576	379	130	547
448	64	576	438	132	547
512	64	576	496	134	546
576	64	576	555	137	546
640	64	576	618	139	546
704	64	576	674	142	545
768	64	576	733	145	545
832	64	576	798	149	546
896	64	576	858	153	545
960	64	576	918	157	545
1023	64	576	977	161	545
0	128	576	72	163	550
64	128	576	93	163	550
128	128	576	141	163	550
192	128	576	197	164	549
256	128	576	256	165	549
320	128	576	317	166	547
384	128	576	379	167	547
448	128	576	439	169	547
512	128	576	497	171	547
576	128	576	556	173	546
640	128	576	618	175	546
704	128	576	674	177	546
768	128	576	733	180	545
832	128	576	798	183	546
896	128	576	858	186	546
960	128	576	918	189	545
1023	128	576	977	193	545
0	192	576	82	214	551
64	192	576	101	215	551
128	192	576	144	215	551
192	192	576	199	215	551
256	192	576	258	216	551
320	192	576	317	218	548
384	192	576	379	218	548
448	192	576	439	220	547
512	192	576	497	221	547
576	192	576	556	223	546
640	192	576	618	225	546
704	192	576	673	226	546
768	192	576	733	229	546
832	192	576	797	230	546
896	192	576	857	232	546
960	192	576	917	236	546
1023	192	576	976	238	545
0	256	576	93	271	553
64	256	576	108	271	553
128	256	576	150	271	553
192	256	576	202	272	553
256	256	576	259	273	553
320	256	576	319	274	548
384	256	576	381	275	548
448	256	576	439	276	548
512	256	576	497	277	547
576	256	576	556	279	547
640	256	576	617	280	547
704	256	576	673	281	546
768	256	576	732	283	546
832	256	576	796	284	546
896	256	576	856	286	546
960	256	576	916	288	546
1023	256	576	975	290	546
0	320	576	104	331	548
64	320	576	119	331	548
128	320	576	157	331	548
192	320	576	207	332	548
256	320	576	263	332	548
320	320	576	322	334	546
384	320	576	382	334	546
448	320	576	441	335	546
512	320	576	498	336	546
576	320	576	557	337	545
640	320	576	618	338	545
704	320	576	673	339	545
768	320	576	732	340	545
832	320	576	796	341	544
896	320	576	855	343	545
960	320	576	915	344	544
1023	320	576	975	346	544
0	384	576	116	392	552
64	384	576	130	392	552
128	384	576	164	393	552
192	384	576	212	393	552
256	384	576	267	394	552
320	384	576	325	395	547
384	384	576	385	395	547
448	384	576	443	396	547
512	384	576	500	397	546
576	384	576	558	398	546
640	384	576	619	398	546
704	384	576	674	399	545
768	384	576	733	400	546
832	384	576	795	401	545
896	384	576	854	402	545
960	384	576	915	403	544
1023	384	576	975	405	544
0	448	576	130	452	551
64	448	576	142	452	551
128	448	576	173	453	551
192	448	576	221	453	550
256	448	576	272	454	548
320	448	576	329	455	547
384	448	576	389	455	547
448	448	576	446	456	547
512	448	576	502	456	546
576	448	576	560	457	546
640	448	576	620	457	545
704	448	576	676	459	546
768	448	576	734	459	545
832	448	576	797	460	544
896	448	576	856	461	545
960	448	576	916	461	544
1023	448	576	975	463	544
0	512	576	145	513	552
64	512	576	155	513	552
128	512	576	184	513	551
192	512	576	228	514	550
256	512	576	279	514	549
320	512	576	334	515	548
384	512	576	393	516	548
448	512	576	448	516	547
512	512	576	504	516	547
576	512	576	563	517	547
640	512	576	622	517	546
704	512	576	678	518	546
768	512	576	736	519	546
832	512	576	798	519	545
896	512	576	857	520	545
960	512	576	916	520	545
1023	512	576	975	522	545
0	576	576	160	574	553
64	576	576	169	574	553
128	576	576	196	575	552
192	576	576	238	575	551
256	576	576	286	576	550
320	576	576	340	577	549
384	576	576	397	577	548
448	576	576	452	577	548
512	576	576	508	578	548
576	576	576	566	578	548
640	576	576	624	578	547
704	576	576	679	579	547
768	576	576	738	580	547
832	576	576	799	579	546
896	576	576	858	580	546
960	576	576	918	581	546
1023	576	576	976	582	546
0	640	576	176	636	554
64	640	576	183	636	554
128	640	576	209	636	553
192	640	576	247	636	552
256	640	576	293	637	551
320	640	576	347	638	550
384	640	576	403	638	550
448	640	576	457	638	550
512	640	576	512	638	549
576	640	576	570	639	549
640	640	576	627	639	549
704	640	576	683	640	548
768	640	576	740	640	547
832	640	576	802	640	547
896	640	576	860	641	547
960	640	576	920	642	547
1023	640	576	978	642	547
0	704	576	191	696	555
64	704	576	198	696	555
128	704	576	222	696	554
192	704	576	258	697	553
256	704	576	303	698	552
320	704	576	354	698	551
384	704	576	409	698	551
448	704	576	462	698	551
512	704	576	516	699	551
576	704	576	574	699	550
640	704	576	630	700	550
704	704	576	686	700	550
768	704	576	744	701	549
832	704	576	804	700	549
896	704	576	863	701	548
960	704	576	922	701	548
1023	704	576	980	702	549
0	768	576	207	757	556
64	768	576	213	757	555
128	768	576	236	758	555
192	768	576	269	758	554
256	768	576	312	759	553
320	768	576	363	759	553
384	768	576	415	760	553
448	768	576	467	760	553
512	768	576	521	760	552
576	768	576	578	761	552
640	768	576	634	761	552
704	768	576	689	762	551
768	768	576	748	762	551
832	768	576	808	762	551
896	768	576	866	762	550
960	768	576	925	763	551
1023	768	576	983	764	550
0	832	576	223	820	557
64	832	576	229	820	557
128	832	576	249	820	557
192	832	576	281	821	556
256	832	576	323	821	555
320	832	576	372	822	555
384	832	576	423	822	554
448	832	576	473	822	554
512	832	576	527	822	554
576	832	576	584	822	553
640	832	576	638	823	553
704	832	576	693	823	553
768	832	576	752	824	553
832	832	576	811	824	552
896	832	576	869	824	552
960	832	576	928	824	552
1023	832	576	986	826	552
0	896	576	240	881	559
64	896	576	245	881	559
128	896	576	263	882	558
192	896	576	293	882	557
256	896	576	334	882	556
320	896	576	381	882	556
384	896	576	429	883	556
448	896	576	480	883	555
512	896	576	532	883	555
576	896	576	589	884	555
640	896	576	643	885	555
704	896	576	698	885	555
768	896	576	755	885	554
832	896	576	814	885	554
896	896	576	872	885	554
960	896	576	932	886	554
1023	896	576	988	887	553
0	960	576	256	942	561
64	960	576	261	942	561
128	960	576	277	942	560
192	960	576	307	942	559
256	960	576	346	942	559
320	960	576	390	943	558
384	960	576	438	943	558
448	960	576	487	943	558
512	960	576	539	943	557
576	960	576	595	944	557
640	960	576	647	944	557
704	960	576	702	944	557
768	960	576	760	944	556
832	960	576	819	945	556
896	960	576	876	945	556
960	960	576	935	946	556
1023	960	576	992	947	556
0	1023	576	272	1002	562
64	1023	576	277	1002	562
128	1023	576	293	1002	561
192	1023	576	321	1002	561
256	1023	576	358	1003	561
320	1023	576	401	1003	561
384	1023	576	447	1003	561
448	1023	576	495	1003	560
512	1023	576	545	1003	559
576	1023	576	602	1003	559
640	1023	576	653	1003	559
704	1023	576	707	1003	558
768	1023	576	766	1004	559
832	1023	576	823	1005	558
896	1023	576	880	1005	558
960	1023	576	939	1006	558
1023	1023	576	996	1007	558
0	0	640	77	123	612
64	0	640	95	123	612
128	0	640	142	123	611
192	0	640	198	123	611
256	0	640	257	125	609
320	0	640	318	128	608
384	0	640	380	129	608
448	0	640	439	130	607
512	0	640	498	133	606
576	0	640	557	136	606
640	0	640	619	139	606
704	0	640	675	142	606
768	0	640	735	145	606
832	0	640	799	149	605
896	0	640	859	152	606
960	0	640	919	157	607
1023	0	640	979	161	607
0	64	640	77	136	612
64	64	640	95	136	612
128	64	640	142	136	611
192	64	640	198	136	611
256	64	640	258	138	609
320	64	640	318	139	608
384	64	640	380	141	608
448	64	640	440	143	607
512	64	640	498	145	606
576	64	640	557	148	606
640	64	640	619	150	606
704	64	640	675	152	606
768	64	640	735	156	606
832	64	640	799	159	605
896	64	640	859	162	606
960	64	640	919	166	605
1023	64	640	979	169	607
0	128	640	82	171	613
64	128	640	99	171	612
128	128	640	144	171	612
192	128	640	199	171	611
256	128	640	258	173	610
320	128	640	318	175	608
384	128	640	380	176	608
448	128	640	440	178	607
512	128	640	498	179	607
576	128	640	557	181	606
640	128	640	619	183	606
704	128	640	675	186	606
768	128	640	734	188	606
832	128	640	799	190	605
896	128	640	858	193	606
960	128	640	918	196	605
1023	128	640	979	199	605
0	192	640	89	221	613
64	192	640	104	221	613
128	192	640	148	221	612
192	192	640	202	222	611
256	192	640	259	223	610
320	192	640	319	225	608
384	192	640	382	225	608
448	192	640	440	226	607
512	192	640	498	228	607
576	192	640	557	229	607
640	192	640	619	231	606
704	192	640	675	233	606
768	192	640	734	234	606
832	192	640	798	236	606
896	192	640	858	238	606
960	192	640	918	241	605
1023	192	640	978	243	606
0	256	640	99	276	614
64	256	640	113	276	613
128	256	640	152	277	613
192	256	640	205	277	612
256	256	640	261	279	611
320	256	640	321	280	609
384	256	640	382	281	609
448	256	640	441	281	608
512	256	640	498	282	607
576	256	640	557	284	607
640	256	640	618	285	607
704	256	640	674	286	606
768	256	640	733	288	606
832	256	640	797	289	606
896	256	640	856	291	606
960	256	640	917	293	606
1023	256	640	976	295	606
0	320	640	109	335	612
64	320	640	122	335	611
128	320	640	159	336	611
192	320	640	209	337	610
256	320	640	265	337	609
320	320	640	323	338	608
384	320	640	384	339	607
448	320	640	442	340	607
512	320	640	500	340	607
576	320	640	558	341	606
640	320	640	619	342	606
704	320	640	675	343	606
768	320	640	733	344	606
832	320	640	797	346	605
896	320	640	856	346	605
960	320	640	916	348	605
1023	320	640	976	350	605
0	384	640	122	396	613
64	384	640	133	396	612
128	384	640	167	396	612
192	384	640	215	397	611
256	384	640	269	398	610
320	384	640	327	399	609
384	384	640	387	399	608
448	384	640	444	400	608
512	384	640	501	400	607
576	384	640	560	401	607
640	384	640	620	402	607
704	384	640	675	403	607
768	384	640	734	404	606
832	384	640	797	404	605
896	384	640	855	405	605
960	384	640	915	406	605
1023	384	640	975	408	605
0	448	640	136	456	613
64	448	640	145	456	613
128	448	640	177	456	612
192	448	640	222	457	611
256	448	640	274	457	609
320	448	640	331	458	608
384	448	640	389	458	608
448	448	640	446	458	608
512	448	640	503	459	607
576	448	640	561	460	607
640	448	640	621	460	607
704	448	640	677	461	607
768	448	640	735	462	606
832	448	640	797	462	606
896	448	640	856	464	606
960	448	640	916	464	606
1023	448	640	975	466	606
0	512	640	148	515	613
64	512	640	158	516	613
128	512	640	188	516	613
192	512	640	230	516	612
256	512	640	281	517	610
320	512	640	335	518	609
384	512	640	394	518	609
448	512	640	449	518	608
512	512	640	506	519	608
576	512	640	564	519	608
640	512	640	623	520	607
704	512	640	678	521	607
768	512	640	737	521	607
832	512	640	799	521	606
896	512	640	857	522	606
960	512	640	917	523	606
1023	512	640	976	525	606
0	576	640	163	577	614
64	576	640	171	577	614
128	576	640	198	577	613
192	576	640	240	578	612
256	576	640	286	579	610
320	576	640	341	579	610
384	576	640	399	579	610
448	576	640	453	580	609
512	576	640	509	580	609
576	576	640	567	580	608
640	576	640	625	581	608
704	576	640	680	582	608
768	576	640	739	582	608
832	576	640	801	582	607
896	576	640	859	583	607
960	576	640	919	584	607
1023	576	640	977	585	607
0	640	640	179	638	615
64	640	640	186	638	614
128	640	640	210	638	614
192	640	640	248	639	613
256	640	640	295	640	611
320	640	640	348	640	611
384	640	640	404	640	610
448	640	640	458	640	610
512	640	640	512	640	610
576	640	640	570	641	609
640	640	640	628	642	609
704	640	640	683	642	609
768	640	640	741	643	609
832	640	640	803	643	608
896	640	640	861	643	608
960	640	640	921	644	608
1023	640	640	979	645	608
0	704	640	194	699	615
64	704	640	201	699	615
128	704	640	224	699	615
192	704	640	259	699	614
256	704	640	304	700	612
320	704	640	356	700	612
384	704	640	410	701	612
448	704	640	463	701	611
512	704	640	517	701	611
576	704	640	575	701	610
640	704	640	631	702	610
704	704	640	686	702	610
768	704	640	744	703	610
832	704	640	805	702	610
896	704	640	864	703	610
960	704	640	924	705	609
1023	704	640	981	704	609
0	768	640	209	760	617
64	768	640	215	760	617
128	768	640	237	760	616
192	768	640	270	761	615
256	768	640	314	762	614
320	768	640	364	762	614
384	768	640	416	762	613
448	768	640	469	762	613
512	768	640	522	763	613
576	768	640	580	763	612
640	768	640	635	764	612
704	768	640	690	764	612
768	768	640	749	765	611
832	768	640	809	765	611
896	768	640	867	765	610
960	768	640	925	765	610
1023	768	640	984	766	610
0	832	640	225	822	618
64	832	640	231	822	618
128	832	640	251	822	617
192	832	640	282	823	616
256	832	640	324	823	615
320	832	640	373	823	615
384	832	640	423	824	614
448	832	640	475	824	614
512	832	640	527	824	614
576	832	640	585	825	613
640	832	640	639	825	613
704	832	640	694	825	613
768	832	640	752	825	612
832	832	640	812	825	612
896	832	640	870	826	612
960	832	640	929	826	612
1023	832	640	987	827	612
0	896	640	242	883	619
64	896	640	247	883	619
128	896	640	265	884	618
192	896	640	295	884	617
256	896	640	335	884	617
320	896	640	382	885	616
384	896	640	431	885	616
448	896	640	481	885	615
512	896	640	533	885	615
576	896	640	590	886	615
640	896	640	644	886	615
704	896	640	699	887	614
768	896	640	756	886	614
832	896	640	815	887	614
896	896	640	873	887	613
960	896	640	932	888	613
1023	896	640	989	889	613
0	960	640	257	944	620
64	960	640	262	944	620
128	960	640	279	944	619
192	960	640	308	944	618
256	960	640	346	944	618
320	960	640	392	944	618
384	960	640	439	945	617
448	960	640	488	945	617
512	960	640	540	945	617
576	960	640	596	945	617
640	960	640	648	945	616
704	960	640	703	946	616
768	960	640	761	946	615
832	960	640	820	947	615
896	960	640	877	947	615
960	960	640	936	948	615
1023	960	640	993	949	615
0	1023	640	273	1003	621
64	1023	640	278	1004	621
128	1023	640	294	1004	620
192	1023	640	322	1004	620
256	1023	640	359	1004	620
320	1023	640	402	1005	620
384	1023	640	447	1005	619
448	1023	640	496	1005	619
512	1023	640	547	1005	619
576	1023	640	603	1005	618
640	1023	640	654	1006	618
704	1023	640	708	1006	618
768	1023	640	766	1006	617
832	1023	640	823	1006	617
896	1023	640	881	1006	617
960	1023	640	940	1008	617
1023	1023	640	997	1009	617
0	0	704	85	136	671
64	0	704	101	136	671
128	0	704	145	136	670
192	0	704	199	136	669
256	0	704	259	138	667
320	0	704	319	139	666
384	0	704	381	141	666
448	0	704	440	143	665
512	0	704	498	145	665
576	0	704	557	147	664
640	0	704	619	149	664
704	0	704	676	152	664
768	0	704	735	156	663
832	0	704	798	159	663
896	0	704	858	162	662
960	0	704	919	166	662
1023	0	704	978	170	662
0	64	704	85	147	671
64	64	704	101	147	671
128	64	704	145	147	670
192	64	704	201	148	669
256	64	704	259	148	667
320	64	704	319	150	666
384	64	704	381	152	666
448	64	704	441	153	665
512	64	704	498	156	665
576	64	704	557	157	664
640	64	704	619	159	664
704	64	704	676	163	664
768	64	704	735	165	663
832	64	704	798	168	663
896	64	704	858	171	662
960	64	704	918	176	662
1023	64	704	978	179	662
0	128	704	89	180	671
64	128	704	104	180	671
128	128	704	148	180	670
192	128	704	201	181	669
256	128	704	260	182	668
320	128	704	320	184	666
384	128	704	381	185	666
448	128	704	441	186	665
512	128	704	498	188	665
576	128	704	557	189	664
640	128	704	619	191	664
704	128	704	676	194	664
768	128	704	735	195	664
832	128	704	798	198	663
896	128	704	857	201	662
960	128	704	918	204	662
1023	128	704	978	206	662
0	192	704	95	228	671
64	192	704	109	228	671
128	192	704	151	228	671
192	192	704	204	229	670
256	192	704	261	229	668
320	192	704	321	230	666
384	192	704	382	232	666
448	192	704	441	233	665
512	192	704	499	234	665
576	192	704	558	236	664
640	192	704	619	237	664
704	192	704	676	240	664
768	192	704	734	240	664
832	192	704	797	242	663
896	192	704	857	245	663
960	192	704	917	247	663
1023	192	704	977	249	663
0	256	704	103	282	672
64	256	704	116	282	672
128	256	704	156	282	671
192	256	704	207	282	670
256	256	704	263	283	668
320	256	704	322	284	666
384	256	704	383	285	666
448	256	704	442	286	666
512	256	704	499	287	665
576	256	704	558	288	665
640	256	704	619	290	665
704	256	704	675	292	665
768	256	704	734	293	664
832	256	704	796	294	663
896	256	704	856	295	663
960	256	704	916	298	662
1023	256	704	976	299	662
0	320	704	113	339	670
64	320	704	125	339	670
128	320	704	163	340	670
192	320	704	211	340	669
256	320	704	266	341	667
320	320	704	324	342	665
384	320	704	385	343	665
448	320	704	443	343	665
512	320	704	500	344	664
576	320	704	559	345	664
640	320	704	620	346	664
704	320	704	675	348	664
768	320	704	734	349	663
832	320	704	796	349	662
896	320	704	856	351	662
960	320	704	916	352	662
1023	320	704	976	354	662
0	384	704	126	400	671
64	384	704	137	400	671
128	384	704	171	400	671
192	384	704	218	400	669
256	384	704	270	401	668
320	384	704	328	402	666
384	384	704	388	402	666
448	384	704	445	403	665
512	384	704	502	404	665
576	384	704	560	404	664
640	384	704	620	405	664
704	384	704	676	406	664
768	384	704	734	407	663
832	384	704	797	407	663
896	384	704	856	409	662
960	384	704	916	410	662
1023	384	704	975	411	663
0	448	704	138	458	670
64	448	704	148	458	670
128	448	704	179	459	670
192	448	704	224	459	669
256	448	704	276	460	668
320	448	704	332	461	666
384	448	704	391	462	666
448	448	704	447	462	666
512	448	704	504	462	665
576	448	704	562	462	665
640	448	704	622	464	665
704	448	704	678	465	665
768	448	704	736	465	664
832	448	704	798	465	663
896	448	704	857	466	663
960	448	704	916	467	663
1023	448	704	976	469	663
0	512	704	151	518	671
64	512	704	161	518	671
128	512	704	189	518	670
192	512	704	232	519	669
256	512	704	282	520	668
320	512	704	337	520	667
384	512	704	395	521	667
448	512	704	451	521	666
512	512	704	506	521	665
576	512	704	565	522	665
640	512	704	624	522	665
704	512	704	679	524	665
768	512	704	737	524	664
832	512	704	800	525	664
896	512	704	859	525	664
960	512	704	918	526	664
1023	512	704	977	527	664
0	576	704	166	579	672
64	576	704	174	579	672
128	576	704	201	580	671
192	576	704	241	580	670
256	576	704	288	581	669
320	576	704	343	581	667
384	576	704	400	582	667
448	576	704	454	582	666
512	576	704	509	582	666
576	576	704	568	583	666
640	576	704	626	583	665
704	576	704	681	584	665
768	576	704	739	584	665
832	576	704	802	585	665
896	576	704	860	586	664
960	576	704	920	586	664
1023	576	704	978	587	664
0	640	704	180	639	672
64	640	704	189	640	672
128	640	704	212	640	671
192	640	704	250	641	671
256	640	704	296	641	668
320	640	704	349	641	668
384	640	704	405	642	668
448	640	704	459	642	667
512	640	704	514	643	667
576	640	704	571	643	667
640	640	704	629	644	666
704	640	704	684	644	666
768	640	704	742	645	666
832	640	704	804	645	666
896	640	704	862	645	665
960	640	704	922	646	665
1023	640	704	980	647	665
0	704	704	196	700	673
64	704	704	202	700	673
128	704	704	226	701	672
192	704	704	261	701	672
256	704	704	306	702	670
320	704	704	357	703	669
384	704	704	411	703	669
448	704	704	464	703	668
512	704	704	518	703	668
576	704	704	575	703	668
640	704	704	632	704	667
704	704	704	687	704	667
768	704	704	745	705	667
832	704	704	806	705	667
896	704	704	865	705	666
960	704	704	924	706	666
1023	704	704	982	707	666
0	768	704	211	762	673
64	768	704	218	762	673
128	768	704	238	762	673
192	768	704	272	763	672
256	768	704	315	763	671
320	768	704	365	764	670
384	768	704	417	764	670
448	768	704	469	764	670
512	768	704	523	764	669
576	768	704	580	765	669
640	768	704	636	765	669
704	768	704	691	766	669
768	768	704	749	766	668
832	768	704	809	766	668
896	768	704	868	767	668
960	768	704	926	767	667
1023	768	704	985	768	667
0	832	704	228	824	674
64	832	704	233	824	674
128	832	704	253	824	673
192	832	704	283	825	673
256	832	704	326	825	672
320	832	704	374	825	672
384	832	704	424	826	672
448	832	704	475	826	672
512	832	704	529	827	671
576	832	704	586	827	671
640	832	704	640	827	670
704	832	704	695	827	670
768	832	704	753	827	670
832	832	704	813	827	669
896	832	704	871	828	669
960	832	704	930	828	669
1023	832	704	988	830	669
0	896	704	243	885	676
64	896	704	248	886	676
128	896	704	266	886	676
192	896	704	296	886	674
256	896	704	337	887	674
320	896	704	384	887	674
384	896	704	432	887	673
448	896	704	482	887	673
512	896	704	535	888	673
576	896	704	592	888	672
640	896	704	645	888	672
704	896	704	700	889	672
768	896	704	757	889	671
832	896	704	816	889	671
896	896	704	874	889	670
960	896	704	933	890	670
1023	896	704	990	890	670
0	960	704	259	945	678
64	960	704	263	945	678
128	960	704	281	945	677
192	960	704	309	946	675
256	960	704	348	946	675
320	960	704	393	946	675
384	960	704	440	947	675
448	960	704	489	947	674
512	960	704	540	947	674
576	960	704	597	947	673
640	960	704	649	948	673
704	960	704	704	948	673
768	960	704	762	948	672
832	960	704	820	949	672
896	960	704	878	949	672
960	960	704	937	950	672
1023	960	704	994	951	672
0	1023	704	275	1005	679
64	1023	704	280	1005	679
128	1023	704	295	1006	678
192	1023	704	323	1006	677
256	1023	704	360	1006	677
320	1023	704	404	1007	677
384	1023	704	448	1007	677
448	1023	704	497	1006	676
512	1023	704	547	1006	675
576	1023	704	604	1007	675
640	1023	704	655	1008	675
704	1023	704	710	1008	675
768	1023	704	767	1008	675
832	1023	704	825	1008	674
896	1023	704	883	1009	674
960	1023	704	941	1009	674
1023	1023	704	997	1010	674
0	0	768	91	148	731
64	0	768	106	148	731
128	0	768	150	148	730
192	0	768	202	149	730
256	0	768	261	150	729
320	0	768	321	152	727
384	0	768	382	153	727
448	0	768	442	155	726
512	0	768	500	157	726
576	0	768	559	159	725
640	0	768	621	161	725
704	0	768	677	164	724
768	0	768	736	167	724
832	0	768	800	170	723
896	0	768	860	173	723
960	0	768	920	178	723
1023	0	768	980	180	723
0	64	768	91	158	731
64	64	768	108	158	731
128	64	768	150	159	731
192	64	768	202	159	730
256	64	768	261	161	729
320	64	768	321	161	727
384	64	768	383	163	727
448	64	768	442	165	726
512	64	768	500	166	726
576	64	768	559	168	725
640	64	768	621	171	725
704	64	768	677	173	724
768	64	768	736	176	724
832	64	768	800	179	723
896	64	768	860	182	723
960	64	768	920	185	723
1023	64	768	980	188	723
0	128	768	95	189	732
64	128	768	109	189	731
128	128	768	152	190	731
192	128	768	204	190	730
256	128	768	262	192	729
320	128	768	321	193	727
384	128	768	383	194	727
448	128	768	442	195	726
512	128	768	500	196	726
576	128	768	559	198	725
640	128	768	621	200	725
704	128	768	677	202	725
768	128	768	736	204	724
832	128	768	800	206	724
896	128	768	859	209	723
960	128	768	919	212	723
1023	128	768	979	215	723
0	192	768	101	234	732
64	192	768	114	235	732
128	192	768	155	236	732
192	192	768	207	236	731
256	192	768	263	237	730
320	192	768	322	238	727
384	192	768	384	238	727
448	192	768	443	240	726
512	192	768	501	241	726
576	192	768	560	242	726
640	192	768	621	245	725
704	192	768	677	245	725
768	192	768	736	247	724
832	192	768	799	249	724
896	192	768	858	252	723
960	192	768	919	253	723
1023	192	768	978	256	723
0	256	768	109	287	734
64	256	768	122	288	734
128	256	768	159	288	733
192	256	768	209	289	732
256	256	768	265	290	731
320	256	768	324	291	728
384	256	768	385	291	727
448	256	768	443	292	727
512	256	768	501	294	726
576	256	768	560	295	726
640	256	768	621	296	725
704	256	768	677	297	723
768	256	768	735	299	722
832	256	768	798	300	722
896	256	768	857	301	722
960	256	768	918	304	722
1023	256	768	977	305	722
0	320	768	119	344	730
64	320	768	130	344	730
128	320	768	165	345	729
192	320	768	214	345	728
256	320	768	269	346	727
320	320	768	326	347	725
384	320	768	387	348	725
448	320	768	445	348	725
512	320	768	502	350	724
576	320	768	561	350	724
640	320	768	621	351	724
704	320	768	677	352	723
768	320	768	736	353	723
832	320	768	798	354	722
896	320	768	857	355	722
960	320	768	918	357	722
1023	320	768	977	359	722
0	384	768	130	404	728
64	384	768	141	404	728
128	384	768	173	404	727
192	384	768	220	405	727
256	384	768	272	406	726
320	384	768	329	406	725
384	384	768	389	407	725
448	384	768	447	407	724
512	384	768	504	408	724
576	384	768	562	409	723
640	384	768	622	409	723
704	384	768	678	410	723
768	384	768	737	411	723
832	384	768	799	412	722
896	384	768	858	413	722
960	384	768	917	414	722
1023	384	768	977	415	722
0	448	768	142	462	730
64	448	768	152	462	730
128	448	768	182	462	730
192	448	768	227	463	729
256	448	768	277	464	728
320	448	768	334	465	725
384	448	768	393	465	725
448	448	768	449	465	725
512	448	768	505	466	724
576	448	768	564	466	724
640	448	768	624	467	724
704	448	768	679	468	724
768	448	768	737	469	723
832	448	768	800	469	723
896	448	768	859	470	722
960	448	768	918	471	722
1023	448	768	977	472	722
0	512	768	156	521	730
64	512	768	165	521	730
128	512	768	193	522	729
192	512	768	234	522	729
256	512	768	283	523	728
320	512	768	339	524	726
384	512	768	397	524	726
448	512	768	452	524	725
512	512	768	508	525	725
576	512	768	567	525	724
640	512	768	625	526	724
704	512	768	681	527	724
768	512	768	739	527	724
832	512	768	802	528	723
896	512	768	860	528	723
960	512	768	919	530	723
1023	512	768	978	531	723
0	576	768	170	582	730
64	576	768	177	582	730
128	576	768	203	582	730
192	576	768	243	583	729
256	576	768	290	584	728
320	576	768	344	584	726
384	576	768	401	585	726
448	576	768	456	585	726
512	576	768	511	586	725
576	576	768	569	586	725
640	576	768	628	586	725
704	576	768	683	587	724
768	576	768	741	588	724
832	576	768	803	588	723
896	576	768	862	589	723
960	576	768	921	590	723
1023	576	768	980	591	723
0	640	768	184	643	731
64	640	768	191	643	731
128	640	768	215	643	731
192	640	768	252	644	730
256	640	768	298	644	727
320	640	768	351	645	727
384	640	768	407	645	727
448	640	768	460	645	726
512	640	768	515	646	726
576	640	768	573	646	726
640	640	768	630	647	726
704	640	768	686	647	725
768	640	768	743	647	725
832	640	768	805	648	724
896	640	768	864	648	724
960	640	768	923	649	724
1023	640	768	981	650	724
0	704	768	199	703	730
64	704	768	206	703	730
128	704	768	228	704	730
192	704	768	263	704	729
256	704	768	307	705	728
320	704	768	359	705	728
384	704	768	413	705	728
448	704	768	466	706	727
512	704	768	520	706	727
576	704	768	577	706	727
640	704	768	634	707	727
704	704	768	689	707	726
768	704	768	746	707	726
832	704	768	807	707	725
896	704	768	867	708	725
960	704	768	925	709	725
1023	704	768	983	709	725
0	768	768	213	765	733
64	768	768	221	765	733
128	768	768	241	766	732
192	768	768	274	766	732
256	768	768	317	767	730
320	768	768	366	767	729
384	768	768	419	767	729
448	768	768	471	767	729
512	768	768	525	768	728
576	768	768	582	768	728
640	768	768	638	768	728
704	768	768	693	769	728
768	768	768	751	769	727
832	768	768	811	769	726
896	768	768	869	769	726
960	768	768	928	770	726
1023	768	768	986	772	726
0	832	768	230	827	733
64	832	768	236	827	733
128	832	768	255	827	732
192	832	768	286	828	732
256	832	768	327	828	731
320	832	768	376	829	731
384	832	768	426	829	730
448	832	768	477	829	730
512	832	768	531	830	730
576	832	768	588	830	729
640	832	768	642	830	729
704	832	768	697	830	729
768	832	768	755	830	728
832	832	768	814	830	728
896	832	768	872	831	727
960	832	768	932	832	727
1023	832	768	989	832	727
0	896	768	246	888	736
64	896	768	251	888	736
128	896	768	268	888	736
192	896	768	298	889	733
256	896	768	338	889	732
320	896	768	385	889	732
384	896	768	433	890	732
448	896	768	483	890	731
512	896	768	536	890	731
576	896	768	593	890	730
640	896	768	646	891	730
704	896	768	701	891	730
768	896	768	759	891	729
832	896	768	818	892	729
896	896	768	876	892	729
960	896	768	935	893	729
1023	896	768	992	893	729
0	960	768	261	948	737
64	960	768	266	948	737
128	960	768	283	948	737
192	960	768	311	948	734
256	960	768	350	948	733
320	960	768	394	949	733
384	960	768	441	949	733
448	960	768	491	949	732
512	960	768	542	949	732
576	960	768	599	950	732
640	960	768	651	950	732
704	960	768	705	951	732
768	960	768	764	951	731
832	960	768	822	951	731
896	960	768	879	952	730
960	960	768	938	953	730
1023	960	768	995	953	730
0	1023	768	277	1008	738
64	1023	768	281	1008	738
128	1023	768	297	1008	736
192	1023	768	325	1008	735
256	1023	768	361	1009	735
320	1023	768	405	1009	735
384	1023	768	450	1009	734
448	1023	768	498	1009	734
512	1023	768	549	1010	734
576	1023	768	606	1010	734
640	1023	768	656	1010	734
704	1023	768	711	1010	733
768	1023	768	769	1011	733
832	1023	768	826	1011	732
896	1023	768	883	1011	732
960	1023	768	942	1012	732
1023	1023	768	999	1013	732
0	0	832	97	161	795
64	0	832	113	161	795
128	0	832	153	161	795
192	0	832	206	161	795
256	0	832	263	163	795
320	0	832	322	164	793
384	0	832	384	166	792
448	0	832	443	167	792
512	0	832	502	168	792
576	0	832	561	170	791
640	0	832	622	173	791
704	0	832	678	175	790
768	0	832	738	178	790
832	0	832	802	181	789
896	0	832	861	184	789
960	0	832	921	188	788
1023	0	832	981	191	788
0	64	832	99	169	795
64	64	832	114	170	795
128	64	832	155	170	795
192	64	832	206	171	795
256	64	832	263	173	795
320	64	832	322	173	793
384	64	832	384	174	793
448	64	832	443	176	792
512	64	832	502	178	792
576	64	832	561	180	791
640	64	832	623	182	791
704	64	832	678	184	790
768	64	832	738	187	790
832	64	832	802	189	789
896	64	832	861	193	789
960	64	832	921	195	789
1023	64	832	981	198	788
0	128	832	103	199	796
64	128	832	116	199	796
128	128	832	157	200	796
192	128	832	207	200	796
256	128	832	263	202	796
320	128	832	323	202	793
384	128	832	385	202	793
448	128	832	443	204	792
512	128	832	502	206	792
576	128	832	561	207	791
640	128	832	622	209	791
704	128	832	678	211	790
768	128	832	737	213	790
832	128	832	801	216	789
896	128	832	861	218	789
960	128	832	921	221	789
1023	128	832	981	224	788
0	192	832	108	243	798
64	192	832	122	243	798
128	192	832	159	243	798
192	192	832	209	244	797
256	192	832	265	245	797
320	192	832	324	245	793
384	192	832	385	246	793
448	192	832	444	248	792
512	192	832	502	248	792
576	192	832	561	251	792
640	192	832	622	252	791
704	192	832	678	253	790
768	192	832	737	255	790
832	192	832	800	257	790
896	192	832	860	259	789
960	192	832	920	261	789
1023	192	832	980	263	789
0	256	832	114	294	800
64	256	832	128	294	800
128	256	832	163	295	793
192	256	832	212	295	793
256	256	832	267	296	791
320	256	832	325	297	789
384	256	832	386	297	789
448	256	832	444	299	789
512	256	832	502	300	788
576	256	832	562	301	788
640	256	832	623	302	787
704	256	832	678	303	787
768	256	832	737	305	787
832	256	832	800	306	786
896	256	832	859	308	786
960	256	832	919	309	786
1023	256	832	979	311	786
0	320	832	125	350	794
64	320	832	136	350	794
128	320	832	170	350	794
192	320	832	217	351	794
256	320	832	270	352	794
320	320	832	328	353	790
384	320	832	388	353	790
448	320	832	446	354	789
512	320	832	503	355	789
576	320	832	562	355	789
640	320	832	623	356	788
704	320	832	678	357	787
768	320	832	737	359	787
832	320	832	800	360	787
896	320	832	859	361	787
960	320	832	919	363	787
1023	320	832	979	365	787
0	384	832	136	408	791
64	384	832	145	408	791
128	384	832	178	409	791
192	384	832	223	409	791
256	384	832	275	410	791
320	384	832	331	411	789
384	384	832	391	411	789
448	384	832	448	412	788
512	384	832	505	412	788
576	384	832	564	413	787
640	384	832	623	413	787
704	384	832	679	414	787
768	384	832	738	416	787
832	384	832	801	417	786
896	384	832	859	417	786
960	384	832	919	418	786
1023	384	832	979	420	787
0	448	832	148	467	796
64	448	832	157	467	796
128	448	832	187	467	796
192	448	832	229	467	796
256	448	832	280	468	795
320	448	832	336	469	790
384	448	832	395	470	790
448	448	832	451	469	789
512	448	832	507	469	788
576	448	832	565	470	788
640	448	832	625	471	788
704	448	832	681	473	787
768	448	832	739	473	788
832	448	832	802	473	787
896	448	832	861	474	787
960	448	832	920	475	787
1023	448	832	979	476	787
0	512	832	160	525	795
64	512	832	168	525	795
128	512	832	196	526	795
192	512	832	237	526	795
256	512	832	285	527	795
320	512	832	340	527	790
384	512	832	399	528	790
448	512	832	454	529	790
512	512	832	510	529	789
576	512	832	568	530	788
640	512	832	627	530	788
704	512	832	683	531	789
768	512	832	741	531	788
832	512	832	803	532	788
896	512	832	862	532	787
960	512	832	922	533	787
1023	512	832	981	535	787
0	576	832	173	586	795
64	576	832	180	586	795
128	576	832	206	586	795
192	576	832	245	587	795
256	576	832	292	588	791
320	576	832	346	588	790
384	576	832	403	589	790
448	576	832	458	589	790
512	576	832	513	590	790
576	576	832	572	590	789
640	576	832	630	590	789
704	576	832	685	591	789
768	576	832	743	592	788
832	576	832	805	592	788
896	576	832	864	593	787
960	576	832	923	593	787
1023	576	832	982	595	788
0	640	832	188	646	796
64	640	832	194	646	795
128	640	832	218	647	795
192	640	832	255	648	794
256	640	832	300	648	792
320	640	832	353	649	792
384	640	832	409	649	791
448	640	832	462	649	791
512	640	832	517	650	791
576	640	832	575	650	790
640	640	832	633	651	790
704	640	832	688	652	790
768	640	832	747	652	789
832	640	832	807	652	789
896	640	832	866	652	789
960	640	832	926	653	788
1023	640	832	983	654	788
0	704	832	202	707	795
64	704	832	209	707	795
128	704	832	231	707	795
192	704	832	265	708	794
256	704	832	309	708	793
320	704	832	361	709	793
384	704	832	415	709	792
448	704	832	467	710	792
512	704	832	522	710	792
576	704	832	579	710	791
640	704	832	636	710	791
704	704	832	691	711	791
768	704	832	749	711	791
832	704	832	810	711	790
896	704	832	868	711	789
960	704	832	927	712	789
1023	704	832	985	713	789
0	768	832	217	768	797
64	768	832	223	768	797
128	768	832	243	769	796
192	768	832	276	769	795
256	768	832	319	770	794
320	768	832	369	770	794
384	768	832	421	770	793
448	768	832	473	771	793
512	768	832	527	771	793
576	768	832	584	772	793
640	768	832	639	772	792
704	768	832	695	772	792
768	768	832	753	773	791
832	768	832	813	773	791
896	768	832	871	773	790
960	768	832	931	774	791
1023	768	832	988	775	791
0	832	832	232	830	798
64	832	832	238	830	798
128	832	832	257	831	797
192	832	832	288	831	796
256	832	832	329	831	795
320	832	832	378	831	795
384	832	832	427	832	795
448	832	832	479	832	794
512	832	832	533	833	794
576	832	832	590	833	794
640	832	832	643	833	793
704	832	832	699	833	793
768	832	832	757	834	792
832	832	832	816	833	792
896	832	832	874	834	792
960	832	832	933	835	792
1023	832	832	991	836	791
0	896	832	248	891	799
64	896	832	253	892	799
128	896	832	270	892	798
192	896	832	300	892	797
256	896	832	340	893	796
320	896	832	387	893	796
384	896	832	435	893	796
448	896	832	485	893	796
512	896	832	538	893	795
576	896	832	595	893	794
640	896	832	648	894	795
704	896	832	703	895	794
768	896	832	761	895	794
832	896	832	820	895	794
896	896	832	878	896	793
960	896	832	937	896	793
1023	896	832	994	897	793
0	960	832	263	951	800
64	960	832	267	951	799
128	960	832	284	951	799
192	960	832	313	952	798
256	960	832	351	952	797
320	960	832	396	952	797
384	960	832	443	952	797
448	960	832	492	952	796
512	960	832	544	953	796
576	960	832	601	953	796
640	960	832	652	953	796
704	960	832	707	954	795
768	960	832	766	955	795
832	960	832	824	954	795
896	960	832	882	955	795
960	960	832	941	956	795
1023	960	832	997	957	795
0	1023	832	279	1011	800
64	1023	832	283	1011	800
128	1023	832	299	1011	799
192	1023	832	327	1011	799
256	1023	832	363	1011	799
320	1023	832	407	1012	799
384	1023	832	451	1012	798
448	1023	832	500	1012	798
512	1023	832	551	1012	798
576	1023	832	607	1013	798
640	1023	832	658	1013	798
704	1023	832	713	1014	797
768	1023	832	771	1014	797
832	1023	832	828	1014	796
896	1023	832	886	1014	796
960	1023	832	945	1016	796
1023	1023	832	1001	1016	796
0	0	896	104	173	855
64	0	896	119	173	855
128	0	896	158	173	855
192	0	896	209	175	854
256	0	896	266	176	853
320	0	896	325	177	851
384	0	896	386	178	851
448	0	896	446	179	851
512	0	896	504	180	850
576	0	896	562	183	849
640	0	896	624	186	849
704	0	896	680	188	848
768	0	896	740	190	848
832	0	896	803	193	847
896	0	896	862	195	846
960	0	896	922	198	846
1023	0	896	982	202	846
0	64	896	106	181	855
64	64	896	120	182	855
128	64	896	158	182	855
192	64	896	209	183	854
256	64	896	266	184	853
320	64	896	325	185	851
384	64	896	387	186	851
448	64	896	446	188	851
512	64	896	504	189	850
576	64	896	563	191	849
640	64	896	624	193	849
704	64	896	680	195	848
768	64	896	739	198	848
832	64	896	803	201	847
896	64	896	862	203	847
960	64	896	922	206	846
1023	64	896	982	209	846
0	128	896	109	209	856
64	128	896	122	209	856
128	128	896	160	209	855
192	128	896	210	210	855
256	128	896	266	211	854
320	128	896	325	212	852
384	128	896	387	213	851
448	128	896	446	215	851
512	128	896	504	216	850
576	128	896	563	218	849
640	128	896	624	220	849
704	128	896	680	222	848
768	128	896	739	224	848
832	128	896	802	226	847
896	128	896	861	228	847
960	128	896	922	230	846
1023	128	896	981	233	846
0	192	896	114	251	856
64	192	896	128	251	856
128	192	896	163	251	856
192	192	896	212	252	855
256	192	896	267	253	854
320	192	896	327	254	852
384	192	896	388	255	852
448	192	896	446	256	851
512	192	896	504	257	850
576	192	896	563	258	850
640	192	896	624	259	849
704	192	896	680	262	848
768	192	896	739	263	848
832	192	896	802	265	847
896	192	896	861	267	847
960	192	896	921	269	846
1023	192	896	981	271	846
0	256	896	120	301	853
64	256	896	133	301	852
128	256	896	167	301	852
192	256	896	215	302	851
256	256	896	270	303	850
320	256	896	327	304	849
384	256	896	389	305	848
448	256	896	447	306	847
512	256	896	504	307	847
576	256	896	563	308	846
640	256	896	624	308	846
704	256	896	680	310	846
768	256	896	738	311	845
832	256	896	801	313	845
896	256	896	860	314	844
960	256	896	920	316	844
1023	256	896	980	317	844
0	320	896	130	355	854
64	320	896	141	355	854
128	320	896	174	356	854
192	320	896	221	357	853
256	320	896	272	357	852
320	320	896	330	358	849
384	320	896	390	359	849
448	320	896	447	359	848
512	320	896	505	360	847
576	320	896	564	361	847
640	320	896	624	362	846
704	320	896	680	364	846
768	320	896	739	364	845
832	320	896	802	365	845
896	320	896	861	366	845
960	320	896	921	368	845
1023	320	896	980	370	845
0	384	896	139	413	851
64	384	896	150	413	851
128	384	896	181	413	851
192	384	896	225	414	850
256	384	896	276	415	849
320	384	896	333	415	848
384	384	896	393	416	847
448	384	896	449	416	847
512	384	896	506	417	846
576	384	896	565	417	846
640	384	896	625	418	846
704	384	896	681	419	846
768	384	896	739	420	845
832	384	896	802	421	845
896	384	896	861	422	844
960	384	896	921	423	845
1023	384	896	980	425	844
0	448	896	152	470	854
64	448	896	161	470	854
128	448	896	189	471	854
192	448	896	232	471	853
256	448	896	282	472	852
320	448	896	337	473	849
384	448	896	396	473	848
448	448	896	452	474	848
512	448	896	509	474	847
576	448	896	567	475	847
640	448	896	627	476	846
704	448	896	683	477	846
768	448	896	741	477	846
832	448	896	803	478	845
896	448	896	862	478	845
960	448	896	922	479	845
1023	448	896	980	481	845
0	512	896	164	529	853
64	512	896	172	529	853
128	512	896	199	529	853
192	512	896	240	530	852
256	512	896	288	531	851
320	512	896	342	532	848
384	512	896	400	532	848
448	512	896	455	532	848
512	512	896	511	533	847
576	512	896	570	533	847
640	512	896	629	534	847
704	512	896	685	535	847
768	512	896	742	535	846
832	512	896	805	536	846
896	512	896	864	537	845
960	512	896	923	538	845
1023	512	896	982	538	845
0	576	896	177	589	853
64	576	896	184	590	853
128	576	896	209	590	853
192	576	896	247	590	852
256	576	896	294	591	849
320	576	896	348	592	849
384	576	896	405	592	848
448	576	896	459	592	848
512	576	896	514	593	847
576	576	896	573	593	847
640	576	896	630	594	847
704	576	896	686	595	847
768	576	896	744	595	847
832	576	896	807	596	846
896	576	896	865	596	846
960	576	896	925	597	846
1023	576	896	983	598	846
0	640	896	190	650	854
64	640	896	198	650	854
128	640	896	221	650	854
192	640	896	257	651	853
256	640	896	302	652	850
320	640	896	355	652	849
384	640	896	410	652	849
448	640	896	464	652	849
512	640	896	518	653	848
576	640	896	577	653	848
640	640	896	634	654	848
704	640	896	689	654	847
768	640	896	747	655	847
832	640	896	809	655	847
896	640	896	867	655	846
960	640	896	926	656	846
1023	640	896	985	657	846
0	704	896	205	709	852
64	704	896	212	709	852
128	704	896	233	710	852
192	704	896	266	710	851
256	704	896	311	711	850
320	704	896	363	711	850
384	704	896	415	711	850
448	704	896	468	712	850
512	704	896	523	712	849
576	704	896	581	712	849
640	704	896	637	713	849
704	704	896	692	713	848
768	704	896	750	713	848
832	704	896	811	714	848
896	704	896	869	714	847
960	704	896	929	715	847
1023	704	896	987	716	847
0	768	896	220	771	855
64	768	896	225	771	855
128	768	896	245	772	854
192	768	896	277	772	854
256	768	896	321	773	851
320	768	896	370	773	851
384	768	896	422	773	851
448	768	896	474	774	851
512	768	896	528	774	850
576	768	896	585	774	850
640	768	896	640	774	850
704	768	896	696	775	849
768	768	896	754	775	849
832	768	896	814	776	849
896	768	896	873	777	849
960	768	896	932	777	848
1023	768	896	989	778	848
0	832	896	235	833	854
64	832	896	240	833	854
128	832	896	259	833	854
192	832	896	289	834	854
256	832	896	331	834	852
320	832	896	379	834	852
384	832	896	429	834	852
448	832	896	480	835	852
512	832	896	534	835	851
576	832	896	591	835	851
640	832	896	645	836	851
704	832	896	700	836	851
768	832	896	758	836	850
832	832	896	818	837	850
896	832	896	876	837	850
960	832	896	935	838	850
1023	832	896	992	839	850
0	896	896	250	894	858
64	896	896	255	894	858
128	896	896	272	894	858
192	896	896	302	895	854
256	896	896	342	895	854
320	896	896	388	895	854
384	896	896	436	895	853
448	896	896	486	895	853
512	896	896	539	896	853
576	896	896	596	896	852
640	896	896	649	896	852
704	896	896	704	897	852
768	896	896	762	897	851
832	896	896	821	897	851
896	896	896	879	898	851
960	896	896	937	898	850
1023	896	896	995	899	851
0	960	896	265	953	859
64	960	896	270	953	859
128	960	896	286	954	858
192	960	896	314	954	855
256	960	896	353	954	855
320	960	896	398	955	855
384	960	896	444	955	854
448	960	896	493	955	854
512	960	896	545	955	854
576	960	896	602	956	853
640	960	896	654	956	853
704	960	896	709	956	853
768	960	896	767	956	852
832	960	896	825	957	852
896	960	896	883	957	852
960	960	896	941	958	852
1023	960	896	998	959	852
0	1023	896	280	1013	860
64	1023	896	284	1013	860
128	1023	896	300	1013	857
192	1023	896	328	1013	857
256	1023	896	365	1014	857
320	1023	896	408	1015	856
384	1023	896	453	1015	856
448	1023	896	501	1014	855
512	1023	896	552	1014	855
576	1023	896	609	1015	855
640	1023	896	660	1017	855
704	1023	896	714	1017	855
768	1023	896	772	1016	854
832	1023	896	829	1016	854
896	1023	896	887	1017	854
960	1023	896	945	1017	853
1023	1023	896	1001	1017	853
0	0	960	113	186	916
64	0	960	126	186	916
128	0	960	162	186	915
192	0	960	212	187	914
256	0	960	267	188	913
320	0	960	326	189	911
384	0	960	388	189	910
448	0	960	446	192	910
512	0	960	504	193	910
576	0	960	563	195	909
640	0	960	624	197	909
704	0	960	680	199	908
768	0	960	740	202	907
832	0	960	803	204	907
896	0	960	863	206	906
960	0	960	923	209	906
1023	0	960	983	212	906
0	64	960	113	193	916
64	64	960	128	193	916
128	64	960	163	193	916
192	64	960	212	194	914
256	64	960	267	196	913
320	64	960	326	197	911
384	64	960	388	198	911
448	64	960	446	199	910
512	64	960	504	201	910
576	64	960	563	202	909
640	64	960	624	205	909
704	64	960	680	206	908
768	64	960	740	209	907
832	64	960	803	211	907
896	64	960	862	213	906
960	64	960	923	216	906
1023	64	960	983	219	906
0	128	960	116	220	916
64	128	960	129	220	916
128	128	960	164	220	916
192	128	960	213	221	915
256	128	960	267	221	913
320	128	960	327	223	911
384	128	960	388	223	911
448	128	960	446	225	910
512	128	960	504	226	910
576	128	960	563	228	909
640	128	960	624	230	909
704	128	960	680	231	908
768	128	960	740	233	908
832	128	960	803	236	907
896	128	960	862	237	906
960	128	960	922	240	906
1023	128	960	982	243	906
0	192	960	119	259	917
64	192	960	133	259	916
128	192	960	167	259	916
192	192	960	215	260	915
256	192	960	270	261	913
320	192	960	327	262	911
384	192	960	388	263	911
448	192	960	447	264	910
512	192	960	504	265	910
576	192	960	563	266	909
640	192	960	624	268	909
704	192	960	680	270	908
768	192	960	739	271	908
832	192	960	802	272	907
896	192	960	861	275	907
960	192	960	922	277	906
1023	192	960	981	279	906
0	256	960	128	307	914
64	256	960	138	307	914
128	256	960	172	308	913
192	256	960	218	308	912
256	256	960	271	310	910
320	256	960	329	310	909
384	256	960	389	311	909
448	256	960	447	312	908
512	256	960	505	313	907
576	256	960	564	314	907
640	256	960	624	316	907
704	256	960	680	317	906
768	256	960	739	318	906
832	256	960	802	319	905
896	256	960	861	321	905
960	256	960	921	322	905
1023	256	960	981	324	905
0	320	960	136	361	915
64	320	960	145	361	915
128	320	960	177	361	914
192	320	960	223	362	913
256	320	960	274	363	911
320	320	960	331	364	909
384	320	960	391	364	909
448	320	960	449	365	908
512	320	960	506	366	908
576	320	960	565	366	907
640	320	960	625	367	907
704	320	960	681	369	906
768	320	960	739	370	906
832	320	960	803	371	906
896	320	960	861	372	905
960	320	960	922	374	905
1023	320	960	981	376	905
0	384	960	144	417	914
64	384	960	155	417	913
128	384	960	184	417	913
192	384	960	228	418	912
256	384	960	278	419	910
320	384	960	334	419	909
384	384	960	394	420	909
448	384	960	451	421	908
512	384	960	507	421	908
576	384	960	567	422	907
640	384	960	626	423	906
704	384	960	682	424	906
768	384	960	740	425	906
832	384	960	803	426	905
896	384	960	862	427	905
960	384	960	922	428	905
1023	384	960	981	429	905
0	448	960	156	474	915
64	448	960	165	474	915
128	448	960	193	475	914
192	448	960	234	475	913
256	448	960	283	476	912
320	448	960	339	477	909
384	448	960	398	477	909
448	448	960	454	478	909
512	448	960	510	478	908
576	448	960	569	479	907
640	448	960	628	479	907
704	448	960	683	480	907
768	448	960	742	481	906
832	448	960	804	481	906
896	448	960	863	482	905
960	448	960	922	483	905
1023	448	960	981	485	905
0	512	960	168	533	915
64	512	960	177	533	914
128	512	960	201	533	914
192	512	960	242	534	913
256	512	960	289	535	911
320	512	960	344	535	909
384	512	960	401	535	909
448	512	960	457	536	908
512	512	960	513	536	908
576	512	960	571	537	907
640	512	960	630	538	907
704	512	960	686	538	907
768	512	960	743	539	906
832	512	960	806	539	906
896	512	960	865	540	906
960	512	960	924	541	906
1023	512	960	982	542	906
0	576	960	180	593	915
64	576	960	188	593	915
128	576	960	212	593	914
192	576	960	250	594	913
256	576	960	296	595	910
320	576	960	349	595	909
384	576	960	406	595	909
448	576	960	460	596	909
512	576	960	516	597	908
576	576	960	574	597	908
640	576	960	632	597	908
704	576	960	687	598	907
768	576	960	745	598	907
832	576	960	808	599	907
896	576	960	866	600	906
960	576	960	926	601	906
1023	576	960	984	601	906
0	640	960	194	653	915
64	640	960	201	653	915
128	640	960	223	653	914
192	640	960	259	654	913
256	640	960	304	654	910
320	640	960	356	655	910
384	640	960	411	655	909
448	640	960	465	655	909
512	640	960	519	656	909
576	640	960	578	656	909
640	640	960	635	656	908
704	640	960	690	657	908
768	640	960	748	657	907
832	640	960	809	657	907
896	640	960	868	658	907
960	640	960	927	659	907
1023	640	960	986	660	907
0	704	960	207	712	914
64	704	960	213	712	914
128	704	960	236	713	913
192	704	960	269	713	912
256	704	960	312	714	911
320	704	960	363	714	911
384	704	960	417	714	910
448	704	960	469	714	910
512	704	960	524	715	909
576	704	960	582	715	909
640	704	960	638	715	909
704	704	960	693	716	909
768	704	960	751	716	909
832	704	960	812	717	908
896	704	960	871	717	908
960	704	960	930	718	908
1023	704	960	988	719	908
0	768	960	222	774	916
64	768	960	229	774	915
128	768	960	247	774	915
192	768	960	280	775	914
256	768	960	322	775	912
320	768	960	372	775	912
384	768	960	423	776	911
448	768	960	475	776	911
512	768	960	529	776	910
576	768	960	586	776	910
640	768	960	641	777	910
704	768	960	697	778	910
768	768	960	755	778	910
832	768	960	815	779	909
896	768	960	873	779	909
960	768	960	933	780	909
1023	768	960	990	781	909
0	832	960	237	834	915
64	832	960	242	834	915
128	832	960	261	835	914
192	832	960	291	835	913
256	832	960	332	836	913
320	832	960	380	836	913
384	832	960	430	836	912
448	832	960	481	837	912
512	832	960	534	837	912
576	832	960	592	837	911
640	832	960	645	838	911
704	832	960	700	838	911
768	832	960	759	839	911
832	832	960	819	839	910
896	832	960	877	839	910
960	832	960	936	840	910
1023	832	960	993	841	910
0	896	960	252	896	917
64	896	960	257	896	917
128	896	960	274	897	917
192	896	960	303	897	914
256	896	960	343	897	914
320	896	960	389	897	914
384	896	960	438	898	914
448	896	960	488	899	913
512	896	960	540	898	913
576	896	960	597	899	913
640	896	960	650	899	913
704	896	960	705	899	912
768	896	960	763	900	912
832	896	960	822	899	911
896	896	960	880	900	911
960	896	960	939	901	911
1023	896	960	995	901	911
0	960	960	266	956	918
64	960	960	271	956	918
128	960	960	288	956	917
192	960	960	316	956	915
256	960	960	354	956	915
320	960	960	399	957	915
384	960	960	445	957	915
448	960	960	494	957	914
512	960	960	546	958	914
576	960	960	603	958	914
640	960	960	655	958	914
704	960	960	710	959	913
768	960	960	768	959	913
832	960	960	826	959	912
896	960	960	883	960	912
960	960	960	942	960	912
1023	960	960	998	960	912
0	1023	960	282	1015	919
64	1023	960	286	1015	919
128	1023	960	302	1016	917
192	1023	960	329	1016	917
256	1023	960	366	1016	917
320	1023	960	409	1016	916
384	1023	960	454	1016	916
448	1023	960	502	1017	916
512	1023	960	553	1017	916
576	1023	960	609	1017	915
640	1023	960	660	1018	915
704	1023	960	715	1018	915
768	1023	960	773	1018	914
832	1023	960	830	1018	914
896	1023	960	887	1018	913
960	1023	960	946	1019	913
1023	1023	960	1002	1020	913
0	0	1023	119	198	975
64	0	1023	132	198	975
128	0	1023	166	198	975
192	0	1023	215	199	973
256	0	1023	269	199	972
320	0	1023	327	201	970
384	0	1023	389	202	969
448	0	1023	447	204	969
512	0	1023	505	206	969
576	0	1023	564	207	968
640	0	1023	625	209	968
704	0	1023	682	210	968
768	0	1023	741	213	967
832	0	1023	804	215	967
896	0	1023	864	218	967
960	0	1023	924	221	966
1023	0	1023	983	224	966
0	64	1023	122	206	975
64	64	1023	133	206	975
128	64	1023	167	206	975
192	64	1023	215	207	974
256	64	1023	269	207	972
320	64	1023	328	209	970
384	64	1023	389	209	969
448	64	1023	447	211	969
512	64	1023	505	212	969
576	64	1023	564	214	968
640	64	1023	625	215	968
704	64	1023	682	218	968
768	64	1023	741	220	967
832	64	1023	804	223	967
896	64	1023	864	225	967
960	64	1023	924	228	966
1023	64	1023	983	230	966
0	128	1023	123	230	975
64	128	1023	134	230	975
128	128	1023	169	230	975
192	128	1023	216	232	974
256	128	1023	270	232	972
320	128	1023	328	233	970
384	128	1023	389	234	969
448	128	1023	447	235	969
512	128	1023	505	237	969
576	128	1023	564	238	968
640	128	1023	625	240	968
704	128	1023	681	241	968
768	128	1023	740	243	967
832	128	1023	804	245	967
896	128	1023	864	247	967
960	128	1023	923	250	966
1023	128	1023	983	252	966
0	192	1023	128	267	976
64	192	1023	138	267	976
128	192	1023	172	268	975
192	192	1023	218	269	974
256	192	1023	271	270	973
320	192	1023	329	271	970
384	192	1023	390	271	969
448	192	1023	447	272	969
512	192	1023	505	274	969
576	192	1023	565	275	968
640	192	1023	625	276	968
704	192	1023	681	277	968
768	192	1023	740	280	967
832	192	1023	804	282	967
896	192	1023	863	283	967
960	192	1023	923	284	966
1023	192	1023	982	287	966
0	256	1023	133	314	974
64	256	1023	144	314	974
128	256	1023	176	315	973
192	256	1023	221	316	972
256	256	1023	273	317	970
320	256	1023	331	317	969
384	256	1023	391	318	968
448	256	1023	449	319	968
512	256	1023	506	320	967
576	256	1023	565	321	967
640	256	1023	625	322	966
704	256	1023	682	323	966
768	256	1023	740	325	965
832	256	1023	804	327	965
896	256	1023	863	327	964
960	256	1023	922	329	964
1023	256	1023	981	331	964
0	320	1023	141	367	975
64	320	1023	151	367	975
128	320	1023	180	368	974
192	320	1023	225	368	972
256	320	1023	276	369	970
320	320	1023	334	370	969
384	320	1023	393	370	969
448	320	1023	451	372	968
512	320	1023	508	372	967
576	320	1023	566	373	967
640	320	1023	626	373	966
704	320	1023	682	375	966
768	320	1023	741	376	965
832	320	1023	804	377	965
896	320	1023	863	378	964
960	320	1023	922	379	964
1023	320	1023	981	381	964
0	384	1023	150	422	974
64	384	1023	160	423	974
128	384	1023	188	423	973
192	384	1023	230	423	972
256	384	1023	280	424	970
320	384	1023	337	425	969
384	384	1023	396	426	968
448	384	1023	452	426	967
512	384	1023	509	427	966
576	384	1023	568	427	966
640	384	1023	627	428	965
704	384	1023	683	429	965
768	384	1023	741	430	964
832	384	1023	804	431	964
896	384	1023	863	431	964
960	384	1023	923	432	964
1023	384	1023	981	434	964
0	448	1023	161	479	974
64	448	1023	169	479	974
128	448	1023	196	479	974
192	448	1023	237	480	972
256	448	1023	285	481	971
320	448	1023	341	481	969
384	448	1023	399	481	968
448	448	1023	455	482	967
512	448	1023	511	482	967
576	448	1023	570	483	966
640	448	1023	629	484	966
704	448	1023	685	485	966
768	448	1023	743	485	965
832	448	1023	805	485	964
896	448	1023	864	486	964
960	448	1023	924	487	964
1023	448	1023	982	489	964
0	512	1023	172	537	974
64	512	1023	179	537	974
128	512	1023	205	537	973
192	512	1023	245	538	971
256	512	1023	291	538	969
320	512	1023	346	539	968
384	512	1023	403	539	967
448	512	1023	458	540	967
512	512	1023	514	540	967
576	512	1023	572	541	966
640	512	1023	631	541	966
704	512	1023	686	542	966
768	512	1023	744	543	965
832	512	1023	806	543	964
896	512	1023	865	543	964
960	512	1023	925	544	964
1023	512	1023	984	546	965
0	576	1023	185	597	974
64	576	1023	192	597	973
128	576	1023	215	597	973
192	576	1023	252	597	971
256	576	1023	298	598	969
320	576	1023	351	598	968
384	576	1023	407	599	968
448	576	1023	462	600	967
512	576	1023	517	600	967
576	576	1023	575	600	967
640	576	1023	633	601	966
704	576	1023	688	601	966
768	576	1023	747	602	966
832	576	1023	808	602	965
896	576	1023	867	603	965
960	576	1023	926	604	965
1023	576	1023	984	605	965
0	640	1023	198	656	974
64	640	1023	204	656	974
128	640	1023	227	656	973
192	640	1023	262	657	971
256	640	1023	306	658	969
320	640	1023	358	658	969
384	640	1023	413	658	968
448	640	1023	466	659	968
512	640	1023	521	659	967
576	640	1023	579	659	967
640	640	1023	635	659	967
704	640	1023	691	660	966
768	640	1023	749	660	966
832	640	1023	811	660	966
896	640	1023	869	661	966
960	640	1023	929	662	965
1023	640	1023	987	663	966
0	704	1023	211	715	973
64	704	1023	218	715	973
128	704	1023	238	716	972
192	704	1023	271	716	971
256	704	1023	315	717	970
320	704	1023	365	717	969
384	704	1023	418	717	969
448	704	1023	471	717	969
512	704	1023	525	718	969
576	704	1023	583	718	968
640	704	1023	639	719	968
704	704	1023	695	719	968
768	704	1023	753	720	967
832	704	1023	813	719	967
896	704	1023	872	720	967
960	704	1023	931	721	967
1023	704	1023	989	722	967
0	768	1023	225	777	974
64	768	1023	230	777	974
128	768	1023	250	777	973
192	768	1023	282	778	972
256	768	1023	323	778	971
320	768	1023	373	778	970
384	768	1023	424	779	970
448	768	1023	476	779	970
512	768	1023	530	780	969
576	768	1023	588	780	969
640	768	1023	643	780	969
704	768	1023	698	781	969
768	768	1023	757	782	968
832	768	1023	817	782	968
896	768	1023	875	782	968
960	768	1023	934	783	967
1023	768	1023	992	785	968
0	832	1023	240	837	974
64	832	1023	245	838	974
128	832	1023	262	838	973
192	832	1023	293	838	972
256	832	1023	334	839	972
320	832	1023	382	839	971
384	832	1023	431	839	971
448	832	1023	482	839	971
512	832	1023	536	840	970
576	832	1023	593	840	970
640	832	1023	647	841	970
704	832	1023	702	841	970
768	832	1023	761	842	970
832	832	1023	820	842	969
896	832	1023	878	842	969
960	832	1023	937	843	968
1023	832	1023	994	843	968
0	896	1023	254	899	976
64	896	1023	259	899	976
128	896	1023	276	899	975
192	896	1023	305	899	973
256	896	1023	345	900	973
320	896	1023	390	899	972
384	896	1023	439	900	972
448	896	1023	489	900	972
512	896	1023	541	901	971
576	896	1023	599	901	971
640	896	1023	651	902	971
704	896	1023	707	903	971
768	896	1023	765	902	970
832	896	1023	823	902	970
896	896	1023	881	903	970
960	896	1023	940	904	970
1023	896	1023	997	904	970
0	960	1023	269	958	976
64	960	1023	273	958	976
128	960	1023	289	959	974
192	960	1023	318	959	974
256	960	1023	356	959	974
320	960	1023	401	960	974
384	960	1023	447	960	974
448	960	1023	496	960	973
512	960	1023	547	960	973
576	960	1023	604	960	972
640	960	1023	656	961	972
704	960	1023	711	961	972
768	960	1023	769	961	971
832	960	1023	827	962	971
896	960	1023	884	962	971
960	960	1023	944	963	971
1023	960	1023	1000	964	971
0	1023	1023	284	1018	978
64	1023	1023	288	1018	978
128	1023	1023	304	1018	976
192	1023	1023	331	1018	976
256	1023	1023	368	1019	976
320	1023	1023	411	1019	975
384	1023	1023	456	1019	975
448	1023	1023	504	1020	975
512	1023	1023	555	1020	974
576	1023	1023	611	1020	974
640	1023	1023	661	1020	974
704	1023	1023	716	1020	973
768	1023	1023	775	1021	973
832	1023	1023	831	1021	973
896	1023	1023	889	1021	972
960	1023	1023	948	1022	972
1023	1023	1023	1004	1023	973
