0	0	0	0	0	0
64	0	0	60	0	0
128	0	0	125	0	0
192	0	0	188	23	0
256	0	0	250	23	0
320	0	0	313	32	0
384	0	0	376	38	0
448	0	0	437	48	0
512	0	0	497	53	0
576	0	0	557	60	0
640	0	0	620	66	0
704	0	0	676	72	0
768	0	0	736	80	0
832	0	0	800	87	0
896	0	0	860	93	0
960	0	0	920	97	0
1023	0	0	979	104	0
0	64	0	0	63	0
64	64	0	63	63	0
128	64	0	125	63	0
192	64	0	188	66	0
256	64	0	250	66	0
320	64	0	313	69	0
384	64	0	376	72	0
448	64	0	437	75	0
512	64	0	497	80	0
576	64	0	557	85	0
640	64	0	620	89	0
704	64	0	676	93	0
768	64	0	736	97	0
832	64	0	800	103	0
896	64	0	859	108	0
960	64	0	920	113	0
1023	64	0	979	119	0
0	128	0	32	125	23
64	128	0	69	125	23
128	128	0	128	125	23
192	128	0	189	126	23
256	128	0	252	126	23
320	128	0	313	128	23
384	128	0	377	129	0
448	128	0	438	130	0
512	128	0	497	133	0
576	128	0	557	136	0
640	128	0	620	138	0
704	128	0	676	141	0
768	128	0	736	144	0
832	128	0	800	148	0
896	128	0	859	151	0
960	128	0	920	153	0
1023	128	0	979	158	0
0	192	0	48	187	32
64	192	0	80	187	32
128	192	0	132	187	32
192	192	0	192	188	23
256	192	0	253	188	23
320	192	0	314	189	23
384	192	0	377	190	23
448	192	0	438	191	23
512	192	0	497	193	23
576	192	0	556	194	23
640	192	0	619	196	23
704	192	0	676	198	23
768	192	0	735	199	23
832	192	0	799	202	23
896	192	0	859	204	23
960	192	0	919	206	23
1023	192	0	979	209	0
0	256	0	66	249	38
64	256	0	89	249	38
128	256	0	138	249	38
192	256	0	195	250	38
256	256	0	255	250	38
320	256	0	316	251	38
384	256	0	378	252	38
448	256	0	438	253	38
512	256	0	497	254	38
576	256	0	556	255	38
640	256	0	619	256	32
704	256	0	675	258	32
768	256	0	735	259	32
832	256	0	798	261	32
896	256	0	858	262	32
960	256	0	919	264	32
1023	256	0	978	266	32
0	320	0	85	311	48
64	320	0	103	311	48
128	320	0	145	311	48
192	320	0	200	312	48
256	320	0	258	313	48
320	320	0	318	313	48
384	320	0	380	314	48
448	320	0	439	315	48
512	320	0	497	316	44
576	320	0	556	317	44
640	320	0	618	317	44
704	320	0	675	318	44
768	320	0	734	319	44
832	320	0	798	321	44
896	320	0	858	322	44
960	320	0	918	322	44
1023	320	0	978	325	44
0	384	0	101	373	60
64	384	0	116	374	60
128	384	0	155	374	57
192	384	0	206	375	57
256	384	0	263	375	57
320	384	0	321	376	57
384	384	0	382	377	57
448	384	0	441	377	57
512	384	0	498	378	57
576	384	0	557	378	57
640	384	0	619	379	57
704	384	0	675	380	57
768	384	0	735	381	53
832	384	0	798	381	53
896	384	0	857	382	53
960	384	0	918	383	53
1023	384	0	978	385	53
0	448	0	117	435	69
64	448	0	129	435	69
128	448	0	165	435	69
192	448	0	213	436	69
256	448	0	268	437	69
320	448	0	326	437	66
384	448	0	386	438	66
448	448	0	443	438	66
512	448	0	500	438	66
576	448	0	559	439	66
640	448	0	620	439	63
704	448	0	676	441	63
768	448	0	735	441	63
832	448	0	798	441	63
896	448	0	858	442	63
960	448	0	918	443	63
1023	448	0	978	444	63
0	512	0	134	497	77
64	512	0	144	497	77
128	512	0	177	497	77
192	512	0	222	498	77
256	512	0	274	498	77
320	512	0	331	499	75
384	512	0	390	500	75
448	512	0	447	500	75
512	512	0	503	500	75
576	512	0	561	500	75
640	512	0	622	501	75
704	512	0	678	501	75
768	512	0	737	502	75
832	512	0	799	502	72
896	512	0	859	502	72
960	512	0	919	503	72
1023	512	0	979	505	72
0	576	0	150	559	87
64	576	0	161	559	87
128	576	0	188	560	87
192	576	0	232	560	87
256	576	0	282	561	87
320	576	0	337	561	87
384	576	0	395	561	87
448	576	0	451	561	87
512	576	0	506	562	87
576	576	0	565	562	87
640	576	0	624	562	87
704	576	0	680	563	85
768	576	0	738	563	82
832	576	0	800	563	82
896	576	0	860	563	82
960	576	0	920	564	82
1023	576	0	980	565	82
0	640	0	168	621	97
64	640	0	176	621	97
128	640	0	202	621	97
192	640	0	242	622	97
256	640	0	290	623	95
320	640	0	344	623	95
384	640	0	400	623	95
448	640	0	455	623	95
512	640	0	510	623	95
576	640	0	568	623	95
640	640	0	627	624	95
704	640	0	683	624	93
768	640	0	741	625	93
832	640	0	802	624	93
896	640	0	861	624	93
960	640	0	922	625	93
1023	640	0	980	626	91
0	704	0	185	683	106
64	704	0	192	683	106
128	704	0	216	683	106
192	704	0	254	684	106
256	704	0	300	684	106
320	704	0	352	684	104
384	704	0	407	684	104
448	704	0	461	685	104
512	704	0	515	685	104
576	704	0	573	685	104
640	704	0	630	685	104
704	704	0	685	685	104
768	704	0	744	686	104
832	704	0	805	685	104
896	704	0	864	686	103
960	704	0	924	686	103
1023	704	0	982	687	103
0	768	0	202	745	116
64	768	0	208	745	116
128	768	0	231	745	116
192	768	0	266	746	114
256	768	0	310	746	114
320	768	0	361	746	114
384	768	0	414	746	114
448	768	0	466	747	114
512	768	0	520	747	114
576	768	0	578	747	114
640	768	0	634	747	114
704	768	0	689	747	114
768	768	0	748	748	114
832	768	0	807	747	113
896	768	0	867	747	113
960	768	0	926	748	113
1023	768	0	985	749	113
0	832	0	219	809	125
64	832	0	225	809	125
128	832	0	245	809	125
192	832	0	279	809	125
256	832	0	321	809	123
320	832	0	370	809	123
384	832	0	421	809	123
448	832	0	473	810	123
512	832	0	526	810	123
576	832	0	584	810	123
640	832	0	639	810	123
704	832	0	694	810	123
768	832	0	752	810	123
832	832	0	811	809	123
896	832	0	870	809	123
960	832	0	929	810	122
1023	832	0	988	811	122
0	896	0	236	870	134
64	896	0	242	871	134
128	896	0	261	871	134
192	896	0	291	871	134
256	896	0	332	871	134
320	896	0	380	871	134
384	896	0	429	871	134
448	896	0	479	870	133
512	896	0	531	870	133
576	896	0	589	870	133
640	896	0	643	871	133
704	896	0	699	872	133
768	896	0	756	871	133
832	896	0	815	871	132
896	896	0	874	871	132
960	896	0	932	872	132
1023	896	0	990	872	132
0	960	0	253	931	144
64	960	0	258	931	144
128	960	0	275	932	144
192	960	0	305	932	144
256	960	0	344	931	143
320	960	0	389	931	143
384	960	0	437	931	143
448	960	0	486	931	142
512	960	0	538	931	142
576	960	0	595	931	142
640	960	0	647	931	142
704	960	0	703	931	142
768	960	0	761	931	142
832	960	0	819	931	142
896	960	0	878	932	142
960	960	0	937	932	142
1023	960	0	994	932	141
0	1023	0	270	992	153
64	1023	0	275	992	153
128	1023	0	291	992	153
192	1023	0	319	992	152
256	1023	0	356	993	152
320	1023	0	400	992	152
384	1023	0	446	993	152
448	1023	0	494	993	152
512	1023	0	545	992	152
576	1023	0	602	992	152
640	1023	0	653	992	152
704	1023	0	708	992	152
768	1023	0	767	992	151
832	1023	0	824	993	151
896	1023	0	882	992	151
960	1023	0	941	993	150
1023	1023	0	997	994	150
0	0	64	0	0	60
64	0	64	60	0	60
128	0	64	125	23	60
192	0	64	188	23	60
256	0	64	250	32	60
320	0	64	313	32	60
384	0	64	376	38	60
448	0	64	437	48	60
512	0	64	497	53	60
576	0	64	557	60	60
640	0	64	620	66	60
704	0	64	676	72	60
768	0	64	736	80	57
832	0	64	800	87	57
896	0	64	859	93	57
960	0	64	920	97	57
1023	0	64	979	104	57
0	64	64	23	63	63
64	64	64	63	63	63
128	64	64	126	63	60
192	64	64	188	66	60
256	64	64	250	66	60
320	64	64	313	69	60
384	64	64	376	72	60
448	64	64	437	77	60
512	64	64	496	80	60
576	64	64	556	85	60
640	64	64	620	89	60
704	64	64	676	93	60
768	64	64	736	97	60
832	64	64	800	104	60
896	64	64	859	108	57
960	64	64	920	113	57
1023	64	64	979	119	57
0	128	64	32	125	66
64	128	64	72	125	66
128	128	64	128	125	66
192	128	64	189	126	63
256	128	64	252	126	63
320	128	64	313	128	63
384	128	64	376	129	63
448	128	64	437	132	63
512	128	64	497	133	60
576	128	64	556	136	60
640	128	64	619	138	60
704	128	64	676	141	60
768	128	64	736	144	60
832	128	64	800	148	60
896	128	64	859	151	60
960	128	64	920	153	60
1023	128	64	979	158	60
0	192	64	48	187	69
64	192	64	80	187	69
128	192	64	132	187	69
192	192	64	191	188	69
256	192	64	253	188	66
320	192	64	314	189	66
384	192	64	377	190	63
448	192	64	438	192	63
512	192	64	496	193	63
576	192	64	556	194	63
640	192	64	619	196	63
704	192	64	675	198	63
768	192	64	735	200	63
832	192	64	799	202	63
896	192	64	859	204	63
960	192	64	919	206	63
1023	192	64	979	209	60
0	256	64	66	249	72
64	256	64	89	249	72
128	256	64	138	250	72
192	256	64	195	250	72
256	256	64	255	251	69
320	256	64	316	252	69
384	256	64	378	252	69
448	256	64	438	253	69
512	256	64	497	255	69
576	256	64	556	256	69
640	256	64	618	257	69
704	256	64	675	258	66
768	256	64	734	259	66
832	256	64	798	261	66
896	256	64	858	262	66
960	256	64	919	264	66
1023	256	64	978	266	66
0	320	64	85	311	77
64	320	64	103	312	77
128	320	64	145	312	77
192	320	64	199	312	77
256	320	64	258	313	77
320	320	64	318	314	75
384	320	64	380	314	75
448	320	64	439	315	75
512	320	64	497	316	75
576	320	64	556	317	72
640	320	64	618	317	72
704	320	64	674	319	72
768	320	64	734	319	72
832	320	64	798	321	72
896	320	64	858	322	72
960	320	64	918	323	72
1023	320	64	978	325	72
0	384	64	101	374	82
64	384	64	116	374	82
128	384	64	155	374	82
192	384	64	206	375	82
256	384	64	262	375	82
320	384	64	321	376	80
384	384	64	382	377	80
448	384	64	441	378	80
512	384	64	498	378	80
576	384	64	557	378	80
640	384	64	619	379	80
704	384	64	675	380	80
768	384	64	735	381	77
832	384	64	798	382	77
896	384	64	857	382	77
960	384	64	918	383	77
1023	384	64	978	385	77
0	448	64	117	435	89
64	448	64	129	435	89
128	448	64	165	436	89
192	448	64	213	436	89
256	448	64	268	437	89
320	448	64	326	438	89
384	448	64	386	438	89
448	448	64	443	439	89
512	448	64	500	438	89
576	448	64	559	439	89
640	448	64	620	440	89
704	448	64	676	441	85
768	448	64	735	441	85
832	448	64	798	442	85
896	448	64	858	442	85
960	448	64	918	443	85
1023	448	64	978	444	85
0	512	64	134	497	95
64	512	64	144	497	95
128	512	64	177	497	95
192	512	64	222	498	95
256	512	64	274	498	95
320	512	64	331	499	95
384	512	64	390	500	95
448	512	64	447	500	95
512	512	64	503	500	95
576	512	64	562	500	95
640	512	64	622	501	95
704	512	64	678	502	93
768	512	64	736	502	95
832	512	64	799	502	93
896	512	64	859	502	91
960	512	64	919	504	91
1023	512	64	979	505	91
0	576	64	150	559	103
64	576	64	161	560	103
128	576	64	188	560	103
192	576	64	232	560	103
256	576	64	282	561	103
320	576	64	337	561	103
384	576	64	395	561	103
448	576	64	450	561	103
512	576	64	506	562	103
576	576	64	565	562	103
640	576	64	624	562	103
704	576	64	680	563	103
768	576	64	738	564	103
832	576	64	800	563	99
896	576	64	860	563	99
960	576	64	920	564	99
1023	576	64	980	566	99
0	640	64	168	621	113
64	640	64	176	621	113
128	640	64	202	622	111
192	640	64	242	622	111
256	640	64	290	623	111
320	640	64	344	623	111
384	640	64	401	623	109
448	640	64	455	623	109
512	640	64	510	623	109
576	640	64	568	624	109
640	640	64	627	624	109
704	640	64	682	625	109
768	640	64	741	625	109
832	640	64	802	624	108
896	640	64	861	625	108
960	640	64	922	626	108
1023	640	64	980	626	108
0	704	64	184	683	120
64	704	64	192	683	120
128	704	64	215	683	120
192	704	64	254	684	119
256	704	64	300	684	119
320	704	64	352	684	119
384	704	64	407	684	119
448	704	64	461	685	117
512	704	64	515	685	117
576	704	64	573	685	117
640	704	64	630	685	117
704	704	64	685	685	117
768	704	64	744	686	117
832	704	64	805	686	117
896	704	64	863	686	116
960	704	64	923	687	116
1023	704	64	982	687	117
0	768	64	202	745	128
64	768	64	208	745	128
128	768	64	231	746	128
192	768	64	266	746	128
256	768	64	310	746	126
320	768	64	361	747	126
384	768	64	414	747	126
448	768	64	466	747	126
512	768	64	520	747	126
576	768	64	578	747	126
640	768	64	634	747	126
704	768	64	689	747	126
768	768	64	748	748	126
832	768	64	807	747	126
896	768	64	866	747	125
960	768	64	926	748	125
1023	768	64	985	750	125
0	832	64	219	809	136
64	832	64	225	809	136
128	832	64	245	809	136
192	832	64	279	809	136
256	832	64	321	810	136
320	832	64	370	810	134
384	832	64	421	810	134
448	832	64	473	810	134
512	832	64	526	810	134
576	832	64	584	810	134
640	832	64	639	810	134
704	832	64	693	810	134
768	832	64	752	810	134
832	832	64	811	809	134
896	832	64	870	810	134
960	832	64	929	810	133
1023	832	64	988	812	133
0	896	64	236	871	144
64	896	64	242	871	144
128	896	64	261	871	144
192	896	64	291	871	144
256	896	64	332	871	144
320	896	64	380	871	144
384	896	64	429	871	144
448	896	64	479	871	144
512	896	64	531	870	143
576	896	64	589	870	143
640	896	64	643	871	143
704	896	64	698	872	143
768	896	64	756	871	143
832	896	64	815	871	143
896	896	64	874	872	142
960	896	64	932	872	142
1023	896	64	990	872	142
0	960	64	253	932	155
64	960	64	258	932	155
128	960	64	275	932	155
192	960	64	305	932	153
256	960	64	343	932	153
320	960	64	389	931	153
384	960	64	436	931	152
448	960	64	486	931	152
512	960	64	538	931	152
576	960	64	595	931	152
640	960	64	647	931	152
704	960	64	703	932	152
768	960	64	761	931	151
832	960	64	819	931	151
896	960	64	878	932	151
960	960	64	936	932	151
1023	960	64	993	933	151
0	1023	64	270	993	163
64	1023	64	275	993	163
128	1023	64	291	993	163
192	1023	64	319	993	162
256	1023	64	356	993	162
320	1023	64	400	993	161
384	1023	64	445	993	161
448	1023	64	494	993	161
512	1023	64	545	992	161
576	1023	64	602	992	161
640	1023	64	653	992	161
704	1023	64	708	992	161
768	1023	64	766	993	161
832	1023	64	824	993	160
896	1023	64	882	993	160
960	1023	64	940	994	160
1023	1023	64	997	994	159
0	0	128	0	23	123
64	0	128	63	23	123
128	0	128	125	23	123
192	0	128	188	32	123
256	0	128	250	32	122
320	0	128	312	38	122
384	0	128	376	44	122
448	0	128	437	53	122
512	0	128	496	57	122
576	0	128	556	63	122
640	0	128	619	69	122
704	0	128	676	75	122
768	0	128	736	82	122
832	0	128	800	89	120
896	0	128	859	95	120
960	0	128	919	99	120
1023	0	128	979	106	120
0	64	128	23	66	123
64	64	128	63	66	123
128	64	128	126	66	123
192	64	128	188	69	123
256	64	128	250	69	122
320	64	128	313	72	122
384	64	128	376	75	122
448	64	128	437	80	122
512	64	128	496	82	122
576	64	128	556	87	122
640	64	128	619	91	122
704	64	128	676	95	122
768	64	128	736	101	122
832	64	128	800	106	122
896	64	128	859	109	120
960	64	128	919	114	120
1023	64	128	979	120	120
0	128	128	38	126	125
64	128	128	72	126	125
128	128	128	129	126	125
192	128	128	189	128	125
256	128	128	251	128	123
320	128	128	313	129	123
384	128	128	376	130	123
448	128	128	437	133	123
512	128	128	496	136	123
576	128	128	556	137	122
640	128	128	619	139	122
704	128	128	675	142	122
768	128	128	735	145	122
832	128	128	799	149	122
896	128	128	858	152	122
960	128	128	919	156	122
1023	128	128	978	160	122
0	192	128	53	188	126
64	192	128	80	188	126
128	192	128	133	188	126
192	192	128	191	188	126
256	192	128	253	189	125
320	192	128	314	190	125
384	192	128	377	191	125
448	192	128	437	192	123
512	192	128	496	194	123
576	192	128	556	195	123
640	192	128	618	198	123
704	192	128	675	198	123
768	192	128	735	201	123
832	192	128	798	203	123
896	192	128	858	206	123
960	192	128	919	207	123
1023	192	128	978	210	123
0	256	128	66	250	128
64	256	128	91	250	128
128	256	128	138	250	128
192	256	128	195	251	128
256	256	128	255	252	126
320	256	128	315	252	126
384	256	128	378	253	126
448	256	128	438	255	126
512	256	128	496	255	126
576	256	128	555	256	126
640	256	128	618	258	126
704	256	128	674	259	126
768	256	128	734	260	125
832	256	128	798	262	125
896	256	128	857	263	125
960	256	128	918	265	125
1023	256	128	978	267	125
0	320	128	85	312	130
64	320	128	103	312	130
128	320	128	147	313	130
192	320	128	199	313	130
256	320	128	258	314	129
320	320	128	318	314	129
384	320	128	379	315	129
448	320	128	438	316	129
512	320	128	497	317	129
576	320	128	556	317	129
640	320	128	618	318	128
704	320	128	674	320	128
768	320	128	734	320	128
832	320	128	797	322	128
896	320	128	857	322	128
960	320	128	917	324	128
1023	320	128	977	326	128
0	384	128	103	375	133
64	384	128	116	375	133
128	384	128	156	375	133
192	384	128	206	376	133
256	384	128	262	376	133
320	384	128	321	377	132
384	384	128	382	378	132
448	384	128	440	378	132
512	384	128	498	379	132
576	384	128	557	379	132
640	384	128	618	380	132
704	384	128	674	381	132
768	384	128	734	382	132
832	384	128	797	382	130
896	384	128	856	383	130
960	384	128	917	384	130
1023	384	128	977	386	130
0	448	128	117	436	137
64	448	128	130	436	137
128	448	128	165	436	137
192	448	128	213	437	137
256	448	128	268	438	137
320	448	128	326	438	136
384	448	128	386	439	136
448	448	128	443	439	136
512	448	128	500	439	136
576	448	128	558	440	136
640	448	128	619	441	136
704	448	128	675	442	134
768	448	128	735	442	134
832	448	128	798	442	134
896	448	128	857	443	134
960	448	128	917	444	134
1023	448	128	977	445	134
0	512	128	134	498	142
64	512	128	144	498	141
128	512	128	177	498	141
192	512	128	223	499	141
256	512	128	275	499	141
320	512	128	331	500	139
384	512	128	390	500	139
448	512	128	446	501	139
512	512	128	503	501	139
576	512	128	561	501	139
640	512	128	621	502	139
704	512	128	677	502	139
768	512	128	736	503	139
832	512	128	798	503	139
896	512	128	858	503	138
960	512	128	919	504	138
1023	512	128	978	505	138
0	576	128	151	560	147
64	576	128	160	560	147
128	576	128	189	561	145
192	576	128	232	561	145
256	576	128	282	561	145
320	576	128	337	562	144
384	576	128	394	562	144
448	576	128	450	562	144
512	576	128	506	563	144
576	576	128	564	563	144
640	576	128	623	563	144
704	576	128	679	564	144
768	576	128	738	564	144
832	576	128	800	564	144
896	576	128	859	564	143
960	576	128	919	565	143
1023	576	128	979	566	143
0	640	128	168	622	152
64	640	128	176	622	152
128	640	128	202	623	152
192	640	128	243	623	151
256	640	128	290	624	151
320	640	128	343	624	151
384	640	128	400	624	150
448	640	128	455	624	150
512	640	128	510	624	149
576	640	128	568	624	149
640	640	128	626	625	149
704	640	128	682	625	149
768	640	128	740	626	149
832	640	128	801	625	149
896	640	128	861	625	149
960	640	128	921	626	149
1023	640	128	980	627	149
0	704	128	185	684	158
64	704	128	192	684	158
128	704	128	215	684	158
192	704	128	253	685	158
256	704	128	300	685	157
320	704	128	352	685	157
384	704	128	406	685	156
448	704	128	460	686	156
512	704	128	515	686	155
576	704	128	573	686	155
640	704	128	630	686	155
704	704	128	685	686	155
768	704	128	743	687	155
832	704	128	804	687	155
896	704	128	863	687	155
960	704	128	923	687	155
1023	704	128	981	688	155
0	768	128	202	746	163
64	768	128	208	746	163
128	768	128	231	746	163
192	768	128	266	747	163
256	768	128	309	747	162
320	768	128	360	747	162
384	768	128	413	747	162
448	768	128	466	748	162
512	768	128	520	748	162
576	768	128	578	748	161
640	768	128	634	748	161
704	768	128	689	748	161
768	768	128	747	749	161
832	768	128	807	748	161
896	768	128	866	748	160
960	768	128	925	749	160
1023	768	128	984	751	160
0	832	128	219	810	171
64	832	128	225	810	170
128	832	128	245	810	169
192	832	128	278	810	169
256	832	128	321	810	168
320	832	128	369	810	168
384	832	128	421	810	168
448	832	128	472	811	168
512	832	128	526	810	168
576	832	128	583	811	168
640	832	128	638	811	168
704	832	128	693	811	168
768	832	128	752	811	167
832	832	128	810	810	167
896	832	128	869	810	167
960	832	128	928	811	167
1023	832	128	987	813	166
0	896	128	236	871	177
64	896	128	242	871	177
128	896	128	261	871	176
192	896	128	291	872	176
256	896	128	332	872	176
320	896	128	379	872	176
384	896	128	428	872	175
448	896	128	478	871	175
512	896	128	531	871	175
576	896	128	588	871	175
640	896	128	643	872	175
704	896	128	698	873	175
768	896	128	755	872	175
832	896	128	814	872	175
896	896	128	873	872	174
960	896	128	932	873	173
1023	896	128	989	873	173
0	960	128	253	932	184
64	960	128	258	932	184
128	960	128	276	932	184
192	960	128	305	932	183
256	960	128	343	932	183
320	960	128	389	932	183
384	960	128	436	932	182
448	960	128	485	932	182
512	960	128	537	932	181
576	960	128	595	932	181
640	960	128	647	932	181
704	960	128	702	933	181
768	960	128	760	932	181
832	960	128	818	932	181
896	960	128	877	933	181
960	960	128	936	933	181
1023	960	128	993	934	180
0	1023	128	270	993	191
64	1023	128	275	993	191
128	1023	128	291	993	191
192	1023	128	319	993	190
256	1023	128	356	993	190
320	1023	128	400	993	189
384	1023	128	445	994	189
448	1023	128	494	993	189
512	1023	128	545	993	189
576	1023	128	601	993	188
640	1023	128	652	993	189
704	1023	128	707	993	188
768	1023	128	766	993	188
832	1023	128	823	994	188
896	1023	128	881	994	188
960	1023	128	940	994	188
1023	1023	128	997	995	188
0	0	192	23	38	185
64	0	192	63	38	185
128	0	192	126	38	185
192	0	192	188	38	184
256	0	192	250	44	184
320	0	192	312	48	183
384	0	192	376	53	183
448	0	192	436	57	182
512	0	192	495	63	182
576	0	192	555	69	182
640	0	192	619	75	182
704	0	192	675	80	182
768	0	192	735	85	182
832	0	192	798	91	182
896	0	192	858	97	181
960	0	192	919	104	182
1023	0	192	978	109	182
0	64	192	23	72	185
64	64	192	66	72	185
128	64	192	126	72	185
192	64	192	188	72	185
256	64	192	250	75	184
320	64	192	312	77	183
384	64	192	375	80	183
448	64	192	436	82	183
512	64	192	495	87	183
576	64	192	555	89	182
640	64	192	618	93	182
704	64	192	675	99	182
768	64	192	735	103	182
832	64	192	798	108	182
896	64	192	858	113	181
960	64	192	918	117	182
1023	64	192	978	122	182
0	128	192	38	129	185
64	128	192	69	129	185
128	128	192	129	129	185
192	128	192	189	129	185
256	128	192	252	130	184
320	128	192	313	132	183
384	128	192	376	134	183
448	128	192	436	136	183
512	128	192	495	138	183
576	128	192	555	139	183
640	128	192	618	142	183
704	128	192	675	145	183
768	128	192	734	147	183
832	128	192	798	150	183
896	128	192	857	153	181
960	128	192	918	158	182
1023	128	192	978	161	182
0	192	192	53	190	186
64	192	192	80	190	186
128	192	192	133	190	186
192	192	192	192	190	186
256	192	192	253	191	185
320	192	192	314	192	184
384	192	192	376	193	184
448	192	192	437	194	184
512	192	192	495	196	184
576	192	192	555	197	184
640	192	192	618	198	184
704	192	192	674	201	184
768	192	192	734	202	184
832	192	192	797	205	183
896	192	192	857	206	183
960	192	192	918	209	183
1023	192	192	977	212	183
0	256	192	69	252	188
64	256	192	91	252	188
128	256	192	139	252	188
192	256	192	194	252	187
256	256	192	255	253	187
320	256	192	315	254	185
384	256	192	378	255	185
448	256	192	437	256	185
512	256	192	495	257	185
576	256	192	555	258	185
640	256	192	617	259	185
704	256	192	673	261	185
768	256	192	733	262	185
832	256	192	796	263	185
896	256	192	856	265	185
960	256	192	917	267	185
1023	256	192	976	269	184
0	320	192	85	314	188
64	320	192	103	314	188
128	320	192	145	314	188
192	320	192	200	315	188
256	320	192	258	315	188
320	320	192	317	316	187
384	320	192	379	317	187
448	320	192	438	317	187
512	320	192	496	318	187
576	320	192	555	319	187
640	320	192	617	320	187
704	320	192	673	321	187
768	320	192	732	322	187
832	320	192	796	323	186
896	320	192	856	324	185
960	320	192	916	325	185
1023	320	192	976	327	185
0	384	192	103	376	192
64	384	192	116	376	192
128	384	192	155	376	192
192	384	192	206	377	191
256	384	192	262	378	191
320	384	192	321	379	190
384	384	192	382	379	189
448	384	192	440	379	188
512	384	192	497	380	188
576	384	192	556	381	188
640	384	192	617	381	188
704	384	192	673	382	188
768	384	192	733	383	188
832	384	192	796	384	188
896	384	192	855	384	188
960	384	192	916	386	188
1023	384	192	976	387	188
0	448	192	119	438	193
64	448	192	130	438	193
128	448	192	165	438	193
192	448	192	213	438	193
256	448	192	267	439	193
320	448	192	325	440	192
384	448	192	385	441	192
448	448	192	443	441	191
512	448	192	499	441	191
576	448	192	558	442	191
640	448	192	619	442	191
704	448	192	674	443	191
768	448	192	734	443	191
832	448	192	796	444	190
896	448	192	856	444	190
960	448	192	916	445	189
1023	448	192	976	446	189
0	512	192	136	500	197
64	512	192	145	500	197
128	512	192	177	500	196
192	512	192	222	500	196
256	512	192	274	501	195
320	512	192	331	501	195
384	512	192	389	502	195
448	512	192	446	502	194
512	512	192	502	502	194
576	512	192	560	502	194
640	512	192	620	503	193
704	512	192	676	504	193
768	512	192	735	504	193
832	512	192	797	504	193
896	512	192	857	505	193
960	512	192	917	506	193
1023	512	192	977	507	193
0	576	192	151	562	200
64	576	192	160	562	200
128	576	192	188	562	199
192	576	192	232	562	199
256	576	192	282	563	198
320	576	192	336	563	198
384	576	192	394	564	198
448	576	192	449	564	198
512	576	192	505	564	197
576	576	192	564	564	197
640	576	192	623	565	197
704	576	192	678	565	197
768	576	192	737	566	197
832	576	192	798	566	196
896	576	192	857	566	196
960	576	192	918	567	196
1023	576	192	978	568	196
0	640	192	168	623	203
64	640	192	176	624	203
128	640	192	202	624	203
192	640	192	242	624	202
256	640	192	290	625	202
320	640	192	343	625	202
384	640	192	399	625	201
448	640	192	454	626	201
512	640	192	509	626	201
576	640	192	567	626	201
640	640	192	625	626	201
704	640	192	681	627	201
768	640	192	739	627	201
832	640	192	800	627	199
896	640	192	859	627	199
960	640	192	919	628	199
1023	640	192	978	628	199
0	704	192	185	685	207
64	704	192	192	685	207
128	704	192	216	685	207
192	704	192	254	686	207
256	704	192	299	687	206
320	704	192	351	687	206
384	704	192	406	687	205
448	704	192	459	687	205
512	704	192	514	687	205
576	704	192	572	687	205
640	704	192	629	687	205
704	704	192	683	688	205
768	704	192	742	688	205
832	704	192	803	688	203
896	704	192	861	688	203
960	704	192	921	689	203
1023	704	192	980	689	203
0	768	192	201	747	212
64	768	192	208	747	212
128	768	192	230	747	212
192	768	192	265	748	211
256	768	192	309	748	210
320	768	192	360	748	210
384	768	192	412	749	210
448	768	192	465	749	210
512	768	192	519	749	210
576	768	192	577	749	209
640	768	192	633	750	209
704	768	192	687	750	209
768	768	192	746	750	209
832	768	192	806	749	209
896	768	192	865	750	209
960	768	192	924	750	209
1023	768	192	983	752	209
0	832	192	219	811	217
64	832	192	225	811	217
128	832	192	245	811	217
192	832	192	278	811	217
256	832	192	320	811	215
320	832	192	369	811	215
384	832	192	420	812	215
448	832	192	471	812	215
512	832	192	525	812	215
576	832	192	582	812	215
640	832	192	637	812	215
704	832	192	692	812	214
768	832	192	750	812	213
832	832	192	809	811	213
896	832	192	868	812	213
960	832	192	927	812	213
1023	832	192	986	814	213
0	896	192	236	872	223
64	896	192	242	872	223
128	896	192	261	873	223
192	896	192	291	873	222
256	896	192	331	873	221
320	896	192	379	873	221
384	896	192	427	873	221
448	896	192	477	873	221
512	896	192	530	873	221
576	896	192	587	873	220
640	896	192	641	874	220
704	896	192	697	874	220
768	896	192	754	873	219
832	896	192	813	874	219
896	896	192	872	874	219
960	896	192	930	874	219
1023	896	192	988	875	219
0	960	192	253	933	228
64	960	192	258	933	228
128	960	192	275	933	228
192	960	192	304	934	226
256	960	192	343	933	226
320	960	192	388	933	226
384	960	192	435	933	226
448	960	192	485	933	225
512	960	192	537	933	225
576	960	192	594	933	225
640	960	192	646	934	225
704	960	192	701	934	225
768	960	192	759	934	225
832	960	192	817	934	225
896	960	192	876	934	225
960	960	192	935	935	225
1023	960	192	991	935	224
0	1023	192	270	995	234
64	1023	192	275	995	234
128	1023	192	291	995	234
192	1023	192	318	995	232
256	1023	192	355	995	232
320	1023	192	399	995	232
384	1023	192	444	995	232
448	1023	192	493	995	232
512	1023	192	543	994	232
576	1023	192	600	995	232
640	1023	192	651	995	232
704	1023	192	706	995	232
768	1023	192	765	995	230
832	1023	192	822	995	230
896	1023	192	880	995	230
960	1023	192	938	996	230
1023	1023	192	995	996	230
0	0	256	32	48	246
64	0	256	66	48	246
128	0	256	128	48	246
192	0	256	188	53	245
256	0	256	250	53	245
320	0	256	312	57	245
384	0	256	375	60	245
448	0	256	435	66	245
512	0	256	494	69	244
576	0	256	554	75	245
640	0	256	617	80	245
704	0	256	674	85	245
768	0	256	733	91	244
832	0	256	797	97	244
896	0	256	856	103	243
960	0	256	917	108	244
1023	0	256	976	114	244
0	64	256	32	77	246
64	64	256	66	77	246
128	64	256	128	77	246
192	64	256	188	80	246
256	64	256	250	80	245
320	64	256	311	82	245
384	64	256	375	85	245
448	64	256	435	87	245
512	64	256	494	91	245
576	64	256	554	95	245
640	64	256	617	99	245
704	64	256	674	103	245
768	64	256	733	108	244
832	64	256	797	113	244
896	64	256	856	117	243
960	64	256	917	122	244
1023	64	256	976	128	243
0	128	256	44	132	246
64	128	256	72	132	246
128	128	256	129	132	246
192	128	256	188	133	246
256	128	256	250	134	245
320	128	256	312	136	245
384	128	256	375	137	245
448	128	256	435	138	245
512	128	256	494	141	245
576	128	256	554	143	245
640	128	256	617	145	245
704	128	256	673	148	245
768	128	256	733	151	245
832	128	256	796	155	245
896	128	256	856	158	243
960	128	256	917	161	244
1023	128	256	976	164	243
0	192	256	57	192	247
64	192	256	80	192	247
128	192	256	133	192	247
192	192	256	192	193	247
256	192	256	252	193	247
320	192	256	313	194	246
384	192	256	376	195	245
448	192	256	436	197	245
512	192	256	494	198	245
576	192	256	553	200	246
640	192	256	617	202	246
704	192	256	673	203	246
768	192	256	732	206	245
832	192	256	796	208	245
896	192	256	855	209	244
960	192	256	916	212	245
1023	192	256	975	215	244
0	256	256	72	254	249
64	256	256	91	254	249
128	256	256	139	254	249
192	256	256	195	255	249
256	256	256	255	255	248
320	256	256	315	256	246
384	256	256	376	257	246
448	256	256	436	258	246
512	256	256	494	259	246
576	256	256	553	260	246
640	256	256	616	262	247
704	256	256	672	263	247
768	256	256	731	265	246
832	256	256	794	266	246
896	256	256	854	267	245
960	256	256	915	269	246
1023	256	256	975	271	245
0	320	256	87	316	249
64	320	256	103	316	249
128	320	256	147	316	249
192	320	256	200	317	248
256	320	256	258	317	248
320	320	256	317	318	247
384	320	256	378	318	247
448	320	256	437	319	247
512	320	256	495	320	247
576	320	256	554	321	247
640	320	256	616	322	247
704	320	256	671	323	247
768	320	256	731	324	247
832	320	256	794	326	247
896	320	256	854	326	246
960	320	256	914	327	245
1023	320	256	974	329	245
0	384	256	103	378	252
64	384	256	116	378	252
128	384	256	156	379	252
192	384	256	206	379	252
256	384	256	262	380	252
320	384	256	320	381	250
384	384	256	381	381	249
448	384	256	439	381	249
512	384	256	496	382	248
576	384	256	555	383	248
640	384	256	616	384	248
704	384	256	671	384	248
768	384	256	731	385	248
832	384	256	794	386	248
896	384	256	853	387	247
960	384	256	914	388	247
1023	384	256	974	389	247
0	448	256	119	440	253
64	448	256	132	440	253
128	448	256	166	440	253
192	448	256	213	441	252
256	448	256	267	441	252
320	448	256	325	442	250
384	448	256	384	443	250
448	448	256	441	443	250
512	448	256	498	443	250
576	448	256	557	444	250
640	448	256	618	444	250
704	448	256	673	445	250
768	448	256	732	446	250
832	448	256	794	446	249
896	448	256	854	447	249
960	448	256	914	447	249
1023	448	256	974	449	248
0	512	256	136	502	255
64	512	256	147	502	255
128	512	256	177	502	255
192	512	256	223	503	255
256	512	256	274	503	254
320	512	256	330	504	253
384	512	256	389	504	253
448	512	256	445	505	253
512	512	256	501	505	252
576	512	256	559	505	252
640	512	256	619	506	252
704	512	256	675	506	252
768	512	256	734	507	252
832	512	256	795	507	251
896	512	256	855	507	251
960	512	256	915	508	251
1023	512	256	974	509	251
0	576	256	151	564	257
64	576	256	161	564	257
128	576	256	189	564	257
192	576	256	232	564	257
256	576	256	281	565	256
320	576	256	335	565	255
384	576	256	393	566	255
448	576	256	448	566	255
512	576	256	504	566	255
576	576	256	562	567	254
640	576	256	621	567	254
704	576	256	676	567	254
768	576	256	735	568	253
832	576	256	797	568	253
896	576	256	856	568	253
960	576	256	916	569	253
1023	576	256	975	570	253
0	640	256	168	626	260
64	640	256	177	626	260
128	640	256	202	626	260
192	640	256	242	626	259
256	640	256	289	627	259
320	640	256	342	627	258
384	640	256	398	627	258
448	640	256	452	628	258
512	640	256	508	628	258
576	640	256	566	628	257
640	640	256	624	628	257
704	640	256	679	629	257
768	640	256	737	629	257
832	640	256	798	629	256
896	640	256	857	629	255
960	640	256	917	630	256
1023	640	256	976	630	255
0	704	256	185	687	263
64	704	256	192	687	263
128	704	256	216	687	263
192	704	256	253	688	263
256	704	256	298	689	261
320	704	256	350	689	261
384	704	256	405	689	261
448	704	256	458	689	261
512	704	256	512	689	261
576	704	256	570	690	261
640	704	256	627	690	260
704	704	256	682	690	260
768	704	256	741	691	259
832	704	256	801	691	259
896	704	256	859	690	258
960	704	256	919	691	258
1023	704	256	978	692	258
0	768	256	201	749	266
64	768	256	208	749	266
128	768	256	230	749	266
192	768	256	265	750	266
256	768	256	308	750	265
320	768	256	358	750	265
384	768	256	411	751	264
448	768	256	464	751	264
512	768	256	517	751	264
576	768	256	575	751	264
640	768	256	631	752	263
704	768	256	686	752	263
768	768	256	744	752	263
832	768	256	804	752	262
896	768	256	863	753	262
960	768	256	922	753	262
1023	768	256	981	754	263
0	832	256	219	813	271
64	832	256	225	813	271
128	832	256	245	813	271
192	832	256	277	813	271
256	832	256	319	813	269
320	832	256	368	813	269
384	832	256	419	813	269
448	832	256	470	814	269
512	832	256	523	814	268
576	832	256	581	814	267
640	832	256	635	814	267
704	832	256	690	814	267
768	832	256	749	814	266
832	832	256	808	814	266
896	832	256	866	814	266
960	832	256	925	814	266
1023	832	256	983	816	266
0	896	256	236	874	275
64	896	256	242	874	275
128	896	256	259	874	275
192	896	256	290	875	274
256	896	256	331	875	273
320	896	256	378	875	273
384	896	256	426	875	272
448	896	256	476	875	272
512	896	256	529	875	272
576	896	256	586	875	271
640	896	256	640	876	271
704	896	256	695	877	271
768	896	256	753	876	271
832	896	256	811	876	270
896	896	256	870	877	270
960	896	256	929	877	270
1023	896	256	986	877	270
0	960	256	252	935	279
64	960	256	257	935	279
128	960	256	275	935	279
192	960	256	304	935	276
256	960	256	342	935	276
320	960	256	387	935	276
384	960	256	434	935	276
448	960	256	483	935	276
512	960	256	535	935	276
576	960	256	592	936	275
640	960	256	645	937	276
704	960	256	700	937	276
768	960	256	757	936	275
832	960	256	816	936	275
896	960	256	874	937	275
960	960	256	933	937	275
1023	960	256	989	937	274
0	1023	256	269	996	283
64	1023	256	274	996	283
128	1023	256	290	997	283
192	1023	256	318	997	281
256	1023	256	355	997	281
320	1023	256	398	997	281
384	1023	256	443	997	281
448	1023	256	491	997	281
512	1023	256	542	997	281
576	1023	256	599	997	280
640	1023	256	650	997	280
704	1023	256	705	998	280
768	1023	256	763	997	280
832	1023	256	820	998	280
896	1023	256	878	998	279
960	1023	256	936	998	279
1023	1023	256	993	999	279
0	0	320	38	60	309
64	0	320	69	60	309
128	0	320	128	63	309
192	0	320	188	63	308
256	0	320	250	66	307
320	0	320	311	66	306
384	0	320	374	69	306
448	0	320	434	75	306
512	0	320	492	77	306
576	0	320	553	82	305
640	0	320	616	87	305
704	0	320	672	91	305
768	0	320	732	97	305
832	0	320	795	103	304
896	0	320	855	108	304
960	0	320	915	113	304
1023	0	320	975	119	304
0	64	320	38	85	309
64	64	320	69	85	309
128	64	320	128	85	309
192	64	320	188	87	308
256	64	320	250	87	307
320	64	320	311	89	306
384	64	320	374	91	306
448	64	320	434	95	306
512	64	320	492	97	306
576	64	320	553	101	305
640	64	320	616	104	306
704	64	320	672	108	306
768	64	320	732	113	305
832	64	320	795	117	304
896	64	320	855	122	304
960	64	320	915	126	304
1023	64	320	975	132	304
0	128	320	48	137	309
64	128	320	75	137	309
128	128	320	130	137	309
192	128	320	190	138	308
256	128	320	250	138	307
320	128	320	312	139	306
384	128	320	375	141	306
448	128	320	434	143	306
512	128	320	493	145	306
576	128	320	553	147	305
640	128	320	616	150	306
704	128	320	672	152	306
768	128	320	731	156	305
832	128	320	795	158	305
896	128	320	854	161	304
960	128	320	915	164	304
1023	128	320	974	168	304
0	192	320	60	195	310
64	192	320	82	195	310
128	192	320	134	195	309
192	192	320	192	197	308
256	192	320	252	197	308
320	192	320	313	198	307
384	192	320	375	198	306
448	192	320	435	201	306
512	192	320	493	202	306
576	192	320	552	203	306
640	192	320	615	205	306
704	192	320	671	206	306
768	192	320	731	209	306
832	192	320	794	211	305
896	192	320	853	212	305
960	192	320	914	215	304
1023	192	320	974	218	304
0	256	320	75	256	311
64	256	320	93	256	311
128	256	320	141	258	310
192	256	320	195	258	310
256	256	320	254	259	308
320	256	320	314	259	308
384	256	320	376	260	307
448	256	320	435	261	307
512	256	320	493	262	307
576	256	320	552	263	306
640	256	320	614	265	307
704	256	320	671	266	307
768	256	320	730	267	306
832	256	320	793	269	306
896	256	320	852	270	305
960	256	320	913	272	305
1023	256	320	973	274	305
0	320	320	89	318	311
64	320	320	104	318	311
128	320	320	148	319	311
192	320	320	200	319	310
256	320	320	257	320	309
320	320	320	317	321	308
384	320	320	378	322	308
448	320	320	436	322	307
512	320	320	494	322	307
576	320	320	553	324	307
640	320	320	614	325	307
704	320	320	670	327	307
768	320	320	729	327	307
832	320	320	792	328	306
896	320	320	852	329	306
960	320	320	912	331	306
1023	320	320	972	332	305
0	384	320	104	381	312
64	384	320	117	381	312
128	384	320	157	381	312
192	384	320	206	382	311
256	384	320	262	382	310
320	384	320	320	383	309
384	384	320	380	384	309
448	384	320	438	384	308
512	384	320	495	385	308
576	384	320	554	386	308
640	384	320	615	386	308
704	384	320	670	387	308
768	384	320	729	388	308
832	384	320	792	389	307
896	384	320	852	390	307
960	384	320	912	390	307
1023	384	320	972	392	307
0	448	320	120	442	314
64	448	320	132	442	313
128	448	320	167	443	313
192	448	320	213	443	313
256	448	320	267	444	312
320	448	320	324	445	311
384	448	320	384	445	310
448	448	320	440	446	310
512	448	320	497	446	309
576	448	320	556	446	309
640	448	320	617	447	309
704	448	320	672	448	309
768	448	320	731	449	309
832	448	320	793	449	308
896	448	320	852	449	308
960	448	320	913	450	308
1023	448	320	972	451	308
0	512	320	136	504	315
64	512	320	147	504	315
128	512	320	178	505	315
192	512	320	223	505	314
256	512	320	274	506	313
320	512	320	330	506	312
384	512	320	388	506	312
448	512	320	444	507	311
512	512	320	500	507	311
576	512	320	558	508	311
640	512	320	618	508	311
704	512	320	673	509	311
768	512	320	732	509	310
832	512	320	794	509	309
896	512	320	853	510	309
960	512	320	913	511	309
1023	512	320	972	512	309
0	576	320	152	566	317
64	576	320	161	566	317
128	576	320	189	566	316
192	576	320	232	567	316
256	576	320	281	567	315
320	576	320	335	568	314
384	576	320	393	568	314
448	576	320	447	568	313
512	576	320	503	569	313
576	576	320	561	569	313
640	576	320	620	569	313
704	576	320	675	570	312
768	576	320	734	570	312
832	576	320	796	570	311
896	576	320	854	570	311
960	576	320	914	572	311
1023	576	320	973	573	311
0	640	320	168	628	318
64	640	320	177	628	318
128	640	320	202	628	318
192	640	320	242	628	317
256	640	320	289	629	317
320	640	320	342	629	316
384	640	320	398	629	315
448	640	320	452	630	315
512	640	320	507	630	315
576	640	320	565	631	315
640	640	320	623	631	315
704	640	320	678	631	314
768	640	320	736	632	314
832	640	320	797	631	314
896	640	320	856	632	313
960	640	320	916	633	313
1023	640	320	974	633	313
0	704	320	186	689	321
64	704	320	193	689	321
128	704	320	216	689	321
192	704	320	253	690	320
256	704	320	298	691	318
320	704	320	350	691	318
384	704	320	405	691	318
448	704	320	457	691	317
512	704	320	512	691	317
576	704	320	570	692	317
640	704	320	626	692	317
704	704	320	681	692	317
768	704	320	739	693	317
832	704	320	801	693	317
896	704	320	858	692	316
960	704	320	918	693	316
1023	704	320	977	695	316
0	768	320	202	751	323
64	768	320	209	751	323
128	768	320	230	751	323
192	768	320	265	752	322
256	768	320	308	752	322
320	768	320	358	752	322
384	768	320	411	753	321
448	768	320	463	753	321
512	768	320	517	753	321
576	768	320	574	753	320
640	768	320	630	754	320
704	768	320	685	754	320
768	768	320	743	754	319
832	768	320	803	754	319
896	768	320	862	755	319
960	768	320	921	755	319
1023	768	320	980	756	319
0	832	320	219	814	327
64	832	320	225	814	327
128	832	320	245	814	327
192	832	320	277	814	326
256	832	320	319	815	324
320	832	320	368	815	324
384	832	320	419	815	324
448	832	320	469	816	324
512	832	320	522	816	323
576	832	320	580	816	323
640	832	320	635	816	323
704	832	320	690	817	323
768	832	320	748	816	323
832	832	320	807	816	322
896	832	320	866	816	322
960	832	320	924	816	322
1023	832	320	982	818	322
0	896	320	236	876	330
64	896	320	242	876	330
128	896	320	260	876	329
192	896	320	290	876	329
256	896	320	331	877	328
320	896	320	378	877	328
384	896	320	426	877	327
448	896	320	476	877	327
512	896	320	529	877	327
576	896	320	586	877	327
640	896	320	639	878	327
704	896	320	694	878	327
768	896	320	752	878	326
832	896	320	811	878	325
896	896	320	869	878	325
960	896	320	928	879	325
1023	896	320	985	879	325
0	960	320	253	937	333
64	960	320	258	937	333
128	960	320	275	937	332
192	960	320	304	937	331
256	960	320	342	937	331
320	960	320	387	937	331
384	960	320	434	937	331
448	960	320	483	937	330
512	960	320	535	937	330
576	960	320	592	937	330
640	960	320	644	938	330
704	960	320	699	939	330
768	960	320	757	938	329
832	960	320	815	938	329
896	960	320	873	938	329
960	960	320	932	939	329
1023	960	320	989	939	328
0	1023	320	270	998	337
64	1023	320	275	998	336
128	1023	320	291	998	336
192	1023	320	318	998	335
256	1023	320	355	998	335
320	1023	320	398	998	335
384	1023	320	443	998	335
448	1023	320	491	998	334
512	1023	320	542	998	334
576	1023	320	599	999	334
640	1023	320	650	999	334
704	1023	320	705	999	334
768	1023	320	762	999	333
832	1023	320	820	999	333
896	1023	320	878	999	332
960	1023	320	936	1000	332
1023	1023	320	993	1000	332
0	0	384	44	72	370
64	0	384	72	72	370
128	0	384	129	75	370
192	0	384	189	75	370
256	0	384	251	77	369
320	0	384	312	77	369
384	0	384	375	80	369
448	0	384	435	85	368
512	0	384	493	87	368
576	0	384	553	91	368
640	0	384	617	95	368
704	0	384	673	99	368
768	0	384	733	104	368
832	0	384	796	109	367
896	0	384	855	114	366
960	0	384	916	119	366
1023	0	384	975	125	366
0	64	384	48	93	371
64	64	384	75	93	371
128	64	384	130	93	370
192	64	384	189	95	370
256	64	384	251	97	370
320	64	384	313	97	369
384	64	384	375	99	369
448	64	384	435	104	368
512	64	384	493	104	368
576	64	384	553	108	368
640	64	384	617	113	368
704	64	384	673	116	368
768	64	384	733	119	368
832	64	384	796	123	367
896	64	384	855	128	366
960	64	384	915	132	366
1023	64	384	975	137	366
0	128	384	53	142	371
64	128	384	80	142	371
128	128	384	132	142	371
192	128	384	191	143	370
256	128	384	252	144	370
320	128	384	313	145	369
384	128	384	376	147	369
448	128	384	436	149	369
512	128	384	494	150	368
576	128	384	553	152	368
640	128	384	617	155	368
704	128	384	672	157	368
768	128	384	732	160	368
832	128	384	795	163	367
896	128	384	855	165	366
960	128	384	915	168	366
1023	128	384	975	173	366
0	192	384	63	198	372
64	192	384	89	198	372
128	192	384	136	199	372
192	192	384	193	200	371
256	192	384	253	201	371
320	192	384	314	202	370
384	192	384	376	202	370
448	192	384	436	205	369
512	192	384	494	206	369
576	192	384	553	207	369
640	192	384	616	209	369
704	192	384	672	210	369
768	192	384	732	212	368
832	192	384	794	214	367
896	192	384	854	216	367
960	192	384	914	219	367
1023	192	384	974	222	367
0	256	384	77	259	373
64	256	384	95	259	373
128	256	384	142	260	373
192	256	384	197	261	373
256	256	384	256	262	372
320	256	384	316	262	370
384	256	384	378	263	370
448	256	384	436	265	370
512	256	384	494	265	369
576	256	384	553	266	369
640	256	384	615	267	369
704	256	384	671	269	369
768	256	384	730	270	369
832	256	384	793	271	368
896	256	384	853	272	368
960	256	384	913	274	367
1023	256	384	973	276	367
0	320	384	91	321	372
64	320	384	108	321	372
128	320	384	149	321	372
192	320	384	202	322	371
256	320	384	259	322	371
320	320	384	317	323	370
384	320	384	379	324	370
448	320	384	437	325	369
512	320	384	495	326	369
576	320	384	553	326	369
640	320	384	615	327	369
704	320	384	671	329	369
768	320	384	730	329	368
832	320	384	792	330	367
896	320	384	852	331	367
960	320	384	913	333	367
1023	320	384	973	334	367
0	384	384	106	383	374
64	384	384	120	383	374
128	384	384	158	383	374
192	384	384	207	384	373
256	384	384	263	384	373
320	384	384	321	385	371
384	384	384	381	386	371
448	384	384	439	386	370
512	384	384	495	386	370
576	384	384	554	388	370
640	384	384	615	388	370
704	384	384	671	389	370
768	384	384	730	390	369
832	384	384	793	391	368
896	384	384	852	392	368
960	384	384	912	393	368
1023	384	384	972	394	368
0	448	384	122	444	374
64	448	384	133	444	374
128	448	384	168	445	374
192	448	384	215	445	373
256	448	384	269	446	373
320	448	384	325	447	371
384	448	384	385	447	371
448	448	384	441	447	371
512	448	384	498	447	370
576	448	384	557	448	370
640	448	384	617	449	370
704	448	384	672	450	370
768	448	384	731	450	370
832	448	384	794	451	369
896	448	384	853	451	369
960	448	384	913	452	368
1023	448	384	973	454	368
0	512	384	138	506	375
64	512	384	149	506	375
128	512	384	179	506	375
192	512	384	223	507	375
256	512	384	275	508	375
320	512	384	331	508	373
384	512	384	389	508	373
448	512	384	445	509	372
512	512	384	501	509	372
576	512	384	559	509	371
640	512	384	619	510	371
704	512	384	674	510	371
768	512	384	733	511	371
832	512	384	795	511	370
896	512	384	854	512	370
960	512	384	914	513	370
1023	512	384	973	514	370
0	576	384	153	568	376
64	576	384	163	568	376
128	576	384	191	568	376
192	576	384	233	568	376
256	576	384	282	569	376
320	576	384	336	570	374
384	576	384	394	570	374
448	576	384	448	570	373
512	576	384	504	570	373
576	576	384	562	570	373
640	576	384	621	571	373
704	576	384	676	572	373
768	576	384	734	572	372
832	576	384	796	572	372
896	576	384	855	573	372
960	576	384	915	574	372
1023	576	384	973	574	371
0	640	384	170	629	378
64	640	384	178	629	378
128	640	384	204	630	378
192	640	384	243	630	378
256	640	384	290	631	378
320	640	384	343	631	376
384	640	384	399	631	375
448	640	384	453	632	375
512	640	384	508	632	375
576	640	384	566	632	374
640	640	384	624	632	374
704	640	384	679	633	375
768	640	384	737	633	374
832	640	384	798	634	373
896	640	384	857	633	373
960	640	384	916	635	373
1023	640	384	975	635	373
0	704	384	187	691	381
64	704	384	194	691	381
128	704	384	217	691	381
192	704	384	254	691	381
256	704	384	299	692	378
320	704	384	350	692	378
384	704	384	405	692	377
448	704	384	458	693	377
512	704	384	512	693	377
576	704	384	570	693	376
640	704	384	627	694	376
704	704	384	682	694	376
768	704	384	740	694	375
832	704	384	802	695	375
896	704	384	860	695	375
960	704	384	919	695	375
1023	704	384	977	696	375
0	768	384	203	753	382
64	768	384	209	753	382
128	768	384	232	753	382
192	768	384	266	754	382
256	768	384	309	754	380
320	768	384	359	754	380
384	768	384	412	754	379
448	768	384	464	755	379
512	768	384	517	755	379
576	768	384	575	755	379
640	768	384	631	756	379
704	768	384	687	757	379
768	768	384	744	755	378
832	768	384	804	756	378
896	768	384	863	756	378
960	768	384	922	757	377
1023	768	384	980	758	377
0	832	384	221	816	386
64	832	384	226	816	386
128	832	384	246	816	386
192	832	384	279	816	386
256	832	384	320	816	383
320	832	384	368	816	383
384	832	384	419	817	382
448	832	384	471	817	382
512	832	384	523	817	382
576	832	384	581	817	382
640	832	384	635	818	381
704	832	384	691	819	381
768	832	384	748	818	380
832	832	384	808	818	380
896	832	384	866	818	380
960	832	384	925	818	380
1023	832	384	983	819	379
0	896	384	238	878	388
64	896	384	243	878	388
128	896	384	261	878	388
192	896	384	291	878	388
256	896	384	331	878	386
320	896	384	378	879	386
384	896	384	427	879	385
448	896	384	477	879	385
512	896	384	530	879	384
576	896	384	587	879	384
640	896	384	640	879	384
704	896	384	695	880	384
768	896	384	753	880	383
832	896	384	811	879	383
896	896	384	869	880	383
960	896	384	929	880	383
1023	896	384	986	881	383
0	960	384	253	938	390
64	960	384	259	938	390
128	960	384	276	938	390
192	960	384	305	938	388
256	960	384	343	938	388
320	960	384	388	939	388
384	960	384	435	939	388
448	960	384	485	939	388
512	960	384	536	939	388
576	960	384	593	939	387
640	960	384	645	939	387
704	960	384	699	940	386
768	960	384	757	939	386
832	960	384	815	939	385
896	960	384	873	940	385
960	960	384	932	940	385
1023	960	384	989	941	385
0	1023	384	271	1000	394
64	1023	384	276	1000	394
128	1023	384	292	1000	394
192	1023	384	319	1000	392
256	1023	384	356	1000	392
320	1023	384	399	1000	392
384	1023	384	444	1000	392
448	1023	384	492	1000	391
512	1023	384	543	1000	391
576	1023	384	600	1000	390
640	1023	384	650	1000	390
704	1023	384	705	1001	389
768	1023	384	763	1000	389
832	1023	384	820	1001	389
896	1023	384	878	1001	389
960	1023	384	936	1001	388
1023	1023	384	993	1001	388
0	0	448	53	85	432
64	0	448	80	85	432
128	0	448	133	87	431
192	0	448	191	87	431
256	0	448	252	89	430
320	0	448	314	89	429
384	0	448	376	93	429
448	0	448	436	97	428
512	0	448	494	99	428
576	0	448	554	103	428
640	0	448	617	106	428
704	0	448	673	109	427
768	0	448	734	114	427
832	0	448	796	117	426
896	0	448	856	122	426
960	0	448	916	126	426
1023	0	448	976	132	426
0	64	448	53	103	432
64	64	448	80	103	432
128	64	448	133	103	432
192	64	448	192	104	431
256	64	448	253	104	430
320	64	448	314	106	429
384	64	448	377	109	429
448	64	448	436	113	429
512	64	448	494	114	428
576	64	448	553	117	428
640	64	448	617	120	428
704	64	448	673	123	427
768	64	448	733	128	427
832	64	448	796	132	426
896	64	448	856	134	426
960	64	448	916	138	426
1023	64	448	976	144	426
0	128	448	60	148	432
64	128	448	85	148	432
128	128	448	136	148	432
192	128	448	193	149	431
256	128	448	253	150	430
320	128	448	314	151	429
384	128	448	377	152	429
448	128	448	437	155	429
512	128	448	494	156	428
576	128	448	554	158	428
640	128	448	617	160	428
704	128	448	673	162	428
768	128	448	733	165	428
832	128	448	796	168	426
896	128	448	855	171	426
960	128	448	916	174	426
1023	128	448	975	178	426
0	192	448	69	203	433
64	192	448	91	203	433
128	192	448	139	203	432
192	192	448	195	204	432
256	192	448	255	205	431
320	192	448	315	206	430
384	192	448	378	207	429
448	192	448	437	209	429
512	192	448	495	209	429
576	192	448	554	211	429
640	192	448	617	212	428
704	192	448	672	214	428
768	192	448	732	216	428
832	192	448	795	219	427
896	192	448	854	221	426
960	192	448	915	223	426
1023	192	448	974	226	426
0	256	448	82	263	434
64	256	448	101	263	433
128	256	448	144	263	433
192	256	448	198	264	432
256	256	448	257	265	431
320	256	448	317	266	430
384	256	448	379	267	430
448	256	448	438	268	430
512	256	448	495	269	429
576	256	448	554	270	429
640	256	448	616	271	429
704	256	448	672	272	428
768	256	448	731	274	428
832	256	448	793	275	427
896	256	448	853	276	427
960	256	448	913	277	427
1023	256	448	974	280	427
0	320	448	95	323	432
64	320	448	111	324	432
128	320	448	151	324	432
192	320	448	203	324	431
256	320	448	260	325	430
320	320	448	319	327	429
384	320	448	381	327	429
448	320	448	438	328	429
512	320	448	496	328	428
576	320	448	554	329	428
640	320	448	616	330	428
704	320	448	671	331	428
768	320	448	731	332	427
832	320	448	793	333	427
896	320	448	853	334	426
960	320	448	913	336	426
1023	320	448	973	337	426
0	384	448	109	385	434
64	384	448	122	385	434
128	384	448	160	386	433
192	384	448	209	386	433
256	384	448	264	387	432
320	384	448	322	388	430
384	384	448	382	389	430
448	384	448	440	389	429
512	384	448	496	389	429
576	384	448	555	390	429
640	384	448	616	391	429
704	384	448	672	392	429
768	384	448	731	393	428
832	384	448	793	393	428
896	384	448	853	394	427
960	384	448	913	395	427
1023	384	448	973	397	427
0	448	448	125	447	434
64	448	448	137	447	434
128	448	448	170	447	433
192	448	448	216	447	433
256	448	448	269	448	432
320	448	448	327	449	431
384	448	448	386	449	430
448	448	448	442	449	430
512	448	448	499	450	429
576	448	448	557	450	429
640	448	448	618	451	429
704	448	448	673	451	429
768	448	448	732	452	429
832	448	448	794	453	428
896	448	448	853	453	428
960	448	448	914	455	428
1023	448	448	973	456	428
0	512	448	141	508	435
64	512	448	151	508	435
128	512	448	180	508	434
192	512	448	225	509	434
256	512	448	276	510	433
320	512	448	332	510	432
384	512	448	390	510	431
448	512	448	446	511	431
512	512	448	502	511	431
576	512	448	560	511	430
640	512	448	620	512	430
704	512	448	675	512	430
768	512	448	733	512	429
832	512	448	795	513	429
896	512	448	854	514	429
960	512	448	914	515	429
1023	512	448	973	515	428
0	576	448	157	570	436
64	576	448	165	570	436
128	576	448	193	570	435
192	576	448	234	570	434
256	576	448	283	571	434
320	576	448	337	572	432
384	576	448	395	572	432
448	576	448	449	572	432
512	576	448	505	572	431
576	576	448	563	572	431
640	576	448	622	573	431
704	576	448	677	574	431
768	576	448	735	573	430
832	576	448	797	574	430
896	576	448	856	575	430
960	576	448	915	575	430
1023	576	448	974	576	430
0	640	448	171	631	437
64	640	448	180	631	437
128	640	448	205	631	436
192	640	448	244	632	436
256	640	448	291	632	435
320	640	448	344	633	433
384	640	448	400	633	433
448	640	448	454	633	433
512	640	448	509	634	433
576	640	448	566	634	432
640	640	448	624	634	432
704	640	448	680	635	432
768	640	448	738	635	432
832	640	448	799	636	431
896	640	448	858	636	431
960	640	448	917	637	431
1023	640	448	976	637	431
0	704	448	188	693	439
64	704	448	195	693	439
128	704	448	219	693	438
192	704	448	256	693	438
256	704	448	300	694	436
320	704	448	352	694	435
384	704	448	407	694	435
448	704	448	459	695	435
512	704	448	513	695	434
576	704	448	571	695	434
640	704	448	628	696	434
704	704	448	683	696	434
768	704	448	741	696	433
832	704	448	802	697	433
896	704	448	861	697	433
960	704	448	920	697	433
1023	704	448	978	698	432
0	768	448	204	755	440
64	768	448	211	755	440
128	768	448	233	755	439
192	768	448	267	755	439
256	768	448	310	756	438
320	768	448	360	756	438
384	768	448	413	756	437
448	768	448	465	756	437
512	768	448	518	756	437
576	768	448	576	757	436
640	768	448	632	758	436
704	768	448	687	759	436
768	768	448	745	758	435
832	768	448	805	758	435
896	768	448	864	758	435
960	768	448	923	759	435
1023	768	448	980	759	435
0	832	448	222	817	443
64	832	448	228	817	443
128	832	448	247	817	443
192	832	448	279	818	442
256	832	448	321	818	440
320	832	448	370	818	440
384	832	448	420	818	439
448	832	448	471	818	439
512	832	448	524	818	439
576	832	448	582	819	438
640	832	448	636	820	438
704	832	448	692	821	438
768	832	448	749	820	438
832	832	448	809	820	437
896	832	448	867	820	437
960	832	448	926	820	437
1023	832	448	983	821	437
0	896	448	238	879	445
64	896	448	244	880	445
128	896	448	262	880	444
192	896	448	293	880	444
256	896	448	333	880	442
320	896	448	379	880	442
384	896	448	428	880	442
448	896	448	478	881	442
512	896	448	531	881	441
576	896	448	588	881	441
640	896	448	640	881	440
704	896	448	695	881	440
768	896	448	754	882	440
832	896	448	812	881	439
896	896	448	870	881	439
960	896	448	929	882	439
1023	896	448	987	883	439
0	960	448	255	940	446
64	960	448	260	940	446
128	960	448	277	940	446
192	960	448	306	940	445
256	960	448	344	940	444
320	960	448	389	940	444
384	960	448	436	940	444
448	960	448	485	941	443
512	960	448	537	941	443
576	960	448	594	941	443
640	960	448	645	941	443
704	960	448	700	941	443
768	960	448	758	941	442
832	960	448	816	941	441
896	960	448	874	941	441
960	960	448	932	941	441
1023	960	448	990	942	441
0	1023	448	272	1001	449
64	1023	448	277	1001	449
128	1023	448	293	1001	449
192	1023	448	320	1001	447
256	1023	448	357	1001	447
320	1023	448	400	1001	447
384	1023	448	445	1002	447
448	1023	448	493	1002	446
512	1023	448	544	1001	446
576	1023	448	601	1002	446
640	1023	448	651	1002	446
704	1023	448	706	1002	445
768	1023	448	764	1002	445
832	1023	448	820	1002	444
896	1023	448	878	1002	444
960	1023	448	937	1003	444
1023	1023	448	994	1003	443
0	0	512	60	97	492
64	0	512	85	97	491
128	0	512	136	97	491
192	0	512	193	99	490
256	0	512	253	99	489
320	0	512	315	101	487
384	0	512	377	104	487
448	0	512	437	108	487
512	0	512	495	109	487
576	0	512	555	113	486
640	0	512	618	116	486
704	0	512	674	119	486
768	0	512	734	123	485
832	0	512	797	128	485
896	0	512	857	132	484
960	0	512	917	136	484
1023	0	512	976	141	484
0	64	512	60	113	492
64	64	512	85	113	491
128	64	512	136	113	491
192	64	512	193	114	490
256	64	512	254	114	489
320	64	512	315	117	487
384	64	512	378	119	487
448	64	512	437	122	487
512	64	512	495	123	487
576	64	512	555	126	486
640	64	512	618	129	486
704	64	512	674	132	486
768	64	512	734	136	485
832	64	512	797	139	485
896	64	512	857	143	484
960	64	512	917	147	484
1023	64	512	976	151	484
0	128	512	66	155	492
64	128	512	89	155	492
128	128	512	138	155	491
192	128	512	195	156	490
256	128	512	255	157	489
320	128	512	316	158	488
384	128	512	378	159	487
448	128	512	437	162	487
512	128	512	495	163	487
576	128	512	555	165	486
640	128	512	618	167	486
704	128	512	673	169	486
768	128	512	733	172	485
832	128	512	796	174	485
896	128	512	856	177	484
960	128	512	916	179	484
1023	128	512	976	183	485
0	192	512	75	208	492
64	192	512	95	208	492
128	192	512	142	208	491
192	192	512	197	209	491
256	192	512	256	209	489
320	192	512	317	211	488
384	192	512	379	212	488
448	192	512	438	213	487
512	192	512	496	215	487
576	192	512	555	216	486
640	192	512	617	218	486
704	192	512	673	220	486
768	192	512	732	222	485
832	192	512	795	223	485
896	192	512	855	225	485
960	192	512	916	228	485
1023	192	512	975	230	485
0	256	512	87	266	492
64	256	512	104	267	492
128	256	512	147	267	492
192	256	512	200	267	491
256	256	512	258	268	489
320	256	512	318	269	488
384	256	512	379	270	488
448	256	512	438	271	488
512	256	512	496	272	488
576	256	512	555	274	487
640	256	512	616	275	487
704	256	512	672	276	486
768	256	512	731	277	486
832	256	512	794	279	485
896	256	512	854	280	485
960	256	512	914	281	485
1023	256	512	974	284	485
0	320	512	99	327	492
64	320	512	114	327	491
128	320	512	153	327	491
192	320	512	205	327	490
256	320	512	261	328	489
320	320	512	320	329	488
384	320	512	381	330	488
448	320	512	439	331	487
512	320	512	497	331	486
576	320	512	555	332	486
640	320	512	617	333	486
704	320	512	672	334	486
768	320	512	731	335	485
832	320	512	794	336	485
896	320	512	853	337	485
960	320	512	914	338	485
1023	320	512	974	340	485
0	384	512	113	388	492
64	384	512	126	388	492
128	384	512	162	388	492
192	384	512	211	389	491
256	384	512	265	390	489
320	384	512	323	390	488
384	384	512	384	391	488
448	384	512	441	392	488
512	384	512	497	392	487
576	384	512	556	393	487
640	384	512	617	394	486
704	384	512	672	395	487
768	384	512	731	395	486
832	384	512	794	396	486
896	384	512	854	397	485
960	384	512	914	398	485
1023	384	512	973	399	485
0	448	512	129	449	492
64	448	512	139	449	492
128	448	512	172	449	492
192	448	512	218	450	491
256	448	512	271	450	490
320	448	512	327	451	489
384	448	512	387	451	488
448	448	512	443	452	488
512	448	512	500	452	488
576	448	512	559	453	488
640	448	512	619	454	487
704	448	512	674	454	487
768	448	512	732	455	487
832	448	512	795	456	486
896	448	512	854	456	486
960	448	512	914	457	486
1023	448	512	974	458	486
0	512	512	143	510	493
64	512	512	153	510	493
128	512	512	182	510	493
192	512	512	227	511	492
256	512	512	277	512	491
320	512	512	333	512	490
384	512	512	391	513	490
448	512	512	447	513	489
512	512	512	502	513	488
576	512	512	561	514	488
640	512	512	621	514	488
704	512	512	676	515	488
768	512	512	734	515	487
832	512	512	796	515	487
896	512	512	855	516	487
960	512	512	915	517	486
1023	512	512	974	518	486
0	576	512	159	572	494
64	576	512	167	572	494
128	576	512	194	572	493
192	576	512	236	573	492
256	576	512	284	573	491
320	576	512	339	574	490
384	576	512	396	574	489
448	576	512	450	574	489
512	576	512	506	574	489
576	576	512	564	574	489
640	576	512	623	575	489
704	576	512	678	576	489
768	576	512	736	576	488
832	576	512	797	576	488
896	576	512	857	577	488
960	576	512	916	578	487
1023	576	512	974	578	487
0	640	512	174	633	495
64	640	512	182	633	495
128	640	512	206	633	494
192	640	512	245	634	493
256	640	512	292	634	491
320	640	512	345	635	491
384	640	512	401	635	491
448	640	512	454	635	491
512	640	512	509	636	490
576	640	512	567	636	490
640	640	512	625	637	490
704	640	512	681	637	490
768	640	512	738	637	489
832	640	512	800	637	489
896	640	512	859	638	489
960	640	512	918	639	489
1023	640	512	976	639	488
0	704	512	190	695	496
64	704	512	197	695	496
128	704	512	221	695	496
192	704	512	257	695	495
256	704	512	302	696	493
320	704	512	353	696	493
384	704	512	408	697	493
448	704	512	460	696	492
512	704	512	514	697	492
576	704	512	572	697	492
640	704	512	629	698	491
704	704	512	684	699	491
768	704	512	742	698	491
832	704	512	803	699	491
896	704	512	861	698	490
960	704	512	921	699	490
1023	704	512	978	699	490
0	768	512	206	757	498
64	768	512	213	757	497
128	768	512	234	757	497
192	768	512	269	757	496
256	768	512	312	758	495
320	768	512	361	758	495
384	768	512	414	758	494
448	768	512	466	758	494
512	768	512	519	759	494
576	768	512	577	759	494
640	768	512	633	760	494
704	768	512	688	760	493
768	768	512	746	760	493
832	768	512	806	760	492
896	768	512	865	761	492
960	768	512	924	761	492
1023	768	512	982	762	492
0	832	512	223	819	500
64	832	512	229	819	500
128	832	512	249	819	499
192	832	512	281	820	498
256	832	512	322	820	497
320	832	512	371	821	497
384	832	512	422	821	497
448	832	512	472	820	496
512	832	512	525	820	495
576	832	512	583	821	495
640	832	512	638	822	495
704	832	512	693	822	495
768	832	512	751	822	495
832	832	512	810	822	494
896	832	512	868	822	494
960	832	512	927	822	494
1023	832	512	985	823	494
0	896	512	240	881	501
64	896	512	245	881	501
128	896	512	263	881	501
192	896	512	294	882	499
256	896	512	334	882	499
320	896	512	380	882	498
384	896	512	429	882	498
448	896	512	479	882	498
512	896	512	532	883	498
576	896	512	589	883	498
640	896	512	642	883	497
704	896	512	697	883	497
768	896	512	755	883	497
832	896	512	813	883	496
896	896	512	871	884	496
960	896	512	930	884	495
1023	896	512	988	885	495
0	960	512	256	941	503
64	960	512	261	941	503
128	960	512	279	942	502
192	960	512	308	942	501
256	960	512	346	942	501
320	960	512	390	942	501
384	960	512	437	942	500
448	960	512	486	942	500
512	960	512	538	943	500
576	960	512	595	943	500
640	960	512	646	943	499
704	960	512	702	944	499
768	960	512	760	943	499
832	960	512	817	943	498
896	960	512	875	944	498
960	960	512	933	944	498
1023	960	512	991	944	497
0	1023	512	273	1002	505
64	1023	512	278	1003	505
128	1023	512	294	1003	505
192	1023	512	321	1003	504
256	1023	512	358	1003	504
320	1023	512	401	1003	503
384	1023	512	446	1003	503
448	1023	512	494	1003	503
512	1023	512	545	1003	502
576	1023	512	602	1004	502
640	1023	512	652	1004	501
704	1023	512	707	1004	501
768	1023	512	765	1004	501
832	1023	512	821	1004	500
896	1023	512	879	1004	500
960	1023	512	938	1005	500
1023	1023	512	995	1005	500
0	0	576	66	109	550
64	0	576	89	109	550
128	0	576	138	109	550
192	0	576	196	111	550
256	0	576	255	113	550
320	0	576	317	114	548
384	0	576	379	116	548
448	0	576	438	117	548
512	0	576	497	120	547
576	0	576	556	123	547
640	0	576	618	126	547
704	0	576	674	129	546
768	0	576	734	133	546
832	0	576	799	137	546
896	0	576	859	141	546
960	0	576	919	144	546
1023	0	576	979	149	546
0	64	576	66	123	550
64	64	576	91	123	550
128	64	576	138	123	550
192	64	576	195	126	550
256	64	576	256	126	550
320	64	576	317	128	548
384	64	576	379	129	548
448	64	576	438	130	548
512	64	576	497	133	547
576	64	576	556	136	547
640	64	576	618	138	547
704	64	576	674	141	546
768	64	576	734	144	546
832	64	576	798	147	546
896	64	576	859	151	546
960	64	576	919	155	546
1023	64	576	978	159	546
0	128	576	72	163	551
64	128	576	93	163	551
128	128	576	141	163	551
192	128	576	197	164	551
256	128	576	257	164	551
320	128	576	317	166	549
384	128	576	379	167	549
448	128	576	439	168	548
512	128	576	497	170	547
576	128	576	556	172	547
640	128	576	618	174	547
704	128	576	674	176	546
768	128	576	734	179	546
832	128	576	798	181	546
896	128	576	858	184	546
960	128	576	918	187	546
1023	128	576	978	190	546
0	192	576	82	214	553
64	192	576	101	214	553
128	192	576	144	214	553
192	192	576	199	215	553
256	192	576	258	215	553
320	192	576	318	217	549
384	192	576	380	218	549
448	192	576	439	219	548
512	192	576	497	221	548
576	192	576	556	223	547
640	192	576	618	224	547
704	192	576	674	225	547
768	192	576	733	228	546
832	192	576	797	229	547
896	192	576	857	231	547
960	192	576	918	234	546
1023	192	576	977	236	546
0	256	576	93	271	555
64	256	576	108	271	555
128	256	576	150	271	555
192	256	576	202	272	555
256	256	576	260	273	555
320	256	576	319	274	550
384	256	576	381	275	550
448	256	576	439	276	549
512	256	576	497	277	548
576	256	576	556	278	548
640	256	576	618	279	547
704	256	576	673	280	547
768	256	576	732	282	547
832	256	576	796	283	547
896	256	576	856	285	547
960	256	576	916	286	547
1023	256	576	975	288	547
0	320	576	104	331	549
64	320	576	119	331	549
128	320	576	157	331	549
192	320	576	207	331	549
256	320	576	263	332	549
320	320	576	322	333	547
384	320	576	382	334	547
448	320	576	441	335	547
512	320	576	498	335	546
576	320	576	557	336	546
640	320	576	618	337	546
704	320	576	673	338	545
768	320	576	732	339	545
832	320	576	795	340	545
896	320	576	855	341	545
960	320	576	916	342	544
1023	320	576	976	344	544
0	384	576	117	392	553
64	384	576	130	392	553
128	384	576	164	392	553
192	384	576	212	392	553
256	384	576	267	393	553
320	384	576	325	394	548
384	384	576	385	395	548
448	384	576	443	395	547
512	384	576	500	396	547
576	384	576	558	397	547
640	384	576	619	398	546
704	384	576	674	398	546
768	384	576	733	399	546
832	384	576	795	399	545
896	384	576	855	400	545
960	384	576	915	401	544
1023	384	576	976	403	544
0	448	576	132	452	552
64	448	576	142	452	552
128	448	576	174	452	551
192	448	576	221	453	550
256	448	576	272	454	548
320	448	576	329	454	547
384	448	576	389	455	547
448	448	576	445	455	547
512	448	576	501	456	546
576	448	576	560	456	546
640	448	576	620	457	546
704	448	576	676	458	546
768	448	576	734	458	545
832	448	576	796	459	544
896	448	576	856	460	545
960	448	576	916	460	544
1023	448	576	975	461	544
0	512	576	147	513	552
64	512	576	156	513	552
128	512	576	185	513	551
192	512	576	228	514	550
256	512	576	279	515	549
320	512	576	334	515	548
384	512	576	393	516	548
448	512	576	448	516	547
512	512	576	504	516	547
576	512	576	563	517	547
640	512	576	622	517	547
704	512	576	678	518	546
768	512	576	736	518	546
832	512	576	798	518	545
896	512	576	857	519	544
960	512	576	916	519	544
1023	512	576	975	521	545
0	576	576	161	574	553
64	576	576	170	575	553
128	576	576	197	575	552
192	576	576	238	575	551
256	576	576	286	577	550
320	576	576	340	577	549
384	576	576	397	577	548
448	576	576	452	577	548
512	576	576	508	578	548
576	576	576	566	578	548
640	576	576	624	578	547
704	576	576	679	579	547
768	576	576	738	580	547
832	576	576	799	579	546
896	576	576	858	579	546
960	576	576	917	580	545
1023	576	576	976	581	545
0	640	576	177	636	554
64	640	576	184	636	554
128	640	576	209	637	553
192	640	576	248	637	552
256	640	576	294	638	551
320	640	576	347	638	550
384	640	576	403	639	550
448	640	576	457	639	550
512	640	576	511	639	549
576	640	576	570	639	549
640	640	576	627	640	549
704	640	576	682	640	548
768	640	576	740	640	547
832	640	576	801	640	547
896	640	576	860	640	547
960	640	576	919	641	547
1023	640	576	978	642	546
0	704	576	193	697	555
64	704	576	199	697	555
128	704	576	223	698	554
192	704	576	259	698	553
256	704	576	304	699	552
320	704	576	355	699	552
384	704	576	409	699	551
448	704	576	462	699	551
512	704	576	516	700	551
576	704	576	574	700	550
640	704	576	630	700	550
704	704	576	686	701	550
768	704	576	744	701	549
832	704	576	804	700	548
896	704	576	862	701	548
960	704	576	922	701	548
1023	704	576	980	702	549
0	768	576	209	759	556
64	768	576	215	759	556
128	768	576	237	759	555
192	768	576	270	760	554
256	768	576	313	760	553
320	768	576	364	761	553
384	768	576	415	761	553
448	768	576	468	762	553
512	768	576	521	762	553
576	768	576	579	762	552
640	768	576	634	762	552
704	768	576	689	762	551
768	768	576	748	763	551
832	768	576	808	763	551
896	768	576	866	762	550
960	768	576	925	763	550
1023	768	576	984	765	550
0	832	576	225	821	558
64	832	576	231	821	558
128	832	576	251	821	557
192	832	576	283	822	556
256	832	576	325	823	555
320	832	576	373	823	555
384	832	576	423	824	555
448	832	576	474	823	554
512	832	576	527	823	554
576	832	576	584	823	553
640	832	576	639	824	553
704	832	576	693	824	553
768	832	576	752	824	553
832	832	576	811	824	552
896	832	576	869	824	552
960	832	576	928	824	552
1023	832	576	987	826	551
0	896	576	242	883	559
64	896	576	247	883	559
128	896	576	265	883	558
192	896	576	295	883	556
256	896	576	335	883	556
320	896	576	382	884	556
384	896	576	430	884	556
448	896	576	480	884	555
512	896	576	532	884	555
576	896	576	590	885	555
640	896	576	643	886	555
704	896	576	698	886	555
768	896	576	756	885	554
832	896	576	815	886	554
896	896	576	873	886	553
960	896	576	932	887	553
1023	896	576	989	887	553
0	960	576	258	943	561
64	960	576	263	943	561
128	960	576	280	944	560
192	960	576	308	944	559
256	960	576	347	944	559
320	960	576	392	944	558
384	960	576	438	944	558
448	960	576	488	944	558
512	960	576	539	944	557
576	960	576	596	945	557
640	960	576	648	945	557
704	960	576	703	946	557
768	960	576	761	946	556
832	960	576	819	946	556
896	960	576	877	946	556
960	960	576	935	946	555
1023	960	576	992	947	555
0	1023	576	275	1004	562
64	1023	576	279	1004	562
128	1023	576	295	1004	561
192	1023	576	322	1005	561
256	1023	576	359	1005	561
320	1023	576	403	1005	561
384	1023	576	447	1005	561
448	1023	576	495	1005	560
512	1023	576	546	1005	560
576	1023	576	603	1006	559
640	1023	576	653	1005	559
704	1023	576	708	1005	558
768	1023	576	766	1006	558
832	1023	576	823	1006	558
896	1023	576	881	1006	558
960	1023	576	940	1007	558
1023	1023	576	997	1008	558
0	0	640	77	123	614
64	0	640	95	123	614
128	0	640	142	123	613
192	0	640	198	123	612
256	0	640	258	125	610
320	0	640	318	126	609
384	0	640	380	128	609
448	0	640	440	129	608
512	0	640	498	132	607
576	0	640	557	134	607
640	0	640	620	138	607
704	0	640	675	141	607
768	0	640	735	144	606
832	0	640	799	147	606
896	0	640	860	151	606
960	0	640	919	155	608
1023	0	640	980	159	609
0	64	640	77	136	614
64	64	640	95	136	614
128	64	640	142	136	613
192	64	640	198	136	612
256	64	640	258	137	610
320	64	640	318	138	609
384	64	640	381	141	609
448	64	640	440	142	608
512	64	640	498	144	607
576	64	640	557	147	607
640	64	640	620	149	607
704	64	640	675	151	607
768	64	640	735	153	606
832	64	640	799	157	606
896	64	640	860	160	606
960	64	640	919	164	606
1023	64	640	980	167	609
0	128	640	82	171	614
64	128	640	99	171	614
128	128	640	144	171	614
192	128	640	199	171	612
256	128	640	258	173	611
320	128	640	319	174	609
384	128	640	381	175	609
448	128	640	440	177	608
512	128	640	498	178	608
576	128	640	557	180	607
640	128	640	620	182	607
704	128	640	675	184	607
768	128	640	735	186	606
832	128	640	799	188	606
896	128	640	859	191	606
960	128	640	919	194	606
1023	128	640	980	197	606
0	192	640	89	221	615
64	192	640	104	221	614
128	192	640	148	221	614
192	192	640	202	222	613
256	192	640	260	223	611
320	192	640	320	224	609
384	192	640	382	225	609
448	192	640	440	225	609
512	192	640	498	227	608
576	192	640	557	228	608
640	192	640	619	230	607
704	192	640	675	232	607
768	192	640	735	233	607
832	192	640	798	234	606
896	192	640	858	236	606
960	192	640	918	240	606
1023	192	640	979	242	606
0	256	640	99	276	615
64	256	640	113	276	614
128	256	640	153	277	614
192	256	640	205	277	613
256	256	640	262	278	611
320	256	640	322	279	609
384	256	640	382	280	609
448	256	640	441	281	609
512	256	640	498	281	608
576	256	640	557	283	608
640	256	640	619	284	608
704	256	640	674	285	607
768	256	640	734	286	607
832	256	640	797	288	607
896	256	640	857	290	606
960	256	640	917	291	606
1023	256	640	977	293	606
0	320	640	109	335	613
64	320	640	122	335	613
128	320	640	160	335	613
192	320	640	209	336	612
256	320	640	265	337	610
320	320	640	323	337	609
384	320	640	384	338	609
448	320	640	442	339	608
512	320	640	499	339	608
576	320	640	558	340	607
640	320	640	619	341	607
704	320	640	675	342	607
768	320	640	734	343	606
832	320	640	797	344	606
896	320	640	856	345	605
960	320	640	916	346	605
1023	320	640	976	348	605
0	384	640	122	395	614
64	384	640	133	396	614
128	384	640	168	396	613
192	384	640	215	396	612
256	384	640	269	397	611
320	384	640	327	398	610
384	384	640	386	398	609
448	384	640	443	399	609
512	384	640	501	399	608
576	384	640	560	400	608
640	384	640	620	401	608
704	384	640	675	402	607
768	384	640	734	402	607
832	384	640	797	403	606
896	384	640	856	404	606
960	384	640	916	405	605
1023	384	640	975	406	605
0	448	640	136	456	614
64	448	640	145	456	614
128	448	640	178	456	613
192	448	640	223	457	612
256	448	640	274	457	610
320	448	640	331	457	609
384	448	640	389	457	609
448	448	640	446	458	609
512	448	640	502	459	608
576	448	640	561	459	608
640	448	640	621	460	608
704	448	640	677	461	608
768	448	640	736	462	607
832	448	640	797	462	606
896	448	640	857	462	606
960	448	640	916	463	606
1023	448	640	975	464	606
0	512	640	149	516	614
64	512	640	159	516	614
128	512	640	188	516	613
192	512	640	231	517	613
256	512	640	281	517	611
320	512	640	336	518	610
384	512	640	394	518	609
448	512	640	449	518	609
512	512	640	505	519	609
576	512	640	564	519	609
640	512	640	623	520	608
704	512	640	679	521	608
768	512	640	737	521	607
832	512	640	799	521	607
896	512	640	857	521	606
960	512	640	917	523	606
1023	512	640	976	524	607
0	576	640	164	577	614
64	576	640	172	577	614
128	576	640	199	578	614
192	576	640	240	578	613
256	576	640	288	579	611
320	576	640	342	579	611
384	576	640	399	580	610
448	576	640	453	580	610
512	576	640	509	580	609
576	576	640	567	580	609
640	576	640	625	580	609
704	576	640	680	581	609
768	576	640	739	582	608
832	576	640	800	582	607
896	576	640	859	582	607
960	576	640	919	583	607
1023	576	640	977	584	607
0	640	640	179	639	615
64	640	640	188	639	615
128	640	640	211	639	615
192	640	640	250	640	614
256	640	640	296	641	612
320	640	640	348	641	612
384	640	640	405	641	611
448	640	640	458	641	611
512	640	640	512	641	610
576	640	640	570	641	610
640	640	640	628	642	610
704	640	640	683	642	609
768	640	640	741	642	609
832	640	640	803	643	608
896	640	640	861	643	608
960	640	640	920	643	608
1023	640	640	979	644	608
0	704	640	195	700	616
64	704	640	202	700	616
128	704	640	225	700	616
192	704	640	261	701	615
256	704	640	305	702	613
320	704	640	357	702	613
384	704	640	410	702	613
448	704	640	463	702	612
512	704	640	517	702	611
576	704	640	575	702	611
640	704	640	632	703	611
704	704	640	687	703	610
768	704	640	745	703	610
832	704	640	805	703	610
896	704	640	864	703	610
960	704	640	924	705	609
1023	704	640	981	704	609
0	768	640	210	762	617
64	768	640	217	762	617
128	768	640	238	762	617
192	768	640	272	763	616
256	768	640	315	763	615
320	768	640	365	763	614
384	768	640	417	763	614
448	768	640	469	764	614
512	768	640	523	764	613
576	768	640	580	764	613
640	768	640	635	764	613
704	768	640	690	764	612
768	768	640	749	765	612
832	768	640	809	765	611
896	768	640	867	765	611
960	768	640	925	765	610
1023	768	640	984	766	611
0	832	640	228	823	619
64	832	640	233	823	619
128	832	640	253	824	618
192	832	640	284	824	617
256	832	640	326	824	616
320	832	640	374	824	615
384	832	640	424	825	615
448	832	640	475	825	615
512	832	640	528	825	614
576	832	640	585	825	614
640	832	640	640	826	614
704	832	640	695	826	614
768	832	640	753	826	613
832	832	640	812	826	612
896	832	640	870	826	612
960	832	640	929	826	612
1023	832	640	987	827	612
0	896	640	243	885	619
64	896	640	249	885	619
128	896	640	267	885	619
192	896	640	297	886	617
256	896	640	337	886	617
320	896	640	383	886	617
384	896	640	431	886	616
448	896	640	481	886	616
512	896	640	534	886	616
576	896	640	591	887	615
640	896	640	644	888	615
704	896	640	699	888	615
768	896	640	757	888	614
832	896	640	816	888	614
896	896	640	874	888	614
960	896	640	932	888	614
1023	896	640	990	889	613
0	960	640	259	945	621
64	960	640	265	945	620
128	960	640	281	946	620
192	960	640	310	946	619
256	960	640	348	946	619
320	960	640	393	946	618
384	960	640	439	946	618
448	960	640	489	946	618
512	960	640	540	946	617
576	960	640	597	947	617
640	960	640	649	947	617
704	960	640	704	947	616
768	960	640	762	947	616
832	960	640	820	948	616
896	960	640	877	947	615
960	960	640	937	949	616
1023	960	640	993	949	615
0	1023	640	276	1006	622
64	1023	640	281	1006	622
128	1023	640	296	1006	621
192	1023	640	324	1006	621
256	1023	640	361	1007	621
320	1023	640	404	1007	621
384	1023	640	448	1007	620
448	1023	640	497	1007	620
512	1023	640	547	1007	619
576	1023	640	604	1007	619
640	1023	640	654	1008	619
704	1023	640	709	1008	618
768	1023	640	767	1008	618
832	1023	640	824	1008	618
896	1023	640	881	1007	617
960	1023	640	940	1009	617
1023	1023	640	997	1009	617
0	0	704	85	136	672
64	0	704	101	136	672
128	0	704	147	136	671
192	0	704	200	136	670
256	0	704	259	137	669
320	0	704	320	139	667
384	0	704	382	141	667
448	0	704	441	142	666
512	0	704	498	144	665
576	0	704	557	145	665
640	0	704	620	148	665
704	0	704	676	151	665
768	0	704	735	153	664
832	0	704	799	157	663
896	0	704	859	160	663
960	0	704	919	164	663
1023	0	704	979	167	663
0	64	704	85	147	672
64	64	704	101	147	672
128	64	704	147	147	671
192	64	704	201	147	670
256	64	704	260	148	669
320	64	704	320	150	667
384	64	704	382	151	667
448	64	704	441	152	666
512	64	704	498	155	665
576	64	704	558	156	665
640	64	704	620	158	665
704	64	704	676	161	665
768	64	704	735	163	664
832	64	704	799	166	663
896	64	704	859	169	663
960	64	704	919	173	663
1023	64	704	979	176	663
0	128	704	89	179	672
64	128	704	104	179	672
128	128	704	149	179	671
192	128	704	202	180	670
256	128	704	261	181	669
320	128	704	321	183	667
384	128	704	382	184	667
448	128	704	441	185	666
512	128	704	498	187	666
576	128	704	557	188	665
640	128	704	620	189	665
704	128	704	676	193	665
768	128	704	735	193	664
832	128	704	798	196	663
896	128	704	858	198	663
960	128	704	919	202	663
1023	128	704	979	204	663
0	192	704	95	227	672
64	192	704	109	228	672
128	192	704	151	228	672
192	192	704	204	228	671
256	192	704	262	229	669
320	192	704	321	230	668
384	192	704	383	232	667
448	192	704	441	232	667
512	192	704	499	234	666
576	192	704	558	234	665
640	192	704	620	236	665
704	192	704	676	238	665
768	192	704	735	239	664
832	192	704	798	241	664
896	192	704	857	243	663
960	192	704	918	245	663
1023	192	704	978	247	663
0	256	704	104	281	673
64	256	704	117	281	673
128	256	704	156	281	672
192	256	704	207	282	671
256	256	704	264	283	670
320	256	704	323	284	668
384	256	704	384	285	668
448	256	704	442	285	667
512	256	704	499	286	666
576	256	704	558	287	666
640	256	704	620	289	666
704	256	704	675	291	665
768	256	704	734	291	665
832	256	704	796	292	664
896	256	704	856	294	664
960	256	704	917	296	662
1023	256	704	977	297	662
0	320	704	114	339	671
64	320	704	126	339	671
128	320	704	163	339	670
192	320	704	211	340	669
256	320	704	267	340	668
320	320	704	325	341	666
384	320	704	385	342	666
448	320	704	443	343	665
512	320	704	500	343	665
576	320	704	559	344	665
640	320	704	620	345	665
704	320	704	675	346	664
768	320	704	734	347	663
832	320	704	797	348	663
896	320	704	856	349	663
960	320	704	917	350	663
1023	320	704	976	352	663
0	384	704	126	399	672
64	384	704	137	399	672
128	384	704	171	399	671
192	384	704	218	400	670
256	384	704	270	400	668
320	384	704	328	401	667
384	384	704	388	401	666
448	384	704	444	402	666
512	384	704	501	402	665
576	384	704	560	403	665
640	384	704	620	404	665
704	384	704	676	405	665
768	384	704	735	405	664
832	384	704	797	406	663
896	384	704	856	407	663
960	384	704	916	408	662
1023	384	704	976	409	663
0	448	704	139	458	671
64	448	704	149	458	671
128	448	704	180	459	671
192	448	704	225	459	670
256	448	704	276	460	668
320	448	704	333	461	667
384	448	704	391	461	667
448	448	704	447	461	666
512	448	704	504	462	666
576	448	704	562	462	666
640	448	704	622	463	665
704	448	704	678	464	665
768	448	704	736	464	665
832	448	704	798	465	664
896	448	704	857	465	663
960	448	704	916	466	663
1023	448	704	976	467	664
0	512	704	152	518	671
64	512	704	162	518	671
128	512	704	190	519	671
192	512	704	233	519	670
256	512	704	283	520	668
320	512	704	337	520	667
384	512	704	395	521	667
448	512	704	451	521	666
512	512	704	506	521	666
576	512	704	565	522	665
640	512	704	624	522	665
704	512	704	680	523	665
768	512	704	738	523	665
832	512	704	800	524	664
896	512	704	859	525	664
960	512	704	918	525	664
1023	512	704	977	526	664
0	576	704	167	580	672
64	576	704	175	580	672
128	576	704	202	580	671
192	576	704	242	580	670
256	576	704	289	581	669
320	576	704	343	581	668
384	576	704	400	582	667
448	576	704	454	582	667
512	576	704	509	582	667
576	576	704	568	583	666
640	576	704	626	583	666
704	576	704	682	584	666
768	576	704	740	584	665
832	576	704	801	584	665
896	576	704	860	585	664
960	576	704	919	585	664
1023	576	704	978	586	664
0	640	704	181	640	672
64	640	704	190	640	672
128	640	704	213	641	672
192	640	704	252	641	671
256	640	704	298	642	669
320	640	704	350	642	669
384	640	704	405	643	668
448	640	704	459	643	668
512	640	704	514	643	668
576	640	704	572	644	667
640	640	704	629	644	667
704	640	704	684	644	666
768	640	704	742	645	666
832	640	704	804	645	666
896	640	704	861	645	665
960	640	704	921	646	665
1023	640	704	980	646	665
0	704	704	198	701	674
64	704	704	204	702	674
128	704	704	228	702	673
192	704	704	262	702	672
256	704	704	307	703	670
320	704	704	358	704	670
384	704	704	412	704	670
448	704	704	464	704	669
512	704	704	518	704	669
576	704	704	576	704	668
640	704	704	632	704	668
704	704	704	687	704	667
768	704	704	746	705	667
832	704	704	806	705	667
896	704	704	864	705	666
960	704	704	924	706	666
1023	704	704	983	707	667
0	768	704	212	764	674
64	768	704	220	764	674
128	768	704	240	764	674
192	768	704	274	764	673
256	768	704	317	765	671
320	768	704	366	765	671
384	768	704	418	765	671
448	768	704	470	765	670
512	768	704	523	765	670
576	768	704	581	765	669
640	768	704	636	766	669
704	768	704	691	767	669
768	768	704	750	767	669
832	768	704	809	767	668
896	768	704	868	767	668
960	768	704	927	767	667
1023	768	704	985	768	668
0	832	704	230	825	675
64	832	704	235	825	675
128	832	704	255	825	674
192	832	704	285	825	673
256	832	704	327	826	673
320	832	704	375	826	673
384	832	704	425	827	672
448	832	704	476	827	672
512	832	704	530	827	672
576	832	704	586	827	671
640	832	704	640	827	671
704	832	704	695	827	671
768	832	704	754	828	670
832	832	704	813	828	669
896	832	704	871	828	669
960	832	704	930	828	669
1023	832	704	988	829	669
0	896	704	245	887	677
64	896	704	250	887	677
128	896	704	269	887	676
192	896	704	298	888	674
256	896	704	338	888	674
320	896	704	385	888	674
384	896	704	433	888	674
448	896	704	483	888	673
512	896	704	536	889	673
576	896	704	593	889	673
640	896	704	645	890	673
704	896	704	700	890	672
768	896	704	758	890	672
832	896	704	816	889	671
896	896	704	874	890	671
960	896	704	933	890	670
1023	896	704	990	891	670
0	960	704	261	947	678
64	960	704	266	947	678
128	960	704	283	947	677
192	960	704	311	947	676
256	960	704	349	947	675
320	960	704	394	948	675
384	960	704	441	948	675
448	960	704	489	948	675
512	960	704	541	948	674
576	960	704	598	948	674
640	960	704	650	949	674
704	960	704	705	950	674
768	960	704	762	949	673
832	960	704	821	950	673
896	960	704	879	950	672
960	960	704	937	950	672
1023	960	704	994	951	672
0	1023	704	277	1008	680
64	1023	704	282	1008	680
128	1023	704	298	1008	678
192	1023	704	326	1008	678
256	1023	704	363	1009	678
320	1023	704	406	1009	678
384	1023	704	450	1009	677
448	1023	704	497	1008	676
512	1023	704	548	1008	676
576	1023	704	605	1009	676
640	1023	704	655	1010	676
704	1023	704	710	1010	675
768	1023	704	768	1010	675
832	1023	704	825	1009	674
896	1023	704	883	1010	674
960	1023	704	941	1010	674
1023	1023	704	998	1011	674
0	0	768	91	147	732
64	0	768	106	147	732
128	0	768	150	148	732
192	0	768	202	148	731
256	0	768	261	150	730
320	0	768	322	151	728
384	0	768	383	152	728
448	0	768	442	153	727
512	0	768	500	156	727
576	0	768	560	158	726
640	0	768	621	160	726
704	0	768	677	163	725
768	0	768	737	165	725
832	0	768	801	168	724
896	0	768	860	170	724
960	0	768	921	175	724
1023	0	768	981	178	723
0	64	768	91	157	733
64	64	768	108	157	732
128	64	768	150	158	732
192	64	768	203	159	731
256	64	768	262	160	730
320	64	768	321	160	728
384	64	768	383	163	728
448	64	768	442	164	727
512	64	768	500	165	727
576	64	768	560	167	726
640	64	768	621	169	726
704	64	768	677	172	725
768	64	768	737	174	725
832	64	768	801	177	724
896	64	768	860	179	724
960	64	768	921	182	724
1023	64	768	981	186	723
0	128	768	95	188	733
64	128	768	109	188	733
128	128	768	152	189	732
192	128	768	205	189	732
256	128	768	262	191	730
320	128	768	322	192	728
384	128	768	384	193	728
448	128	768	443	194	727
512	128	768	501	195	727
576	128	768	560	197	726
640	128	768	621	198	726
704	128	768	677	201	726
768	128	768	737	202	725
832	128	768	800	205	725
896	128	768	860	207	724
960	128	768	920	209	724
1023	128	768	980	212	723
0	192	768	101	234	734
64	192	768	114	234	734
128	192	768	156	235	733
192	192	768	207	236	732
256	192	768	264	237	731
320	192	768	323	237	728
384	192	768	384	238	728
448	192	768	443	240	727
512	192	768	501	240	727
576	192	768	560	242	727
640	192	768	621	243	726
704	192	768	677	244	726
768	192	768	736	246	725
832	192	768	800	248	725
896	192	768	859	250	724
960	192	768	919	252	724
1023	192	768	979	254	724
0	256	768	109	287	735
64	256	768	122	288	735
128	256	768	160	288	734
192	256	768	209	288	734
256	256	768	266	289	732
320	256	768	325	290	729
384	256	768	385	291	728
448	256	768	443	292	728
512	256	768	501	293	727
576	256	768	560	294	727
640	256	768	621	295	726
704	256	768	677	296	723
768	256	768	736	297	723
832	256	768	798	298	722
896	256	768	858	299	722
960	256	768	918	302	722
1023	256	768	978	303	722
0	320	768	119	344	730
64	320	768	130	344	730
128	320	768	166	344	730
192	320	768	215	344	729
256	320	768	269	346	728
320	320	768	327	346	726
384	320	768	387	347	726
448	320	768	445	348	725
512	320	768	502	348	725
576	320	768	561	349	725
640	320	768	622	350	724
704	320	768	677	351	724
768	320	768	736	352	724
832	320	768	798	353	723
896	320	768	857	353	722
960	320	768	918	355	722
1023	320	768	977	356	722
0	384	768	130	403	728
64	384	768	141	403	728
128	384	768	174	403	728
192	384	768	221	404	727
256	384	768	273	405	726
320	384	768	330	405	725
384	384	768	390	406	726
448	384	768	447	406	725
512	384	768	504	407	724
576	384	768	562	407	724
640	384	768	622	408	724
704	384	768	678	409	724
768	384	768	737	410	723
832	384	768	799	410	722
896	384	768	857	411	722
960	384	768	917	412	722
1023	384	768	977	413	722
0	448	768	143	462	731
64	448	768	152	462	731
128	448	768	183	462	730
192	448	768	228	462	730
256	448	768	278	463	729
320	448	768	334	464	726
384	448	768	393	465	726
448	448	768	449	465	726
512	448	768	505	465	725
576	448	768	564	465	725
640	448	768	624	466	724
704	448	768	679	467	724
768	448	768	738	467	724
832	448	768	800	468	723
896	448	768	859	469	723
960	448	768	918	469	722
1023	448	768	977	471	722
0	512	768	157	521	730
64	512	768	166	521	730
128	512	768	193	522	730
192	512	768	235	522	729
256	512	768	284	523	729
320	512	768	340	524	726
384	512	768	397	525	726
448	512	768	452	525	726
512	512	768	508	525	725
576	512	768	567	525	725
640	512	768	626	526	725
704	512	768	681	527	725
768	512	768	739	527	724
832	512	768	801	527	723
896	512	768	860	528	723
960	512	768	919	529	723
1023	512	768	978	530	723
0	576	768	171	582	731
64	576	768	179	582	731
128	576	768	204	583	730
192	576	768	245	584	730
256	576	768	292	584	729
320	576	768	345	585	727
384	576	768	402	585	727
448	576	768	456	585	726
512	576	768	511	586	726
576	576	768	570	586	726
640	576	768	628	586	725
704	576	768	683	587	725
768	576	768	742	588	725
832	576	768	803	587	724
896	576	768	861	588	723
960	576	768	921	588	723
1023	576	768	980	590	723
0	640	768	186	643	732
64	640	768	193	644	732
128	640	768	217	644	732
192	640	768	254	645	731
256	640	768	300	645	728
320	640	768	352	646	728
384	640	768	407	646	727
448	640	768	461	646	727
512	640	768	515	646	727
576	640	768	573	647	726
640	640	768	631	647	726
704	640	768	686	648	726
768	640	768	744	648	725
832	640	768	805	648	724
896	640	768	863	648	724
960	640	768	923	649	724
1023	640	768	981	650	724
0	704	768	201	704	731
64	704	768	207	704	731
128	704	768	230	705	730
192	704	768	265	705	730
256	704	768	308	706	729
320	704	768	360	706	729
384	704	768	413	707	728
448	704	768	466	707	728
512	704	768	520	707	727
576	704	768	578	707	727
640	704	768	634	708	727
704	704	768	689	708	727
768	704	768	747	707	726
832	704	768	807	707	725
896	704	768	866	708	725
960	704	768	925	708	725
1023	704	768	983	709	725
0	768	768	215	767	733
64	768	768	223	767	733
128	768	768	243	767	733
192	768	768	276	767	732
256	768	768	319	768	730
320	768	768	368	768	730
384	768	768	420	768	730
448	768	768	471	768	729
512	768	768	525	769	729
576	768	768	583	769	729
640	768	768	638	769	728
704	768	768	693	770	728
768	768	768	752	770	727
832	768	768	811	769	727
896	768	768	869	769	726
960	768	768	928	770	726
1023	768	768	987	771	726
0	832	768	232	828	733
64	832	768	238	828	733
128	832	768	257	829	733
192	832	768	289	829	732
256	832	768	329	829	731
320	832	768	377	829	731
384	832	768	427	829	731
448	832	768	478	830	730
512	832	768	531	830	730
576	832	768	589	830	730
640	832	768	642	830	729
704	832	768	697	830	729
768	832	768	756	830	728
832	832	768	814	830	728
896	832	768	873	830	728
960	832	768	932	831	727
1023	832	768	989	832	727
0	896	768	248	890	737
64	896	768	253	890	737
128	896	768	270	890	736
192	896	768	300	890	733
256	896	768	340	890	733
320	896	768	386	891	733
384	896	768	434	891	732
448	896	768	484	890	731
512	896	768	537	891	731
576	896	768	594	891	731
640	896	768	646	892	730
704	896	768	702	892	730
768	896	768	760	892	729
832	896	768	818	892	729
896	896	768	876	892	729
960	896	768	935	893	729
1023	896	768	992	893	729
0	960	768	263	949	737
64	960	768	268	949	737
128	960	768	285	949	737
192	960	768	313	950	734
256	960	768	351	950	734
320	960	768	396	950	734
384	960	768	442	950	733
448	960	768	491	950	733
512	960	768	543	951	733
576	960	768	600	951	732
640	960	768	651	952	732
704	960	768	706	952	732
768	960	768	764	952	731
832	960	768	822	952	731
896	960	768	880	952	730
960	960	768	938	953	730
1023	960	768	996	954	730
0	1023	768	280	1011	739
64	1023	768	284	1011	739
128	1023	768	300	1011	736
192	1023	768	327	1011	736
256	1023	768	364	1011	736
320	1023	768	407	1011	735
384	1023	768	451	1011	735
448	1023	768	499	1011	734
512	1023	768	550	1011	734
576	1023	768	607	1012	734
640	1023	768	657	1012	734
704	1023	768	711	1012	733
768	1023	768	770	1012	733
832	1023	768	826	1012	732
896	1023	768	884	1012	732
960	1023	768	942	1013	732
1023	1023	768	999	1014	732
0	0	832	97	160	796
64	0	832	114	160	796
128	0	832	153	161	796
192	0	832	206	161	796
256	0	832	264	162	796
320	0	832	323	163	794
384	0	832	385	165	794
448	0	832	444	166	794
512	0	832	502	167	793
576	0	832	561	169	792
640	0	832	623	171	792
704	0	832	679	173	791
768	0	832	739	176	791
832	0	832	802	179	790
896	0	832	862	182	790
960	0	832	922	185	790
1023	0	832	982	188	789
0	64	832	99	169	797
64	64	832	114	169	797
128	64	832	155	169	797
192	64	832	207	170	796
256	64	832	264	172	796
320	64	832	323	172	794
384	64	832	385	173	794
448	64	832	444	175	794
512	64	832	502	177	793
576	64	832	562	179	793
640	64	832	623	180	792
704	64	832	679	182	791
768	64	832	739	185	791
832	64	832	802	188	791
896	64	832	862	190	790
960	64	832	922	193	790
1023	64	832	982	196	789
0	128	832	103	198	798
64	128	832	117	198	798
128	128	832	157	199	798
192	128	832	208	199	797
256	128	832	265	201	797
320	128	832	324	201	794
384	128	832	385	202	794
448	128	832	444	203	794
512	128	832	502	205	793
576	128	832	561	206	793
640	128	832	623	208	792
704	128	832	678	209	791
768	128	832	739	212	791
832	128	832	802	214	791
896	128	832	861	216	790
960	128	832	922	219	790
1023	128	832	982	222	790
0	192	832	108	242	799
64	192	832	122	242	799
128	192	832	160	242	799
192	192	832	209	243	799
256	192	832	266	244	799
320	192	832	325	245	795
384	192	832	386	245	794
448	192	832	444	247	794
512	192	832	502	248	794
576	192	832	562	250	793
640	192	832	623	251	792
704	192	832	678	252	792
768	192	832	738	254	792
832	192	832	801	256	791
896	192	832	861	258	790
960	192	832	921	259	790
1023	192	832	981	262	790
0	256	832	114	293	801
64	256	832	129	293	801
128	256	832	164	294	792
192	256	832	213	295	792
256	256	832	269	296	792
320	256	832	326	296	790
384	256	832	387	297	790
448	256	832	445	298	790
512	256	832	503	299	789
576	256	832	562	300	789
640	256	832	623	301	788
704	256	832	678	302	788
768	256	832	738	303	788
832	256	832	800	305	787
896	256	832	860	306	787
960	256	832	920	308	787
1023	256	832	980	309	787
0	320	832	125	349	795
64	320	832	137	349	795
128	320	832	171	350	795
192	320	832	218	350	795
256	320	832	271	351	795
320	320	832	329	352	791
384	320	832	389	352	791
448	320	832	446	353	790
512	320	832	504	354	790
576	320	832	563	354	789
640	320	832	623	355	789
704	320	832	679	356	788
768	320	832	738	357	788
832	320	832	801	358	787
896	320	832	860	359	788
960	320	832	920	361	787
1023	320	832	980	363	787
0	384	832	136	407	792
64	384	832	147	407	792
128	384	832	179	408	792
192	384	832	223	409	792
256	384	832	276	409	791
320	384	832	332	410	790
384	384	832	392	410	790
448	384	832	448	411	789
512	384	832	505	411	789
576	384	832	564	412	788
640	384	832	624	412	788
704	384	832	680	413	788
768	384	832	739	414	788
832	384	832	801	415	787
896	384	832	860	415	786
960	384	832	920	416	786
1023	384	832	979	418	787
0	448	832	149	466	796
64	448	832	158	466	796
128	448	832	188	467	796
192	448	832	230	467	796
256	448	832	281	468	796
320	448	832	337	469	791
384	448	832	396	470	791
448	448	832	451	469	790
512	448	832	507	469	789
576	448	832	566	470	789
640	448	832	626	471	789
704	448	832	682	472	788
768	448	832	740	472	788
832	448	832	802	473	788
896	448	832	861	473	787
960	448	832	920	474	787
1023	448	832	979	475	787
0	512	832	161	526	796
64	512	832	169	526	796
128	512	832	197	526	796
192	512	832	238	526	796
256	512	832	287	527	795
320	512	832	342	528	791
384	512	832	400	529	791
448	512	832	455	529	791
512	512	832	510	529	790
576	512	832	569	530	789
640	512	832	628	530	789
704	512	832	683	531	789
768	512	832	741	531	789
832	512	832	803	531	788
896	512	832	861	531	788
960	512	832	921	532	788
1023	512	832	981	534	787
0	576	832	175	586	795
64	576	832	182	586	795
128	576	832	208	587	795
192	576	832	247	587	795
256	576	832	294	588	791
320	576	832	348	588	791
384	576	832	404	589	791
448	576	832	458	589	791
512	576	832	514	590	790
576	576	832	572	590	790
640	576	832	630	590	790
704	576	832	685	590	789
768	576	832	744	591	789
832	576	832	805	591	788
896	576	832	864	592	787
960	576	832	923	592	787
1023	576	832	982	593	788
0	640	832	188	647	796
64	640	832	195	647	796
128	640	832	220	648	795
192	640	832	256	649	794
256	640	832	302	649	793
320	640	832	354	650	792
384	640	832	409	650	792
448	640	832	463	650	792
512	640	832	517	650	791
576	640	832	576	650	791
640	640	832	633	651	791
704	640	832	688	652	790
768	640	832	747	652	790
832	640	832	807	651	789
896	640	832	866	652	789
960	640	832	925	653	788
1023	640	832	983	653	788
0	704	832	204	708	797
64	704	832	210	708	797
128	704	832	233	708	796
192	704	832	267	709	795
256	704	832	311	710	794
320	704	832	363	710	793
384	704	832	416	710	793
448	704	832	468	710	793
512	704	832	522	710	792
576	704	832	580	710	792
640	704	832	636	711	791
704	704	832	691	711	791
768	704	832	750	711	791
832	704	832	809	711	790
896	704	832	868	711	790
960	704	832	927	712	789
1023	704	832	986	713	789
0	768	832	219	769	797
64	768	832	225	769	797
128	768	832	245	770	796
192	768	832	278	771	795
256	768	832	321	771	794
320	768	832	370	771	794
384	768	832	421	771	794
448	768	832	473	771	793
512	768	832	527	771	793
576	768	832	585	772	793
640	768	832	640	772	793
704	768	832	695	773	793
768	768	832	754	773	792
832	768	832	813	773	792
896	768	832	871	773	790
960	768	832	931	774	791
1023	768	832	989	775	791
0	832	832	235	831	798
64	832	832	240	831	798
128	832	832	259	831	797
192	832	832	290	832	796
256	832	832	331	832	796
320	832	832	379	832	795
384	832	832	428	832	795
448	832	832	479	832	794
512	832	832	533	833	794
576	832	832	590	833	794
640	832	832	644	834	794
704	832	832	699	834	794
768	832	832	758	834	793
832	832	832	816	833	792
896	832	832	875	834	792
960	832	832	933	834	792
1023	832	832	992	835	791
0	896	832	250	893	799
64	896	832	255	893	799
128	896	832	273	893	798
192	896	832	303	893	797
256	896	832	342	894	797
320	896	832	388	894	796
384	896	832	436	894	796
448	896	832	486	894	796
512	896	832	539	895	796
576	896	832	596	894	795
640	896	832	649	896	796
704	896	832	704	896	795
768	896	832	762	895	794
832	896	832	820	896	794
896	896	832	878	896	793
960	896	832	937	896	793
1023	896	832	994	897	793
0	960	832	266	953	800
64	960	832	270	953	800
128	960	832	287	953	800
192	960	832	315	953	798
256	960	832	353	953	798
320	960	832	398	953	798
384	960	832	444	953	797
448	960	832	493	954	797
512	960	832	545	954	797
576	960	832	602	954	796
640	960	832	653	954	796
704	960	832	708	955	796
768	960	832	767	956	796
832	960	832	824	955	795
896	960	832	883	956	795
960	960	832	941	956	795
1023	960	832	998	957	795
0	1023	832	282	1013	801
64	1023	832	286	1013	801
128	1023	832	302	1013	800
192	1023	832	329	1014	800
256	1023	832	366	1014	800
320	1023	832	408	1014	799
384	1023	832	453	1014	799
448	1023	832	501	1014	798
512	1023	832	552	1014	798
576	1023	832	609	1014	798
640	1023	832	659	1015	798
704	1023	832	714	1015	798
768	1023	832	772	1015	797
832	1023	832	829	1015	796
896	1023	832	886	1015	796
960	1023	832	945	1016	796
1023	1023	832	1002	1017	796
0	0	896	104	172	857
64	0	896	120	172	857
128	0	896	158	172	856
192	0	896	209	174	856
256	0	896	267	175	855
320	0	896	326	176	853
384	0	896	387	177	853
448	0	896	446	179	852
512	0	896	504	179	851
576	0	896	563	181	851
640	0	896	625	184	850
704	0	896	681	186	850
768	0	896	741	188	850
832	0	896	803	191	848
896	0	896	863	193	848
960	0	896	923	195	847
1023	0	896	983	199	847
0	64	896	106	180	857
64	64	896	120	181	857
128	64	896	159	181	856
192	64	896	210	182	856
256	64	896	267	183	855
320	64	896	326	184	853
384	64	896	388	185	853
448	64	896	446	188	852
512	64	896	504	188	851
576	64	896	564	190	851
640	64	896	625	192	850
704	64	896	681	193	850
768	64	896	741	196	850
832	64	896	803	198	848
896	64	896	863	201	848
960	64	896	923	203	847
1023	64	896	983	206	847
0	128	896	109	208	857
64	128	896	123	208	857
128	128	896	161	209	857
192	128	896	211	209	856
256	128	896	267	210	855
320	128	896	327	212	853
384	128	896	388	212	853
448	128	896	446	214	852
512	128	896	504	215	852
576	128	896	563	216	851
640	128	896	625	219	850
704	128	896	681	221	850
768	128	896	740	223	850
832	128	896	803	224	848
896	128	896	862	226	848
960	128	896	922	228	847
1023	128	896	982	231	847
0	192	896	114	250	858
64	192	896	128	250	858
128	192	896	164	250	857
192	192	896	213	252	857
256	192	896	269	252	856
320	192	896	327	253	853
384	192	896	388	254	853
448	192	896	447	256	853
512	192	896	504	256	852
576	192	896	563	258	851
640	192	896	625	259	851
704	192	896	680	261	850
768	192	896	740	262	850
832	192	896	802	263	848
896	192	896	861	265	848
960	192	896	921	266	847
1023	192	896	981	269	847
0	256	896	120	300	854
64	256	896	134	300	853
128	256	896	168	301	853
192	256	896	216	301	852
256	256	896	271	303	851
320	256	896	329	303	850
384	256	896	389	304	850
448	256	896	447	305	849
512	256	896	505	306	848
576	256	896	564	307	848
640	256	896	625	308	847
704	256	896	680	308	847
768	256	896	739	310	846
832	256	896	802	311	846
896	256	896	861	312	845
960	256	896	920	314	845
1023	256	896	980	316	845
0	320	896	130	355	855
64	320	896	142	355	855
128	320	896	175	355	855
192	320	896	221	356	854
256	320	896	274	357	853
320	320	896	331	357	850
384	320	896	391	358	850
448	320	896	448	359	849
512	320	896	505	359	849
576	320	896	564	360	848
640	320	896	625	361	848
704	320	896	680	363	847
768	320	896	739	363	847
832	320	896	802	364	846
896	320	896	861	365	846
960	320	896	921	366	845
1023	320	896	980	368	845
0	384	896	141	412	853
64	384	896	151	412	852
128	384	896	182	412	852
192	384	896	226	413	851
256	384	896	277	414	851
320	384	896	334	414	849
384	384	896	393	415	849
448	384	896	450	415	848
512	384	896	506	416	848
576	384	896	566	416	847
640	384	896	625	417	847
704	384	896	681	418	847
768	384	896	740	418	846
832	384	896	802	419	846
896	384	896	861	420	845
960	384	896	921	421	845
1023	384	896	980	422	845
0	448	896	153	470	855
64	448	896	162	470	855
128	448	896	191	471	855
192	448	896	233	471	854
256	448	896	283	472	853
320	448	896	339	472	850
384	448	896	397	473	850
448	448	896	453	473	849
512	448	896	509	474	848
576	448	896	568	474	848
640	448	896	627	475	847
704	448	896	683	476	847
768	448	896	742	476	847
832	448	896	803	477	846
896	448	896	862	477	845
960	448	896	921	477	845
1023	448	896	980	479	845
0	512	896	165	529	854
64	512	896	173	529	854
128	512	896	200	530	854
192	512	896	241	530	853
256	512	896	289	531	852
320	512	896	343	532	850
384	512	896	401	532	849
448	512	896	456	532	849
512	512	896	512	533	848
576	512	896	570	533	848
640	512	896	629	534	847
704	512	896	685	535	847
768	512	896	743	535	847
832	512	896	805	535	846
896	512	896	863	535	846
960	512	896	923	536	846
1023	512	896	982	537	845
0	576	896	179	590	854
64	576	896	186	590	854
128	576	896	211	590	854
192	576	896	249	590	853
256	576	896	295	591	850
320	576	896	349	591	849
384	576	896	405	592	849
448	576	896	459	592	849
512	576	896	515	593	848
576	576	896	573	593	848
640	576	896	631	593	848
704	576	896	686	594	848
768	576	896	745	594	847
832	576	896	806	595	847
896	576	896	865	595	846
960	576	896	925	596	846
1023	576	896	983	597	846
0	640	896	192	650	855
64	640	896	198	650	855
128	640	896	223	651	855
192	640	896	259	651	854
256	640	896	304	652	850
320	640	896	356	652	850
384	640	896	411	652	850
448	640	896	464	653	849
512	640	896	519	653	849
576	640	896	577	654	849
640	640	896	634	654	848
704	640	896	689	654	848
768	640	896	747	655	847
832	640	896	809	655	847
896	640	896	867	655	847
960	640	896	926	655	846
1023	640	896	985	657	847
0	704	896	206	710	853
64	704	896	213	710	853
128	704	896	235	711	853
192	704	896	269	711	852
256	704	896	313	712	851
320	704	896	364	712	851
384	704	896	416	712	850
448	704	896	469	712	850
512	704	896	523	713	850
576	704	896	581	713	849
640	704	896	637	713	849
704	704	896	692	713	849
768	704	896	751	714	848
832	704	896	811	714	848
896	704	896	870	714	848
960	704	896	929	715	848
1023	704	896	987	716	848
0	768	896	222	772	856
64	768	896	228	772	856
128	768	896	248	772	855
192	768	896	280	773	855
256	768	896	322	773	852
320	768	896	372	773	852
384	768	896	423	774	852
448	768	896	475	774	852
512	768	896	528	774	851
576	768	896	586	774	850
640	768	896	641	775	851
704	768	896	696	776	850
768	768	896	755	775	850
832	768	896	814	776	849
896	768	896	873	776	849
960	768	896	932	777	849
1023	768	896	989	777	849
0	832	896	238	833	855
64	832	896	243	833	855
128	832	896	262	833	855
192	832	896	292	834	854
256	832	896	333	834	853
320	832	896	381	834	853
384	832	896	430	835	853
448	832	896	481	835	853
512	832	896	534	835	852
576	832	896	592	835	852
640	832	896	645	836	852
704	832	896	700	836	851
768	832	896	759	836	851
832	832	896	818	836	851
896	832	896	876	837	850
960	832	896	934	837	850
1023	832	896	992	838	850
0	896	896	253	895	859
64	896	896	258	895	859
128	896	896	275	895	858
192	896	896	305	896	855
256	896	896	344	896	855
320	896	896	390	896	855
384	896	896	438	897	854
448	896	896	488	897	854
512	896	896	540	897	854
576	896	896	597	897	853
640	896	896	649	897	853
704	896	896	705	898	852
768	896	896	763	897	852
832	896	896	821	897	852
896	896	896	879	898	851
960	896	896	937	898	851
1023	896	896	995	899	851
0	960	896	268	955	860
64	960	896	272	955	860
128	960	896	289	955	859
192	960	896	317	955	856
256	960	896	355	956	856
320	960	896	400	956	856
384	960	896	445	956	855
448	960	896	494	956	855
512	960	896	546	956	855
576	960	896	603	956	854
640	960	896	654	957	854
704	960	896	709	957	853
768	960	896	767	956	853
832	960	896	825	957	853
896	960	896	883	957	853
960	960	896	941	958	852
1023	960	896	998	959	852
0	1023	896	283	1015	861
64	1023	896	288	1015	861
128	1023	896	304	1015	858
192	1023	896	331	1015	858
256	1023	896	368	1016	858
320	1023	896	410	1017	857
384	1023	896	454	1016	857
448	1023	896	502	1016	856
512	1023	896	553	1016	856
576	1023	896	610	1016	856
640	1023	896	661	1018	856
704	1023	896	715	1018	856
768	1023	896	772	1016	854
832	1023	896	829	1017	854
896	1023	896	887	1017	854
960	1023	896	945	1018	854
1023	1023	896	1002	1018	854
0	0	960	113	185	918
64	0	960	126	185	918
128	0	960	163	185	917
192	0	960	212	186	916
256	0	960	269	188	914
320	0	960	327	188	913
384	0	960	389	188	912
448	0	960	447	191	912
512	0	960	504	192	911
576	0	960	564	193	910
640	0	960	625	195	910
704	0	960	681	197	910
768	0	960	741	199	909
832	0	960	804	202	908
896	0	960	863	204	907
960	0	960	923	206	907
1023	0	960	983	209	907
0	64	960	113	193	918
64	64	960	128	193	918
128	64	960	163	193	917
192	64	960	213	193	916
256	64	960	269	194	914
320	64	960	327	196	913
384	64	960	389	197	912
448	64	960	447	198	912
512	64	960	505	199	911
576	64	960	564	201	910
640	64	960	625	203	910
704	64	960	681	205	910
768	64	960	741	206	909
832	64	960	803	209	908
896	64	960	863	211	907
960	64	960	923	214	907
1023	64	960	983	216	907
0	128	960	116	219	918
64	128	960	129	219	918
128	128	960	165	219	917
192	128	960	215	220	916
256	128	960	269	221	915
320	128	960	328	222	913
384	128	960	389	223	912
448	128	960	447	225	912
512	128	960	505	225	911
576	128	960	564	226	910
640	128	960	625	228	910
704	128	960	681	230	910
768	128	960	741	232	909
832	128	960	803	234	908
896	128	960	862	235	907
960	128	960	923	238	907
1023	128	960	982	240	907
0	192	960	120	258	918
64	192	960	133	258	918
128	192	960	168	259	917
192	192	960	216	259	916
256	192	960	271	261	915
320	192	960	329	261	913
384	192	960	389	262	912
448	192	960	447	263	912
512	192	960	505	264	911
576	192	960	564	265	910
640	192	960	625	267	910
704	192	960	681	268	910
768	192	960	740	270	909
832	192	960	802	271	908
896	192	960	861	272	907
960	192	960	922	275	907
1023	192	960	981	276	907
0	256	960	128	306	915
64	256	960	139	306	915
128	256	960	173	307	915
192	256	960	220	308	913
256	256	960	273	309	912
320	256	960	331	309	910
384	256	960	390	310	910
448	256	960	448	311	909
512	256	960	505	312	908
576	256	960	564	312	908
640	256	960	625	314	908
704	256	960	681	315	907
768	256	960	740	316	906
832	256	960	802	317	906
896	256	960	861	318	906
960	256	960	922	320	906
1023	256	960	981	322	906
0	320	960	136	360	916
64	320	960	147	360	916
128	320	960	178	361	915
192	320	960	224	361	914
256	320	960	276	362	912
320	320	960	333	363	911
384	320	960	392	363	910
448	320	960	449	364	910
512	320	960	506	365	909
576	320	960	565	365	908
640	320	960	626	366	908
704	320	960	681	367	907
768	320	960	740	368	907
832	320	960	802	369	906
896	320	960	861	370	906
960	320	960	922	372	906
1023	320	960	981	373	906
0	384	960	145	416	915
64	384	960	155	416	914
128	384	960	185	416	914
192	384	960	229	417	913
256	384	960	280	418	911
320	384	960	336	418	910
384	384	960	395	419	910
448	384	960	451	420	909
512	384	960	508	420	908
576	384	960	567	421	908
640	384	960	626	421	907
704	384	960	682	422	907
768	384	960	740	423	906
832	384	960	803	424	906
896	384	960	862	424	905
960	384	960	922	426	905
1023	384	960	981	427	905
0	448	960	157	474	916
64	448	960	166	474	916
128	448	960	193	474	915
192	448	960	236	475	914
256	448	960	284	475	913
320	448	960	340	476	910
384	448	960	399	477	910
448	448	960	454	477	910
512	448	960	510	477	909
576	448	960	569	478	908
640	448	960	628	478	908
704	448	960	683	479	907
768	448	960	742	480	907
832	448	960	804	480	906
896	448	960	863	480	906
960	448	960	922	481	906
1023	448	960	981	483	906
0	512	960	170	532	915
64	512	960	178	533	915
128	512	960	202	533	915
192	512	960	243	533	913
256	512	960	291	534	912
320	512	960	345	535	910
384	512	960	402	535	909
448	512	960	457	536	909
512	512	960	513	536	909
576	512	960	571	536	908
640	512	960	630	537	908
704	512	960	685	538	908
768	512	960	743	538	907
832	512	960	805	538	906
896	512	960	864	539	906
960	512	960	924	540	906
1023	512	960	982	541	906
0	576	960	182	593	916
64	576	960	189	593	915
128	576	960	213	593	915
192	576	960	252	594	914
256	576	960	298	594	910
320	576	960	350	595	910
384	576	960	407	595	909
448	576	960	461	595	909
512	576	960	516	596	909
576	576	960	574	596	908
640	576	960	632	597	908
704	576	960	687	597	908
768	576	960	745	597	907
832	576	960	807	598	907
896	576	960	866	598	907
960	576	960	925	599	907
1023	576	960	983	600	906
0	640	960	196	653	916
64	640	960	202	653	916
128	640	960	225	653	915
192	640	960	261	654	914
256	640	960	306	654	911
320	640	960	357	655	910
384	640	960	412	655	910
448	640	960	465	655	910
512	640	960	519	655	909
576	640	960	578	656	909
640	640	960	635	656	909
704	640	960	690	657	909
768	640	960	748	657	908
832	640	960	809	657	907
896	640	960	867	657	907
960	640	960	927	658	907
1023	640	960	986	660	907
0	704	960	209	713	914
64	704	960	215	713	914
128	704	960	238	713	914
192	704	960	271	714	913
256	704	960	314	714	911
320	704	960	365	714	911
384	704	960	417	714	911
448	704	960	470	715	910
512	704	960	524	715	910
576	704	960	582	715	910
640	704	960	638	716	910
704	704	960	693	716	910
768	704	960	752	716	909
832	704	960	812	716	909
896	704	960	871	717	908
960	704	960	929	717	908
1023	704	960	988	718	908
0	768	960	224	774	916
64	768	960	231	774	916
128	768	960	250	775	916
192	768	960	282	775	915
256	768	960	324	776	913
320	768	960	373	776	912
384	768	960	424	776	912
448	768	960	475	776	912
512	768	960	529	776	911
576	768	960	587	776	911
640	768	960	642	777	911
704	768	960	697	778	911
768	768	960	756	778	910
832	768	960	815	778	910
896	768	960	873	778	909
960	768	960	932	779	909
1023	768	960	990	780	909
0	832	960	240	835	916
64	832	960	245	835	916
128	832	960	263	835	915
192	832	960	294	835	914
256	832	960	334	836	914
320	832	960	382	836	913
384	832	960	431	836	913
448	832	960	481	837	913
512	832	960	535	837	912
576	832	960	592	837	912
640	832	960	646	837	912
704	832	960	701	838	912
768	832	960	760	838	911
832	832	960	819	838	911
896	832	960	877	839	911
960	832	960	936	839	910
1023	832	960	993	840	910
0	896	960	255	897	919
64	896	960	260	897	918
128	896	960	277	898	918
192	896	960	306	898	915
256	896	960	345	898	915
320	896	960	391	898	915
384	896	960	439	899	915
448	896	960	489	899	914
512	896	960	541	898	913
576	896	960	598	899	913
640	896	960	651	899	913
704	896	960	705	899	913
768	896	960	764	900	912
832	896	960	821	899	912
896	896	960	880	900	911
960	896	960	938	900	911
1023	896	960	995	901	911
0	960	960	270	956	919
64	960	960	274	956	919
128	960	960	291	957	918
192	960	960	319	957	916
256	960	960	357	957	916
320	960	960	401	958	916
384	960	960	447	958	916
448	960	960	495	957	915
512	960	960	547	958	915
576	960	960	604	958	914
640	960	960	655	959	914
704	960	960	710	959	914
768	960	960	768	959	913
832	960	960	826	959	913
896	960	960	883	959	913
960	960	960	942	959	912
1023	960	960	999	960	912
0	1023	960	285	1017	920
64	1023	960	290	1017	920
128	1023	960	305	1017	918
192	1023	960	332	1017	918
256	1023	960	368	1017	917
320	1023	960	411	1017	917
384	1023	960	455	1017	917
448	1023	960	503	1018	916
512	1023	960	554	1018	916
576	1023	960	611	1018	916
640	1023	960	660	1019	916
704	1023	960	716	1019	916
768	1023	960	774	1019	915
832	1023	960	830	1019	914
896	1023	960	888	1019	914
960	1023	960	946	1019	914
1023	1023	960	1003	1020	914
0	0	1023	120	197	977
64	0	1023	133	197	977
128	0	1023	167	197	976
192	0	1023	216	198	975
256	0	1023	271	198	973
320	0	1023	329	200	971
384	0	1023	390	201	970
448	0	1023	448	202	970
512	0	1023	506	204	970
576	0	1023	565	206	969
640	0	1023	626	207	968
704	0	1023	682	209	968
768	0	1023	741	211	967
832	0	1023	805	213	967
896	0	1023	865	215	967
960	0	1023	924	218	966
1023	0	1023	984	221	965
0	64	1023	122	204	977
64	64	1023	133	204	977
128	64	1023	168	205	976
192	64	1023	217	206	975
256	64	1023	271	206	973
320	64	1023	329	207	971
384	64	1023	390	208	970
448	64	1023	448	209	970
512	64	1023	506	211	970
576	64	1023	565	212	969
640	64	1023	626	214	969
704	64	1023	682	216	968
768	64	1023	741	218	967
832	64	1023	805	221	967
896	64	1023	865	223	967
960	64	1023	924	225	966
1023	64	1023	983	228	965
0	128	1023	125	229	977
64	128	1023	136	229	977
128	128	1023	170	230	976
192	128	1023	217	230	975
256	128	1023	272	231	973
320	128	1023	330	232	971
384	128	1023	390	233	970
448	128	1023	448	234	970
512	128	1023	506	236	970
576	128	1023	565	237	969
640	128	1023	626	238	969
704	128	1023	682	240	968
768	128	1023	741	242	967
832	128	1023	804	243	967
896	128	1023	864	245	967
960	128	1023	924	247	966
1023	128	1023	983	250	965
0	192	1023	129	267	977
64	192	1023	139	267	977
128	192	1023	173	267	976
192	192	1023	220	268	975
256	192	1023	273	269	973
320	192	1023	331	270	971
384	192	1023	390	270	970
448	192	1023	448	271	970
512	192	1023	506	272	970
576	192	1023	565	274	969
640	192	1023	626	275	969
704	192	1023	682	276	968
768	192	1023	741	278	967
832	192	1023	804	280	967
896	192	1023	863	281	967
960	192	1023	923	282	966
1023	192	1023	982	284	965
0	256	1023	133	313	976
64	256	1023	145	313	976
128	256	1023	177	314	975
192	256	1023	223	315	973
256	256	1023	275	315	971
320	256	1023	332	316	969
384	256	1023	392	317	969
448	256	1023	449	318	969
512	256	1023	507	319	968
576	256	1023	566	320	967
640	256	1023	626	321	967
704	256	1023	682	322	966
768	256	1023	741	323	965
832	256	1023	803	324	965
896	256	1023	863	325	964
960	256	1023	922	327	964
1023	256	1023	981	328	964
0	320	1023	142	366	976
64	320	1023	152	366	976
128	320	1023	182	367	975
192	320	1023	227	367	973
256	320	1023	278	368	971
320	320	1023	335	368	970
384	320	1023	394	369	970
448	320	1023	451	370	969
512	320	1023	508	371	968
576	320	1023	567	372	968
640	320	1023	626	372	967
704	320	1023	682	373	966
768	320	1023	741	374	965
832	320	1023	804	375	965
896	320	1023	862	376	964
960	320	1023	922	377	964
1023	320	1023	981	379	964
0	384	1023	151	421	974
64	384	1023	161	421	974
128	384	1023	189	422	973
192	384	1023	232	422	972
256	384	1023	282	423	971
320	384	1023	338	424	970
384	384	1023	397	424	969
448	384	1023	453	425	968
512	384	1023	509	425	967
576	384	1023	568	426	966
640	384	1023	627	426	966
704	384	1023	683	427	966
768	384	1023	742	428	965
832	384	1023	804	428	964
896	384	1023	863	429	964
960	384	1023	922	430	964
1023	384	1023	981	432	964
0	448	1023	163	478	975
64	448	1023	171	478	975
128	448	1023	198	478	974
192	448	1023	239	479	973
256	448	1023	288	480	971
320	448	1023	343	481	970
384	448	1023	400	481	969
448	448	1023	455	481	968
512	448	1023	511	481	967
576	448	1023	570	482	967
640	448	1023	629	482	966
704	448	1023	685	483	966
768	448	1023	743	484	966
832	448	1023	805	484	965
896	448	1023	864	485	964
960	448	1023	923	486	964
1023	448	1023	982	487	964
0	512	1023	174	536	975
64	512	1023	181	536	974
128	512	1023	206	537	974
192	512	1023	247	538	972
256	512	1023	293	538	970
320	512	1023	347	538	969
384	512	1023	404	538	968
448	512	1023	459	539	968
512	512	1023	514	540	967
576	512	1023	573	540	967
640	512	1023	631	541	967
704	512	1023	686	541	966
768	512	1023	745	542	966
832	512	1023	806	542	965
896	512	1023	865	542	965
960	512	1023	924	543	964
1023	512	1023	983	545	965
0	576	1023	187	596	974
64	576	1023	193	596	974
128	576	1023	217	597	973
192	576	1023	254	597	972
256	576	1023	300	598	969
320	576	1023	353	598	969
384	576	1023	408	598	968
448	576	1023	462	599	968
512	576	1023	517	599	968
576	576	1023	576	599	967
640	576	1023	633	600	967
704	576	1023	688	601	967
768	576	1023	747	601	966
832	576	1023	807	600	965
896	576	1023	867	601	965
960	576	1023	926	602	965
1023	576	1023	984	603	965
0	640	1023	199	656	974
64	640	1023	206	656	974
128	640	1023	229	656	973
192	640	1023	264	657	972
256	640	1023	308	658	970
320	640	1023	360	658	969
384	640	1023	414	658	969
448	640	1023	467	659	969
512	640	1023	521	659	968
576	640	1023	579	659	968
640	640	1023	636	659	967
704	640	1023	691	660	967
768	640	1023	750	660	967
832	640	1023	810	660	966
896	640	1023	869	661	966
960	640	1023	928	661	966
1023	640	1023	987	662	966
0	704	1023	213	715	974
64	704	1023	221	716	973
128	704	1023	241	716	973
192	704	1023	274	717	972
256	704	1023	317	717	970
320	704	1023	367	717	970
384	704	1023	419	717	970
448	704	1023	472	718	970
512	704	1023	526	718	970
576	704	1023	584	719	969
640	704	1023	640	719	969
704	704	1023	695	719	969
768	704	1023	754	720	968
832	704	1023	813	719	967
896	704	1023	872	720	967
960	704	1023	930	720	967
1023	704	1023	988	721	967
0	768	1023	228	777	975
64	768	1023	233	777	974
128	768	1023	253	777	974
192	768	1023	284	778	973
256	768	1023	326	778	971
320	768	1023	375	778	971
384	768	1023	426	779	971
448	768	1023	477	779	971
512	768	1023	531	780	970
576	768	1023	589	780	970
640	768	1023	643	780	970
704	768	1023	699	781	970
768	768	1023	757	781	969
832	768	1023	817	781	968
896	768	1023	875	781	968
960	768	1023	934	782	968
1023	768	1023	992	783	968
0	832	1023	243	838	975
64	832	1023	248	838	975
128	832	1023	265	838	974
192	832	1023	296	838	972
256	832	1023	336	839	972
320	832	1023	384	839	972
384	832	1023	432	839	972
448	832	1023	483	839	971
512	832	1023	537	840	971
576	832	1023	594	840	971
640	832	1023	647	840	971
704	832	1023	703	841	971
768	832	1023	761	841	970
832	832	1023	819	841	969
896	832	1023	878	841	969
960	832	1023	937	842	969
1023	832	1023	994	842	969
0	896	1023	257	899	977
64	896	1023	262	899	976
128	896	1023	279	900	976
192	896	1023	308	900	974
256	896	1023	347	900	973
320	896	1023	392	900	973
384	896	1023	440	900	972
448	896	1023	490	900	972
512	896	1023	542	900	972
576	896	1023	600	901	972
640	896	1023	652	902	972
704	896	1023	708	903	971
768	896	1023	765	902	971
832	896	1023	823	902	971
896	896	1023	881	902	970
960	896	1023	940	903	970
1023	896	1023	997	904	970
0	960	1023	272	959	977
64	960	1023	276	959	977
128	960	1023	293	959	975
192	960	1023	321	959	975
256	960	1023	358	960	975
320	960	1023	403	960	975
384	960	1023	448	960	974
448	960	1023	497	960	973
512	960	1023	548	960	973
576	960	1023	606	961	973
640	960	1023	656	961	973
704	960	1023	711	961	972
768	960	1023	770	961	972
832	960	1023	827	962	972
896	960	1023	885	961	971
960	960	1023	944	962	971
1023	960	1023	1000	963	971
0	1023	1023	288	1019	979
64	1023	1023	292	1019	978
128	1023	1023	308	1019	977
192	1023	1023	334	1019	977
256	1023	1023	371	1020	976
320	1023	1023	412	1020	976
384	1023	1023	457	1020	976
448	1023	1023	505	1020	975
512	1023	1023	556	1020	975
576	1023	1023	612	1020	975
640	1023	1023	662	1021	975
704	1023	1023	717	1021	974
768	1023	1023	776	1022	974
832	1023	1023	832	1021	973
896	1023	1023	889	1022	973
960	1023	1023	948	1022	973
1023	1023	1023	1004	1023	973
