0	0	0	0	0	0
64	0	0	57	0	0
128	0	0	117	32	23
192	0	0	175	44	32
256	0	0	234	57	38
320	0	0	293	72	48
384	0	0	352	87	57
448	0	0	410	103	66
512	0	0	466	116	75
576	0	0	521	129	85
640	0	0	579	144	97
704	0	0	635	159	106
768	0	0	689	174	116
832	0	0	745	188	125
896	0	0	804	202	134
960	0	0	860	217	143
1023	0	0	915	231	152
0	64	0	32	63	23
64	64	0	63	63	23
128	64	0	120	66	23
192	64	0	177	72	32
256	64	0	236	82	44
320	64	0	294	93	48
384	64	0	353	104	60
448	64	0	411	116	69
512	64	0	466	129	77
576	64	0	522	141	87
640	64	0	579	155	99
704	64	0	635	168	108
768	64	0	689	181	116
832	64	0	745	194	126
896	64	0	804	209	136
960	64	0	860	223	144
1023	64	0	915	237	153
0	128	0	63	122	38
64	128	0	85	122	38
128	128	0	130	125	44
192	128	0	183	128	48
256	128	0	240	133	53
320	128	0	297	138	60
384	128	0	356	145	66
448	128	0	413	155	75
512	128	0	468	163	85
576	128	0	523	174	93
640	128	0	580	184	103
704	128	0	636	194	111
768	128	0	690	206	120
832	128	0	746	218	129
896	128	0	805	231	138
960	128	0	861	243	148
1023	128	0	916	255	157
0	192	0	97	182	63
64	192	0	109	183	63
128	192	0	148	184	60
192	192	0	195	186	63
256	192	0	248	189	69
320	192	0	303	194	75
384	192	0	361	199	80
448	192	0	417	205	87
512	192	0	471	212	95
576	192	0	526	220	103
640	192	0	583	228	111
704	192	0	638	236	119
768	192	0	691	245	128
832	192	0	747	255	136
896	192	0	805	266	144
960	192	0	861	276	152
1023	192	0	916	287	161
0	256	0	130	245	82
64	256	0	139	245	82
128	256	0	169	245	82
192	256	0	211	247	85
256	256	0	260	249	89
320	256	0	313	253	91
384	256	0	367	256	97
448	256	0	422	261	103
512	256	0	475	266	108
576	256	0	529	271	114
640	256	0	586	278	122
704	256	0	639	285	129
768	256	0	693	292	136
832	256	0	748	300	144
896	256	0	807	308	152
960	256	0	863	317	160
1023	256	0	918	327	168
0	320	0	161	305	101
64	320	0	169	306	101
128	320	0	193	306	103
192	320	0	231	307	104
256	320	0	275	309	106
320	320	0	324	312	109
384	320	0	378	315	113
448	320	0	430	318	117
512	320	0	481	323	122
576	320	0	534	327	128
640	320	0	591	332	134
704	320	0	643	337	141
768	320	0	697	344	148
832	320	0	752	350	155
896	320	0	810	358	162
960	320	0	865	365	169
1023	320	0	920	373	178
0	384	0	193	367	122
64	384	0	199	367	122
128	384	0	221	368	123
192	384	0	252	369	122
256	384	0	292	371	125
320	384	0	340	373	128
384	384	0	390	375	130
448	384	0	439	378	134
512	384	0	490	381	138
576	384	0	541	385	143
640	384	0	598	389	149
704	384	0	648	393	155
768	384	0	701	399	161
832	384	0	757	404	167
896	384	0	813	410	174
960	384	0	869	415	180
1023	384	0	924	422	188
0	448	0	225	428	141
64	448	0	231	428	142
128	448	0	248	429	142
192	448	0	276	430	143
256	448	0	313	431	144
320	448	0	357	432	147
384	448	0	405	435	148
448	448	0	452	437	151
512	448	0	500	439	156
576	448	0	551	442	160
640	448	0	606	446	165
704	448	0	655	451	169
768	448	0	708	455	176
832	448	0	763	459	180
896	448	0	818	464	187
960	448	0	873	469	193
1023	448	0	928	475	200
0	512	0	258	489	161
64	512	0	262	489	161
128	512	0	276	489	161
192	512	0	302	490	162
256	512	0	336	491	163
320	512	0	377	493	165
384	512	0	420	494	168
448	512	0	465	496	171
512	512	0	512	498	174
576	512	0	562	501	178
640	512	0	615	504	181
704	512	0	663	508	187
768	512	0	715	511	191
832	512	0	771	515	196
896	512	0	824	519	202
960	512	0	879	524	207
1023	512	0	933	530	214
0	576	0	289	550	181
64	576	0	293	550	180
128	576	0	307	550	180
192	576	0	329	551	181
256	576	0	361	552	182
320	576	0	398	553	184
384	576	0	438	555	187
448	576	0	480	556	189
512	576	0	526	558	192
576	576	0	576	560	195
640	576	0	625	563	198
704	576	0	673	566	203
768	576	0	724	570	207
832	576	0	780	573	213
896	576	0	831	576	217
960	576	0	886	581	223
1023	576	0	939	585	228
0	640	0	322	611	200
64	640	0	325	611	201
128	640	0	337	612	201
192	640	0	358	612	202
256	640	0	386	613	202
320	640	0	419	614	203
384	640	0	457	615	206
448	640	0	497	617	207
512	640	0	541	618	210
576	640	0	591	620	214
640	640	0	637	623	217
704	640	0	684	626	221
768	640	0	735	628	225
832	640	0	789	631	228
896	640	0	839	634	233
960	640	0	893	638	238
1023	640	0	946	642	243
0	704	0	355	672	221
64	704	0	358	672	221
128	704	0	368	672	221
192	704	0	387	673	222
256	704	0	412	673	223
320	704	0	442	674	224
384	704	0	477	675	225
448	704	0	516	677	228
512	704	0	559	678	230
576	704	0	607	680	232
640	704	0	649	682	235
704	704	0	696	685	238
768	704	0	747	687	242
832	704	0	799	690	246
896	704	0	849	692	250
960	704	0	902	696	255
1023	704	0	954	700	260
0	768	0	387	732	241
64	768	0	390	732	241
128	768	0	399	733	242
192	768	0	415	733	241
256	768	0	437	734	243
320	768	0	466	735	244
384	768	0	498	736	245
448	768	0	536	737	247
512	768	0	578	738	248
576	768	0	621	740	251
640	768	0	664	742	254
704	768	0	710	744	257
768	768	0	761	746	261
832	768	0	810	748	263
896	768	0	861	752	267
960	768	0	912	755	271
1023	768	0	964	760	276
0	832	0	419	796	261
64	832	0	421	796	261
128	832	0	429	796	261
192	832	0	444	797	262
256	832	0	464	797	263
320	832	0	490	798	263
384	832	0	521	798	265
448	832	0	557	800	266
512	832	0	599	801	268
576	832	0	638	803	270
640	832	0	680	804	273
704	832	0	726	806	276
768	832	0	776	808	278
832	832	0	823	810	282
896	832	0	873	812	286
960	832	0	923	814	289
1023	832	0	974	818	294
0	896	0	449	856	280
64	896	0	451	856	281
128	896	0	458	856	281
192	896	0	471	856	281
256	896	0	490	857	282
320	896	0	515	857	283
384	896	0	544	858	284
448	896	0	581	860	285
512	896	0	618	861	288
576	896	0	655	863	290
640	896	0	697	864	292
704	896	0	742	866	294
768	896	0	791	867	297
832	896	0	838	869	300
896	896	0	887	872	304
960	896	0	937	874	307
1023	896	0	986	878	311
0	960	0	479	916	300
64	960	0	481	916	301
128	960	0	487	916	301
192	960	0	500	916	301
256	960	0	518	917	302
320	960	0	540	917	303
384	960	0	570	918	304
448	960	0	605	919	305
512	960	0	638	921	307
576	960	0	676	923	309
640	960	0	717	924	311
704	960	0	761	924	313
768	960	0	807	926	316
832	960	0	854	928	318
896	960	0	901	930	322
960	960	0	950	932	325
1023	960	0	999	935	329
0	1023	0	509	976	321
64	1023	0	511	976	321
128	1023	0	518	976	321
192	1023	0	529	976	321
256	1023	0	546	976	322
320	1023	0	570	977	322
384	1023	0	598	978	324
448	1023	0	627	979	325
512	1023	0	659	980	326
576	1023	0	696	982	328
640	1023	0	736	982	330
704	1023	0	781	984	332
768	1023	0	824	985	335
832	1023	0	870	988	337
896	1023	0	917	989	340
960	1023	0	965	992	343
1023	1023	0	1012	994	346
0	0	64	0	0	57
64	0	64	57	23	57
128	0	64	117	32	60
192	0	64	175	44	63
256	0	64	234	60	66
320	0	64	293	72	72
384	0	64	352	87	77
448	0	64	410	103	85
512	0	64	466	117	95
576	0	64	521	130	101
640	0	64	579	144	109
704	0	64	635	159	117
768	0	64	689	174	126
832	0	64	745	188	134
896	0	64	804	202	143
960	0	64	860	218	152
1023	0	64	915	231	161
0	64	64	32	63	63
64	64	64	63	63	63
128	64	64	120	66	60
192	64	64	177	75	63
256	64	64	236	82	69
320	64	64	294	93	75
384	64	64	353	104	80
448	64	64	411	116	87
512	64	64	466	129	95
576	64	64	521	141	103
640	64	64	579	155	111
704	64	64	635	168	119
768	64	64	689	181	128
832	64	64	745	195	136
896	64	64	804	209	144
960	64	64	860	223	152
1023	64	64	915	237	161
0	128	64	63	122	69
64	128	64	85	123	69
128	128	64	130	125	72
192	128	64	183	128	75
256	128	64	240	133	77
320	128	64	297	138	80
384	128	64	355	145	85
448	128	64	413	155	93
512	128	64	468	164	101
576	128	64	523	174	108
640	128	64	580	184	114
704	128	64	636	194	122
768	128	64	690	206	130
832	128	64	745	219	138
896	128	64	804	232	147
960	128	64	860	243	156
1023	128	64	916	256	164
0	192	64	97	183	82
64	192	64	109	183	82
128	192	64	147	184	85
192	192	64	196	187	85
256	192	64	248	189	89
320	192	64	303	194	93
384	192	64	361	199	97
448	192	64	417	205	103
512	192	64	471	212	108
576	192	64	525	220	114
640	192	64	582	228	122
704	192	64	637	237	129
768	192	64	691	245	137
832	192	64	746	255	144
896	192	64	805	266	152
960	192	64	861	276	160
1023	192	64	916	287	168
0	256	64	130	245	97
64	256	64	139	245	97
128	256	64	169	245	97
192	256	64	211	247	99
256	256	64	260	249	103
320	256	64	312	253	106
384	256	64	367	256	109
448	256	64	422	261	114
512	256	64	475	266	119
576	256	64	529	272	125
640	256	64	586	279	132
704	256	64	639	285	138
768	256	64	693	292	145
832	256	64	748	300	152
896	256	64	807	308	160
960	256	64	863	317	167
1023	256	64	918	327	175
0	320	64	161	306	113
64	320	64	169	306	113
128	320	64	193	306	114
192	320	64	231	308	116
256	320	64	275	309	117
320	320	64	324	312	120
384	320	64	377	315	123
448	320	64	430	319	128
512	320	64	481	323	133
576	320	64	534	327	138
640	320	64	591	332	143
704	320	64	643	338	149
768	320	64	696	344	156
832	320	64	752	351	162
896	320	64	810	358	169
960	320	64	865	365	177
1023	320	64	920	373	184
0	384	64	193	367	132
64	384	64	199	367	132
128	384	64	220	368	133
192	384	64	252	369	134
256	384	64	292	371	134
320	384	64	339	373	137
384	384	64	390	375	139
448	384	64	439	378	143
512	384	64	490	381	147
576	384	64	541	385	151
640	384	64	597	389	157
704	384	64	648	394	162
768	384	64	701	399	168
832	384	64	757	404	174
896	384	64	813	410	180
960	384	64	868	416	187
1023	384	64	923	423	193
0	448	64	225	428	149
64	448	64	231	428	150
128	448	64	248	429	150
192	448	64	276	430	151
256	448	64	313	431	152
320	448	64	357	433	155
384	448	64	405	435	158
448	448	64	451	437	160
512	448	64	500	439	164
576	448	64	551	443	167
640	448	64	606	446	172
704	448	64	655	451	178
768	448	64	708	455	182
832	448	64	763	459	188
896	448	64	818	464	193
960	448	64	873	469	199
1023	448	64	928	475	206
0	512	64	258	489	169
64	512	64	262	489	169
128	512	64	276	489	168
192	512	64	302	490	169
256	512	64	336	492	171
320	512	64	377	493	172
384	512	64	420	495	175
448	512	64	465	497	178
512	512	64	512	498	180
576	512	64	562	501	184
640	512	64	615	504	188
704	512	64	663	508	193
768	512	64	715	512	197
832	512	64	771	516	202
896	512	64	824	520	207
960	512	64	879	524	213
1023	512	64	933	530	219
0	576	64	289	550	188
64	576	64	293	550	187
128	576	64	306	551	187
192	576	64	329	551	188
256	576	64	361	552	189
320	576	64	398	553	190
384	576	64	438	555	193
448	576	64	480	557	195
512	576	64	526	558	198
576	576	64	576	561	201
640	576	64	625	563	205
704	576	64	673	566	209
768	576	64	724	570	213
832	576	64	779	573	218
896	576	64	831	577	223
960	576	64	885	581	228
1023	576	64	938	585	233
0	640	64	322	611	206
64	640	64	325	611	206
128	640	64	337	612	206
192	640	64	357	612	207
256	640	64	386	613	208
320	640	64	419	614	209
384	640	64	457	615	212
448	640	64	497	617	214
512	640	64	541	618	216
576	640	64	591	621	219
640	640	64	636	623	222
704	640	64	684	626	226
768	640	64	735	629	230
832	640	64	788	631	234
896	640	64	839	634	238
960	640	64	893	639	243
1023	640	64	945	642	248
0	704	64	355	672	225
64	704	64	358	672	225
128	704	64	368	672	226
192	704	64	387	673	227
256	704	64	412	673	228
320	704	64	442	674	229
384	704	64	477	676	230
448	704	64	516	677	232
512	704	64	559	679	235
576	704	64	606	681	238
640	704	64	648	682	240
704	704	64	696	685	243
768	704	64	747	688	247
832	704	64	799	690	250
896	704	64	849	692	254
960	704	64	901	696	259
1023	704	64	954	700	264
0	768	64	387	733	245
64	768	64	390	733	245
128	768	64	399	733	246
192	768	64	415	733	247
256	768	64	437	734	247
320	768	64	465	735	248
384	768	64	498	736	249
448	768	64	536	737	251
512	768	64	578	738	253
576	768	64	621	740	255
640	768	64	664	742	258
704	768	64	710	744	261
768	768	64	760	747	265
832	768	64	810	749	267
896	768	64	861	752	271
960	768	64	912	756	275
1023	768	64	964	760	280
0	832	64	419	796	265
64	832	64	421	796	265
128	832	64	429	797	265
192	832	64	443	797	266
256	832	64	464	797	267
320	832	64	490	798	267
384	832	64	521	799	269
448	832	64	557	800	270
512	832	64	599	801	272
576	832	64	638	803	274
640	832	64	680	804	277
704	832	64	726	806	280
768	832	64	776	808	282
832	832	64	823	810	285
896	832	64	873	812	290
960	832	64	923	814	292
1023	832	64	974	819	297
0	896	64	449	856	284
64	896	64	451	856	284
128	896	64	458	856	284
192	896	64	471	856	285
256	896	64	490	857	285
320	896	64	515	858	286
384	896	64	544	858	288
448	896	64	581	860	290
512	896	64	618	861	291
576	896	64	655	863	293
640	896	64	697	865	295
704	896	64	742	866	298
768	896	64	791	867	301
832	896	64	838	869	304
896	896	64	887	872	307
960	896	64	937	874	310
1023	896	64	986	878	315
0	960	64	479	916	304
64	960	64	481	916	304
128	960	64	488	916	304
192	960	64	500	916	305
256	960	64	518	917	305
320	960	64	540	917	306
384	960	64	570	918	308
448	960	64	605	919	308
512	960	64	638	921	310
576	960	64	676	923	313
640	960	64	717	924	314
704	960	64	761	924	317
768	960	64	807	926	319
832	960	64	854	928	322
896	960	64	901	930	325
960	960	64	950	932	328
1023	960	64	999	935	332
0	1023	64	509	976	324
64	1023	64	511	976	324
128	1023	64	518	976	324
192	1023	64	529	976	324
256	1023	64	546	977	325
320	1023	64	570	977	326
384	1023	64	598	978	327
448	1023	64	627	979	328
512	1023	64	659	980	329
576	1023	64	696	982	331
640	1023	64	736	983	333
704	1023	64	781	984	335
768	1023	64	824	985	338
832	1023	64	870	988	340
896	1023	64	917	989	343
960	1023	64	965	992	346
1023	1023	64	1012	994	350
0	0	128	0	23	117
64	0	128	57	23	117
128	0	128	117	38	117
192	0	128	176	48	119
256	0	128	234	60	120
320	0	128	292	75	122
384	0	128	352	89	126
448	0	128	410	104	130
512	0	128	465	117	134
576	0	128	521	132	139
640	0	128	578	145	145
704	0	128	635	160	151
768	0	128	688	175	158
832	0	128	744	188	164
896	0	128	803	202	171
960	0	128	859	218	178
1023	0	128	915	232	186
0	64	128	32	63	117
64	64	128	63	66	119
128	64	128	120	69	119
192	64	128	178	75	120
256	64	128	236	85	120
320	64	128	293	95	123
384	64	128	353	106	128
448	64	128	411	117	130
512	64	128	466	130	136
576	64	128	521	142	141
640	64	128	579	156	145
704	64	128	635	169	151
768	64	128	689	182	159
832	64	128	744	195	164
896	64	128	803	209	171
960	64	128	859	224	179
1023	64	128	915	238	187
0	128	128	63	123	122
64	128	128	87	123	122
128	128	128	130	126	123
192	128	128	184	129	123
256	128	128	240	133	125
320	128	128	297	139	128
384	128	128	355	147	130
448	128	128	413	156	134
512	128	128	467	164	138
576	128	128	523	174	143
640	128	128	580	185	149
704	128	128	636	196	156
768	128	128	689	208	162
832	128	128	745	220	168
896	128	128	804	232	174
960	128	128	860	244	180
1023	128	128	915	256	188
0	192	128	99	183	129
64	192	128	111	184	129
128	192	128	147	185	129
192	192	128	195	188	130
256	192	128	248	191	132
320	192	128	303	194	133
384	192	128	360	200	137
448	192	128	416	206	141
512	192	128	471	213	144
576	192	128	525	221	149
640	192	128	582	228	153
704	192	128	637	237	161
768	192	128	691	247	166
832	192	128	746	256	173
896	192	128	805	266	179
960	192	128	861	277	186
1023	192	128	916	288	193
0	256	128	130	245	137
64	256	128	139	245	138
128	256	128	169	246	138
192	256	128	210	248	139
256	256	128	260	250	141
320	256	128	312	253	142
384	256	128	367	257	145
448	256	128	422	262	148
512	256	128	475	267	152
576	256	128	528	272	157
640	256	128	585	279	162
704	256	128	639	286	167
768	256	128	692	293	172
832	256	128	748	301	178
896	256	128	806	309	184
960	256	128	862	318	191
1023	256	128	917	327	198
0	320	128	162	306	149
64	320	128	169	307	149
128	320	128	193	307	149
192	320	128	230	308	150
256	320	128	275	310	152
320	320	128	324	312	153
384	320	128	377	316	157
448	320	128	429	319	159
512	320	128	481	323	162
576	320	128	534	328	167
640	320	128	590	333	172
704	320	128	643	338	177
768	320	128	696	345	181
832	320	128	752	352	188
896	320	128	809	359	193
960	320	128	865	366	198
1023	320	128	920	374	205
0	384	128	193	368	163
64	384	128	200	368	163
128	384	128	220	369	163
192	384	128	252	370	164
256	384	128	292	371	165
320	384	128	339	373	166
384	384	128	390	376	169
448	384	128	439	379	172
512	384	128	489	382	175
576	384	128	541	386	179
640	384	128	597	390	182
704	384	128	647	394	188
768	384	128	700	400	192
832	384	128	756	405	198
896	384	128	813	410	202
960	384	128	868	416	208
1023	384	128	923	423	215
0	448	128	226	429	177
64	448	128	231	429	177
128	448	128	248	429	178
192	448	128	276	431	179
256	448	128	313	432	179
320	448	128	357	433	180
384	448	128	405	436	182
448	448	128	451	438	185
512	448	128	500	440	188
576	448	128	550	443	191
640	448	128	606	447	195
704	448	128	654	451	199
768	448	128	707	456	204
832	448	128	762	460	209
896	448	128	817	465	215
960	448	128	873	470	220
1023	448	128	927	476	225
0	512	128	258	490	192
64	512	128	262	490	192
128	512	128	276	490	193
192	512	128	302	491	193
256	512	128	336	492	194
320	512	128	376	494	196
384	512	128	420	495	197
448	512	128	465	497	199
512	512	128	512	499	202
576	512	128	562	502	206
640	512	128	615	505	209
704	512	128	663	509	213
768	512	128	715	512	218
832	512	128	770	516	222
896	512	128	823	520	227
960	512	128	878	525	232
1023	512	128	933	531	238
0	576	128	290	551	208
64	576	128	293	551	208
128	576	128	306	551	209
192	576	128	329	552	209
256	576	128	361	553	210
320	576	128	398	554	212
384	576	128	437	555	213
448	576	128	480	557	216
512	576	128	526	559	218
576	576	128	575	561	221
640	576	128	624	564	224
704	576	128	672	567	228
768	576	128	723	570	232
832	576	128	779	574	236
896	576	128	830	577	240
960	576	128	885	582	245
1023	576	128	938	586	250
0	640	128	322	612	225
64	640	128	325	612	225
128	640	128	337	613	226
192	640	128	357	613	227
256	640	128	386	614	228
320	640	128	419	615	229
384	640	128	456	616	230
448	640	128	497	618	232
512	640	128	540	619	235
576	640	128	590	621	237
640	640	128	636	624	240
704	640	128	683	626	243
768	640	128	734	629	247
832	640	128	788	632	250
896	640	128	839	635	254
960	640	128	892	639	259
1023	640	128	945	643	263
0	704	128	355	673	243
64	704	128	357	673	243
128	704	128	368	673	243
192	704	128	386	673	244
256	704	128	411	674	245
320	704	128	442	675	246
384	704	128	476	676	247
448	704	128	515	678	249
512	704	128	558	680	251
576	704	128	606	681	253
640	704	128	648	683	256
704	704	128	696	686	259
768	704	128	746	688	262
832	704	128	798	691	266
896	704	128	849	693	269
960	704	128	901	697	273
1023	704	128	954	701	278
0	768	128	387	733	262
64	768	128	390	733	262
128	768	128	399	733	262
192	768	128	415	734	262
256	768	128	437	735	262
320	768	128	465	735	263
384	768	128	498	737	265
448	768	128	535	738	267
512	768	128	578	739	269
576	768	128	621	741	271
640	768	128	663	743	272
704	768	128	710	745	276
768	768	128	760	747	279
832	768	128	809	749	282
896	768	128	861	753	285
960	768	128	912	756	289
1023	768	128	964	761	294
0	832	128	418	797	280
64	832	128	420	797	280
128	832	128	429	797	280
192	832	128	443	798	281
256	832	128	464	798	281
320	832	128	489	799	282
384	832	128	520	799	283
448	832	128	556	800	284
512	832	128	598	802	286
576	832	128	637	803	288
640	832	128	680	805	290
704	832	128	725	807	293
768	832	128	775	808	296
832	832	128	822	810	299
896	832	128	873	813	302
960	832	128	923	815	306
1023	832	128	974	819	310
0	896	128	448	857	298
64	896	128	451	857	298
128	896	128	458	857	299
192	896	128	471	857	299
256	896	128	490	857	299
320	896	128	515	858	300
384	896	128	544	859	301
448	896	128	581	860	302
512	896	128	618	862	305
576	896	128	655	863	307
640	896	128	697	865	308
704	896	128	742	866	310
768	896	128	791	868	313
832	896	128	838	870	316
896	896	128	887	872	319
960	896	128	937	875	323
1023	896	128	986	878	327
0	960	128	479	916	317
64	960	128	481	916	317
128	960	128	488	917	317
192	960	128	500	917	317
256	960	128	518	917	318
320	960	128	541	918	319
384	960	128	571	919	320
448	960	128	605	920	321
512	960	128	638	921	322
576	960	128	676	923	324
640	960	128	717	924	327
704	960	128	761	924	328
768	960	128	807	926	331
832	960	128	854	928	334
896	960	128	901	931	337
960	960	128	950	932	340
1023	960	128	999	936	343
0	1023	128	509	976	335
64	1023	128	511	976	336
128	1023	128	518	976	336
192	1023	128	529	977	336
256	1023	128	546	977	336
320	1023	128	570	978	337
384	1023	128	598	978	339
448	1023	128	627	979	339
512	1023	128	659	980	341
576	1023	128	696	982	343
640	1023	128	736	983	344
704	1023	128	781	984	346
768	1023	128	824	986	349
832	1023	128	870	988	352
896	1023	128	917	990	354
960	1023	128	965	992	357
1023	1023	128	1012	994	361
0	0	192	23	32	175
64	0	192	60	38	175
128	0	192	119	44	175
192	0	192	176	53	175
256	0	192	234	66	177
320	0	192	292	80	178
384	0	192	351	93	179
448	0	192	410	106	182
512	0	192	465	120	185
576	0	192	520	134	188
640	0	192	578	148	193
704	0	192	634	162	198
768	0	192	688	177	202
832	0	192	743	190	207
896	0	192	802	205	212
960	0	192	858	220	218
1023	0	192	913	234	224
0	64	192	38	69	175
64	64	192	66	69	176
128	64	192	122	72	176
192	64	192	178	80	176
256	64	192	236	87	177
320	64	192	293	97	178
384	64	192	352	108	180
448	64	192	410	119	182
512	64	192	465	132	186
576	64	192	520	144	189
640	64	192	578	158	193
704	64	192	634	171	198
768	64	192	688	184	202
832	64	192	743	198	208
896	64	192	802	211	212
960	64	192	858	225	218
1023	64	192	913	239	225
0	128	192	66	125	178
64	128	192	87	126	178
128	128	192	132	128	179
192	128	192	184	130	179
256	128	192	240	136	179
320	128	192	297	142	180
384	128	192	355	149	182
448	128	192	412	157	185
512	128	192	467	166	188
576	128	192	522	176	191
640	128	192	579	186	196
704	128	192	635	198	200
768	128	192	688	209	205
832	128	192	744	221	209
896	128	192	803	234	215
960	128	192	859	245	221
1023	128	192	914	258	226
0	192	192	99	186	182
64	192	192	111	186	182
128	192	192	148	187	182
192	192	192	195	189	183
256	192	192	248	192	184
320	192	192	303	196	184
384	192	192	360	201	187
448	192	192	416	207	189
512	192	192	470	215	192
576	192	192	524	222	195
640	192	192	581	230	200
704	192	192	636	239	204
768	192	192	690	248	208
832	192	192	745	257	214
896	192	192	803	267	219
960	192	192	859	278	224
1023	192	192	915	289	230
0	256	192	130	247	188
64	256	192	141	247	188
128	256	192	169	247	188
192	256	192	211	249	189
256	256	192	260	252	190
320	256	192	312	255	191
384	256	192	367	258	193
448	256	192	421	263	195
512	256	192	474	268	198
576	256	192	528	274	202
640	256	192	585	280	205
704	256	192	638	288	209
768	256	192	691	295	213
832	256	192	747	303	218
896	256	192	805	311	223
960	256	192	861	319	228
1023	256	192	916	329	234
0	320	192	162	308	196
64	320	192	169	308	196
128	320	192	193	308	196
192	320	192	230	310	197
256	320	192	274	311	198
320	320	192	324	314	199
384	320	192	377	317	201
448	320	192	429	321	202
512	320	192	480	325	205
576	320	192	533	329	208
640	320	192	590	334	212
704	320	192	642	340	216
768	320	192	695	346	221
832	320	192	751	353	225
896	320	192	808	360	230
960	320	192	863	367	234
1023	320	192	918	375	240
0	384	192	193	369	206
64	384	192	199	369	206
128	384	192	221	370	206
192	384	192	252	371	207
256	384	192	292	373	208
320	384	192	339	375	208
384	384	192	389	377	210
448	384	192	438	380	213
512	384	192	489	383	215
576	384	192	540	387	218
640	384	192	597	391	222
704	384	192	646	396	225
768	384	192	699	401	228
832	384	192	755	406	233
896	384	192	811	412	238
960	384	192	867	418	242
1023	384	192	922	425	247
0	448	192	225	430	218
64	448	192	230	430	218
128	448	192	248	431	218
192	448	192	276	432	219
256	448	192	313	433	218
320	448	192	357	435	220
384	448	192	404	437	221
448	448	192	451	439	223
512	448	192	499	442	226
576	448	192	549	445	229
640	448	192	605	448	232
704	448	192	654	453	235
768	448	192	707	457	239
832	448	192	762	461	242
896	448	192	816	466	247
960	448	192	871	471	252
1023	448	192	926	477	256
0	512	192	258	491	230
64	512	192	262	491	230
128	512	192	276	492	230
192	512	192	301	492	230
256	512	192	335	494	231
320	512	192	376	495	232
384	512	192	420	497	233
448	512	192	464	498	235
512	512	192	511	501	238
576	512	192	561	503	240
640	512	192	614	506	243
704	512	192	662	510	246
768	512	192	714	514	250
832	512	192	769	518	253
896	512	192	822	522	257
960	512	192	877	527	262
1023	512	192	931	532	266
0	576	192	289	552	243
64	576	192	293	552	242
128	576	192	306	553	243
192	576	192	328	553	243
256	576	192	360	554	244
320	576	192	397	555	245
384	576	192	437	557	246
448	576	192	479	558	248
512	576	192	525	560	250
576	576	192	574	563	253
640	576	192	624	565	255
704	576	192	671	568	258
768	576	192	723	572	262
832	576	192	778	575	265
896	576	192	829	579	269
960	576	192	883	583	273
1023	576	192	937	587	277
0	640	192	321	613	256
64	640	192	324	613	256
128	640	192	336	614	257
192	640	192	357	614	258
256	640	192	385	615	258
320	640	192	418	616	259
384	640	192	456	617	261
448	640	192	496	619	262
512	640	192	540	620	265
576	640	192	589	623	266
640	640	192	635	625	269
704	640	192	682	628	271
768	640	192	733	631	275
832	640	192	787	633	277
896	640	192	837	636	281
960	640	192	891	641	285
1023	640	192	943	644	290
0	704	192	354	674	272
64	704	192	357	674	272
128	704	192	367	674	272
192	704	192	386	675	272
256	704	192	411	675	273
320	704	192	441	676	274
384	704	192	475	678	275
448	704	192	515	679	277
512	704	192	557	681	279
576	704	192	605	683	280
640	704	192	647	684	283
704	704	192	695	687	285
768	704	192	745	689	289
832	704	192	798	692	291
896	704	192	847	694	295
960	704	192	900	698	299
1023	704	192	953	702	303
0	768	192	386	734	288
64	768	192	389	734	288
128	768	192	398	735	288
192	768	192	414	735	288
256	768	192	436	736	289
320	768	192	464	736	290
384	768	192	497	738	291
448	768	192	534	739	293
512	768	192	577	740	294
576	768	192	620	742	296
640	768	192	662	744	299
704	768	192	709	746	301
768	768	192	759	748	303
832	768	192	809	750	307
896	768	192	861	754	310
960	768	192	912	757	313
1023	768	192	964	761	317
0	832	192	418	798	304
64	832	192	420	798	305
128	832	192	428	798	305
192	832	192	443	799	305
256	832	192	463	799	306
320	832	192	489	800	307
384	832	192	520	800	308
448	832	192	556	801	308
512	832	192	598	802	310
576	832	192	637	804	312
640	832	192	680	806	314
704	832	192	725	807	317
768	832	192	776	809	319
832	832	192	823	811	322
896	832	192	873	813	325
960	832	192	924	816	328
1023	832	192	975	819	332
0	896	192	449	857	321
64	896	192	451	857	321
128	896	192	458	857	322
192	896	192	471	858	322
256	896	192	491	858	322
320	896	192	515	859	323
384	896	192	544	860	324
448	896	192	581	861	325
512	896	192	618	862	327
576	896	192	655	864	329
640	896	192	697	865	331
704	896	192	742	867	332
768	896	192	791	868	335
832	896	192	838	870	337
896	896	192	887	873	340
960	896	192	937	875	344
1023	896	192	986	878	347
0	960	192	479	917	339
64	960	192	481	917	338
128	960	192	488	917	339
192	960	192	500	917	339
256	960	192	518	918	340
320	960	192	541	918	340
384	960	192	571	919	341
448	960	192	606	920	342
512	960	192	638	922	344
576	960	192	676	923	346
640	960	192	717	924	347
704	960	192	761	925	349
768	960	192	807	926	352
832	960	192	854	929	354
896	960	192	901	931	357
960	960	192	950	933	360
1023	960	192	999	936	363
0	1023	192	510	977	357
64	1023	192	511	977	357
128	1023	192	518	977	356
192	1023	192	530	977	357
256	1023	192	547	977	357
320	1023	192	570	978	358
384	1023	192	599	979	359
448	1023	192	627	980	360
512	1023	192	659	981	361
576	1023	192	697	983	363
640	1023	192	736	983	365
704	1023	192	781	985	366
768	1023	192	824	986	368
832	1023	192	870	988	371
896	1023	192	917	990	373
960	1023	192	965	992	376
1023	1023	192	1012	995	379
0	0	256	23	44	232
64	0	256	63	48	232
128	0	256	117	53	232
192	0	256	176	60	233
256	0	256	234	72	234
320	0	256	292	85	234
384	0	256	350	97	236
448	0	256	409	109	238
512	0	256	464	123	240
576	0	256	519	137	243
640	0	256	577	150	246
704	0	256	633	165	249
768	0	256	686	179	253
832	0	256	742	193	256
896	0	256	801	207	260
960	0	256	856	222	265
1023	0	256	912	236	270
0	64	256	38	75	233
64	64	256	69	75	233
128	64	256	120	80	234
192	64	256	178	85	233
256	64	256	236	91	234
320	64	256	293	101	235
384	64	256	351	111	236
448	64	256	410	123	238
512	64	256	464	134	240
576	64	256	519	147	243
640	64	256	577	160	247
704	64	256	633	173	250
768	64	256	687	187	253
832	64	256	742	200	257
896	64	256	801	214	261
960	64	256	857	228	265
1023	64	256	912	242	270
0	128	256	69	129	234
64	128	256	89	129	235
128	128	256	132	130	235
192	128	256	184	133	236
256	128	256	240	138	236
320	128	256	296	145	236
384	128	256	354	152	238
448	128	256	412	160	240
512	128	256	466	169	242
576	128	256	521	179	245
640	128	256	578	189	248
704	128	256	634	200	251
768	128	256	687	211	255
832	128	256	742	223	258
896	128	256	801	236	262
960	128	256	857	247	266
1023	128	256	912	261	271
0	192	256	101	188	238
64	192	256	113	188	238
128	192	256	149	188	238
192	192	256	195	192	239
256	192	256	248	194	240
320	192	256	302	198	240
384	192	256	359	203	241
448	192	256	415	209	243
512	192	256	469	217	245
576	192	256	523	224	247
640	192	256	580	232	251
704	192	256	635	241	254
768	192	256	688	250	258
832	192	256	743	260	261
896	192	256	802	270	265
960	192	256	858	280	270
1023	192	256	913	291	273
0	256	256	130	248	243
64	256	256	139	248	243
128	256	256	169	250	243
192	256	256	211	252	244
256	256	256	259	253	245
320	256	256	311	257	244
384	256	256	366	261	245
448	256	256	420	265	247
512	256	256	473	270	250
576	256	256	527	276	252
640	256	256	583	282	255
704	256	256	637	290	258
768	256	256	690	297	261
832	256	256	745	305	264
896	256	256	804	313	268
960	256	256	859	322	272
1023	256	256	915	331	276
0	320	256	162	309	248
64	320	256	169	309	248
128	320	256	193	310	248
192	320	256	230	312	249
256	320	256	274	313	250
320	320	256	323	316	250
384	320	256	376	319	251
448	320	256	428	322	253
512	320	256	479	327	255
576	320	256	532	331	258
640	320	256	589	336	260
704	320	256	640	342	263
768	320	256	693	348	266
832	320	256	749	355	269
896	320	256	806	362	273
960	320	256	862	369	277
1023	320	256	917	377	282
0	384	256	193	371	257
64	384	256	200	371	256
128	384	256	220	372	257
192	384	256	252	373	258
256	384	256	292	375	258
320	384	256	338	377	258
384	384	256	388	379	259
448	384	256	438	382	260
512	384	256	488	385	262
576	384	256	539	389	265
640	384	256	595	393	267
704	384	256	645	398	269
768	384	256	698	403	272
832	384	256	754	408	276
896	384	256	810	414	280
960	384	256	865	420	283
1023	384	256	920	427	288
0	448	256	226	432	265
64	448	256	231	432	265
128	448	256	248	433	265
192	448	256	275	434	265
256	448	256	312	435	265
320	448	256	356	437	266
384	448	256	403	439	267
448	448	256	450	441	269
512	448	256	498	444	270
576	448	256	549	447	272
640	448	256	604	451	275
704	448	256	652	454	277
768	448	256	705	459	281
832	448	256	760	463	284
896	448	256	814	468	288
960	448	256	870	473	291
1023	448	256	925	479	295
0	512	256	258	493	274
64	512	256	262	493	274
128	512	256	276	494	274
192	512	256	301	495	274
256	512	256	335	496	275
320	512	256	376	497	276
384	512	256	419	498	277
448	512	256	463	500	279
512	512	256	510	503	280
576	512	256	560	505	282
640	512	256	613	508	285
704	512	256	660	512	287
768	512	256	713	516	290
832	512	256	768	520	293
896	512	256	821	524	296
960	512	256	876	529	300
1023	512	256	930	534	304
0	576	256	289	554	285
64	576	256	292	554	284
128	576	256	306	554	284
192	576	256	328	555	284
256	576	256	359	556	285
320	576	256	396	557	286
384	576	256	435	558	287
448	576	256	478	560	289
512	576	256	524	562	290
576	576	256	573	565	292
640	576	256	622	567	295
704	576	256	670	570	297
768	576	256	722	573	300
832	576	256	777	577	303
896	576	256	828	580	306
960	576	256	883	585	309
1023	576	256	936	589	313
0	640	256	321	615	296
64	640	256	324	615	296
128	640	256	336	615	296
192	640	256	356	616	297
256	640	256	384	617	298
320	640	256	417	617	298
384	640	256	454	619	299
448	640	256	495	621	301
512	640	256	539	622	302
576	640	256	588	624	304
640	640	256	634	626	306
704	640	256	682	629	308
768	640	256	733	632	311
832	640	256	787	635	314
896	640	256	837	638	317
960	640	256	891	642	320
1023	640	256	944	646	324
0	704	256	354	675	309
64	704	256	357	676	309
128	704	256	367	676	309
192	704	256	385	676	310
256	704	256	410	677	310
320	704	256	441	678	311
384	704	256	475	679	312
448	704	256	514	680	313
512	704	256	557	682	315
576	704	256	605	684	317
640	704	256	647	686	318
704	704	256	695	688	321
768	704	256	745	690	323
832	704	256	798	693	326
896	704	256	848	695	329
960	704	256	901	699	332
1023	704	256	953	703	336
0	768	256	386	735	323
64	768	256	389	735	323
128	768	256	399	735	323
192	768	256	414	736	323
256	768	256	436	737	324
320	768	256	464	737	325
384	768	256	497	738	326
448	768	256	535	740	327
512	768	256	577	741	329
576	768	256	620	743	330
640	768	256	663	745	332
704	768	256	710	747	334
768	768	256	760	749	337
832	768	256	809	751	339
896	768	256	861	755	342
960	768	256	912	758	345
1023	768	256	964	761	348
0	832	256	418	799	337
64	832	256	421	799	337
128	832	256	429	799	338
192	832	256	443	799	338
256	832	256	464	800	339
320	832	256	490	800	340
384	832	256	521	801	340
448	832	256	557	802	341
512	832	256	599	803	343
576	832	256	638	805	344
640	832	256	680	807	346
704	832	256	726	808	348
768	832	256	776	810	351
832	832	256	823	812	353
896	832	256	873	814	356
960	832	256	924	817	359
1023	832	256	975	820	362
0	896	256	449	858	353
64	896	256	451	858	353
128	896	256	459	858	353
192	896	256	472	858	353
256	896	256	491	859	354
320	896	256	516	860	355
384	896	256	545	861	355
448	896	256	581	861	357
512	896	256	618	863	358
576	896	256	655	864	359
640	896	256	698	866	361
704	896	256	743	867	363
768	896	256	792	869	365
832	896	256	838	871	367
896	896	256	887	873	370
960	896	256	937	876	373
1023	896	256	987	879	376
0	960	256	480	918	369
64	960	256	482	918	369
128	960	256	489	918	369
192	960	256	501	919	369
256	960	256	519	919	370
320	960	256	542	919	370
384	960	256	572	920	371
448	960	256	606	921	372
512	960	256	639	922	373
576	960	256	676	924	375
640	960	256	717	925	376
704	960	256	761	926	378
768	960	256	807	927	379
832	960	256	854	929	382
896	960	256	901	931	385
960	960	256	951	934	387
1023	960	256	999	937	390
0	1023	256	510	978	384
64	1023	256	512	978	384
128	1023	256	518	978	385
192	1023	256	530	978	385
256	1023	256	547	978	385
320	1023	256	570	979	386
384	1023	256	599	980	387
448	1023	256	628	981	387
512	1023	256	659	982	388
576	1023	256	697	983	390
640	1023	256	737	985	392
704	1023	256	781	985	393
768	1023	256	824	987	395
832	1023	256	871	989	397
896	1023	256	917	991	399
960	1023	256	966	993	402
1023	1023	256	1012	995	405
0	0	320	32	57	289
64	0	320	66	60	289
128	0	320	119	63	289
192	0	320	177	69	290
256	0	320	234	80	290
320	0	320	291	89	291
384	0	320	350	101	293
448	0	320	408	114	294
512	0	320	462	128	295
576	0	320	518	141	297
640	0	320	575	155	299
704	0	320	632	168	302
768	0	320	685	182	305
832	0	320	741	196	308
896	0	320	800	210	310
960	0	320	855	224	314
1023	0	320	911	238	318
0	64	320	44	82	289
64	64	320	72	82	289
128	64	320	122	85	290
192	64	320	179	91	290
256	64	320	235	97	291
320	64	320	292	106	292
384	64	320	350	116	293
448	64	320	409	126	294
512	64	320	463	138	296
576	64	320	518	150	298
640	64	320	576	164	300
704	64	320	632	177	302
768	64	320	685	189	306
832	64	320	741	203	308
896	64	320	800	217	311
960	64	320	856	230	315
1023	64	320	911	244	318
0	128	320	72	133	291
64	128	320	91	134	291
128	128	320	132	136	291
192	128	320	185	138	291
256	128	320	240	143	293
320	128	320	295	149	293
384	128	320	353	156	294
448	128	320	411	163	295
512	128	320	465	173	297
576	128	320	519	182	299
640	128	320	577	192	301
704	128	320	633	202	304
768	128	320	686	215	307
832	128	320	741	226	309
896	128	320	800	238	312
960	128	320	856	250	316
1023	128	320	911	263	320
0	192	320	103	191	294
64	192	320	114	191	294
128	192	320	149	192	294
192	192	320	196	194	295
256	192	320	248	198	295
320	192	320	302	202	295
384	192	320	358	206	296
448	192	320	414	212	297
512	192	320	468	220	299
576	192	320	522	227	301
640	192	320	579	235	303
704	192	320	634	244	306
768	192	320	687	253	309
832	192	320	742	262	311
896	192	320	801	272	314
960	192	320	857	282	318
1023	192	320	912	293	321
0	256	320	132	252	299
64	256	320	141	252	299
128	256	320	169	252	299
192	256	320	210	254	299
256	256	320	259	256	299
320	256	320	311	259	299
384	256	320	366	263	300
448	256	320	420	267	301
512	256	320	472	272	303
576	256	320	526	278	305
640	256	320	582	285	307
704	256	320	636	292	309
768	256	320	689	299	311
832	256	320	745	307	314
896	256	320	802	315	317
960	256	320	859	323	321
1023	256	320	914	333	324
0	320	320	163	312	304
64	320	320	170	312	304
128	320	320	193	313	303
192	320	320	230	314	303
256	320	320	274	316	303
320	320	320	323	319	303
384	320	320	375	322	305
448	320	320	427	325	306
512	320	320	479	329	307
576	320	320	531	334	309
640	320	320	588	339	311
704	320	320	640	344	313
768	320	320	693	350	316
832	320	320	748	357	319
896	320	320	806	364	322
960	320	320	861	371	325
1023	320	320	916	379	329
0	384	320	194	373	309
64	384	320	200	373	309
128	384	320	220	374	309
192	384	320	252	375	309
256	384	320	292	377	308
320	384	320	338	379	309
384	384	320	388	381	310
448	384	320	437	384	311
512	384	320	487	387	313
576	384	320	539	391	315
640	384	320	595	395	317
704	384	320	644	399	319
768	384	320	698	405	322
832	384	320	753	410	324
896	384	320	810	416	327
960	384	320	865	421	330
1023	384	320	920	428	334
0	448	320	226	434	316
64	448	320	231	434	316
128	448	320	248	435	316
192	448	320	276	436	316
256	448	320	312	438	316
320	448	320	356	438	317
384	448	320	403	441	317
448	448	320	449	443	318
512	448	320	498	446	320
576	448	320	548	449	321
640	448	320	604	452	323
704	448	320	652	456	326
768	448	320	705	461	328
832	448	320	760	465	331
896	448	320	814	469	334
960	448	320	870	474	336
1023	448	320	925	480	340
0	512	320	258	495	323
64	512	320	262	495	323
128	512	320	277	496	323
192	512	320	302	497	323
256	512	320	335	498	323
320	512	320	376	498	324
384	512	320	419	500	325
448	512	320	463	502	326
512	512	320	510	504	327
576	512	320	560	507	329
640	512	320	613	510	331
704	512	320	661	513	333
768	512	320	713	517	336
832	512	320	768	521	338
896	512	320	821	525	341
960	512	320	876	530	344
1023	512	320	930	535	348
0	576	320	289	556	332
64	576	320	293	556	331
128	576	320	306	556	332
192	576	320	329	557	332
256	576	320	360	557	332
320	576	320	397	559	333
384	576	320	436	560	334
448	576	320	479	562	335
512	576	320	524	563	336
576	576	320	574	566	337
640	576	320	623	568	340
704	576	320	671	572	342
768	576	320	722	575	344
832	576	320	777	578	346
896	576	320	829	582	350
960	576	320	883	586	353
1023	576	320	936	590	356
0	640	320	322	616	341
64	640	320	325	616	341
128	640	320	336	617	342
192	640	320	357	617	342
256	640	320	385	618	342
320	640	320	418	619	343
384	640	320	455	620	344
448	640	320	496	622	345
512	640	320	539	623	346
576	640	320	589	625	348
640	640	320	635	628	350
704	640	320	682	630	352
768	640	320	733	633	354
832	640	320	787	636	356
896	640	320	838	639	359
960	640	320	892	644	362
1023	640	320	944	647	365
0	704	320	355	677	353
64	704	320	357	677	353
128	704	320	368	677	353
192	704	320	386	677	353
256	704	320	411	678	354
320	704	320	441	679	354
384	704	320	476	680	355
448	704	320	515	682	357
512	704	320	558	683	357
576	704	320	605	685	359
640	704	320	648	687	361
704	704	320	695	689	363
768	704	320	746	692	365
832	704	320	798	694	367
896	704	320	850	697	370
960	704	320	902	701	372
1023	704	320	954	704	375
0	768	320	387	736	365
64	768	320	390	736	365
128	768	320	399	736	365
192	768	320	415	737	365
256	768	320	437	737	365
320	768	320	465	738	366
384	768	320	498	739	366
448	768	320	535	741	368
512	768	320	578	742	369
576	768	320	621	744	371
640	768	320	664	747	373
704	768	320	710	749	374
768	768	320	760	750	376
832	768	320	810	752	378
896	768	320	861	756	381
960	768	320	912	759	383
1023	768	320	964	762	386
0	832	320	419	800	377
64	832	320	421	800	377
128	832	320	429	800	378
192	832	320	444	800	378
256	832	320	464	801	379
320	832	320	490	802	379
384	832	320	521	802	379
448	832	320	557	803	381
512	832	320	599	804	382
576	832	320	638	806	383
640	832	320	681	808	385
704	832	320	726	810	386
768	832	320	776	811	388
832	832	320	824	813	390
896	832	320	874	816	393
960	832	320	925	818	395
1023	832	320	975	821	398
0	896	320	450	859	390
64	896	320	451	859	390
128	896	320	459	859	391
192	896	320	472	859	391
256	896	320	491	860	392
320	896	320	516	861	392
384	896	320	546	862	392
448	896	320	582	862	393
512	896	320	619	864	394
576	896	320	656	865	396
640	896	320	698	867	398
704	896	320	743	869	399
768	896	320	792	870	401
832	896	320	839	872	403
896	896	320	887	874	405
960	896	320	938	877	407
1023	896	320	987	881	410
0	960	320	481	920	405
64	960	320	483	920	405
128	960	320	489	920	405
192	960	320	502	920	405
256	960	320	519	920	405
320	960	320	542	920	406
384	960	320	572	921	406
448	960	320	607	922	407
512	960	320	639	923	408
576	960	320	676	924	409
640	960	320	717	926	411
704	960	320	762	927	412
768	960	320	807	928	413
832	960	320	854	930	416
896	960	320	902	932	418
960	960	320	951	934	420
1023	960	320	999	938	422
0	1023	320	511	979	418
64	1023	320	512	979	418
128	1023	320	519	979	418
192	1023	320	530	979	418
256	1023	320	547	979	418
320	1023	320	571	980	419
384	1023	320	600	981	420
448	1023	320	628	982	420
512	1023	320	660	983	421
576	1023	320	697	984	423
640	1023	320	737	986	424
704	1023	320	782	986	425
768	1023	320	825	988	427
832	1023	320	871	990	429
896	1023	320	918	992	431
960	1023	320	966	994	433
1023	1023	320	1013	996	435
0	0	384	44	69	350
64	0	384	69	69	350
128	0	384	120	72	350
192	0	384	178	80	350
256	0	384	235	87	350
320	0	384	292	97	350
384	0	384	351	108	351
448	0	384	409	120	352
512	0	384	463	133	353
576	0	384	518	145	355
640	0	384	576	159	357
704	0	384	632	172	359
768	0	384	686	186	361
832	0	384	742	199	364
896	0	384	800	213	366
960	0	384	856	228	368
1023	0	384	911	241	372
0	64	384	53	89	350
64	64	384	75	91	350
128	64	384	123	93	350
192	64	384	179	97	350
256	64	384	236	104	350
320	64	384	293	113	350
384	64	384	352	122	351
448	64	384	410	133	352
512	64	384	464	144	353
576	64	384	518	156	355
640	64	384	576	167	357
704	64	384	633	179	359
768	64	384	686	193	361
832	64	384	742	206	364
896	64	384	800	220	366
960	64	384	856	233	369
1023	64	384	911	247	372
0	128	384	75	138	351
64	128	384	93	138	351
128	128	384	134	141	351
192	128	384	186	143	351
256	128	384	241	147	352
320	128	384	297	152	351
384	128	384	355	160	352
448	128	384	412	167	353
512	128	384	465	176	355
576	128	384	520	185	356
640	128	384	578	195	358
704	128	384	633	206	360
768	128	384	687	218	363
832	128	384	742	230	365
896	128	384	800	240	367
960	128	384	856	253	370
1023	128	384	912	265	373
0	192	384	104	193	353
64	192	384	116	193	354
128	192	384	151	196	353
192	192	384	197	198	354
256	192	384	249	201	353
320	192	384	303	205	353
384	192	384	359	209	354
448	192	384	415	216	355
512	192	384	469	223	357
576	192	384	523	230	358
640	192	384	580	238	360
704	192	384	635	247	362
768	192	384	688	256	364
832	192	384	743	265	366
896	192	384	801	275	368
960	192	384	857	285	372
1023	192	384	912	295	373
0	256	384	133	253	357
64	256	384	143	254	357
128	256	384	171	255	357
192	256	384	213	256	357
256	256	384	261	259	357
320	256	384	312	262	356
384	256	384	367	266	357
448	256	384	421	270	358
512	256	384	473	276	360
576	256	384	527	281	361
640	256	384	583	287	363
704	256	384	637	294	363
768	256	384	690	302	366
832	256	384	745	309	367
896	256	384	803	317	370
960	256	384	859	326	373
1023	256	384	914	335	376
0	320	384	164	314	359
64	320	384	171	314	359
128	320	384	195	315	359
192	320	384	231	316	359
256	320	384	275	318	359
320	320	384	324	321	359
384	320	384	377	324	360
448	320	384	428	327	361
512	320	384	479	331	362
576	320	384	532	336	364
640	320	384	589	340	366
704	320	384	640	346	368
768	320	384	693	353	370
832	320	384	749	359	372
896	320	384	806	366	374
960	320	384	862	373	376
1023	320	384	917	381	379
0	384	384	195	375	365
64	384	384	201	375	365
128	384	384	221	376	365
192	384	384	253	377	365
256	384	384	293	379	363
320	384	384	339	381	364
384	384	384	389	383	365
448	384	384	438	386	366
512	384	384	488	389	367
576	384	384	539	393	368
640	384	384	595	397	370
704	384	384	645	402	372
768	384	384	699	407	373
832	384	384	754	412	376
896	384	384	810	417	378
960	384	384	865	423	381
1023	384	384	921	430	384
0	448	384	227	436	370
64	448	384	232	436	370
128	448	384	249	436	370
192	448	384	276	438	370
256	448	384	313	439	369
320	448	384	357	441	370
384	448	384	404	443	370
448	448	384	450	445	371
512	448	384	498	447	372
576	448	384	549	450	373
640	448	384	605	454	375
704	448	384	652	457	377
768	448	384	705	462	379
832	448	384	761	467	381
896	448	384	815	471	384
960	448	384	870	476	386
1023	448	384	926	482	389
0	512	384	259	497	376
64	512	384	263	497	376
128	512	384	277	497	376
192	512	384	302	498	375
256	512	384	336	499	375
320	512	384	376	500	376
384	512	384	419	502	376
448	512	384	464	504	378
512	512	384	511	506	379
576	512	384	561	508	380
640	512	384	614	511	382
704	512	384	661	515	383
768	512	384	713	518	385
832	512	384	769	522	388
896	512	384	821	526	389
960	512	384	876	531	392
1023	512	384	931	536	395
0	576	384	290	557	383
64	576	384	294	557	382
128	576	384	307	558	382
192	576	384	330	558	383
256	576	384	361	559	383
320	576	384	398	561	384
384	576	384	437	562	384
448	576	384	479	563	385
512	576	384	524	565	386
576	576	384	574	567	388
640	576	384	624	570	389
704	576	384	672	573	391
768	576	384	722	576	393
832	576	384	778	579	394
896	576	384	830	583	397
960	576	384	884	588	400
1023	576	384	937	592	402
0	640	384	322	618	390
64	640	384	326	618	390
128	640	384	337	618	391
192	640	384	358	618	391
256	640	384	386	619	391
320	640	384	419	620	392
384	640	384	456	622	393
448	640	384	496	623	393
512	640	384	540	625	394
576	640	384	589	626	395
640	640	384	635	629	397
704	640	384	683	632	399
768	640	384	733	635	401
832	640	384	788	638	403
896	640	384	839	641	405
960	640	384	893	645	407
1023	640	384	945	649	409
0	704	384	355	678	400
64	704	384	358	678	400
128	704	384	369	678	400
192	704	384	387	679	400
256	704	384	412	680	400
320	704	384	442	680	401
384	704	384	477	682	402
448	704	384	515	683	403
512	704	384	558	685	404
576	704	384	606	686	405
640	704	384	648	689	406
704	704	384	696	690	407
768	704	384	746	693	409
832	704	384	799	696	411
896	704	384	851	699	413
960	704	384	903	702	415
1023	704	384	954	705	418
0	768	384	388	738	409
64	768	384	390	738	410
128	768	384	400	738	410
192	768	384	415	738	410
256	768	384	438	739	410
320	768	384	466	739	411
384	768	384	498	741	411
448	768	384	535	742	412
512	768	384	578	743	413
576	768	384	621	745	415
640	768	384	665	748	416
704	768	384	711	750	418
768	768	384	761	752	419
832	768	384	811	754	421
896	768	384	862	757	423
960	768	384	913	760	425
1023	768	384	964	763	427
0	832	384	419	801	420
64	832	384	422	801	420
128	832	384	430	801	421
192	832	384	444	801	421
256	832	384	465	802	421
320	832	384	491	803	421
384	832	384	522	803	422
448	832	384	558	804	423
512	832	384	600	806	424
576	832	384	639	807	425
640	832	384	682	810	427
704	832	384	727	811	428
768	832	384	777	812	429
832	832	384	825	815	431
896	832	384	875	817	433
960	832	384	925	819	435
1023	832	384	976	822	438
0	896	384	450	860	432
64	896	384	452	860	432
128	896	384	460	860	432
192	896	384	473	861	432
256	896	384	492	861	432
320	896	384	517	862	433
384	896	384	546	863	433
448	896	384	582	864	434
512	896	384	619	865	435
576	896	384	656	866	436
640	896	384	699	868	437
704	896	384	744	870	438
768	896	384	793	872	440
832	896	384	839	874	442
896	896	384	887	875	444
960	896	384	938	879	447
1023	896	384	988	882	449
0	960	384	481	921	444
64	960	384	483	921	444
128	960	384	490	921	444
192	960	384	502	921	444
256	960	384	520	921	444
320	960	384	543	921	445
384	960	384	573	922	446
448	960	384	607	924	446
512	960	384	639	924	447
576	960	384	677	926	448
640	960	384	718	927	449
704	960	384	762	928	450
768	960	384	808	929	451
832	960	384	855	931	453
896	960	384	902	934	455
960	960	384	952	936	457
1023	960	384	1000	939	460
0	1023	384	511	980	456
64	1023	384	513	980	456
128	1023	384	520	980	456
192	1023	384	531	980	456
256	1023	384	548	980	456
320	1023	384	572	981	457
384	1023	384	600	982	458
448	1023	384	629	983	458
512	1023	384	661	984	459
576	1023	384	698	985	460
640	1023	384	738	987	461
704	1023	384	782	987	462
768	1023	384	825	989	463
832	1023	384	871	991	465
896	1023	384	918	993	467
960	1023	384	966	995	469
1023	1023	384	1013	997	471
0	0	448	48	80	410
64	0	448	72	82	409
128	0	448	123	85	409
192	0	448	179	89	409
256	0	448	236	97	408
320	0	448	293	104	407
384	0	448	353	116	408
448	0	448	410	128	409
512	0	448	464	138	410
576	0	448	519	151	411
640	0	448	577	163	412
704	0	448	633	177	414
768	0	448	686	190	415
832	0	448	743	203	417
896	0	448	800	217	418
960	0	448	856	231	421
1023	0	448	911	244	423
0	64	448	57	99	410
64	64	448	80	99	409
128	64	448	126	101	409
192	64	448	180	106	409
256	64	448	238	111	408
320	64	448	294	119	408
384	64	448	353	129	408
448	64	448	411	138	409
512	64	448	465	149	410
576	64	448	519	160	411
640	64	448	577	172	412
704	64	448	633	185	414
768	64	448	686	197	415
832	64	448	743	209	417
896	64	448	800	223	418
960	64	448	856	236	421
1023	64	448	911	250	424
0	128	448	77	143	410
64	128	448	95	144	410
128	128	448	137	145	410
192	128	448	187	148	410
256	128	448	242	152	409
320	128	448	298	158	409
384	128	448	356	164	409
448	128	448	413	173	410
512	128	448	467	181	411
576	128	448	521	190	412
640	128	448	578	199	413
704	128	448	634	209	415
768	128	448	687	221	416
832	128	448	743	232	418
896	128	448	801	244	419
960	128	448	857	256	422
1023	128	448	912	268	424
0	192	448	106	198	412
64	192	448	117	198	412
128	192	448	152	199	411
192	192	448	198	201	411
256	192	448	250	205	410
320	192	448	304	209	410
384	192	448	361	215	411
448	192	448	417	221	411
512	192	448	469	227	412
576	192	448	524	234	413
640	192	448	581	242	414
704	192	448	635	250	416
768	192	448	688	258	418
832	192	448	744	267	419
896	192	448	801	277	421
960	192	448	857	288	423
1023	192	448	912	298	425
0	256	448	136	257	414
64	256	448	144	257	414
128	256	448	173	258	414
192	256	448	214	260	413
256	256	448	262	262	413
320	256	448	314	266	412
384	256	448	368	270	413
448	256	448	422	274	414
512	256	448	474	279	415
576	256	448	527	284	416
640	256	448	584	290	417
704	256	448	637	297	417
768	256	448	690	304	419
832	256	448	746	312	420
896	256	448	803	319	422
960	256	448	860	328	425
1023	256	448	915	337	427
0	320	448	165	316	416
64	320	448	174	317	415
128	320	448	196	317	415
192	320	448	233	319	415
256	320	448	276	321	414
320	320	448	325	324	414
384	320	448	378	327	415
448	320	448	430	330	416
512	320	448	480	334	416
576	320	448	533	338	417
640	320	448	589	343	419
704	320	448	641	349	420
768	320	448	694	355	422
832	320	448	749	361	424
896	320	448	806	368	426
960	320	448	862	375	428
1023	320	448	917	383	430
0	384	448	196	377	419
64	384	448	202	378	419
128	384	448	223	378	419
192	384	448	253	379	419
256	384	448	293	381	417
320	384	448	340	383	418
384	384	448	390	386	419
448	384	448	439	388	420
512	384	448	488	391	420
576	384	448	540	395	421
640	384	448	596	399	422
704	384	448	646	404	424
768	384	448	699	409	425
832	384	448	755	413	427
896	384	448	811	419	429
960	384	448	866	425	431
1023	384	448	921	431	433
0	448	448	228	438	423
64	448	448	234	438	423
128	448	448	250	438	423
192	448	448	277	439	423
256	448	448	314	441	422
320	448	448	357	443	423
384	448	448	405	444	423
448	448	448	451	447	424
512	448	448	499	449	424
576	448	448	550	452	425
640	448	448	605	455	427
704	448	448	653	460	428
768	448	448	706	464	430
832	448	448	762	468	431
896	448	448	816	473	433
960	448	448	870	477	435
1023	448	448	926	484	438
0	512	448	259	498	428
64	512	448	264	498	428
128	512	448	279	499	428
192	512	448	304	500	427
256	512	448	337	501	428
320	512	448	377	502	428
384	512	448	420	504	428
448	512	448	465	505	429
512	512	448	511	508	430
576	512	448	562	510	431
640	512	448	614	514	432
704	512	448	662	517	433
768	512	448	714	520	435
832	512	448	769	524	436
896	512	448	822	528	438
960	512	448	877	533	441
1023	512	448	931	538	443
0	576	448	291	559	433
64	576	448	295	559	433
128	576	448	308	560	433
192	576	448	331	560	433
256	576	448	362	561	433
320	576	448	399	562	434
384	576	448	438	564	434
448	576	448	480	565	435
512	576	448	525	566	436
576	576	448	575	569	437
640	576	448	624	572	438
704	576	448	672	575	439
768	576	448	723	578	441
832	576	448	778	581	442
896	576	448	830	585	444
960	576	448	884	589	447
1023	576	448	937	593	449
0	640	448	322	619	439
64	640	448	326	619	439
128	640	448	338	619	440
192	640	448	358	620	440
256	640	448	386	620	440
320	640	448	419	622	441
384	640	448	457	623	441
448	640	448	497	624	442
512	640	448	540	626	443
576	640	448	590	628	443
640	640	448	636	631	445
704	640	448	684	634	447
768	640	448	734	636	448
832	640	448	789	639	449
896	640	448	840	642	451
960	640	448	893	647	453
1023	640	448	945	650	456
0	704	448	356	680	448
64	704	448	359	680	448
128	704	448	370	680	448
192	704	448	388	680	448
256	704	448	413	681	448
320	704	448	443	682	449
384	704	448	477	683	449
448	704	448	516	684	450
512	704	448	559	686	451
576	704	448	607	688	451
640	704	448	649	690	453
704	704	448	697	692	454
768	704	448	747	694	456
832	704	448	800	697	457
896	704	448	851	700	459
960	704	448	903	703	461
1023	704	448	955	706	463
0	768	448	389	739	457
64	768	448	391	739	457
128	768	448	401	739	457
192	768	448	416	740	457
256	768	448	438	740	457
320	768	448	466	741	457
384	768	448	499	742	458
448	768	448	536	743	458
512	768	448	579	745	459
576	768	448	623	747	461
640	768	448	665	750	462
704	768	448	712	752	463
768	768	448	762	754	464
832	768	448	812	756	466
896	768	448	863	759	467
960	768	448	914	762	469
1023	768	448	965	765	471
0	832	448	420	802	466
64	832	448	423	802	466
128	832	448	431	802	466
192	832	448	445	803	466
256	832	448	466	803	466
320	832	448	491	804	467
384	832	448	523	804	467
448	832	448	559	805	468
512	832	448	601	807	469
576	832	448	640	809	470
640	832	448	682	811	471
704	832	448	728	812	472
768	832	448	778	814	473
832	832	448	825	816	475
896	832	448	876	819	477
960	832	448	926	821	479
1023	832	448	976	824	481
0	896	448	451	861	475
64	896	448	453	862	475
128	896	448	461	862	476
192	896	448	474	862	476
256	896	448	493	863	476
320	896	448	518	864	477
384	896	448	547	864	477
448	896	448	583	865	477
512	896	448	620	866	478
576	896	448	657	868	479
640	896	448	699	869	480
704	896	448	744	871	482
768	896	448	794	873	483
832	896	448	840	875	484
896	896	448	888	877	486
960	896	448	939	880	488
1023	896	448	988	883	490
0	960	448	482	922	486
64	960	448	484	922	486
128	960	448	491	922	486
192	960	448	503	922	486
256	960	448	521	923	487
320	960	448	544	923	487
384	960	448	574	924	488
448	960	448	608	925	488
512	960	448	640	926	489
576	960	448	678	927	490
640	960	448	718	928	491
704	960	448	763	930	492
768	960	448	809	931	493
832	960	448	855	933	494
896	960	448	903	935	496
960	960	448	953	937	498
1023	960	448	1001	941	500
0	1023	448	512	981	497
64	1023	448	514	981	497
128	1023	448	520	981	497
192	1023	448	532	981	497
256	1023	448	549	981	497
320	1023	448	573	982	498
384	1023	448	601	984	499
448	1023	448	630	985	499
512	1023	448	661	985	500
576	1023	448	698	986	501
640	1023	448	739	988	502
704	1023	448	783	988	502
768	1023	448	826	990	504
832	1023	448	872	992	505
896	1023	448	919	994	507
960	1023	448	967	996	509
1023	1023	448	1014	999	511
0	0	512	57	91	464
64	0	512	80	93	464
128	0	512	128	95	464
192	0	512	180	99	464
256	0	512	238	106	464
320	0	512	295	114	464
384	0	512	353	125	464
448	0	512	411	134	464
512	0	512	465	145	465
576	0	512	520	157	467
640	0	512	578	169	467
704	0	512	633	181	469
768	0	512	686	194	470
832	0	512	742	207	472
896	0	512	801	221	473
960	0	512	857	234	475
1023	0	512	912	248	477
0	64	512	63	108	464
64	64	512	85	108	464
128	64	512	130	109	464
192	64	512	182	114	464
256	64	512	239	119	464
320	64	512	296	128	464
384	64	512	354	136	464
448	64	512	412	144	465
512	64	512	466	155	465
576	64	512	520	166	467
640	64	512	578	178	468
704	64	512	633	189	469
768	64	512	687	202	471
832	64	512	743	215	472
896	64	512	801	227	473
960	64	512	857	240	475
1023	64	512	912	253	478
0	128	512	85	149	465
64	128	512	99	150	465
128	128	512	139	151	465
192	128	512	189	153	465
256	128	512	243	159	465
320	128	512	299	164	464
384	128	512	357	170	465
448	128	512	413	178	466
512	128	512	467	186	467
576	128	512	522	194	467
640	128	512	579	203	469
704	128	512	634	215	470
768	128	512	687	225	471
832	128	512	743	236	473
896	128	512	801	247	474
960	128	512	857	259	476
1023	128	512	912	271	478
0	192	512	109	202	467
64	192	512	120	202	467
128	192	512	155	203	467
192	192	512	200	206	467
256	192	512	252	209	467
320	192	512	305	214	466
384	192	512	362	218	466
448	192	512	417	224	467
512	192	512	470	230	468
576	192	512	524	237	469
640	192	512	581	245	470
704	192	512	636	253	471
768	192	512	688	262	473
832	192	512	744	271	474
896	192	512	802	280	475
960	192	512	858	290	478
1023	192	512	913	301	478
0	256	512	138	260	470
64	256	512	147	261	470
128	256	512	175	261	470
192	256	512	215	263	471
256	256	512	263	265	471
320	256	512	314	269	468
384	256	512	369	272	469
448	256	512	423	276	469
512	256	512	475	282	470
576	256	512	528	287	471
640	256	512	585	293	470
704	256	512	638	300	471
768	256	512	690	307	473
832	256	512	746	315	473
896	256	512	804	322	475
960	256	512	860	331	477
1023	256	512	915	339	479
0	320	512	167	319	469
64	320	512	175	319	469
128	320	512	198	320	469
192	320	512	234	322	469
256	320	512	277	323	469
320	320	512	326	326	469
384	320	512	379	329	469
448	320	512	430	332	470
512	320	512	481	336	471
576	320	512	534	340	472
640	320	512	590	346	473
704	320	512	642	352	474
768	320	512	695	357	475
832	320	512	750	363	476
896	320	512	807	370	478
960	320	512	863	378	480
1023	320	512	918	385	481
0	384	512	198	379	474
64	384	512	204	380	474
128	384	512	224	381	475
192	384	512	255	382	475
256	384	512	295	384	472
320	384	512	341	386	472
384	384	512	391	388	473
448	384	512	439	390	473
512	384	512	489	393	474
576	384	512	540	397	475
640	384	512	597	401	475
704	384	512	647	406	476
768	384	512	700	411	477
832	384	512	755	416	479
896	384	512	811	422	481
960	384	512	867	427	482
1023	384	512	922	434	485
0	448	512	230	439	476
64	448	512	234	440	476
128	448	512	251	441	476
192	448	512	279	442	477
256	448	512	315	443	475
320	448	512	359	444	475
384	448	512	406	447	476
448	448	512	452	449	477
512	448	512	500	451	476
576	448	512	551	454	477
640	448	512	606	458	479
704	448	512	654	462	480
768	448	512	706	466	481
832	448	512	762	470	483
896	448	512	817	475	485
960	448	512	871	479	486
1023	448	512	927	486	488
0	512	512	261	500	480
64	512	512	265	501	480
128	512	512	280	501	481
192	512	512	304	502	479
256	512	512	338	503	479
320	512	512	378	504	480
384	512	512	421	506	480
448	512	512	465	507	481
512	512	512	512	510	481
576	512	512	562	512	482
640	512	512	615	516	483
704	512	512	663	519	485
768	512	512	714	522	486
832	512	512	770	526	487
896	512	512	823	530	489
960	512	512	877	535	490
1023	512	512	932	540	492
0	576	512	292	561	484
64	576	512	296	561	484
128	576	512	309	562	484
192	576	512	332	562	484
256	576	512	363	563	484
320	576	512	400	564	485
384	576	512	438	565	485
448	576	512	481	567	486
512	576	512	526	568	486
576	576	512	576	571	487
640	576	512	625	574	488
704	576	512	673	577	490
768	576	512	724	580	491
832	576	512	779	582	492
896	576	512	831	587	494
960	576	512	885	591	495
1023	576	512	938	595	497
0	640	512	324	621	490
64	640	512	327	621	490
128	640	512	339	621	490
192	640	512	359	621	490
256	640	512	388	622	491
320	640	512	420	623	491
384	640	512	457	625	491
448	640	512	498	626	492
512	640	512	541	628	492
576	640	512	591	630	493
640	640	512	637	633	495
704	640	512	685	636	496
768	640	512	735	638	497
832	640	512	789	641	498
896	640	512	841	644	500
960	640	512	894	648	502
1023	640	512	946	652	503
0	704	512	357	682	497
64	704	512	360	682	497
128	704	512	371	682	497
192	704	512	389	683	497
256	704	512	414	683	497
320	704	512	443	684	498
384	704	512	478	685	498
448	704	512	517	686	499
512	704	512	560	688	500
576	704	512	608	690	500
640	704	512	650	692	501
704	704	512	698	695	503
768	704	512	748	696	504
832	704	512	801	699	505
896	704	512	852	701	506
960	704	512	903	705	508
1023	704	512	956	708	510
0	768	512	390	741	505
64	768	512	393	741	505
128	768	512	402	742	505
192	768	512	417	742	505
256	768	512	439	742	505
320	768	512	468	743	506
384	768	512	500	744	506
448	768	512	537	745	506
512	768	512	580	747	508
576	768	512	624	749	509
640	768	512	666	752	509
704	768	512	713	754	510
768	768	512	763	756	511
832	768	512	813	758	513
896	768	512	864	761	514
960	768	512	915	764	516
1023	768	512	966	767	518
0	832	512	421	804	514
64	832	512	424	804	514
128	832	512	432	805	514
192	832	512	447	805	514
256	832	512	467	805	514
320	832	512	492	806	514
384	832	512	524	806	515
448	832	512	560	808	515
512	832	512	601	809	516
576	832	512	641	811	517
640	832	512	683	812	518
704	832	512	729	814	519
768	832	512	779	816	520
832	832	512	826	817	521
896	832	512	876	820	522
960	832	512	927	822	524
1023	832	512	978	826	526
0	896	512	452	864	522
64	896	512	454	864	522
128	896	512	462	864	522
192	896	512	475	864	522
256	896	512	494	865	522
320	896	512	519	865	523
384	896	512	548	866	523
448	896	512	584	867	524
512	896	512	622	869	525
576	896	512	659	870	525
640	896	512	701	872	526
704	896	512	745	872	527
768	896	512	794	874	528
832	896	512	841	877	529
896	896	512	890	879	531
960	896	512	940	882	533
1023	896	512	989	885	534
0	960	512	483	923	531
64	960	512	485	923	531
128	960	512	492	924	531
192	960	512	504	924	531
256	960	512	522	924	532
320	960	512	545	925	532
384	960	512	575	925	532
448	960	512	609	926	534
512	960	512	642	928	534
576	960	512	679	929	535
640	960	512	720	930	535
704	960	512	764	931	536
768	960	512	810	933	537
832	960	512	857	935	539
896	960	512	904	937	540
960	960	512	954	939	542
1023	960	512	1002	942	544
0	1023	512	513	982	541
64	1023	512	515	982	541
128	1023	512	521	983	541
192	1023	512	533	983	541
256	1023	512	550	983	541
320	1023	512	573	984	542
384	1023	512	602	985	542
448	1023	512	631	986	543
512	1023	512	662	986	543
576	1023	512	699	987	544
640	1023	512	739	989	545
704	1023	512	785	990	546
768	1023	512	827	992	547
832	1023	512	872	993	549
896	1023	512	920	996	551
960	1023	512	969	999	553
1023	1023	512	1016	1001	554
0	0	576	63	103	520
64	0	576	85	104	520
128	0	576	130	106	520
192	0	576	183	109	520
256	0	576	240	116	520
320	0	576	296	125	519
384	0	576	354	133	519
448	0	576	412	142	520
512	0	576	466	153	520
576	0	576	521	164	521
640	0	576	578	175	522
704	0	576	634	187	523
768	0	576	687	200	524
832	0	576	743	213	526
896	0	576	802	226	527
960	0	576	859	239	529
1023	0	576	914	253	531
0	64	576	69	117	520
64	64	576	89	117	520
128	64	576	133	120	520
192	64	576	185	123	520
256	64	576	241	129	520
320	64	576	297	136	519
384	64	576	355	143	519
448	64	576	412	151	520
512	64	576	467	162	520
576	64	576	521	172	521
640	64	576	579	183	522
704	64	576	634	195	523
768	64	576	687	207	524
832	64	576	743	220	526
896	64	576	802	232	527
960	64	576	859	245	529
1023	64	576	914	258	531
0	128	576	89	156	521
64	128	576	103	157	521
128	128	576	142	158	521
192	128	576	191	161	521
256	128	576	245	165	521
320	128	576	300	170	520
384	128	576	357	177	520
448	128	576	414	183	520
512	128	576	468	191	521
576	128	576	523	200	522
640	128	576	580	209	523
704	128	576	635	220	524
768	128	576	688	230	525
832	128	576	744	241	526
896	128	576	803	252	528
960	128	576	859	263	530
1023	128	576	914	276	532
0	192	576	113	208	523
64	192	576	123	208	523
128	192	576	157	209	523
192	192	576	202	211	523
256	192	576	253	215	523
320	192	576	307	218	521
384	192	576	363	223	521
448	192	576	418	228	521
512	192	576	471	235	523
576	192	576	525	242	523
640	192	576	582	249	524
704	192	576	636	258	525
768	192	576	689	266	526
832	192	576	745	275	527
896	192	576	803	284	529
960	192	576	860	294	529
1023	192	576	915	305	531
0	256	576	141	264	526
64	256	576	150	264	526
128	256	576	177	266	526
192	256	576	218	267	526
256	256	576	265	269	525
320	256	576	315	272	523
384	256	576	370	276	523
448	256	576	424	280	524
512	256	576	476	285	525
576	256	576	529	291	525
640	256	576	586	297	524
704	256	576	639	304	525
768	256	576	691	311	526
832	256	576	747	318	527
896	256	576	805	326	529
960	256	576	862	334	530
1023	256	576	917	343	532
0	320	576	170	323	524
64	320	576	177	323	524
128	320	576	199	323	524
192	320	576	235	325	524
256	320	576	279	327	524
320	320	576	327	330	523
384	320	576	380	332	524
448	320	576	431	336	524
512	320	576	483	340	525
576	320	576	535	344	526
640	320	576	591	350	526
704	320	576	643	355	527
768	320	576	696	361	528
832	320	576	751	367	530
896	320	576	808	373	531
960	320	576	864	380	533
1023	320	576	919	388	535
0	384	576	200	383	529
64	384	576	206	383	529
128	384	576	225	384	529
192	384	576	256	385	529
256	384	576	296	386	526
320	384	576	342	389	526
384	384	576	393	391	527
448	384	576	441	394	527
512	384	576	491	397	528
576	384	576	542	400	529
640	384	576	598	404	528
704	384	576	648	409	530
768	384	576	701	414	530
832	384	576	756	419	531
896	384	576	812	424	533
960	384	576	868	430	534
1023	384	576	923	437	536
0	448	576	231	443	530
64	448	576	236	443	530
128	448	576	253	443	531
192	448	576	280	444	530
256	448	576	317	446	529
320	448	576	360	447	529
384	448	576	407	449	529
448	448	576	453	451	530
512	448	576	501	454	530
576	448	576	552	457	531
640	448	576	607	460	532
704	448	576	656	465	533
768	448	576	708	469	534
832	448	576	763	473	535
896	448	576	818	478	537
960	448	576	873	483	538
1023	448	576	927	488	539
0	512	576	262	502	534
64	512	576	266	503	534
128	512	576	281	503	534
192	512	576	306	504	533
256	512	576	339	505	533
320	512	576	380	506	533
384	512	576	422	508	533
448	512	576	467	510	534
512	512	576	514	512	534
576	512	576	564	515	535
640	512	576	616	518	536
704	512	576	664	521	537
768	512	576	716	525	538
832	512	576	772	529	539
896	512	576	824	532	540
960	512	576	878	537	543
1023	512	576	933	542	544
0	576	576	294	564	537
64	576	576	297	564	537
128	576	576	311	564	537
192	576	576	333	564	537
256	576	576	364	565	537
320	576	576	401	566	538
384	576	576	440	567	538
448	576	576	482	569	538
512	576	576	528	571	539
576	576	576	578	574	540
640	576	576	626	577	540
704	576	576	674	579	541
768	576	576	726	583	543
832	576	576	781	585	544
896	576	576	832	589	544
960	576	576	886	593	547
1023	576	576	939	597	548
0	640	576	326	624	542
64	640	576	329	624	542
128	640	576	341	624	542
192	640	576	361	625	542
256	640	576	389	625	543
320	640	576	422	627	543
384	640	576	460	628	543
448	640	576	500	629	544
512	640	576	543	631	544
576	640	576	593	633	545
640	640	576	639	636	546
704	640	576	686	638	547
768	640	576	737	641	548
832	640	576	790	643	548
896	640	576	842	646	550
960	640	576	895	650	552
1023	640	576	948	654	554
0	704	576	359	684	549
64	704	576	362	685	549
128	704	576	372	685	548
192	704	576	391	685	549
256	704	576	415	686	549
320	704	576	445	687	549
384	704	576	480	687	549
448	704	576	519	689	550
512	704	576	562	691	551
576	704	576	609	692	551
640	704	576	651	694	552
704	704	576	700	697	554
768	704	576	749	699	554
832	704	576	801	701	555
896	704	576	853	703	557
960	704	576	904	707	558
1023	704	576	957	711	560
0	768	576	392	744	556
64	768	576	394	744	556
128	768	576	404	744	556
192	768	576	419	744	556
256	768	576	441	745	556
320	768	576	469	746	557
384	768	576	502	747	557
448	768	576	539	748	557
512	768	576	582	749	558
576	768	576	625	752	559
640	768	576	667	754	559
704	768	576	714	755	560
768	768	576	764	758	562
832	768	576	814	760	563
896	768	576	864	762	564
960	768	576	916	766	566
1023	768	576	968	770	568
0	832	576	423	807	564
64	832	576	425	807	564
128	832	576	433	807	564
192	832	576	448	807	564
256	832	576	468	807	564
320	832	576	494	808	564
384	832	576	525	809	564
448	832	576	561	810	565
512	832	576	603	811	566
576	832	576	642	813	567
640	832	576	684	814	567
704	832	576	730	816	568
768	832	576	780	818	569
832	832	576	827	819	570
896	832	576	877	821	571
960	832	576	928	824	573
1023	832	576	979	828	576
0	896	576	453	865	571
64	896	576	456	865	571
128	896	576	463	866	572
192	896	576	476	866	572
256	896	576	495	866	572
320	896	576	519	867	572
384	896	576	549	867	572
448	896	576	585	869	573
512	896	576	623	870	574
576	896	576	660	872	575
640	896	576	702	874	575
704	896	576	746	874	576
768	896	576	795	876	578
832	896	576	842	878	579
896	896	576	891	881	580
960	896	576	941	884	582
1023	896	576	990	887	583
0	960	576	484	925	580
64	960	576	486	925	580
128	960	576	492	925	581
192	960	576	505	925	581
256	960	576	523	926	581
320	960	576	546	927	582
384	960	576	576	927	582
448	960	576	610	928	582
512	960	576	643	930	583
576	960	576	680	930	584
640	960	576	720	932	584
704	960	576	765	933	585
768	960	576	811	935	586
832	960	576	858	937	588
896	960	576	905	939	589
960	960	576	955	942	591
1023	960	576	1003	944	592
0	1023	576	515	984	590
64	1023	576	516	984	590
128	1023	576	523	985	590
192	1023	576	534	985	590
256	1023	576	551	985	590
320	1023	576	575	986	591
384	1023	576	603	987	591
448	1023	576	632	987	592
512	1023	576	663	988	592
576	1023	576	700	990	593
640	1023	576	740	991	594
704	1023	576	786	992	595
768	1023	576	827	993	595
832	1023	576	873	994	596
896	1023	576	920	997	598
960	1023	576	970	1000	600
1023	1023	576	1016	1002	602
0	0	640	69	114	578
64	0	640	89	116	578
128	0	640	133	117	578
192	0	640	185	122	578
256	0	640	241	128	577
320	0	640	298	133	576
384	0	640	356	141	576
448	0	640	413	151	577
512	0	640	467	161	577
576	0	640	522	171	578
640	0	640	580	182	579
704	0	640	635	193	580
768	0	640	688	206	581
832	0	640	744	219	582
896	0	640	803	232	583
960	0	640	860	244	585
1023	0	640	915	258	586
0	64	640	77	128	579
64	64	640	93	128	579
128	64	640	136	130	578
192	64	640	187	134	578
256	64	640	242	138	578
320	64	640	298	144	576
384	64	640	357	152	577
448	64	640	414	160	577
512	64	640	468	169	577
576	64	640	522	179	578
640	64	640	580	190	579
704	64	640	635	201	580
768	64	640	688	213	581
832	64	640	744	225	582
896	64	640	803	237	584
960	64	640	860	250	585
1023	64	640	915	262	587
0	128	640	93	164	579
64	128	640	106	165	579
128	128	640	144	166	579
192	128	640	193	168	579
256	128	640	247	172	578
320	128	640	302	178	577
384	128	640	359	183	577
448	128	640	416	190	578
512	128	640	469	198	578
576	128	640	524	206	579
640	128	640	581	215	580
704	128	640	636	225	580
768	128	640	689	235	581
832	128	640	745	246	582
896	128	640	804	257	584
960	128	640	860	268	586
1023	128	640	915	280	587
0	192	640	116	214	581
64	192	640	128	215	581
128	192	640	160	215	581
192	192	640	204	218	580
256	192	640	255	221	580
320	192	640	308	224	578
384	192	640	364	229	578
448	192	640	419	234	579
512	192	640	472	240	579
576	192	640	527	247	580
640	192	640	583	254	581
704	192	640	637	262	582
768	192	640	690	270	582
832	192	640	746	280	584
896	192	640	804	289	585
960	192	640	861	299	585
1023	192	640	916	309	586
0	256	640	144	269	583
64	256	640	152	269	583
128	256	640	179	270	583
192	256	640	219	272	583
256	256	640	266	274	582
320	256	640	317	277	580
384	256	640	372	281	580
448	256	640	425	284	580
512	256	640	477	289	581
576	256	640	530	295	580
640	256	640	587	301	581
704	256	640	640	308	581
768	256	640	693	314	582
832	256	640	749	322	584
896	256	640	806	330	585
960	256	640	863	338	586
1023	256	640	918	346	588
0	320	640	172	327	582
64	320	640	179	327	582
128	320	640	202	327	582
192	320	640	238	329	581
256	320	640	281	331	581
320	320	640	329	334	580
384	320	640	381	336	580
448	320	640	432	340	581
512	320	640	484	343	581
576	320	640	536	348	582
640	320	640	593	353	583
704	320	640	644	359	584
768	320	640	697	364	585
832	320	640	753	370	586
896	320	640	809	377	587
960	320	640	865	384	588
1023	320	640	920	391	590
0	384	640	202	386	586
64	384	640	208	387	586
128	384	640	228	387	586
192	384	640	258	388	585
256	384	640	298	390	583
320	384	640	344	392	583
384	384	640	394	394	583
448	384	640	443	397	584
512	384	640	492	400	584
576	384	640	544	404	584
640	384	640	600	408	585
704	384	640	650	412	586
768	384	640	702	417	587
832	384	640	758	422	588
896	384	640	813	427	589
960	384	640	869	433	590
1023	384	640	923	439	592
0	448	640	233	446	587
64	448	640	238	446	587
128	448	640	255	447	587
192	448	640	282	447	587
256	448	640	318	449	585
320	448	640	361	450	585
384	448	640	408	452	585
448	448	640	454	454	586
512	448	640	503	457	587
576	448	640	553	460	587
640	448	640	608	463	588
704	448	640	657	467	589
768	448	640	710	472	590
832	448	640	765	475	591
896	448	640	818	480	592
960	448	640	874	485	593
1023	448	640	928	491	595
0	512	640	264	505	590
64	512	640	269	505	590
128	512	640	282	506	590
192	512	640	308	507	588
256	512	640	340	508	588
320	512	640	381	509	589
384	512	640	423	510	589
448	512	640	468	512	589
512	512	640	515	515	590
576	512	640	565	518	591
640	512	640	617	520	591
704	512	640	665	524	593
768	512	640	717	528	594
832	512	640	773	531	595
896	512	640	825	535	595
960	512	640	879	539	597
1023	512	640	934	545	599
0	576	640	295	566	592
64	576	640	299	566	593
128	576	640	312	567	593
192	576	640	335	567	593
256	576	640	365	568	593
320	576	640	402	569	593
384	576	640	441	570	593
448	576	640	483	572	593
512	576	640	529	574	594
576	576	640	579	576	595
640	576	640	627	579	595
704	576	640	675	582	597
768	576	640	727	585	598
832	576	640	782	588	599
896	576	640	833	592	599
960	576	640	887	595	601
1023	576	640	940	600	603
0	640	640	327	626	598
64	640	640	331	626	598
128	640	640	342	627	598
192	640	640	363	627	598
256	640	640	391	628	598
320	640	640	423	629	598
384	640	640	460	630	599
448	640	640	501	631	599
512	640	640	544	633	600
576	640	640	594	635	600
640	640	640	639	638	601
704	640	640	687	640	602
768	640	640	737	643	603
832	640	640	792	645	603
896	640	640	843	649	605
960	640	640	896	652	606
1023	640	640	949	656	608
0	704	640	361	687	604
64	704	640	363	687	604
128	704	640	374	687	604
192	704	640	392	687	604
256	704	640	417	688	604
320	704	640	447	689	604
384	704	640	481	690	604
448	704	640	519	691	604
512	704	640	563	692	605
576	704	640	610	694	606
640	704	640	653	696	606
704	704	640	700	698	607
768	704	640	750	700	608
832	704	640	802	702	609
896	704	640	854	706	610
960	704	640	906	709	611
1023	704	640	958	713	613
0	768	640	392	745	610
64	768	640	395	745	610
128	768	640	405	746	609
192	768	640	420	746	610
256	768	640	443	747	611
320	768	640	470	748	611
384	768	640	503	749	611
448	768	640	540	750	611
512	768	640	583	752	611
576	768	640	626	753	612
640	768	640	668	755	613
704	768	640	715	757	613
768	768	640	765	760	614
832	768	640	815	762	615
896	768	640	866	764	616
960	768	640	916	767	617
1023	768	640	968	771	619
0	832	640	424	808	616
64	832	640	426	808	616
128	832	640	434	808	616
192	832	640	449	808	616
256	832	640	469	809	617
320	832	640	495	810	617
384	832	640	526	811	617
448	832	640	562	811	617
512	832	640	604	813	618
576	832	640	643	814	618
640	832	640	685	816	619
704	832	640	730	817	620
768	832	640	781	819	620
832	832	640	828	821	621
896	832	640	878	823	622
960	832	640	929	826	624
1023	832	640	980	829	625
0	896	640	454	867	623
64	896	640	456	867	623
128	896	640	464	867	623
192	896	640	477	867	623
256	896	640	496	868	623
320	896	640	520	868	623
384	896	640	550	869	624
448	896	640	586	870	624
512	896	640	623	872	625
576	896	640	660	873	625
640	896	640	703	875	626
704	896	640	747	876	626
768	896	640	796	878	627
832	896	640	842	880	628
896	896	640	891	883	629
960	896	640	941	885	631
1023	896	640	991	888	632
0	960	640	485	927	630
64	960	640	487	927	630
128	960	640	494	927	630
192	960	640	506	927	631
256	960	640	524	927	630
320	960	640	547	927	631
384	960	640	577	929	631
448	960	640	611	930	632
512	960	640	644	931	632
576	960	640	680	932	633
640	960	640	721	933	633
704	960	640	766	934	634
768	960	640	812	936	635
832	960	640	859	938	636
896	960	640	906	940	637
960	960	640	955	943	638
1023	960	640	1003	945	639
0	1023	640	515	986	638
64	1023	640	517	986	638
128	1023	640	524	986	638
192	1023	640	535	986	638
256	1023	640	552	987	638
320	1023	640	576	987	638
384	1023	640	604	988	639
448	1023	640	632	989	640
512	1023	640	664	990	640
576	1023	640	702	992	641
640	1023	640	741	992	641
704	1023	640	786	993	642
768	1023	640	828	994	642
832	1023	640	874	996	643
896	1023	640	921	999	645
960	1023	640	970	1001	646
1023	1023	640	1016	1003	647
0	0	704	80	128	636
64	0	704	95	128	636
128	0	704	137	130	636
192	0	704	188	133	635
256	0	704	243	137	635
320	0	704	299	144	633
384	0	704	357	151	634
448	0	704	414	160	634
512	0	704	468	168	634
576	0	704	523	179	634
640	0	704	580	189	635
704	0	704	636	201	636
768	0	704	689	213	637
832	0	704	744	225	637
896	0	704	803	237	638
960	0	704	859	250	639
1023	0	704	915	262	641
0	64	704	85	139	636
64	64	704	99	139	636
128	64	704	139	141	636
192	64	704	190	143	635
256	64	704	245	148	635
320	64	704	300	155	633
384	64	704	358	161	634
448	64	704	415	168	634
512	64	704	469	178	634
576	64	704	523	187	634
640	64	704	581	197	635
704	64	704	636	208	636
768	64	704	689	219	637
832	64	704	744	231	637
896	64	704	803	243	638
960	64	704	860	255	639
1023	64	704	915	267	641
0	128	704	99	172	637
64	128	704	111	172	637
128	128	704	149	174	637
192	128	704	196	176	636
256	128	704	249	180	636
320	128	704	304	185	634
384	128	704	361	190	634
448	128	704	417	197	634
512	128	704	470	203	635
576	128	704	525	213	635
640	128	704	582	221	635
704	128	704	637	231	636
768	128	704	690	241	637
832	128	704	745	251	638
896	128	704	804	262	639
960	128	704	860	273	640
1023	128	704	915	284	641
0	192	704	120	220	638
64	192	704	132	221	638
128	192	704	163	221	638
192	192	704	206	223	637
256	192	704	257	226	637
320	192	704	310	230	635
384	192	704	365	235	635
448	192	704	420	240	635
512	192	704	473	245	636
576	192	704	527	252	636
640	192	704	584	259	636
704	192	704	638	267	637
768	192	704	691	275	638
832	192	704	746	284	638
896	192	704	804	293	640
960	192	704	861	303	639
1023	192	704	916	313	640
0	256	704	148	274	640
64	256	704	156	274	640
128	256	704	181	275	640
192	256	704	222	276	639
256	256	704	268	279	639
320	256	704	318	282	637
384	256	704	373	285	637
448	256	704	426	289	637
512	256	704	478	294	637
576	256	704	531	299	635
640	256	704	588	305	636
704	256	704	641	312	637
768	256	704	694	318	637
832	256	704	749	325	638
896	256	704	807	333	639
960	256	704	863	341	640
1023	256	704	918	351	642
0	320	704	175	331	638
64	320	704	182	331	638
128	320	704	204	331	638
192	320	704	240	333	637
256	320	704	282	335	637
320	320	704	331	337	636
384	320	704	383	340	636
448	320	704	433	343	636
512	320	704	485	347	636
576	320	704	537	351	637
640	320	704	594	356	637
704	320	704	645	362	638
768	320	704	698	368	639
832	320	704	753	373	639
896	320	704	810	380	641
960	320	704	865	387	642
1023	320	704	920	395	643
0	384	704	205	390	641
64	384	704	210	390	641
128	384	704	230	390	641
192	384	704	261	392	641
256	384	704	299	393	638
320	384	704	345	395	638
384	384	704	394	397	638
448	384	704	443	400	639
512	384	704	493	403	637
576	384	704	544	406	638
640	384	704	601	410	639
704	384	704	650	415	640
768	384	704	703	420	640
832	384	704	758	425	641
896	384	704	814	430	642
960	384	704	869	436	643
1023	384	704	924	442	645
0	448	704	235	449	642
64	448	704	240	449	642
128	448	704	256	449	642
192	448	704	283	450	642
256	448	704	320	451	640
320	448	704	363	453	640
384	448	704	409	455	640
448	448	704	455	457	640
512	448	704	504	460	641
576	448	704	554	462	641
640	448	704	609	466	642
704	448	704	658	470	643
768	448	704	710	474	643
832	448	704	766	478	644
896	448	704	819	482	644
960	448	704	874	488	645
1023	448	704	928	493	647
0	512	704	266	508	644
64	512	704	270	508	644
128	512	704	284	508	644
192	512	704	309	509	642
256	512	704	342	510	643
320	512	704	382	511	643
384	512	704	425	513	643
448	512	704	469	515	643
512	512	704	516	517	644
576	512	704	566	520	644
640	512	704	618	523	645
704	512	704	666	526	646
768	512	704	718	530	646
832	512	704	774	534	647
896	512	704	826	537	647
960	512	704	881	542	649
1023	512	704	935	547	650
0	576	704	297	568	646
64	576	704	300	568	646
128	576	704	313	568	646
192	576	704	336	569	646
256	576	704	366	570	646
320	576	704	404	571	646
384	576	704	442	572	646
448	576	704	484	573	646
512	576	704	530	576	647
576	576	704	579	578	647
640	576	704	628	581	648
704	576	704	676	584	649
768	576	704	727	587	649
832	576	704	783	590	650
896	576	704	834	593	651
960	576	704	887	597	653
1023	576	704	941	602	654
0	640	704	328	628	650
64	640	704	332	628	650
128	640	704	343	628	650
192	640	704	364	629	650
256	640	704	392	629	650
320	640	704	424	630	650
384	640	704	461	632	650
448	640	704	501	633	650
512	640	704	545	635	651
576	640	704	595	637	652
640	640	704	640	639	652
704	640	704	688	642	653
768	640	704	738	645	654
832	640	704	793	648	654
896	640	704	844	650	655
960	640	704	896	654	656
1023	640	704	950	658	658
0	704	704	361	688	655
64	704	704	364	688	655
128	704	704	375	688	655
192	704	704	393	689	655
256	704	704	417	690	655
320	704	704	447	690	655
384	704	704	482	691	655
448	704	704	520	692	655
512	704	704	563	694	656
576	704	704	611	696	656
640	704	704	653	697	657
704	704	704	700	699	657
768	704	704	751	702	658
832	704	704	803	704	659
896	704	704	854	707	660
960	704	704	906	710	662
1023	704	704	959	714	663
0	768	704	393	747	660
64	768	704	396	747	660
128	768	704	405	747	660
192	768	704	421	747	660
256	768	704	443	748	660
320	768	704	471	749	661
384	768	704	503	750	661
448	768	704	540	751	661
512	768	704	583	752	661
576	768	704	626	754	662
640	768	704	668	756	663
704	768	704	715	759	664
768	768	704	766	761	664
832	768	704	815	763	665
896	768	704	866	766	666
960	768	704	917	769	667
1023	768	704	969	773	669
0	832	704	424	809	666
64	832	704	427	809	666
128	832	704	435	809	666
192	832	704	449	810	666
256	832	704	470	810	667
320	832	704	496	811	667
384	832	704	527	812	667
448	832	704	563	813	668
512	832	704	604	814	668
576	832	704	643	816	668
640	832	704	686	817	669
704	832	704	731	819	670
768	832	704	782	821	670
832	832	704	829	823	671
896	832	704	878	825	672
960	832	704	929	827	673
1023	832	704	980	831	675
0	896	704	455	869	673
64	896	704	458	869	673
128	896	704	465	869	673
192	896	704	478	869	673
256	896	704	497	870	673
320	896	704	522	870	673
384	896	704	551	871	674
448	896	704	588	873	674
512	896	704	624	874	675
576	896	704	661	875	675
640	896	704	703	877	675
704	896	704	748	878	676
768	896	704	797	879	676
832	896	704	843	881	678
896	896	704	892	884	678
960	896	704	942	887	680
1023	896	704	992	890	681
0	960	704	486	928	680
64	960	704	488	929	680
128	960	704	495	929	680
192	960	704	507	929	680
256	960	704	525	929	680
320	960	704	548	929	680
384	960	704	578	930	681
448	960	704	612	931	681
512	960	704	644	933	682
576	960	704	682	934	682
640	960	704	722	935	683
704	960	704	767	936	683
768	960	704	813	938	684
832	960	704	860	940	685
896	960	704	907	942	686
960	960	704	956	944	687
1023	960	704	1004	947	689
0	1023	704	516	987	687
64	1023	704	518	987	687
128	1023	704	525	988	687
192	1023	704	536	988	687
256	1023	704	553	988	687
320	1023	704	577	989	688
384	1023	704	605	990	688
448	1023	704	634	991	689
512	1023	704	665	992	689
576	1023	704	702	992	689
640	1023	704	742	994	690
704	1023	704	788	996	691
768	1023	704	830	997	691
832	1023	704	875	998	692
896	1023	704	923	1000	693
960	1023	704	971	1003	695
1023	1023	704	1018	1005	696
0	0	768	87	139	691
64	0	768	101	139	691
128	0	768	139	141	691
192	0	768	191	144	691
256	0	768	245	148	691
320	0	768	300	155	689
384	0	768	358	161	689
448	0	768	415	169	689
512	0	768	469	178	690
576	0	768	524	187	690
640	0	768	581	198	690
704	0	768	636	208	691
768	0	768	690	220	692
832	0	768	745	231	693
896	0	768	804	243	693
960	0	768	860	255	695
1023	0	768	916	267	696
0	64	768	91	149	692
64	64	768	104	150	691
128	64	768	142	151	691
192	64	768	193	153	691
256	64	768	247	159	691
320	64	768	301	163	689
384	64	768	359	169	689
448	64	768	416	178	689
512	64	768	470	185	690
576	64	768	524	194	690
640	64	768	582	204	690
704	64	768	637	215	691
768	64	768	690	226	692
832	64	768	745	237	693
896	64	768	804	248	693
960	64	768	860	261	695
1023	64	768	916	272	696
0	128	768	104	180	692
64	128	768	116	180	692
128	128	768	152	181	692
192	128	768	198	185	692
256	128	768	251	188	692
320	128	768	305	193	690
384	128	768	362	198	690
448	128	768	418	204	690
512	128	768	471	211	690
576	128	768	526	219	691
640	128	768	583	228	691
704	128	768	637	238	692
768	128	768	691	247	693
832	128	768	746	257	693
896	128	768	804	267	694
960	128	768	861	278	695
1023	128	768	916	289	696
0	192	768	126	226	694
64	192	768	136	226	694
128	192	768	166	228	694
192	192	768	209	230	693
256	192	768	258	232	693
320	192	768	311	236	691
384	192	768	366	240	691
448	192	768	421	245	691
512	192	768	475	251	691
576	192	768	528	257	692
640	192	768	586	265	692
704	192	768	639	272	692
768	192	768	692	281	693
832	192	768	747	289	694
896	192	768	805	298	692
960	192	768	862	308	693
1023	192	768	917	317	695
0	256	768	150	279	696
64	256	768	159	279	696
128	256	768	184	280	696
192	256	768	224	281	696
256	256	768	269	284	696
320	256	768	320	286	692
384	256	768	374	290	692
448	256	768	427	294	692
512	256	768	479	298	689
576	256	768	532	304	690
640	256	768	589	309	690
704	256	768	642	316	691
768	256	768	695	323	692
832	256	768	750	330	692
896	256	768	808	337	693
960	256	768	864	346	695
1023	256	768	919	354	696
0	320	768	178	334	693
64	320	768	185	334	693
128	320	768	206	336	693
192	320	768	242	337	692
256	320	768	283	338	692
320	320	768	332	341	690
384	320	768	384	344	691
448	320	768	435	347	691
512	320	768	486	351	691
576	320	768	538	355	691
640	320	768	595	360	692
704	320	768	646	365	693
768	320	768	699	372	694
832	320	768	755	378	694
896	320	768	811	384	695
960	320	768	866	391	696
1023	320	768	921	398	698
0	384	768	207	393	697
64	384	768	213	393	697
128	384	768	232	394	697
192	384	768	262	395	697
256	384	768	301	396	692
320	384	768	346	398	693
384	384	768	396	401	693
448	384	768	445	403	692
512	384	768	494	407	692
576	384	768	546	410	693
640	384	768	602	414	693
704	384	768	651	418	694
768	384	768	704	423	695
832	384	768	760	428	695
896	384	768	815	433	696
960	384	768	870	439	697
1023	384	768	925	446	699
0	448	768	237	451	697
64	448	768	242	451	697
128	448	768	258	452	697
192	448	768	285	453	697
256	448	768	321	454	694
320	448	768	365	456	694
384	448	768	411	459	694
448	448	768	457	460	695
512	448	768	505	462	695
576	448	768	555	465	695
640	448	768	610	469	696
704	448	768	659	473	696
768	448	768	711	477	697
832	448	768	766	481	698
896	448	768	820	485	698
960	448	768	876	491	700
1023	448	768	930	496	700
0	512	768	267	510	699
64	512	768	271	510	699
128	512	768	285	511	699
192	512	768	310	511	697
256	512	768	344	513	697
320	512	768	384	515	697
384	512	768	426	516	697
448	512	768	470	517	698
512	512	768	517	520	698
576	512	768	567	523	698
640	512	768	619	526	699
704	512	768	667	529	700
768	512	768	719	533	700
832	512	768	775	537	700
896	512	768	827	540	701
960	512	768	882	545	702
1023	512	768	936	550	703
0	576	768	299	571	700
64	576	768	302	571	700
128	576	768	315	571	700
192	576	768	337	571	700
256	576	768	368	572	700
320	576	768	405	573	700
384	576	768	443	575	700
448	576	768	486	576	700
512	576	768	531	579	701
576	576	768	581	581	701
640	576	768	630	584	702
704	576	768	677	586	703
768	576	768	729	590	703
832	576	768	784	593	704
896	576	768	835	596	705
960	576	768	889	600	705
1023	576	768	942	605	707
0	640	768	331	631	704
64	640	768	334	631	704
128	640	768	345	631	704
192	640	768	366	632	704
256	640	768	394	633	705
320	640	768	426	634	705
384	640	768	463	635	705
448	640	768	503	636	705
512	640	768	547	638	705
576	640	768	596	640	705
640	640	768	642	642	706
704	640	768	689	645	707
768	640	768	740	647	707
832	640	768	793	650	707
896	640	768	845	653	708
960	640	768	898	657	710
1023	640	768	951	660	711
0	704	768	363	691	709
64	704	768	366	691	709
128	704	768	376	691	709
192	704	768	395	691	709
256	704	768	419	692	709
320	704	768	449	693	709
384	704	768	484	694	709
448	704	768	522	695	710
512	704	768	565	697	710
576	704	768	612	698	710
640	704	768	655	700	711
704	704	768	703	703	711
768	704	768	752	704	712
832	704	768	804	706	712
896	704	768	856	710	713
960	704	768	907	713	714
1023	704	768	960	716	715
0	768	768	396	750	714
64	768	768	398	750	714
128	768	768	408	750	714
192	768	768	423	751	714
256	768	768	445	751	714
320	768	768	473	752	714
384	768	768	505	753	714
448	768	768	542	754	715
512	768	768	586	756	715
576	768	768	628	758	715
640	768	768	670	759	716
704	768	768	717	762	717
768	768	768	767	764	717
832	768	768	816	765	717
896	768	768	867	769	718
960	768	768	919	772	719
1023	768	768	971	776	721
0	832	768	426	812	719
64	832	768	429	812	719
128	832	768	437	812	719
192	832	768	451	813	720
256	832	768	471	813	720
320	832	768	498	814	720
384	832	768	529	815	720
448	832	768	565	816	720
512	832	768	607	817	721
576	832	768	645	818	721
640	832	768	687	820	721
704	832	768	733	821	722
768	832	768	783	823	723
832	832	768	830	824	722
896	832	768	880	827	724
960	832	768	931	830	725
1023	832	768	981	833	726
0	896	768	457	871	725
64	896	768	458	871	725
128	896	768	466	871	725
192	896	768	479	871	725
256	896	768	498	871	725
320	896	768	523	872	725
384	896	768	553	873	725
448	896	768	589	874	726
512	896	768	625	876	726
576	896	768	663	877	727
640	896	768	705	879	727
704	896	768	749	880	727
768	896	768	798	882	728
832	896	768	845	884	729
896	896	768	893	886	730
960	896	768	944	889	731
1023	896	768	993	892	732
0	960	768	487	930	731
64	960	768	489	930	731
128	960	768	496	930	731
192	960	768	508	931	731
256	960	768	526	931	731
320	960	768	549	931	731
384	960	768	579	932	732
448	960	768	613	933	732
512	960	768	646	935	733
576	960	768	683	936	733
640	960	768	723	937	733
704	960	768	769	939	734
768	960	768	814	940	735
832	960	768	861	942	735
896	960	768	908	944	736
960	960	768	957	947	737
1023	960	768	1006	950	739
0	1023	768	517	989	738
64	1023	768	519	989	738
128	1023	768	526	990	738
192	1023	768	538	990	738
256	1023	768	554	990	738
320	1023	768	578	991	738
384	1023	768	606	992	739
448	1023	768	635	993	739
512	1023	768	667	994	739
576	1023	768	703	995	740
640	1023	768	743	996	740
704	1023	768	789	998	741
768	1023	768	831	998	741
832	1023	768	876	1000	741
896	1023	768	923	1002	742
960	1023	768	972	1006	745
1023	1023	768	1019	1008	746
0	0	832	93	150	748
64	0	832	106	151	748
128	0	832	145	153	749
192	0	832	193	156	748
256	0	832	248	160	749
320	0	832	303	165	747
384	0	832	360	171	747
448	0	832	417	179	747
512	0	832	471	188	747
576	0	832	526	196	747
640	0	832	583	206	748
704	0	832	638	217	748
768	0	832	691	228	749
832	0	832	747	238	750
896	0	832	806	250	747
960	0	832	861	261	747
1023	0	832	917	274	749
0	64	832	97	161	749
64	64	832	109	161	749
128	64	832	148	162	749
192	64	832	195	165	749
256	64	832	249	168	749
320	64	832	304	174	747
384	64	832	361	179	747
448	64	832	417	187	747
512	64	832	472	194	748
576	64	832	526	203	748
640	64	832	584	213	748
704	64	832	638	223	749
768	64	832	691	233	749
832	64	832	747	245	746
896	64	832	806	255	747
960	64	832	861	266	747
1023	64	832	917	279	749
0	128	832	109	189	750
64	128	832	122	190	750
128	128	832	156	192	750
192	128	832	201	193	750
256	128	832	253	197	750
320	128	832	307	202	747
384	128	832	363	206	748
448	128	832	419	213	748
512	128	832	473	220	748
576	128	832	528	228	748
640	128	832	585	236	748
704	128	832	639	244	749
768	128	832	692	253	750
832	128	832	748	263	746
896	128	832	807	274	747
960	128	832	861	284	748
1023	128	832	917	295	749
0	192	832	130	234	752
64	192	832	139	234	752
128	192	832	169	235	752
192	192	832	211	238	752
256	192	832	261	240	752
320	192	832	313	243	748
384	192	832	369	247	749
448	192	832	423	252	749
512	192	832	477	258	749
576	192	832	530	264	749
640	192	832	588	271	749
704	192	832	641	279	750
768	192	832	694	286	746
832	192	832	749	295	747
896	192	832	808	304	746
960	192	832	862	312	747
1023	192	832	918	322	749
0	256	832	155	285	755
64	256	832	163	285	755
128	256	832	188	285	755
192	256	832	226	288	755
256	256	832	272	290	755
320	256	832	322	293	750
384	256	832	376	296	745
448	256	832	429	300	745
512	256	832	481	305	746
576	256	832	535	309	746
640	256	832	592	316	746
704	256	832	644	322	746
768	256	832	697	328	747
832	256	832	753	336	748
896	256	832	810	343	748
960	256	832	865	350	749
1023	256	832	920	359	750
0	320	832	181	340	750
64	320	832	188	340	750
128	320	832	209	340	750
192	320	832	244	342	750
256	320	832	286	344	750
320	320	832	334	346	747
384	320	832	386	349	747
448	320	832	437	353	747
512	320	832	488	357	747
576	320	832	540	361	746
640	320	832	597	365	747
704	320	832	648	371	747
768	320	832	701	376	749
832	320	832	757	382	749
896	320	832	812	388	749
960	320	832	868	395	750
1023	320	832	922	402	752
0	384	832	209	397	755
64	384	832	215	398	755
128	384	832	234	398	755
192	384	832	264	399	756
256	384	832	303	401	750
320	384	832	349	403	747
384	384	832	398	405	747
448	384	832	447	408	747
512	384	832	497	411	747
576	384	832	547	414	747
640	384	832	604	418	748
704	384	832	653	422	750
768	384	832	706	427	750
832	384	832	762	432	750
896	384	832	817	437	752
960	384	832	872	443	752
1023	384	832	926	449	754
0	448	832	240	455	751
64	448	832	244	455	751
128	448	832	261	456	751
192	448	832	287	457	750
256	448	832	323	458	749
320	448	832	366	460	749
384	448	832	412	462	750
448	448	832	459	464	750
512	448	832	506	466	750
576	448	832	557	469	750
640	448	832	612	472	751
704	448	832	661	477	752
768	448	832	713	481	753
832	448	832	768	484	753
896	448	832	823	490	753
960	448	832	877	494	755
1023	448	832	931	500	756
0	512	832	270	514	753
64	512	832	274	514	753
128	512	832	288	515	753
192	512	832	312	516	752
256	512	832	346	517	752
320	512	832	386	518	752
384	512	832	428	520	753
448	512	832	472	522	753
512	512	832	519	524	753
576	512	832	569	527	754
640	512	832	621	529	754
704	512	832	669	533	755
768	512	832	721	536	755
832	512	832	777	539	756
896	512	832	829	543	756
960	512	832	883	547	757
1023	512	832	937	553	759
0	576	832	301	574	756
64	576	832	304	574	756
128	576	832	317	575	756
192	576	832	339	575	756
256	576	832	370	576	756
320	576	832	407	577	756
384	576	832	446	579	756
448	576	832	488	580	756
512	576	832	533	582	756
576	576	832	583	584	757
640	576	832	632	587	758
704	576	832	679	590	758
768	576	832	731	593	759
832	576	832	785	596	759
896	576	832	837	600	760
960	576	832	890	603	761
1023	576	832	944	608	763
0	640	832	332	634	760
64	640	832	335	634	760
128	640	832	347	635	760
192	640	832	368	635	760
256	640	832	395	636	760
320	640	832	428	637	760
384	640	832	465	638	760
448	640	832	504	639	760
512	640	832	548	640	760
576	640	832	598	643	761
640	640	832	643	645	762
704	640	832	691	648	762
768	640	832	741	650	763
832	640	832	795	653	763
896	640	832	846	655	764
960	640	832	899	660	765
1023	640	832	953	664	767
0	704	832	365	694	764
64	704	832	368	694	764
128	704	832	378	694	765
192	704	832	397	694	765
256	704	832	421	695	764
320	704	832	451	696	765
384	704	832	485	697	765
448	704	832	524	697	765
512	704	832	566	699	765
576	704	832	614	701	766
640	704	832	657	704	767
704	704	832	704	705	767
768	704	832	754	707	767
832	704	832	806	709	768
896	704	832	857	713	769
960	704	832	909	716	770
1023	704	832	962	720	772
0	768	832	397	753	770
64	768	832	400	753	770
128	768	832	409	753	769
192	768	832	424	753	769
256	768	832	447	754	770
320	768	832	474	755	770
384	768	832	507	755	770
448	768	832	544	757	771
512	768	832	587	759	771
576	768	832	629	760	771
640	768	832	672	762	772
704	768	832	719	764	773
768	768	832	769	767	773
832	768	832	818	769	774
896	768	832	869	771	774
960	768	832	921	775	776
1023	768	832	972	779	777
0	832	832	428	814	775
64	832	832	430	814	775
128	832	832	438	814	775
192	832	832	453	814	775
256	832	832	473	815	775
320	832	832	499	816	776
384	832	832	531	817	776
448	832	832	567	818	777
512	832	832	608	819	777
576	832	832	646	821	777
640	832	832	689	822	778
704	832	832	735	824	779
768	832	832	785	826	779
832	832	832	831	827	779
896	832	832	882	830	780
960	832	832	932	833	781
1023	832	832	983	836	783
0	896	832	458	873	781
64	896	832	460	873	781
128	896	832	467	873	781
192	896	832	481	874	781
256	896	832	500	874	781
320	896	832	525	875	781
384	896	832	554	876	782
448	896	832	591	877	782
512	896	832	627	879	783
576	896	832	665	880	783
640	896	832	707	882	784
704	896	832	751	883	784
768	896	832	800	885	785
832	896	832	847	887	786
896	896	832	895	889	787
960	896	832	946	892	788
1023	896	832	995	895	789
0	960	832	488	933	787
64	960	832	491	933	787
128	960	832	497	933	787
192	960	832	510	933	788
256	960	832	528	934	788
320	960	832	551	934	788
384	960	832	581	935	788
448	960	832	614	936	788
512	960	832	646	937	789
576	960	832	684	938	790
640	960	832	725	940	790
704	960	832	771	942	792
768	960	832	816	943	792
832	960	832	863	945	793
896	960	832	911	948	794
960	960	832	959	950	794
1023	960	832	1007	953	795
0	1023	832	520	993	795
64	1023	832	522	993	795
128	1023	832	528	993	795
192	1023	832	540	993	795
256	1023	832	557	994	795
320	1023	832	580	994	795
384	1023	832	608	994	796
448	1023	832	636	995	796
512	1023	832	668	996	796
576	1023	832	705	998	797
640	1023	832	745	999	797
704	1023	832	791	1000	797
768	1023	832	833	1002	798
832	1023	832	878	1003	798
896	1023	832	926	1006	800
960	1023	832	974	1008	801
1023	1023	832	1021	1011	802
0	0	896	99	163	810
64	0	896	113	163	810
128	0	896	149	164	810
192	0	896	197	167	809
256	0	896	250	171	808
320	0	896	305	176	806
384	0	896	362	182	805
448	0	896	419	188	805
512	0	896	473	197	806
576	0	896	528	205	806
640	0	896	585	215	807
704	0	896	639	225	807
768	0	896	693	235	807
832	0	896	749	247	808
896	0	896	807	257	808
960	0	896	863	269	809
1023	0	896	918	280	810
0	64	896	103	171	810
64	64	896	116	172	810
128	64	896	151	173	810
192	64	896	198	176	809
256	64	896	251	179	808
320	64	896	306	184	806
384	64	896	363	189	805
448	64	896	419	196	805
512	64	896	473	204	806
576	64	896	528	213	806
640	64	896	585	221	807
704	64	896	640	231	807
768	64	896	693	241	807
832	64	896	749	252	808
896	64	896	807	262	808
960	64	896	863	274	809
1023	64	896	918	284	810
0	128	896	116	199	811
64	128	896	128	199	810
128	128	896	159	200	810
192	128	896	204	202	809
256	128	896	255	206	808
320	128	896	309	210	806
384	128	896	365	215	806
448	128	896	421	221	806
512	128	896	475	228	806
576	128	896	530	235	807
640	128	896	587	243	807
704	128	896	641	252	807
768	128	896	694	261	808
832	128	896	750	270	808
896	128	896	808	280	809
960	128	896	864	291	810
1023	128	896	919	301	808
0	192	896	136	241	811
64	192	896	144	241	811
128	192	896	173	243	811
192	192	896	215	244	810
256	192	896	263	247	809
320	192	896	315	250	807
384	192	896	370	254	807
448	192	896	425	259	807
512	192	896	478	265	807
576	192	896	532	271	808
640	192	896	589	277	808
704	192	896	642	284	808
768	192	896	695	293	809
832	192	896	751	301	806
896	192	896	809	310	807
960	192	896	865	319	808
1023	192	896	920	328	809
0	256	896	159	291	813
64	256	896	166	291	813
128	256	896	191	292	812
192	256	896	229	293	812
256	256	896	274	296	806
320	256	896	324	298	805
384	256	896	378	301	805
448	256	896	431	306	805
512	256	896	483	310	805
576	256	896	536	315	806
640	256	896	593	321	806
704	256	896	645	327	806
768	256	896	699	334	807
832	256	896	754	340	807
896	256	896	811	348	808
960	256	896	867	356	809
1023	256	896	922	365	810
0	320	896	185	345	810
64	320	896	192	345	810
128	320	896	213	346	810
192	320	896	247	347	809
256	320	896	289	350	809
320	320	896	336	352	807
384	320	896	388	354	807
448	320	896	438	357	807
512	320	896	489	361	807
576	320	896	542	365	807
640	320	896	598	370	807
704	320	896	649	375	808
768	320	896	703	381	809
832	320	896	758	387	809
896	320	896	814	393	809
960	320	896	870	400	810
1023	320	896	924	407	810
0	384	896	213	402	813
64	384	896	219	402	813
128	384	896	237	403	813
192	384	896	267	404	809
256	384	896	305	406	807
320	384	896	351	407	808
384	384	896	400	409	808
448	384	896	448	412	808
512	384	896	497	415	808
576	384	896	549	418	808
640	384	896	605	422	808
704	384	896	655	427	809
768	384	896	708	431	809
832	384	896	763	436	810
896	384	896	819	442	810
960	384	896	874	447	811
1023	384	896	928	454	812
0	448	896	243	460	813
64	448	896	247	460	813
128	448	896	263	460	813
192	448	896	290	462	812
256	448	896	326	462	810
320	448	896	368	464	810
384	448	896	414	466	810
448	448	896	460	468	810
512	448	896	509	470	810
576	448	896	559	473	810
640	448	896	614	477	810
704	448	896	662	481	811
768	448	896	715	485	811
832	448	896	771	489	812
896	448	896	824	493	812
960	448	896	879	498	813
1023	448	896	933	503	814
0	512	896	272	518	814
64	512	896	276	518	813
128	512	896	290	518	813
192	512	896	315	519	812
256	512	896	348	520	812
320	512	896	388	522	812
384	512	896	430	524	812
448	512	896	474	525	812
512	512	896	521	527	812
576	512	896	571	530	812
640	512	896	623	533	813
704	512	896	671	536	813
768	512	896	723	539	814
832	512	896	778	543	814
896	512	896	831	547	814
960	512	896	885	552	815
1023	512	896	939	557	816
0	576	896	302	578	814
64	576	896	306	578	814
128	576	896	319	578	814
192	576	896	341	578	814
256	576	896	372	579	814
320	576	896	408	580	814
384	576	896	447	582	814
448	576	896	489	584	814
512	576	896	535	586	815
576	576	896	585	588	815
640	576	896	633	590	815
704	576	896	681	593	816
768	576	896	732	596	816
832	576	896	788	599	816
896	576	896	840	603	817
960	576	896	893	607	818
1023	576	896	946	612	819
0	640	896	334	637	817
64	640	896	337	637	817
128	640	896	349	637	817
192	640	896	369	638	817
256	640	896	397	639	817
320	640	896	429	640	817
384	640	896	466	641	817
448	640	896	506	642	818
512	640	896	550	644	818
576	640	896	600	646	818
640	640	896	645	648	818
704	640	896	693	651	819
768	640	896	743	653	819
832	640	896	798	656	820
896	640	896	849	660	821
960	640	896	901	663	821
1023	640	896	955	667	822
0	704	896	367	697	821
64	704	896	370	697	821
128	704	896	380	697	821
192	704	896	398	697	821
256	704	896	422	698	821
320	704	896	452	698	821
384	704	896	486	699	821
448	704	896	525	700	821
512	704	896	568	702	821
576	704	896	615	704	822
640	704	896	658	706	822
704	704	896	705	707	822
768	704	896	755	710	823
832	704	896	808	713	824
896	704	896	860	716	824
960	704	896	911	719	825
1023	704	896	964	723	827
0	768	896	399	755	825
64	768	896	401	755	825
128	768	896	410	755	825
192	768	896	426	756	825
256	768	896	448	757	825
320	768	896	476	758	825
384	768	896	508	759	825
448	768	896	545	759	825
512	768	896	588	761	826
576	768	896	631	763	827
640	768	896	674	766	827
704	768	896	721	768	827
768	768	896	771	769	828
832	768	896	820	772	828
896	768	896	871	775	829
960	768	896	922	778	830
1023	768	896	973	781	831
0	832	896	429	817	829
64	832	896	431	817	829
128	832	896	439	817	830
192	832	896	454	817	830
256	832	896	475	818	830
320	832	896	501	819	830
384	832	896	532	819	830
448	832	896	568	820	830
512	832	896	609	821	831
576	832	896	648	824	831
640	832	896	691	825	832
704	832	896	736	827	832
768	832	896	786	828	832
832	832	896	834	831	833
896	832	896	883	833	833
960	832	896	934	835	835
1023	832	896	984	839	836
0	896	896	460	876	835
64	896	896	462	876	835
128	896	896	469	876	835
192	896	896	482	877	835
256	896	896	501	877	835
320	896	896	526	878	835
384	896	896	556	879	835
448	896	896	592	880	835
512	896	896	628	881	836
576	896	896	665	882	836
640	896	896	708	884	837
704	896	896	753	886	837
768	896	896	801	887	837
832	896	896	848	889	838
896	896	896	896	891	839
960	896	896	946	894	840
1023	896	896	996	897	841
0	960	896	490	935	840
64	960	896	492	935	840
128	960	896	499	936	840
192	960	896	511	936	840
256	960	896	529	936	840
320	960	896	553	937	840
384	960	896	582	938	841
448	960	896	616	939	841
512	960	896	648	940	841
576	960	896	686	941	842
640	960	896	727	942	842
704	960	896	771	943	842
768	960	896	817	945	843
832	960	896	864	947	843
896	960	896	911	949	844
960	960	896	960	952	845
1023	960	896	1008	954	846
0	1023	896	520	994	846
64	1023	896	522	994	846
128	1023	896	529	994	846
192	1023	896	540	995	846
256	1023	896	558	995	846
320	1023	896	581	996	846
384	1023	896	609	996	847
448	1023	896	638	998	848
512	1023	896	670	999	848
576	1023	896	707	1000	848
640	1023	896	746	1000	848
704	1023	896	792	1002	848
768	1023	896	834	1003	849
832	1023	896	880	1005	850
896	1023	896	926	1007	850
960	1023	896	975	1010	852
1023	1023	896	1021	1012	852
0	0	960	106	174	866
64	0	960	119	175	866
128	0	960	153	177	866
192	0	960	200	179	866
256	0	960	252	183	866
320	0	960	307	187	864
384	0	960	364	193	864
448	0	960	420	199	865
512	0	960	475	206	865
576	0	960	529	215	865
640	0	960	586	224	865
704	0	960	641	234	865
768	0	960	694	243	866
832	0	960	750	254	867
896	0	960	808	265	866
960	0	960	864	276	868
1023	0	960	919	286	868
0	64	960	111	183	867
64	64	960	122	183	867
128	64	960	156	184	867
192	64	960	202	187	866
256	64	960	253	190	866
320	64	960	308	195	864
384	64	960	365	200	865
448	64	960	421	206	865
512	64	960	475	214	865
576	64	960	529	222	865
640	64	960	587	230	865
704	64	960	641	240	866
768	64	960	695	249	866
832	64	960	750	259	866
896	64	960	808	270	867
960	64	960	864	280	868
1023	64	960	919	292	868
0	128	960	122	208	867
64	128	960	132	209	867
128	128	960	163	210	867
192	128	960	207	212	867
256	128	960	258	216	867
320	128	960	311	220	865
384	128	960	368	224	865
448	128	960	423	230	865
512	128	960	477	237	866
576	128	960	531	243	866
640	128	960	588	251	866
704	128	960	642	259	866
768	128	960	695	268	866
832	128	960	751	277	867
896	128	960	809	287	867
960	128	960	864	297	863
1023	128	960	919	307	863
0	192	960	139	248	869
64	192	960	149	249	869
128	192	960	177	250	869
192	192	960	218	252	869
256	192	960	265	255	869
320	192	960	317	258	866
384	192	960	372	262	866
448	192	960	427	267	866
512	192	960	480	272	866
576	192	960	533	278	867
640	192	960	590	284	866
704	192	960	644	292	867
768	192	960	697	299	863
832	192	960	752	307	862
896	192	960	810	316	863
960	192	960	866	324	863
1023	192	960	920	334	864
0	256	960	163	297	863
64	256	960	170	297	863
128	256	960	194	298	863
192	256	960	232	300	863
256	256	960	276	302	863
320	256	960	326	305	862
384	256	960	380	308	863
448	256	960	432	312	862
512	256	960	485	317	863
576	256	960	537	321	862
640	256	960	594	327	863
704	256	960	646	333	863
768	256	960	700	339	864
832	256	960	755	345	863
896	256	960	812	353	864
960	256	960	868	361	864
1023	256	960	923	370	865
0	320	960	188	350	867
64	320	960	195	351	867
128	320	960	215	351	867
192	320	960	249	353	867
256	320	960	290	355	867
320	320	960	338	357	864
384	320	960	389	360	864
448	320	960	440	363	864
512	320	960	491	366	864
576	320	960	543	370	864
640	320	960	599	375	864
704	320	960	650	380	864
768	320	960	703	385	865
832	320	960	759	391	865
896	320	960	815	398	864
960	320	960	871	404	865
1023	320	960	925	411	865
0	384	960	216	406	864
64	384	960	221	407	864
128	384	960	239	407	864
192	384	960	269	408	864
256	384	960	307	410	863
320	384	960	353	411	863
384	384	960	402	413	864
448	384	960	450	416	863
512	384	960	499	419	863
576	384	960	551	422	863
640	384	960	607	426	864
704	384	960	656	431	864
768	384	960	709	435	865
832	384	960	764	440	865
896	384	960	820	446	865
960	384	960	875	451	866
1023	384	960	929	457	867
0	448	960	245	463	870
64	448	960	250	463	870
128	448	960	265	464	870
192	448	960	292	465	871
256	448	960	327	466	866
320	448	960	370	467	866
384	448	960	415	469	866
448	448	960	462	472	866
512	448	960	510	474	865
576	448	960	561	477	865
640	448	960	615	480	866
704	448	960	663	484	866
768	448	960	717	489	866
832	448	960	771	492	866
896	448	960	825	497	867
960	448	960	880	502	868
1023	448	960	934	507	869
0	512	960	274	521	867
64	512	960	279	521	867
128	512	960	292	522	866
192	512	960	317	523	866
256	512	960	350	523	866
320	512	960	389	525	866
384	512	960	431	526	866
448	512	960	475	528	866
512	512	960	522	530	867
576	512	960	572	533	867
640	512	960	624	536	867
704	512	960	672	539	868
768	512	960	724	543	869
832	512	960	779	546	869
896	512	960	832	550	869
960	512	960	886	555	870
1023	512	960	940	560	871
0	576	960	304	580	869
64	576	960	308	580	869
128	576	960	321	581	869
192	576	960	343	581	869
256	576	960	373	582	869
320	576	960	409	583	869
384	576	960	448	584	869
448	576	960	490	586	869
512	576	960	535	588	869
576	576	960	586	590	869
640	576	960	634	593	870
704	576	960	682	596	871
768	576	960	733	599	871
832	576	960	789	603	872
896	576	960	840	606	872
960	576	960	892	609	872
1023	576	960	947	614	874
0	640	960	335	640	872
64	640	960	339	640	872
128	640	960	350	640	872
192	640	960	371	640	872
256	640	960	398	641	872
320	640	960	430	642	872
384	640	960	467	643	872
448	640	960	508	645	872
512	640	960	551	646	872
576	640	960	601	648	873
640	640	960	646	651	873
704	640	960	693	653	874
768	640	960	744	656	874
832	640	960	799	659	875
896	640	960	849	661	875
960	640	960	901	665	876
1023	640	960	955	670	878
0	704	960	368	698	875
64	704	960	371	698	876
128	704	960	381	699	875
192	704	960	399	699	875
256	704	960	423	700	875
320	704	960	453	700	876
384	704	960	488	702	876
448	704	960	526	703	876
512	704	960	570	704	876
576	704	960	616	706	876
640	704	960	659	708	877
704	704	960	706	710	877
768	704	960	757	713	878
832	704	960	809	715	878
896	704	960	860	718	879
960	704	960	912	721	880
1023	704	960	964	725	881
0	768	960	400	758	880
64	768	960	402	758	880
128	768	960	412	758	880
192	768	960	427	758	880
256	768	960	449	759	880
320	768	960	477	759	880
384	768	960	509	760	880
448	768	960	546	761	880
512	768	960	589	763	880
576	768	960	632	765	881
640	768	960	674	767	881
704	768	960	721	769	882
768	768	960	772	772	882
832	768	960	821	774	883
896	768	960	872	777	883
960	768	960	923	780	885
1023	768	960	974	784	885
0	832	960	430	818	884
64	832	960	432	818	884
128	832	960	441	818	884
192	832	960	455	819	884
256	832	960	475	819	884
320	832	960	501	820	884
384	832	960	532	821	885
448	832	960	569	822	885
512	832	960	610	823	885
576	832	960	648	825	885
640	832	960	691	826	886
704	832	960	736	828	887
768	832	960	787	830	887
832	832	960	834	832	887
896	832	960	884	835	888
960	832	960	935	837	889
1023	832	960	985	841	890
0	896	960	461	878	889
64	896	960	463	878	889
128	896	960	470	878	889
192	896	960	484	879	890
256	896	960	502	879	889
320	896	960	527	880	889
384	896	960	557	880	889
448	896	960	593	882	890
512	896	960	629	883	890
576	896	960	666	884	890
640	896	960	708	886	891
704	896	960	754	888	891
768	896	960	802	889	892
832	896	960	848	891	892
896	896	960	897	893	893
960	896	960	947	896	894
1023	896	960	996	899	895
0	960	960	491	936	894
64	960	960	492	936	894
128	960	960	500	937	894
192	960	960	512	937	894
256	960	960	530	937	894
320	960	960	553	938	894
384	960	960	583	939	895
448	960	960	616	940	895
512	960	960	649	941	895
576	960	960	687	943	896
640	960	960	727	944	896
704	960	960	772	945	896
768	960	960	818	947	897
832	960	960	864	949	898
896	960	960	912	951	898
960	960	960	961	953	899
1023	960	960	1008	956	900
0	1023	960	521	995	899
64	1023	960	523	995	899
128	1023	960	529	996	900
192	1023	960	541	996	900
256	1023	960	558	996	900
320	1023	960	582	997	900
384	1023	960	610	998	900
448	1023	960	638	999	901
512	1023	960	671	1001	902
576	1023	960	707	1002	902
640	1023	960	747	1002	902
704	1023	960	792	1003	902
768	1023	960	834	1005	903
832	1023	960	880	1006	903
896	1023	960	927	1009	904
960	1023	960	975	1011	905
1023	1023	960	1022	1014	906
0	0	1023	113	186	923
64	0	1023	125	187	923
128	0	1023	158	188	923
192	0	1023	202	189	922
256	0	1023	255	193	921
320	0	1023	308	198	919
384	0	1023	365	203	919
448	0	1023	421	209	919
512	0	1023	475	217	919
576	0	1023	530	224	919
640	0	1023	587	232	919
704	0	1023	641	242	920
768	0	1023	695	252	920
832	0	1023	750	261	921
896	0	1023	808	271	921
960	0	1023	864	282	921
1023	0	1023	919	294	922
0	64	1023	117	193	923
64	64	1023	128	193	923
128	64	1023	160	194	923
192	64	1023	204	198	922
256	64	1023	256	200	921
320	64	1023	309	205	919
384	64	1023	366	209	919
448	64	1023	422	216	919
512	64	1023	475	223	919
576	64	1023	530	230	919
640	64	1023	587	239	920
704	64	1023	642	248	920
768	64	1023	695	257	920
832	64	1023	751	266	921
896	64	1023	808	276	921
960	64	1023	864	287	921
1023	64	1023	919	298	919
0	128	1023	128	218	923
64	128	1023	137	219	923
128	128	1023	167	220	923
192	128	1023	209	222	923
256	128	1023	260	225	922
320	128	1023	313	229	920
384	128	1023	369	234	920
448	128	1023	424	238	919
512	128	1023	477	245	920
576	128	1023	531	251	920
640	128	1023	588	258	920
704	128	1023	643	267	920
768	128	1023	696	275	921
832	128	1023	751	284	921
896	128	1023	809	293	921
960	128	1023	864	303	918
1023	128	1023	920	313	919
0	192	1023	144	256	924
64	192	1023	155	256	924
128	192	1023	180	258	924
192	192	1023	221	260	923
256	192	1023	267	262	923
320	192	1023	319	266	920
384	192	1023	373	269	920
448	192	1023	428	274	920
512	192	1023	480	279	921
576	192	1023	534	284	920
640	192	1023	591	291	921
704	192	1023	644	298	917
768	192	1023	697	305	918
832	192	1023	753	313	917
896	192	1023	810	321	918
960	192	1023	866	330	919
1023	192	1023	921	339	920
0	256	1023	167	303	921
64	256	1023	174	303	921
128	256	1023	198	304	921
192	256	1023	234	306	920
256	256	1023	278	308	919
320	256	1023	328	311	918
384	256	1023	381	314	918
448	256	1023	433	317	918
512	256	1023	485	322	918
576	256	1023	538	326	918
640	256	1023	595	332	918
704	256	1023	647	338	919
768	256	1023	700	344	919
832	256	1023	756	351	919
896	256	1023	813	358	919
960	256	1023	868	366	920
1023	256	1023	923	374	921
0	320	1023	192	356	923
64	320	1023	198	356	923
128	320	1023	218	356	923
192	320	1023	251	358	922
256	320	1023	292	360	921
320	320	1023	339	362	920
384	320	1023	390	365	920
448	320	1023	441	367	919
512	320	1023	492	371	919
576	320	1023	544	375	919
640	320	1023	600	379	919
704	320	1023	651	385	920
768	320	1023	704	390	920
832	320	1023	760	395	920
896	320	1023	816	402	920
960	320	1023	871	408	920
1023	320	1023	926	415	921
0	384	1023	218	410	921
64	384	1023	223	411	921
128	384	1023	242	411	921
192	384	1023	271	412	920
256	384	1023	308	414	919
320	384	1023	354	416	919
384	384	1023	403	418	920
448	384	1023	451	420	919
512	384	1023	500	423	919
576	384	1023	552	426	919
640	384	1023	607	430	919
704	384	1023	656	434	920
768	384	1023	710	439	920
832	384	1023	765	444	920
896	384	1023	821	450	921
960	384	1023	875	454	921
1023	384	1023	930	461	923
0	448	1023	247	467	925
64	448	1023	252	467	925
128	448	1023	266	467	925
192	448	1023	293	468	925
256	448	1023	329	469	922
320	448	1023	371	471	922
384	448	1023	417	473	921
448	448	1023	463	475	922
512	448	1023	511	477	921
576	448	1023	562	480	921
640	448	1023	615	483	922
704	448	1023	664	487	921
768	448	1023	716	491	921
832	448	1023	772	495	922
896	448	1023	826	500	923
960	448	1023	880	504	922
1023	448	1023	935	510	924
0	512	1023	276	524	926
64	512	1023	280	524	926
128	512	1023	293	525	923
192	512	1023	318	525	923
256	512	1023	351	527	923
320	512	1023	390	528	923
384	512	1023	432	529	922
448	512	1023	476	532	923
512	512	1023	523	533	923
576	512	1023	573	536	923
640	512	1023	624	539	923
704	512	1023	673	542	923
768	512	1023	724	545	923
832	512	1023	780	549	924
896	512	1023	832	553	924
960	512	1023	887	558	925
1023	512	1023	941	563	926
0	576	1023	306	583	924
64	576	1023	310	583	924
128	576	1023	322	584	924
192	576	1023	344	584	924
256	576	1023	374	585	924
320	576	1023	410	586	924
384	576	1023	449	587	924
448	576	1023	491	589	924
512	576	1023	537	591	924
576	576	1023	586	593	924
640	576	1023	635	596	925
704	576	1023	683	599	926
768	576	1023	734	601	926
832	576	1023	789	605	926
896	576	1023	841	609	927
960	576	1023	894	612	927
1023	576	1023	948	617	929
0	640	1023	337	642	927
64	640	1023	340	642	927
128	640	1023	352	642	927
192	640	1023	372	642	927
256	640	1023	399	643	927
320	640	1023	431	644	926
384	640	1023	468	645	927
448	640	1023	508	647	927
512	640	1023	552	649	927
576	640	1023	601	651	927
640	640	1023	646	653	928
704	640	1023	695	656	929
768	640	1023	744	658	929
832	640	1023	799	661	929
896	640	1023	850	664	929
960	640	1023	903	668	930
1023	640	1023	955	672	931
0	704	1023	369	700	930
64	704	1023	372	700	930
128	704	1023	382	700	930
192	704	1023	400	701	930
256	704	1023	424	701	929
320	704	1023	454	702	930
384	704	1023	488	703	930
448	704	1023	527	704	930
512	704	1023	570	706	930
576	704	1023	617	708	931
640	704	1023	660	711	931
704	704	1023	707	713	932
768	704	1023	757	714	932
832	704	1023	810	717	932
896	704	1023	861	721	933
960	704	1023	913	723	934
1023	704	1023	965	727	935
0	768	1023	401	760	934
64	768	1023	404	760	934
128	768	1023	413	760	934
192	768	1023	428	760	934
256	768	1023	450	761	934
320	768	1023	477	761	934
384	768	1023	510	762	934
448	768	1023	547	763	934
512	768	1023	590	765	934
576	768	1023	632	767	935
640	768	1023	675	770	936
704	768	1023	722	772	936
768	768	1023	772	774	936
832	768	1023	822	776	936
896	768	1023	872	779	937
960	768	1023	923	782	937
1023	768	1023	975	785	939
0	832	1023	431	821	938
64	832	1023	434	820	938
128	832	1023	442	821	938
192	832	1023	456	821	938
256	832	1023	476	821	938
320	832	1023	502	822	938
384	832	1023	533	822	938
448	832	1023	570	824	938
512	832	1023	611	825	938
576	832	1023	649	826	939
640	832	1023	692	829	940
704	832	1023	737	830	940
768	832	1023	787	831	940
832	832	1023	835	834	940
896	832	1023	885	836	941
960	832	1023	936	839	942
1023	832	1023	985	842	943
0	896	1023	462	880	942
64	896	1023	464	880	942
128	896	1023	471	880	942
192	896	1023	484	880	942
256	896	1023	503	881	943
320	896	1023	528	882	942
384	896	1023	558	882	943
448	896	1023	594	883	943
512	896	1023	630	885	943
576	896	1023	667	886	943
640	896	1023	709	888	944
704	896	1023	754	889	944
768	896	1023	803	891	944
832	896	1023	849	893	945
896	896	1023	897	895	946
960	896	1023	948	898	946
1023	896	1023	997	901	948
0	960	1023	492	939	947
64	960	1023	494	939	947
128	960	1023	501	939	947
192	960	1023	513	939	947
256	960	1023	531	939	947
320	960	1023	554	940	947
384	960	1023	584	941	948
448	960	1023	617	942	948
512	960	1023	649	943	948
576	960	1023	687	944	948
640	960	1023	728	945	949
704	960	1023	773	947	949
768	960	1023	818	949	949
832	960	1023	865	950	950
896	960	1023	912	953	951
960	960	1023	962	955	952
1023	960	1023	1010	958	953
0	1023	1023	523	998	953
64	1023	1023	525	999	953
128	1023	1023	531	999	953
192	1023	1023	543	999	953
256	1023	1023	560	999	953
320	1023	1023	584	1000	953
384	1023	1023	611	1000	953
448	1023	1023	639	1001	954
512	1023	1023	671	1002	954
576	1023	1023	708	1003	954
640	1023	1023	748	1004	954
704	1023	1023	793	1005	954
768	1023	1023	835	1006	954
832	1023	1023	881	1008	955
896	1023	1023	928	1011	956
960	1023	1023	976	1013	957
1023	1023	1023	1023	1016	958
