0	0	0	0	0	0
64	0	0	50	0	0
128	0	0	109	0	0
192	0	0	172	0	0
256	0	0	236	0	0
320	0	0	302	0	0
384	0	0	369	0	0
448	0	0	435	0	0
512	0	0	502	0	0
576	0	0	567	1	1
640	0	0	630	4	4
704	0	0	691	6	6
768	0	0	749	10	10
832	0	0	809	14	14
896	0	0	866	18	18
960	0	0	925	21	21
1023	0	0	951	26	26
0	64	0	0	54	0
64	64	0	54	54	0
128	64	0	112	56	0
192	64	0	175	57	0
256	64	0	239	58	0
320	64	0	305	59	0
384	64	0	371	61	0
448	64	0	438	62	0
512	64	0	504	63	1
576	64	0	569	66	3
640	64	0	632	68	4
704	64	0	693	72	8
768	64	0	752	76	12
832	64	0	811	80	16
896	64	0	869	85	19
960	64	0	927	89	23
1023	64	0	952	93	27
0	128	0	0	116	0
64	128	0	57	116	0
128	128	0	117	117	0
192	128	0	180	118	0
256	128	0	244	120	0
320	128	0	308	122	0
384	128	0	375	124	0
448	128	0	441	126	1
512	128	0	507	129	2
576	128	0	572	131	3
640	128	0	634	134	5
704	128	0	696	139	8
768	128	0	754	142	12
832	128	0	814	148	16
896	128	0	871	153	19
960	128	0	929	157	23
1023	128	0	954	161	27
0	192	0	0	182	0
64	192	0	59	182	0
128	192	0	121	183	0
192	192	0	184	184	0
256	192	0	249	186	0
320	192	0	314	188	0
384	192	0	380	190	0
448	192	0	446	193	1
512	192	0	512	195	2
576	192	0	576	199	3
640	192	0	638	202	5
704	192	0	699	206	8
768	192	0	758	211	11
832	192	0	816	215	15
896	192	0	874	220	19
960	192	0	932	225	22
1023	192	0	957	229	26
0	256	0	0	251	0
64	256	0	61	252	0
128	256	0	124	252	0
192	256	0	189	253	0
256	256	0	254	254	0
320	256	0	319	256	0
384	256	0	386	258	0
448	256	0	452	260	0
512	256	0	517	263	2
576	256	0	581	266	3
640	256	0	643	269	5
704	256	0	703	275	7
768	256	0	762	279	11
832	256	0	819	283	14
896	256	0	877	288	18
960	256	0	935	293	22
1023	256	0	961	298	25
0	320	0	0	321	0
64	320	0	63	322	0
128	320	0	128	323	0
192	320	0	193	322	0
256	320	0	259	324	0
320	320	0	325	325	0
384	320	0	391	327	0
448	320	0	458	329	1
512	320	0	523	332	1
576	320	0	586	334	3
640	320	0	648	338	5
704	320	0	708	342	6
768	320	0	766	347	10
832	320	0	824	352	13
896	320	0	881	356	17
960	320	0	938	362	20
1023	320	0	966	365	24
0	384	0	1	393	1
64	384	0	65	393	1
128	384	0	131	393	1
192	384	0	197	394	1
256	384	0	264	395	0
320	384	0	331	396	0
384	384	0	397	397	0
448	384	0	463	399	0
512	384	0	529	402	1
576	384	0	592	404	2
640	384	0	654	407	4
704	384	0	713	411	7
768	384	0	771	416	8
832	384	0	827	420	12
896	384	0	884	425	15
960	384	0	941	429	18
1023	384	0	971	433	21
0	448	0	2	465	2
64	448	0	68	465	3
128	448	0	134	465	2
192	448	0	201	465	2
256	448	0	269	466	2
320	448	0	336	466	1
384	448	0	402	467	1
448	448	0	468	468	1
512	448	0	534	471	1
576	448	0	597	472	2
640	448	0	659	476	4
704	448	0	718	479	6
768	448	0	775	484	8
832	448	0	832	488	10
896	448	0	888	493	13
960	448	0	944	496	16
1023	448	0	977	500	19
0	512	0	5	536	5
64	512	0	71	536	5
128	512	0	138	536	5
192	512	0	206	536	4
256	512	0	274	537	3
320	512	0	341	537	3
384	512	0	409	538	2
448	512	0	474	538	2
512	512	0	539	539	2
576	512	0	603	542	3
640	512	0	664	544	4
704	512	0	724	548	6
768	512	0	781	551	8
832	512	0	837	555	10
896	512	0	893	559	12
960	512	0	949	564	14
1023	512	0	982	566	17
0	576	0	8	607	8
64	576	0	74	607	8
128	576	0	143	607	8
192	576	0	211	607	7
256	576	0	279	606	6
320	576	0	347	606	5
384	576	0	414	606	4
448	576	0	480	606	4
512	576	0	546	607	3
576	576	0	609	609	4
640	576	0	670	611	4
704	576	0	729	614	6
768	576	0	785	617	8
832	576	0	842	622	10
896	576	0	897	624	12
960	576	0	952	627	13
1023	576	0	988	630	14
0	640	0	13	678	13
64	640	0	80	677	12
128	640	0	148	676	11
192	640	0	217	675	10
256	640	0	285	675	10
320	640	0	353	673	9
384	640	0	421	673	8
448	640	0	487	673	6
512	640	0	552	673	6
576	640	0	615	675	6
640	640	0	677	677	6
704	640	0	735	678	7
768	640	0	791	682	8
832	640	0	846	684	9
896	640	0	901	686	11
960	640	0	956	690	12
1023	640	0	993	692	13
0	704	0	20	746	20
64	704	0	87	745	19
128	704	0	155	744	18
192	704	0	224	742	16
256	704	0	292	741	14
320	704	0	361	740	13
384	704	0	428	739	12
448	704	0	495	739	11
512	704	0	560	738	9
576	704	0	623	738	8
640	704	0	683	739	8
704	704	0	741	741	8
768	704	0	797	743	9
832	704	0	852	745	10
896	704	0	906	748	11
960	704	0	960	750	12
1023	704	0	998	751	12
0	768	0	27	812	27
64	768	0	95	812	26
128	768	0	163	810	24
192	768	0	232	808	22
256	768	0	300	806	20
320	768	0	368	805	18
384	768	0	436	802	16
448	768	0	502	801	15
512	768	0	567	800	13
576	768	0	629	800	11
640	768	0	689	800	10
704	768	0	747	801	10
768	768	0	803	803	10
832	768	0	857	805	11
896	768	0	911	806	11
960	768	0	965	808	12
1023	768	0	1002	809	12
0	832	0	35	879	35
64	832	0	102	876	33
128	832	0	170	873	31
192	832	0	239	872	28
256	832	0	307	869	25
320	832	0	375	866	22
384	832	0	443	864	19
448	832	0	508	862	18
512	832	0	573	860	16
576	832	0	635	859	14
640	832	0	695	859	12
704	832	0	753	859	12
768	832	0	808	860	12
832	832	0	863	863	12
896	832	0	916	864	12
960	832	0	969	865	12
1023	832	0	1007	866	12
0	896	0	40	941	40
64	896	0	108	939	38
128	896	0	176	936	35
192	896	0	244	933	32
256	896	0	313	930	29
320	896	0	380	926	25
384	896	0	447	924	23
448	896	0	513	921	20
512	896	0	578	919	17
576	896	0	640	918	15
640	896	0	700	918	14
704	896	0	758	918	13
768	896	0	813	919	12
832	896	0	867	919	12
896	896	0	920	920	12
960	896	0	975	922	13
1023	896	0	1011	922	12
0	960	0	45	1003	45
64	960	0	112	1000	42
128	960	0	180	997	38
192	960	0	249	993	35
256	960	0	317	989	31
320	960	0	385	987	28
384	960	0	452	983	25
448	960	0	518	980	21
512	960	0	582	978	18
576	960	0	645	976	16
640	960	0	704	975	14
704	960	0	761	974	13
768	960	0	816	975	13
832	960	0	871	977	12
896	960	0	925	978	12
960	960	0	979	979	12
1023	960	0	1015	980	12
0	1023	0	47	1007	47
64	1023	0	113	1007	44
128	1023	0	181	1007	40
192	1023	0	250	1007	36
256	1023	0	318	1008	33
320	1023	0	385	1008	29
384	1023	0	453	1009	25
448	1023	0	519	1009	22
512	1023	0	584	1010	19
576	1023	0	646	1011	16
640	1023	0	706	1012	14
704	1023	0	764	1013	13
768	1023	0	819	1014	12
832	1023	0	873	1015	12
896	1023	0	927	1016	12
960	1023	0	982	1017	12
1023	1023	0	1018	1018	12
0	0	64	0	0	48
64	0	64	51	0	51
128	0	64	110	0	54
192	0	64	172	0	56
256	0	64	237	0	57
320	0	64	303	0	58
384	0	64	369	0	60
448	0	64	436	0	61
512	0	64	502	0	62
576	0	64	567	2	65
640	0	64	630	4	67
704	0	64	691	6	70
768	0	64	751	10	75
832	0	64	809	14	79
896	0	64	866	18	83
960	0	64	925	22	88
1023	0	64	951	26	92
0	64	64	0	54	54
64	64	64	54	54	54
128	64	64	113	56	56
192	64	64	175	57	57
256	64	64	239	58	58
320	64	64	305	60	60
384	64	64	371	61	61
448	64	64	438	62	62
512	64	64	505	64	64
576	64	64	569	66	66
640	64	64	632	69	69
704	64	64	694	72	72
768	64	64	752	77	77
832	64	64	811	81	81
896	64	64	869	85	85
960	64	64	927	89	89
1023	64	64	952	93	93
0	128	64	0	116	57
64	128	64	58	117	58
128	128	64	117	117	58
192	128	64	180	119	59
256	128	64	244	120	60
320	128	64	309	123	61
384	128	64	375	124	61
448	128	64	442	127	63
512	128	64	507	129	65
576	128	64	572	132	67
640	128	64	636	135	69
704	128	64	696	139	73
768	128	64	756	143	77
832	128	64	814	148	81
896	128	64	871	153	85
960	128	64	930	157	89
1023	128	64	954	161	93
0	192	64	0	182	59
64	192	64	59	183	59
128	192	64	122	184	60
192	192	64	185	185	61
256	192	64	249	187	61
320	192	64	315	188	62
384	192	64	380	190	62
448	192	64	446	193	64
512	192	64	512	195	65
576	192	64	576	199	67
640	192	64	638	202	70
704	192	64	699	206	73
768	192	64	758	211	76
832	192	64	816	215	80
896	192	64	874	221	84
960	192	64	932	225	89
1023	192	64	957	229	93
0	256	64	0	251	61
64	256	64	62	252	62
128	256	64	124	252	62
192	256	64	189	253	62
256	256	64	254	254	62
320	256	64	320	256	63
384	256	64	386	258	63
448	256	64	452	260	64
512	256	64	517	263	66
576	256	64	581	266	67
640	256	64	643	270	69
704	256	64	703	274	73
768	256	64	762	279	77
832	256	64	820	284	80
896	256	64	877	288	84
960	256	64	935	293	88
1023	256	64	961	298	92
0	320	64	0	321	63
64	320	64	63	322	63
128	320	64	128	323	63
192	320	64	193	323	63
256	320	64	259	324	63
320	320	64	326	326	64
384	320	64	391	327	64
448	320	64	458	329	65
512	320	64	523	332	66
576	320	64	587	334	68
640	320	64	648	338	70
704	320	64	709	342	72
768	320	64	766	347	76
832	320	64	824	352	79
896	320	64	881	356	83
960	320	64	937	362	87
1023	320	64	966	365	90
0	384	64	1	393	65
64	384	64	65	393	65
128	384	64	131	393	65
192	384	64	197	394	65
256	384	64	264	395	65
320	384	64	331	396	65
384	384	64	396	396	65
448	384	64	463	399	66
512	384	64	528	401	66
576	384	64	592	403	68
640	384	64	654	407	70
704	384	64	713	411	72
768	384	64	771	415	75
832	384	64	827	420	79
896	384	64	884	425	82
960	384	64	941	429	85
1023	384	64	971	433	88
0	448	64	2	465	67
64	448	64	68	465	68
128	448	64	134	465	67
192	448	64	201	465	67
256	448	64	269	466	66
320	448	64	336	466	66
384	448	64	402	467	67
448	448	64	468	468	67
512	448	64	534	471	67
576	448	64	597	472	68
640	448	64	659	476	69
704	448	64	718	479	72
768	448	64	775	484	75
832	448	64	832	487	78
896	448	64	888	492	81
960	448	64	944	496	84
1023	448	64	977	500	86
0	512	64	5	536	71
64	512	64	71	536	71
128	512	64	138	537	71
192	512	64	206	536	70
256	512	64	273	536	69
320	512	64	341	537	69
384	512	64	408	537	68
448	512	64	474	538	68
512	512	64	539	539	69
576	512	64	603	542	69
640	512	64	664	544	71
704	512	64	723	547	72
768	512	64	780	551	74
832	512	64	837	555	77
896	512	64	893	559	79
960	512	64	948	563	82
1023	512	64	982	565	84
0	576	64	8	608	75
64	576	64	74	607	74
128	576	64	142	606	74
192	576	64	211	607	73
256	576	64	279	606	73
320	576	64	346	605	72
384	576	64	414	606	71
448	576	64	480	606	70
512	576	64	545	607	70
576	576	64	609	609	70
640	576	64	670	611	71
704	576	64	728	614	73
768	576	64	785	617	75
832	576	64	841	620	77
896	576	64	896	624	79
960	576	64	951	627	81
1023	576	64	988	629	82
0	640	64	13	677	81
64	640	64	80	677	80
128	640	64	148	676	79
192	640	64	217	675	78
256	640	64	285	674	76
320	640	64	353	674	75
384	640	64	420	673	74
448	640	64	486	673	73
512	640	64	552	674	73
576	640	64	615	675	73
640	640	64	676	676	73
704	640	64	734	678	74
768	640	64	790	681	75
832	640	64	846	683	77
896	640	64	900	686	78
960	640	64	955	689	79
1023	640	64	993	691	81
0	704	64	19	746	87
64	704	64	87	745	87
128	704	64	155	743	85
192	704	64	224	742	84
256	704	64	292	741	82
320	704	64	361	739	81
384	704	64	428	739	80
448	704	64	494	738	78
512	704	64	559	738	77
576	704	64	623	738	76
640	704	64	682	738	75
704	704	64	741	741	75
768	704	64	796	742	77
832	704	64	851	744	78
896	704	64	905	747	79
960	704	64	959	749	80
1023	704	64	998	750	80
0	768	64	27	813	96
64	768	64	95	811	95
128	768	64	163	810	93
192	768	64	232	808	91
256	768	64	300	805	88
320	768	64	368	804	86
384	768	64	435	802	84
448	768	64	501	800	82
512	768	64	566	800	80
576	768	64	628	799	79
640	768	64	688	799	78
704	768	64	746	800	78
768	768	64	801	801	78
832	768	64	856	804	79
896	768	64	909	805	79
960	768	64	964	806	80
1023	768	64	1002	808	80
0	832	64	34	878	103
64	832	64	101	875	101
128	832	64	170	874	99
192	832	64	238	871	96
256	832	64	307	868	93
320	832	64	374	865	90
384	832	64	442	863	88
448	832	64	507	862	86
512	832	64	572	859	83
576	832	64	634	858	81
640	832	64	694	858	80
704	832	64	752	858	79
768	832	64	807	859	80
832	832	64	861	861	80
896	832	64	915	862	80
960	832	64	968	864	81
1023	832	64	1007	865	81
0	896	64	40	941	110
64	896	64	107	938	107
128	896	64	175	935	104
192	896	64	243	932	101
256	896	64	312	929	98
320	896	64	379	925	94
384	896	64	446	923	91
448	896	64	512	920	88
512	896	64	577	918	85
576	896	64	639	917	83
640	896	64	699	916	81
704	896	64	757	917	82
768	896	64	811	917	81
832	896	64	866	918	81
896	896	64	919	919	81
960	896	64	972	920	81
1023	896	64	1011	921	81
0	960	64	43	1002	113
64	960	64	111	999	111
128	960	64	179	995	107
192	960	64	247	992	103
256	960	64	316	988	100
320	960	64	384	984	96
384	960	64	451	982	92
448	960	64	516	978	90
512	960	64	580	976	87
576	960	64	643	975	85
640	960	64	703	973	83
704	960	64	760	973	82
768	960	64	815	974	81
832	960	64	870	975	81
896	960	64	923	975	81
960	960	64	978	978	81
1023	960	64	1015	977	81
0	1023	64	46	1007	116
64	1023	64	112	1007	112
128	1023	64	180	1007	108
192	1023	64	249	1007	105
256	1023	64	317	1008	101
320	1023	64	384	1008	98
384	1023	64	452	1009	94
448	1023	64	518	1010	90
512	1023	64	582	1010	87
576	1023	64	644	1011	85
640	1023	64	704	1012	83
704	1023	64	763	1013	82
768	1023	64	818	1014	81
832	1023	64	872	1015	81
896	1023	64	926	1016	81
960	1023	64	980	1017	82
1023	1023	64	1018	1018	82
0	0	128	0	0	106
64	0	128	53	0	107
128	0	128	111	0	111
192	0	128	173	0	114
256	0	128	237	0	117
320	0	128	303	0	119
384	0	128	370	0	121
448	0	128	436	0	124
512	0	128	502	0	126
576	0	128	567	2	129
640	0	128	631	4	133
704	0	128	691	6	136
768	0	128	751	10	141
832	0	128	809	14	146
896	0	128	867	18	150
960	0	128	926	22	155
1023	0	128	951	26	160
0	64	128	0	54	110
64	64	128	55	55	112
128	64	128	113	56	113
192	64	128	175	57	116
256	64	128	240	59	118
320	64	128	305	59	121
384	64	128	372	61	123
448	64	128	439	63	125
512	64	128	505	64	128
576	64	128	570	66	131
640	64	128	633	69	134
704	64	128	694	72	138
768	64	128	753	77	142
832	64	128	811	81	147
896	64	128	870	85	152
960	64	128	929	89	157
1023	64	128	952	93	161
0	128	128	0	116	116
64	128	128	58	117	117
128	128	128	117	117	117
192	128	128	180	119	119
256	128	128	244	120	120
320	128	128	310	123	123
384	128	128	375	125	125
448	128	128	442	127	127
512	128	128	508	129	129
576	128	128	572	131	131
640	128	128	636	135	135
704	128	128	696	139	139
768	128	128	756	143	143
832	128	128	814	148	148
896	128	128	872	153	153
960	128	128	930	157	157
1023	128	128	954	161	161
0	192	128	0	182	121
64	192	128	60	183	121
128	192	128	121	184	121
192	192	128	185	185	122
256	192	128	250	187	124
320	192	128	314	188	125
384	192	128	380	190	126
448	192	128	447	193	128
512	192	128	512	195	130
576	192	128	576	199	132
640	192	128	640	202	136
704	192	128	700	206	140
768	192	128	758	211	143
832	192	128	816	215	148
896	192	128	874	220	152
960	192	128	933	225	157
1023	192	128	957	229	161
0	256	128	0	251	124
64	256	128	62	252	124
128	256	128	125	253	125
192	256	128	190	253	126
256	256	128	255	255	126
320	256	128	320	256	127
384	256	128	386	258	128
448	256	128	452	261	129
512	256	128	517	263	132
576	256	128	582	266	133
640	256	128	644	269	136
704	256	128	704	275	140
768	256	128	762	279	143
832	256	128	820	283	148
896	256	128	877	288	152
960	256	128	935	293	157
1023	256	128	961	297	160
0	320	128	0	321	127
64	320	128	63	322	128
128	320	128	128	323	128
192	320	128	193	324	128
256	320	128	259	325	129
320	320	128	326	326	129
384	320	128	391	327	130
448	320	128	458	329	131
512	320	128	523	332	132
576	320	128	586	334	134
640	320	128	648	338	136
704	320	128	708	342	140
768	320	128	766	347	143
832	320	128	824	352	148
896	320	128	880	357	151
960	320	128	938	361	155
1023	320	128	966	365	159
0	384	128	1	393	130
64	384	128	65	393	131
128	384	128	131	394	131
192	384	128	198	394	131
256	384	128	264	395	131
320	384	128	331	395	131
384	384	128	398	398	132
448	384	128	463	399	132
512	384	128	528	401	134
576	384	128	592	403	135
640	384	128	653	407	137
704	384	128	713	411	140
768	384	128	771	415	143
832	384	128	827	419	147
896	384	128	885	425	150
960	384	128	941	429	154
1023	384	128	971	433	157
0	448	128	2	465	134
64	448	128	67	465	134
128	448	128	134	466	134
192	448	128	201	465	134
256	448	128	269	466	134
320	448	128	336	466	134
384	448	128	402	467	133
448	448	128	468	468	134
512	448	128	533	470	135
576	448	128	597	472	135
640	448	128	659	476	138
704	448	128	717	480	140
768	448	128	775	483	143
832	448	128	831	488	146
896	448	128	888	492	149
960	448	128	944	497	152
1023	448	128	977	499	156
0	512	128	5	536	138
64	512	128	71	536	139
128	512	128	138	537	138
192	512	128	206	536	138
256	512	128	273	536	137
320	512	128	341	536	136
384	512	128	408	537	137
448	512	128	474	538	136
512	512	128	539	539	136
576	512	128	603	541	138
640	512	128	664	543	139
704	512	128	723	547	140
768	512	128	780	550	143
832	512	128	836	555	146
896	512	128	892	558	149
960	512	128	948	562	151
1023	512	128	982	566	154
0	576	128	8	607	143
64	576	128	74	607	143
128	576	128	142	607	142
192	576	128	211	606	141
256	576	128	279	605	140
320	576	128	346	605	140
384	576	128	414	605	139
448	576	128	480	606	139
512	576	128	545	607	138
576	576	128	608	608	139
640	576	128	669	610	140
704	576	128	728	613	141
768	576	128	784	616	143
832	576	128	840	620	146
896	576	128	895	623	148
960	576	128	950	626	150
1023	576	128	988	628	152
0	640	128	13	677	149
64	640	128	80	677	149
128	640	128	148	675	148
192	640	128	217	674	146
256	640	128	284	674	145
320	640	128	352	673	144
384	640	128	420	672	143
448	640	128	486	672	142
512	640	128	551	673	141
576	640	128	614	674	142
640	640	128	675	675	142
704	640	128	733	677	143
768	640	128	789	680	144
832	640	128	844	682	147
896	640	128	899	685	148
960	640	128	954	688	149
1023	640	128	993	690	150
0	704	128	19	745	157
64	704	128	86	744	156
128	704	128	155	743	155
192	704	128	223	741	153
256	704	128	291	740	151
320	704	128	360	739	150
384	704	128	427	738	149
448	704	128	493	737	147
512	704	128	558	737	146
576	704	128	622	737	146
640	704	128	681	737	145
704	704	128	740	740	145
768	704	128	795	741	146
832	704	128	850	743	147
896	704	128	904	746	149
960	704	128	958	747	149
1023	704	128	998	749	150
0	768	128	26	812	165
64	768	128	94	811	164
128	768	128	162	809	162
192	768	128	231	807	160
256	768	128	299	804	158
320	768	128	367	803	156
384	768	128	434	801	154
448	768	128	500	799	152
512	768	128	565	798	150
576	768	128	627	798	148
640	768	128	687	798	148
704	768	128	745	799	148
768	768	128	800	800	148
832	768	128	854	802	148
896	768	128	908	804	149
960	768	128	963	805	150
1023	768	128	1002	806	150
0	832	128	33	877	173
64	832	128	100	875	171
128	832	128	169	873	169
192	832	128	237	870	166
256	832	128	305	867	163
320	832	128	373	864	160
384	832	128	441	862	158
448	832	128	506	860	155
512	832	128	571	858	153
576	832	128	633	857	151
640	832	128	693	857	150
704	832	128	750	857	150
768	832	128	806	858	150
832	832	128	860	860	150
896	832	128	914	861	150
960	832	128	967	862	150
1023	832	128	1007	863	151
0	896	128	39	940	180
64	896	128	106	937	177
128	896	128	174	934	174
192	896	128	242	931	171
256	896	128	311	928	167
320	896	128	378	924	164
384	896	128	445	922	160
448	896	128	511	919	158
512	896	128	575	917	156
576	896	128	637	916	153
640	896	128	698	915	152
704	896	128	754	915	151
768	896	128	809	916	150
832	896	128	864	917	152
896	896	128	918	918	151
960	896	128	971	919	151
1023	896	128	1011	920	151
0	960	128	42	1001	184
64	960	128	109	998	181
128	960	128	178	994	178
192	960	128	246	991	174
256	960	128	315	987	170
320	960	128	382	983	166
384	960	128	449	980	163
448	960	128	515	977	159
512	960	128	579	975	158
576	960	128	642	974	155
640	960	128	701	972	153
704	960	128	759	972	152
768	960	128	814	972	152
832	960	128	867	973	151
896	960	128	922	974	153
960	960	128	976	976	152
1023	960	128	1015	976	152
0	1023	128	44	1007	186
64	1023	128	111	1007	183
128	1023	128	179	1007	179
192	1023	128	247	1007	175
256	1023	128	316	1008	171
320	1023	128	383	1008	168
384	1023	128	451	1009	164
448	1023	128	516	1010	161
512	1023	128	581	1010	158
576	1023	128	644	1011	155
640	1023	128	703	1012	153
704	1023	128	761	1013	153
768	1023	128	816	1014	152
832	1023	128	870	1015	152
896	1023	128	924	1016	152
960	1023	128	979	1017	152
1023	1023	128	1018	1018	152
0	0	192	0	0	167
64	0	192	54	0	168
128	0	192	112	0	171
192	0	192	174	0	174
256	0	192	239	0	178
320	0	192	304	0	181
384	0	192	371	0	184
448	0	192	437	0	188
512	0	192	503	0	191
576	0	192	569	2	195
640	0	192	631	4	198
704	0	192	692	6	203
768	0	192	751	10	208
832	0	192	810	14	213
896	0	192	867	18	218
960	0	192	926	22	224
1023	0	192	952	26	228
0	64	192	0	55	171
64	64	192	56	56	172
128	64	192	115	57	174
192	64	192	177	58	177
256	64	192	241	58	180
320	64	192	306	60	184
384	64	192	373	61	186
448	64	192	440	62	189
512	64	192	506	64	193
576	64	192	571	66	196
640	64	192	633	69	200
704	64	192	694	72	205
768	64	192	753	77	210
832	64	192	811	81	215
896	64	192	870	85	220
960	64	192	928	89	225
1023	64	192	953	93	229
0	128	192	0	117	177
64	128	192	58	118	178
128	128	192	118	118	179
192	128	192	181	119	181
256	128	192	245	122	184
320	128	192	310	123	186
384	128	192	376	125	188
448	128	192	443	127	191
512	128	192	508	129	194
576	128	192	573	131	198
640	128	192	636	135	201
704	128	192	697	139	205
768	128	192	756	144	210
832	128	192	815	148	215
896	128	192	872	153	220
960	128	192	931	157	225
1023	128	192	955	161	230
0	192	192	0	183	183
64	192	192	59	184	184
128	192	192	122	185	185
192	192	192	186	186	186
256	192	192	250	187	187
320	192	192	315	189	189
384	192	192	381	190	190
448	192	192	447	193	193
512	192	192	513	196	196
576	192	192	577	199	199
640	192	192	639	202	202
704	192	192	700	206	206
768	192	192	759	210	210
832	192	192	817	215	215
896	192	192	874	220	220
960	192	192	932	225	225
1023	192	192	958	229	229
0	256	192	0	251	188
64	256	192	62	253	189
128	256	192	126	253	189
192	256	192	190	254	190
256	256	192	255	255	191
320	256	192	320	257	192
384	256	192	386	258	193
448	256	192	453	261	195
512	256	192	518	263	198
576	256	192	582	266	200
640	256	192	644	270	203
704	256	192	704	274	207
768	256	192	762	279	211
832	256	192	820	283	216
896	256	192	878	288	220
960	256	192	935	294	225
1023	256	192	962	297	228
0	320	192	0	322	193
64	320	192	63	323	193
128	320	192	128	323	193
192	320	192	194	324	194
256	320	192	260	325	194
320	320	192	325	325	195
384	320	192	392	328	196
448	320	192	458	329	197
512	320	192	522	332	199
576	320	192	587	335	202
640	320	192	649	338	204
704	320	192	708	343	207
768	320	192	767	347	211
832	320	192	823	351	216
896	320	192	880	357	220
960	320	192	938	361	224
1023	320	192	966	365	228
0	384	192	1	393	197
64	384	192	65	394	197
128	384	192	131	394	197
192	384	192	198	395	198
256	384	192	265	395	197
320	384	192	331	396	198
384	384	192	397	397	198
448	384	192	464	399	199
512	384	192	528	401	201
576	384	192	592	403	203
640	384	192	653	407	205
704	384	192	713	411	208
768	384	192	770	415	212
832	384	192	828	420	215
896	384	192	884	424	219
960	384	192	940	428	223
1023	384	192	972	432	226
0	448	192	2	466	201
64	448	192	67	466	201
128	448	192	134	465	201
192	448	192	201	465	201
256	448	192	268	466	201
320	448	192	335	466	201
384	448	192	403	467	202
448	448	192	469	469	201
512	448	192	533	470	203
576	448	192	597	473	205
640	448	192	658	475	206
704	448	192	718	479	209
768	448	192	775	483	212
832	448	192	831	487	215
896	448	192	887	491	218
960	448	192	944	496	222
1023	448	192	977	500	224
0	512	192	5	537	206
64	512	192	71	537	206
128	512	192	138	537	206
192	512	192	206	536	206
256	512	192	273	536	205
320	512	192	341	536	204
384	512	192	408	537	205
448	512	192	473	537	204
512	512	192	538	538	205
576	512	192	602	541	206
640	512	192	663	543	208
704	512	192	722	547	209
768	512	192	779	550	212
832	512	192	836	554	215
896	512	192	891	557	218
960	512	192	947	562	221
1023	512	192	982	565	224
0	576	192	8	607	212
64	576	192	74	608	212
128	576	192	142	607	211
192	576	192	210	606	210
256	576	192	278	606	209
320	576	192	346	605	208
384	576	192	414	605	208
448	576	192	480	606	208
512	576	192	544	607	208
576	576	192	608	608	208
640	576	192	668	609	209
704	576	192	727	613	211
768	576	192	785	616	213
832	576	192	839	619	216
896	576	192	894	622	217
960	576	192	950	626	220
1023	576	192	988	628	222
0	640	192	12	677	218
64	640	192	79	676	218
128	640	192	147	675	217
192	640	192	216	675	216
256	640	192	284	673	215
320	640	192	352	673	213
384	640	192	419	673	212
448	640	192	486	672	212
512	640	192	550	673	211
576	640	192	614	673	212
640	640	192	674	674	212
704	640	192	733	676	213
768	640	192	789	679	215
832	640	192	843	681	216
896	640	192	898	685	218
960	640	192	952	687	219
1023	640	192	993	689	220
0	704	192	19	745	227
64	704	192	86	744	226
128	704	192	154	742	224
192	704	192	222	741	222
256	704	192	291	740	221
320	704	192	359	739	220
384	704	192	426	737	218
448	704	192	493	736	216
512	704	192	557	736	216
576	704	192	621	736	215
640	704	192	680	736	214
704	704	192	738	738	215
768	704	192	794	740	216
832	704	192	849	742	217
896	704	192	902	745	219
960	704	192	957	746	219
1023	704	192	998	748	220
0	768	192	26	812	236
64	768	192	93	810	234
128	768	192	161	808	233
192	768	192	230	806	230
256	768	192	298	804	228
320	768	192	366	802	226
384	768	192	433	801	223
448	768	192	499	798	222
512	768	192	564	798	220
576	768	192	626	797	218
640	768	192	687	797	218
704	768	192	744	798	218
768	768	192	800	800	218
832	768	192	853	801	218
896	768	192	907	802	220
960	768	192	961	804	220
1023	768	192	1002	805	220
0	832	192	33	876	244
64	832	192	100	874	242
128	832	192	168	872	239
192	832	192	236	869	236
256	832	192	305	866	233
320	832	192	372	863	230
384	832	192	439	861	228
448	832	192	505	859	226
512	832	192	569	857	223
576	832	192	632	856	221
640	832	192	691	855	221
704	832	192	749	856	220
768	832	192	804	856	220
832	832	192	859	859	221
896	832	192	912	860	221
960	832	192	966	861	221
1023	832	192	1007	862	221
0	896	192	38	939	250
64	896	192	105	936	247
128	896	192	173	933	244
192	896	192	242	930	242
256	896	192	310	926	238
320	896	192	377	923	235
384	896	192	444	921	232
448	896	192	510	917	228
512	896	192	574	916	226
576	896	192	636	914	224
640	896	192	696	914	223
704	896	192	754	914	222
768	896	192	808	914	221
832	896	192	863	915	222
896	896	192	916	916	222
960	896	192	970	917	222
1023	896	192	1011	918	222
0	960	192	41	1000	255
64	960	192	108	996	252
128	960	192	176	993	249
192	960	192	245	989	245
256	960	192	313	985	241
320	960	192	381	982	237
384	960	192	448	979	234
448	960	192	514	976	231
512	960	192	578	974	227
576	960	192	640	972	226
640	960	192	700	970	224
704	960	192	757	970	223
768	960	192	812	971	222
832	960	192	867	972	223
896	960	192	920	973	223
960	960	192	974	974	223
1023	960	192	1015	975	223
0	1023	192	43	1007	257
64	1023	192	110	1007	254
128	1023	192	178	1007	250
192	1023	192	246	1007	246
256	1023	192	314	1008	242
320	1023	192	381	1008	239
384	1023	192	449	1009	235
448	1023	192	515	1010	232
512	1023	192	580	1010	228
576	1023	192	643	1011	226
640	1023	192	702	1012	225
704	1023	192	760	1013	224
768	1023	192	815	1014	223
832	1023	192	869	1015	223
896	1023	192	923	1016	224
960	1023	192	977	1017	224
1023	1023	192	1018	1018	224
0	0	256	0	0	229
64	0	256	56	0	230
128	0	256	115	0	233
192	0	256	177	0	237
256	0	256	240	0	240
320	0	256	306	0	245
384	0	256	372	0	249
448	0	256	438	0	252
512	0	256	504	0	256
576	0	256	569	2	260
640	0	256	632	4	264
704	0	256	693	6	270
768	0	256	752	10	274
832	0	256	810	14	280
896	0	256	868	18	286
960	0	256	927	22	292
1023	0	256	953	26	296
0	64	256	0	56	233
64	64	256	57	57	234
128	64	256	116	58	236
192	64	256	178	58	239
256	64	256	243	60	243
320	64	256	308	60	247
384	64	256	374	61	250
448	64	256	441	63	254
512	64	256	507	64	258
576	64	256	571	66	261
640	64	256	634	69	266
704	64	256	695	73	271
768	64	256	754	76	277
832	64	256	812	81	282
896	64	256	871	85	288
960	64	256	930	89	293
1023	64	256	953	93	297
0	128	256	0	118	240
64	128	256	59	119	240
128	128	256	119	119	242
192	128	256	183	121	244
256	128	256	246	122	246
320	128	256	311	124	249
384	128	256	378	125	253
448	128	256	444	127	256
512	128	256	509	130	259
576	128	256	574	132	263
640	128	256	637	135	267
704	128	256	697	139	272
768	128	256	757	144	277
832	128	256	814	148	283
896	128	256	873	153	288
960	128	256	931	157	293
1023	128	256	955	162	298
0	192	256	0	184	246
64	192	256	61	185	247
128	192	256	122	186	248
192	192	256	187	187	249
256	192	256	251	188	251
320	192	256	316	189	253
384	192	256	382	191	255
448	192	256	448	193	258
512	192	256	513	196	261
576	192	256	578	198	265
640	192	256	641	202	269
704	192	256	701	207	273
768	192	256	759	211	278
832	192	256	818	215	283
896	192	256	875	220	288
960	192	256	933	225	293
1023	192	256	958	230	298
0	256	256	0	253	253
64	256	256	62	253	253
128	256	256	125	254	254
192	256	256	190	255	255
256	256	256	256	256	256
320	256	256	321	257	257
384	256	256	387	259	259
448	256	256	453	261	261
512	256	256	519	264	264
576	256	256	583	266	266
640	256	256	645	270	270
704	256	256	705	274	274
768	256	256	763	279	279
832	256	256	821	284	284
896	256	256	878	289	289
960	256	256	936	294	294
1023	256	256	962	297	297
0	320	256	0	322	258
64	320	256	63	323	258
128	320	256	128	324	259
192	320	256	194	324	259
256	320	256	260	325	260
320	320	256	326	326	261
384	320	256	392	328	262
448	320	256	459	330	264
512	320	256	523	332	266
576	320	256	587	335	269
640	320	256	649	338	272
704	320	256	709	343	275
768	320	256	767	347	279
832	320	256	824	352	284
896	320	256	881	356	288
960	320	256	937	361	292
1023	320	256	967	365	297
0	384	256	0	394	264
64	384	256	65	394	264
128	384	256	131	394	264
192	384	256	198	395	264
256	384	256	264	395	264
320	384	256	331	396	265
384	384	256	397	397	265
448	384	256	463	399	266
512	384	256	528	401	268
576	384	256	592	404	270
640	384	256	654	407	273
704	384	256	713	411	276
768	384	256	771	415	280
832	384	256	827	420	284
896	384	256	884	424	288
960	384	256	941	429	292
1023	384	256	972	432	296
0	448	256	2	465	268
64	448	256	67	465	268
128	448	256	134	465	268
192	448	256	202	466	269
256	448	256	268	466	268
320	448	256	335	467	269
384	448	256	402	468	269
448	448	256	468	468	269
512	448	256	534	470	271
576	448	256	597	472	272
640	448	256	658	475	275
704	448	256	718	479	278
768	448	256	775	482	280
832	448	256	832	487	284
896	448	256	888	491	288
960	448	256	943	495	291
1023	448	256	977	499	294
0	512	256	4	537	275
64	512	256	71	537	275
128	512	256	138	536	274
192	512	256	205	536	273
256	512	256	273	536	273
320	512	256	340	536	273
384	512	256	408	536	273
448	512	256	474	537	273
512	512	256	539	539	274
576	512	256	602	540	274
640	512	256	664	543	276
704	512	256	722	546	279
768	512	256	780	550	281
832	512	256	835	553	284
896	512	256	891	557	288
960	512	256	946	561	291
1023	512	256	983	564	293
0	576	256	8	608	280
64	576	256	74	607	280
128	576	256	142	607	280
192	576	256	210	606	279
256	576	256	278	605	278
320	576	256	345	605	277
384	576	256	413	605	277
448	576	256	479	606	276
512	576	256	544	606	277
576	576	256	607	607	277
640	576	256	669	610	278
704	576	256	727	612	281
768	576	256	784	615	282
832	576	256	840	619	285
896	576	256	894	621	288
960	576	256	950	625	289
1023	576	256	988	627	292
0	640	256	12	676	288
64	640	256	79	676	287
128	640	256	147	676	286
192	640	256	216	674	285
256	640	256	283	673	283
320	640	256	351	672	283
384	640	256	419	672	282
448	640	256	486	672	282
512	640	256	551	672	281
576	640	256	614	673	281
640	640	256	674	674	281
704	640	256	732	676	283
768	640	256	788	678	284
832	640	256	843	680	286
896	640	256	897	684	287
960	640	256	952	686	289
1023	640	256	993	688	290
0	704	256	18	744	296
64	704	256	85	743	295
128	704	256	153	743	294
192	704	256	222	741	292
256	704	256	291	739	291
320	704	256	359	738	289
384	704	256	426	737	288
448	704	256	492	736	286
512	704	256	556	735	285
576	704	256	620	735	284
640	704	256	680	736	285
704	704	256	738	738	285
768	704	256	793	739	286
832	704	256	847	741	287
896	704	256	901	743	289
960	704	256	955	745	289
1023	704	256	998	746	291
0	768	256	25	811	305
64	768	256	93	810	304
128	768	256	161	808	302
192	768	256	229	805	300
256	768	256	297	804	297
320	768	256	365	801	296
384	768	256	432	800	293
448	768	256	498	797	291
512	768	256	563	796	290
576	768	256	626	796	288
640	768	256	686	796	287
704	768	256	743	796	288
768	768	256	798	798	288
832	768	256	853	800	289
896	768	256	906	801	290
960	768	256	960	802	291
1023	768	256	1002	804	291
0	832	256	32	876	314
64	832	256	99	873	312
128	832	256	167	871	309
192	832	256	235	868	307
256	832	256	303	865	303
320	832	256	371	863	301
384	832	256	438	860	298
448	832	256	504	858	295
512	832	256	568	856	293
576	832	256	631	855	292
640	832	256	690	854	291
704	832	256	748	854	290
768	832	256	803	856	291
832	832	256	857	857	291
896	832	256	911	858	292
960	832	256	964	860	292
1023	832	256	1007	860	292
0	896	256	37	938	321
64	896	256	104	935	318
128	896	256	172	932	315
192	896	256	241	929	312
256	896	256	308	925	308
320	896	256	376	922	305
384	896	256	442	919	301
448	896	256	508	916	299
512	896	256	573	914	297
576	896	256	635	913	294
640	896	256	695	912	293
704	896	256	752	912	293
768	896	256	808	913	292
832	896	256	862	914	292
896	896	256	915	915	293
960	896	256	968	916	293
1023	896	256	1011	917	294
0	960	256	40	998	326
64	960	256	107	995	323
128	960	256	175	992	320
192	960	256	244	988	316
256	960	256	312	984	312
320	960	256	380	980	308
384	960	256	447	978	305
448	960	256	512	974	301
512	960	256	576	972	298
576	960	256	639	971	297
640	960	256	698	969	295
704	960	256	756	969	294
768	960	256	811	969	293
832	960	256	866	970	294
896	960	256	919	971	294
960	960	256	973	973	294
1023	960	256	1015	974	295
0	1023	256	42	1007	328
64	1023	256	108	1007	325
128	1023	256	176	1007	321
192	1023	256	245	1008	317
256	1023	256	313	1008	313
320	1023	256	381	1009	310
384	1023	256	448	1009	306
448	1023	256	513	1010	302
512	1023	256	578	1011	299
576	1023	256	641	1012	298
640	1023	256	701	1012	296
704	1023	256	758	1013	295
768	1023	256	813	1014	294
832	1023	256	867	1015	295
896	1023	256	922	1016	295
960	1023	256	976	1018	295
1023	1023	256	1018	1018	296
0	0	320	0	0	293
64	0	320	57	0	295
128	0	320	116	0	296
192	0	320	178	0	300
256	0	320	243	0	304
320	0	320	308	0	308
384	0	320	374	0	312
448	0	320	440	0	317
512	0	320	505	0	321
576	0	320	570	2	325
640	0	320	634	4	330
704	0	320	694	6	336
768	0	320	753	10	341
832	0	320	811	14	347
896	0	320	869	18	353
960	0	320	928	22	359
1023	0	320	953	26	363
0	64	320	0	57	296
64	64	320	58	58	297
128	64	320	118	58	299
192	64	320	181	59	302
256	64	320	245	59	306
320	64	320	310	61	310
384	64	320	376	62	314
448	64	320	442	62	318
512	64	320	508	65	322
576	64	320	573	66	327
640	64	320	635	69	332
704	64	320	696	73	338
768	64	320	755	77	343
832	64	320	813	81	349
896	64	320	872	85	355
960	64	320	930	89	361
1023	64	320	954	93	366
0	128	320	0	120	303
64	128	320	59	120	303
128	128	320	121	121	304
192	128	320	184	121	307
256	128	320	248	123	310
320	128	320	314	124	314
384	128	320	379	126	317
448	128	320	445	128	321
512	128	320	511	130	325
576	128	320	575	132	328
640	128	320	638	136	334
704	128	320	698	139	339
768	128	320	757	143	344
832	128	320	816	148	350
896	128	320	874	153	356
960	128	320	932	158	361
1023	128	320	956	162	366
0	192	320	0	185	310
64	192	320	61	186	310
128	192	320	123	187	311
192	192	320	187	187	313
256	192	320	252	189	315
320	192	320	317	190	317
384	192	320	384	191	320
448	192	320	449	194	323
512	192	320	514	196	327
576	192	320	579	200	331
640	192	320	641	203	335
704	192	320	702	207	340
768	192	320	760	211	345
832	192	320	818	216	351
896	192	320	876	221	356
960	192	320	934	225	362
1023	192	320	959	230	366
0	256	320	0	253	317
64	256	320	62	254	317
128	256	320	126	255	318
192	256	320	191	255	319
256	256	320	256	256	320
320	256	320	322	258	322
384	256	320	388	259	324
448	256	320	454	262	326
512	256	320	519	264	329
576	256	320	584	267	333
640	256	320	646	270	337
704	256	320	705	274	342
768	256	320	764	279	346
832	256	320	822	284	352
896	256	320	879	289	356
960	256	320	935	293	362
1023	256	320	963	297	365
0	320	320	0	323	323
64	320	320	63	324	324
128	320	320	129	324	324
192	320	320	194	325	325
256	320	320	260	325	325
320	320	320	326	326	326
384	320	320	393	329	329
448	320	320	459	330	330
512	320	320	524	333	333
576	320	320	588	335	335
640	320	320	650	339	339
704	320	320	709	342	342
768	320	320	768	348	348
832	320	320	824	352	352
896	320	320	882	356	356
960	320	320	938	361	361
1023	320	320	968	365	365
0	384	320	1	395	329
64	384	320	65	395	329
128	384	320	132	395	330
192	384	320	198	396	330
256	384	320	264	395	331
320	384	320	332	396	332
384	384	320	398	398	332
448	384	320	464	399	333
512	384	320	529	402	335
576	384	320	592	404	337
640	384	320	654	407	341
704	384	320	713	411	344
768	384	320	771	415	348
832	384	320	828	420	352
896	384	320	884	424	356
960	384	320	941	429	361
1023	384	320	973	433	364
0	448	320	2	465	336
64	448	320	67	467	336
128	448	320	134	466	335
192	448	320	201	466	335
256	448	320	269	466	336
320	448	320	336	467	336
384	448	320	402	467	336
448	448	320	468	468	337
512	448	320	533	470	338
576	448	320	598	472	340
640	448	320	659	475	342
704	448	320	717	478	346
768	448	320	775	483	349
832	448	320	831	487	353
896	448	320	887	491	357
960	448	320	943	495	360
1023	448	320	978	498	363
0	512	320	5	537	342
64	512	320	70	537	342
128	512	320	138	537	342
192	512	320	205	536	341
256	512	320	273	536	341
320	512	320	340	537	340
384	512	320	407	537	340
448	512	320	474	538	341
512	512	320	539	539	342
576	512	320	602	540	342
640	512	320	663	543	344
704	512	320	722	546	347
768	512	320	779	550	350
832	512	320	835	553	353
896	512	320	890	557	357
960	512	320	947	560	360
1023	512	320	983	563	362
0	576	320	8	607	348
64	576	320	73	607	348
128	576	320	141	606	347
192	576	320	209	606	347
256	576	320	278	605	346
320	576	320	346	605	346
384	576	320	412	605	345
448	576	320	479	605	345
512	576	320	544	606	345
576	576	320	608	608	345
640	576	320	668	609	347
704	576	320	727	611	349
768	576	320	783	615	351
832	576	320	839	618	354
896	576	320	894	621	356
960	576	320	949	624	359
1023	576	320	988	626	360
0	640	320	12	677	356
64	640	320	79	676	355
128	640	320	146	675	355
192	640	320	215	674	354
256	640	320	284	673	352
320	640	320	351	672	351
384	640	320	419	672	350
448	640	320	485	671	349
512	640	320	550	671	349
576	640	320	613	672	350
640	640	320	674	674	350
704	640	320	732	675	351
768	640	320	787	677	353
832	640	320	842	680	354
896	640	320	897	683	357
960	640	320	951	685	359
1023	640	320	993	686	359
0	704	320	18	745	365
64	704	320	85	744	364
128	704	320	153	742	363
192	704	320	221	740	361
256	704	320	291	740	360
320	704	320	358	738	358
384	704	320	426	736	356
448	704	320	491	736	355
512	704	320	556	735	354
576	704	320	619	735	353
640	704	320	679	735	353
704	704	320	736	736	354
768	704	320	792	738	355
832	704	320	846	741	356
896	704	320	900	742	358
960	704	320	955	744	358
1023	704	320	998	745	360
0	768	320	25	810	375
64	768	320	92	809	374
128	768	320	160	807	372
192	768	320	229	804	369
256	768	320	297	803	367
320	768	320	364	800	364
384	768	320	431	799	363
448	768	320	498	797	360
512	768	320	562	796	359
576	768	320	625	796	358
640	768	320	684	794	356
704	768	320	741	796	357
768	768	320	797	797	357
832	768	320	851	798	358
896	768	320	905	800	360
960	768	320	959	801	360
1023	768	320	1002	803	361
0	832	320	31	875	384
64	832	320	98	873	382
128	832	320	166	870	379
192	832	320	234	867	376
256	832	320	302	864	373
320	832	320	371	862	371
384	832	320	437	859	368
448	832	320	503	857	365
512	832	320	567	855	363
576	832	320	629	854	361
640	832	320	689	854	360
704	832	320	746	854	360
768	832	320	802	855	360
832	832	320	856	856	361
896	832	320	909	857	361
960	832	320	963	858	362
1023	832	320	1007	859	362
0	896	320	36	937	391
64	896	320	103	934	388
128	896	320	171	931	384
192	896	320	240	928	381
256	896	320	307	924	379
320	896	320	375	921	375
384	896	320	441	918	372
448	896	320	507	916	368
512	896	320	571	913	366
576	896	320	634	912	364
640	896	320	694	911	363
704	896	320	751	911	363
768	896	320	806	912	362
832	896	320	860	912	362
896	896	320	913	913	363
960	896	320	968	915	363
1023	896	320	1011	915	364
0	960	320	39	998	396
64	960	320	106	994	392
128	960	320	174	991	389
192	960	320	242	987	386
256	960	320	311	983	382
320	960	320	378	980	378
384	960	320	445	976	375
448	960	320	511	973	371
512	960	320	575	971	368
576	960	320	638	969	367
640	960	320	697	969	365
704	960	320	754	968	364
768	960	320	809	968	364
832	960	320	864	969	364
896	960	320	917	971	364
960	960	320	972	972	365
1023	960	320	1015	973	365
0	1023	320	40	1007	398
64	1023	320	107	1007	395
128	1023	320	175	1008	391
192	1023	320	243	1008	387
256	1023	320	311	1008	383
320	1023	320	380	1009	380
384	1023	320	447	1009	376
448	1023	320	512	1010	372
512	1023	320	577	1011	370
576	1023	320	640	1012	368
640	1023	320	700	1013	366
704	1023	320	757	1014	365
768	1023	320	812	1015	365
832	1023	320	867	1016	365
896	1023	320	920	1017	366
960	1023	320	975	1018	366
1023	1023	320	1019	1019	366
0	0	384	0	0	358
64	0	384	58	0	358
128	0	384	118	0	360
192	0	384	181	0	364
256	0	384	245	0	367
320	0	384	310	0	371
384	0	384	376	0	376
448	0	384	442	0	380
512	0	384	508	0	386
576	0	384	573	2	390
640	0	384	635	4	395
704	0	384	696	7	402
768	0	384	755	10	407
832	0	384	813	14	413
896	0	384	871	19	420
960	0	384	929	22	426
1023	0	384	954	26	431
0	64	384	0	58	361
64	64	384	59	59	361
128	64	384	120	59	363
192	64	384	183	60	366
256	64	384	247	61	370
320	64	384	312	61	374
384	64	384	378	62	378
448	64	384	444	63	383
512	64	384	510	65	387
576	64	384	574	66	392
640	64	384	638	70	397
704	64	384	698	73	403
768	64	384	756	77	409
832	64	384	815	81	416
896	64	384	873	85	422
960	64	384	931	89	428
1023	64	384	955	93	433
0	128	384	0	121	367
64	128	384	60	122	367
128	128	384	122	122	368
192	128	384	185	123	371
256	128	384	250	124	374
320	128	384	315	125	377
384	128	384	381	126	381
448	128	384	447	128	385
512	128	384	512	130	389
576	128	384	577	133	394
640	128	384	640	136	399
704	128	384	700	140	405
768	128	384	759	144	410
832	128	384	817	149	417
896	128	384	875	153	423
960	128	384	933	158	428
1023	128	384	957	162	433
0	192	384	0	186	373
64	192	384	61	187	374
128	192	384	125	188	375
192	192	384	188	188	377
256	192	384	253	190	379
320	192	384	319	191	382
384	192	384	385	192	385
448	192	384	450	194	388
512	192	384	516	197	392
576	192	384	580	200	396
640	192	384	643	203	401
704	192	384	703	207	406
768	192	384	761	211	412
832	192	384	819	216	418
896	192	384	877	221	423
960	192	384	935	226	429
1023	192	384	960	230	434
0	256	384	0	255	382
64	256	384	62	255	382
128	256	384	127	255	382
192	256	384	192	256	383
256	256	384	257	257	385
320	256	384	323	258	387
384	256	384	390	261	390
448	256	384	455	262	392
512	256	384	520	265	395
576	256	384	585	267	399
640	256	384	647	271	403
704	256	384	706	275	408
768	256	384	765	280	413
832	256	384	823	284	418
896	256	384	879	289	424
960	256	384	936	293	429
1023	256	384	964	298	433
0	320	384	0	324	388
64	320	384	64	325	388
128	320	384	129	325	390
192	320	384	195	326	390
256	320	384	261	326	391
320	320	384	328	328	392
384	320	384	394	329	394
448	320	384	459	331	395
512	320	384	525	333	398
576	320	384	589	336	401
640	320	384	651	339	405
704	320	384	710	343	409
768	320	384	768	347	414
832	320	384	825	352	419
896	320	384	882	357	424
960	320	384	939	361	429
1023	320	384	968	365	433
0	384	384	1	395	395
64	384	384	65	395	395
128	384	384	131	396	396
192	384	384	198	396	396
256	384	384	265	396	396
320	384	384	331	397	397
384	384	384	398	398	398
448	384	384	464	400	400
512	384	384	530	402	402
576	384	384	593	405	405
640	384	384	655	407	407
704	384	384	714	411	411
768	384	384	772	415	415
832	384	384	828	419	419
896	384	384	884	424	424
960	384	384	941	428	428
1023	384	384	973	432	432
0	448	384	2	466	402
64	448	384	67	466	402
128	448	384	135	466	402
192	448	384	201	467	402
256	448	384	269	467	402
320	448	384	336	468	403
384	448	384	403	468	403
448	448	384	469	469	404
512	448	384	534	470	405
576	448	384	597	473	407
640	448	384	658	475	409
704	448	384	718	479	413
768	448	384	775	483	416
832	448	384	832	487	420
896	448	384	888	491	424
960	448	384	944	495	428
1023	448	384	978	498	431
0	512	384	4	538	409
64	512	384	70	538	409
128	512	384	137	537	409
192	512	384	205	537	408
256	512	384	273	536	407
320	512	384	341	536	408
384	512	384	408	537	408
448	512	384	474	537	408
512	512	384	539	539	409
576	512	384	602	540	410
640	512	384	663	542	413
704	512	384	722	546	415
768	512	384	779	549	418
832	512	384	835	553	421
896	512	384	890	557	425
960	512	384	946	560	428
1023	512	384	984	563	431
0	576	384	8	608	416
64	576	384	73	608	416
128	576	384	141	607	416
192	576	384	209	606	415
256	576	384	277	606	413
320	576	384	346	606	413
384	576	384	412	605	412
448	576	384	479	606	412
512	576	384	544	606	413
576	576	384	607	607	414
640	576	384	668	609	415
704	576	384	726	612	418
768	576	384	783	614	420
832	576	384	838	617	422
896	576	384	893	621	424
960	576	384	948	623	427
1023	576	384	989	625	429
0	640	384	11	677	424
64	640	384	79	676	424
128	640	384	146	675	422
192	640	384	215	674	421
256	640	384	284	673	421
320	640	384	351	672	419
384	640	384	418	672	418
448	640	384	484	672	417
512	640	384	549	672	417
576	640	384	612	672	418
640	640	384	673	673	419
704	640	384	731	675	419
768	640	384	786	676	421
832	640	384	842	680	423
896	640	384	896	682	425
960	640	384	950	685	427
1023	640	384	993	686	428
0	704	384	17	744	434
64	704	384	84	743	432
128	704	384	152	742	432
192	704	384	222	741	430
256	704	384	290	739	428
320	704	384	357	738	426
384	704	384	425	736	425
448	704	384	491	735	423
512	704	384	556	734	423
576	704	384	618	734	422
640	704	384	678	734	422
704	704	384	735	735	423
768	704	384	792	738	424
832	704	384	846	739	425
896	704	384	900	741	426
960	704	384	954	743	428
1023	704	384	998	745	428
0	768	384	24	811	444
64	768	384	91	809	442
128	768	384	159	807	441
192	768	384	228	805	438
256	768	384	297	802	436
320	768	384	364	800	433
384	768	384	431	798	431
448	768	384	497	797	429
512	768	384	561	795	427
576	768	384	624	795	426
640	768	384	683	795	426
704	768	384	740	795	426
768	768	384	796	796	426
832	768	384	850	797	427
896	768	384	904	799	428
960	768	384	957	801	429
1023	768	384	1003	802	430
0	832	384	30	875	453
64	832	384	97	872	450
128	832	384	165	869	448
192	832	384	233	867	445
256	832	384	302	864	442
320	832	384	370	861	439
384	832	384	436	859	436
448	832	384	502	856	433
512	832	384	566	854	432
576	832	384	628	853	430
640	832	384	689	853	429
704	832	384	745	853	428
768	832	384	801	854	429
832	832	384	855	855	429
896	832	384	908	856	430
960	832	384	963	857	431
1023	832	384	1007	858	431
0	896	384	35	937	460
64	896	384	102	933	457
128	896	384	170	930	454
192	896	384	238	926	451
256	896	384	306	924	447
320	896	384	374	920	444
384	896	384	441	917	441
448	896	384	506	915	438
512	896	384	570	912	435
576	896	384	633	910	434
640	896	384	692	910	432
704	896	384	750	910	431
768	896	384	805	910	432
832	896	384	859	911	432
896	896	384	912	912	432
960	896	384	966	913	433
1023	896	384	1011	914	433
0	960	384	38	997	465
64	960	384	105	994	462
128	960	384	173	990	458
192	960	384	241	986	454
256	960	384	310	983	452
320	960	384	377	979	448
384	960	384	444	975	444
448	960	384	510	973	441
512	960	384	573	970	438
576	960	384	637	968	436
640	960	384	696	967	434
704	960	384	753	967	433
768	960	384	808	968	434
832	960	384	863	968	433
896	960	384	916	969	434
960	960	384	970	970	434
1023	960	384	1015	971	435
0	1023	384	39	1008	468
64	1023	384	106	1008	464
128	1023	384	174	1008	460
192	1023	384	242	1008	456
256	1023	384	311	1009	453
320	1023	384	378	1009	449
384	1023	384	445	1010	445
448	1023	384	512	1010	442
512	1023	384	575	1011	440
576	1023	384	638	1012	437
640	1023	384	698	1013	436
704	1023	384	756	1014	435
768	1023	384	811	1015	434
832	1023	384	866	1016	435
896	1023	384	919	1017	435
960	1023	384	973	1018	436
1023	1023	384	1019	1019	436
0	0	448	0	0	422
64	0	448	59	0	422
128	0	448	121	0	424
192	0	448	183	0	427
256	0	448	248	0	431
320	0	448	312	0	435
384	0	448	378	0	439
448	0	448	445	0	445
512	0	448	510	0	449
576	0	448	574	2	454
640	0	448	637	5	460
704	0	448	698	7	466
768	0	448	756	10	473
832	0	448	814	15	479
896	0	448	872	19	486
960	0	448	930	22	492
1023	0	448	956	26	498
0	64	448	0	60	425
64	64	448	60	60	425
128	64	448	122	60	427
192	64	448	185	61	430
256	64	448	249	61	433
320	64	448	314	62	437
384	64	448	381	62	442
448	64	448	446	64	446
512	64	448	512	65	451
576	64	448	577	67	457
640	64	448	639	70	462
704	64	448	699	73	468
768	64	448	759	77	474
832	64	448	817	81	481
896	64	448	874	85	488
960	64	448	933	90	495
1023	64	448	957	94	499
0	128	448	0	122	430
64	128	448	61	123	430
128	128	448	123	123	432
192	128	448	187	124	434
256	128	448	251	125	437
320	128	448	317	126	441
384	128	448	383	127	445
448	128	448	449	129	449
512	128	448	515	131	454
576	128	448	579	133	458
640	128	448	641	136	464
704	128	448	702	140	470
768	128	448	761	144	476
832	128	448	819	149	483
896	128	448	876	153	488
960	128	448	934	158	494
1023	128	448	958	162	500
0	192	448	0	188	437
64	192	448	62	188	438
128	192	448	125	189	439
192	192	448	190	190	441
256	192	448	255	190	442
320	192	448	321	192	445
384	192	448	387	194	449
448	192	448	453	195	453
512	192	448	517	197	456
576	192	448	582	200	461
640	192	448	644	204	466
704	192	448	704	208	471
768	192	448	763	212	477
832	192	448	821	216	484
896	192	448	878	221	489
960	192	448	936	226	495
1023	192	448	961	230	500
0	256	448	0	256	445
64	256	448	63	256	445
128	256	448	127	257	447
192	256	448	192	257	447
256	256	448	258	258	449
320	256	448	325	259	452
384	256	448	391	262	454
448	256	448	456	263	456
512	256	448	522	265	460
576	256	448	586	268	463
640	256	448	648	271	468
704	256	448	707	275	473
768	256	448	766	279	479
832	256	448	823	284	484
896	256	448	881	290	490
960	256	448	937	294	495
1023	256	448	965	298	500
0	320	448	0	325	452
64	320	448	64	326	453
128	320	448	129	326	454
192	320	448	195	327	455
256	320	448	262	328	455
320	320	448	329	329	456
384	320	448	395	330	458
448	320	448	461	331	461
512	320	448	526	334	463
576	320	448	590	336	467
640	320	448	652	340	470
704	320	448	711	343	475
768	320	448	769	347	480
832	320	448	826	353	485
896	320	448	882	357	491
960	320	448	940	361	495
1023	320	448	969	365	499
0	384	448	1	396	460
64	384	448	66	396	460
128	384	448	132	397	460
192	384	448	199	397	461
256	384	448	265	397	461
320	384	448	333	398	462
384	384	448	399	399	463
448	384	448	465	400	465
512	384	448	531	403	468
576	384	448	594	405	470
640	384	448	655	408	473
704	384	448	714	411	477
768	384	448	773	415	481
832	384	448	828	420	486
896	384	448	885	424	490
960	384	448	942	429	495
1023	384	448	974	432	499
0	448	448	2	467	467
64	448	448	67	468	468
128	448	448	135	467	467
192	448	448	201	468	468
256	448	448	269	467	467
320	448	448	337	468	468
384	448	448	403	468	468
448	448	448	470	470	470
512	448	448	534	471	471
576	448	448	598	473	473
640	448	448	659	476	476
704	448	448	719	479	479
768	448	448	776	483	483
832	448	448	831	487	487
896	448	448	887	491	491
960	448	448	944	495	495
1023	448	448	979	499	499
0	512	448	5	539	475
64	512	448	70	538	475
128	512	448	137	538	474
192	512	448	206	537	474
256	512	448	273	537	473
320	512	448	341	538	474
384	512	448	408	538	474
448	512	448	474	538	474
512	512	448	539	539	475
576	512	448	603	540	476
640	512	448	664	543	478
704	512	448	723	546	482
768	512	448	779	550	485
832	512	448	835	553	488
896	512	448	891	556	491
960	512	448	946	560	495
1023	512	448	984	563	497
0	576	448	7	608	483
64	576	448	74	608	482
128	576	448	142	608	482
192	576	448	210	607	480
256	576	448	278	606	480
320	576	448	345	605	479
384	576	448	413	605	479
448	576	448	479	606	479
512	576	448	543	606	480
576	576	448	607	607	480
640	576	448	668	609	482
704	576	448	727	611	484
768	576	448	783	614	486
832	576	448	839	618	489
896	576	448	893	620	492
960	576	448	948	623	494
1023	576	448	989	626	496
0	640	448	11	678	491
64	640	448	78	677	491
128	640	448	147	676	489
192	640	448	215	674	488
256	640	448	283	674	487
320	640	448	351	672	486
384	640	448	418	672	485
448	640	448	485	671	485
512	640	448	549	671	484
576	640	448	613	672	484
640	640	448	672	672	485
704	640	448	730	675	487
768	640	448	787	677	488
832	640	448	841	679	490
896	640	448	895	682	493
960	640	448	950	684	494
1023	640	448	994	685	496
0	704	448	17	745	501
64	704	448	84	744	500
128	704	448	153	742	499
192	704	448	221	740	497
256	704	448	290	738	495
320	704	448	357	737	494
384	704	448	424	736	491
448	704	448	491	734	491
512	704	448	555	734	490
576	704	448	618	733	489
640	704	448	678	735	489
704	704	448	736	736	490
768	704	448	790	737	491
832	704	448	845	739	492
896	704	448	899	740	493
960	704	448	953	743	495
1023	704	448	999	744	496
0	768	448	24	810	511
64	768	448	91	809	509
128	768	448	159	806	507
192	768	448	228	804	506
256	768	448	296	802	503
320	768	448	364	800	500
384	768	448	431	798	499
448	768	448	496	796	496
512	768	448	560	794	495
576	768	448	623	794	493
640	768	448	682	793	493
704	768	448	740	794	492
768	768	448	795	795	494
832	768	448	849	796	495
896	768	448	903	798	496
960	768	448	957	800	496
1023	768	448	1003	801	497
0	832	448	30	874	521
64	832	448	96	872	519
128	832	448	164	869	516
192	832	448	234	866	513
256	832	448	301	863	509
320	832	448	369	860	506
384	832	448	435	858	503
448	832	448	501	856	501
512	832	448	566	853	499
576	832	448	628	852	498
640	832	448	688	852	496
704	832	448	744	852	496
768	832	448	799	852	497
832	832	448	854	854	497
896	832	448	907	855	498
960	832	448	961	857	499
1023	832	448	1007	858	499
0	896	448	34	936	528
64	896	448	101	933	526
128	896	448	169	930	522
192	896	448	237	926	519
256	896	448	305	923	515
320	896	448	373	919	511
384	896	448	440	917	508
448	896	448	506	914	506
512	896	448	570	912	503
576	896	448	632	910	501
640	896	448	691	909	500
704	896	448	749	909	499
768	896	448	804	909	499
832	896	448	858	910	500
896	896	448	911	911	500
960	896	448	965	913	501
1023	896	448	1012	914	501
0	960	448	37	996	534
64	960	448	104	993	530
128	960	448	172	989	526
192	960	448	240	985	522
256	960	448	308	981	519
320	960	448	376	978	516
384	960	448	443	975	512
448	960	448	508	971	508
512	960	448	572	970	506
576	960	448	635	967	504
640	960	448	695	966	502
704	960	448	753	966	502
768	960	448	808	966	501
832	960	448	862	967	502
896	960	448	915	968	502
960	960	448	969	969	503
1023	960	448	1016	970	503
0	1023	448	38	1008	535
64	1023	448	105	1008	532
128	1023	448	173	1008	528
192	1023	448	242	1009	525
256	1023	448	310	1009	521
320	1023	448	377	1009	517
384	1023	448	444	1010	513
448	1023	448	510	1011	510
512	1023	448	574	1011	507
576	1023	448	637	1012	506
640	1023	448	697	1013	504
704	1023	448	754	1014	504
768	1023	448	811	1015	503
832	1023	448	864	1016	504
896	1023	448	919	1017	504
960	1023	448	972	1018	505
1023	1023	448	1019	1019	505
0	0	512	0	0	485
64	0	512	60	0	486
128	0	512	122	0	487
192	0	512	185	0	490
256	0	512	250	0	493
320	0	512	314	0	497
384	0	512	380	0	502
448	0	512	447	0	507
512	0	512	512	1	512
576	0	512	576	3	518
640	0	512	638	5	523
704	0	512	699	7	529
768	0	512	759	11	536
832	0	512	817	15	543
896	0	512	874	19	550
960	0	512	933	22	557
1023	0	512	957	26	562
0	64	512	0	61	488
64	64	512	61	61	488
128	64	512	123	61	490
192	64	512	187	61	492
256	64	512	251	61	495
320	64	512	317	62	500
384	64	512	383	63	504
448	64	512	449	64	509
512	64	512	514	65	514
576	64	512	579	68	519
640	64	512	641	71	526
704	64	512	702	74	532
768	64	512	760	77	539
832	64	512	818	82	546
896	64	512	877	86	552
960	64	512	934	91	559
1023	64	512	958	95	564
0	128	512	0	124	493
64	128	512	61	124	494
128	128	512	124	124	495
192	128	512	189	125	497
256	128	512	254	126	500
320	128	512	319	126	503
384	128	512	385	128	507
448	128	512	451	129	512
512	128	512	516	132	516
576	128	512	581	134	522
640	128	512	643	138	527
704	128	512	704	140	533
768	128	512	762	145	540
832	128	512	820	149	547
896	128	512	877	154	553
960	128	512	936	158	560
1023	128	512	960	162	565
0	192	512	0	190	500
64	192	512	62	190	500
128	192	512	126	191	502
192	192	512	192	192	503
256	192	512	257	191	506
320	192	512	322	193	508
384	192	512	388	195	511
448	192	512	454	197	516
512	192	512	520	199	520
576	192	512	584	201	524
640	192	512	646	204	529
704	192	512	706	208	536
768	192	512	764	213	541
832	192	512	822	218	548
896	192	512	879	222	554
960	192	512	937	226	559
1023	192	512	962	230	564
0	256	512	0	257	507
64	256	512	64	258	509
128	256	512	128	259	509
192	256	512	193	259	510
256	256	512	260	260	512
320	256	512	326	261	514
384	256	512	392	262	517
448	256	512	459	264	519
512	256	512	523	266	523
576	256	512	587	269	528
640	256	512	649	273	532
704	256	512	709	276	537
768	256	512	767	281	543
832	256	512	825	285	548
896	256	512	882	290	555
960	256	512	940	295	561
1023	256	512	966	298	565
0	320	512	0	327	516
64	320	512	65	327	516
128	320	512	130	327	517
192	320	512	197	328	517
256	320	512	263	329	519
320	320	512	330	330	520
384	320	512	396	331	522
448	320	512	462	332	524
512	320	512	528	335	528
576	320	512	591	337	531
640	320	512	653	340	534
704	320	512	712	344	539
768	320	512	771	348	544
832	320	512	827	353	549
896	320	512	884	357	555
960	320	512	941	362	560
1023	320	512	970	365	564
0	384	512	1	397	523
64	384	512	66	398	524
128	384	512	132	397	524
192	384	512	199	398	524
256	384	512	267	399	525
320	384	512	333	399	525
384	384	512	400	400	527
448	384	512	466	401	529
512	384	512	531	403	531
576	384	512	595	406	534
640	384	512	657	408	537
704	384	512	715	412	541
768	384	512	774	416	546
832	384	512	830	420	551
896	384	512	886	425	555
960	384	512	943	429	560
1023	384	512	975	433	564
0	448	512	3	469	532
64	448	512	67	469	532
128	448	512	135	468	531
192	448	512	203	468	531
256	448	512	270	468	531
320	448	512	337	469	532
384	448	512	404	469	532
448	448	512	470	470	534
512	448	512	535	472	535
576	448	512	599	474	538
640	448	512	660	476	540
704	448	512	720	480	544
768	448	512	777	483	547
832	448	512	832	487	552
896	448	512	888	492	556
960	448	512	944	495	560
1023	448	512	980	498	563
0	512	512	5	539	539
64	512	512	70	539	539
128	512	512	138	539	539
192	512	512	206	538	538
256	512	512	274	538	538
320	512	512	341	537	537
384	512	512	409	538	538
448	512	512	474	538	538
512	512	512	540	540	540
576	512	512	603	541	541
640	512	512	665	543	543
704	512	512	722	546	546
768	512	512	780	549	549
832	512	512	835	553	553
896	512	512	891	557	557
960	512	512	947	560	560
1023	512	512	985	563	563
0	576	512	8	609	548
64	576	512	74	609	547
128	576	512	142	608	546
192	576	512	210	608	545
256	576	512	278	607	545
320	576	512	345	606	544
384	576	512	413	606	544
448	576	512	479	606	544
512	576	512	544	607	544
576	576	512	608	608	545
640	576	512	668	609	546
704	576	512	726	612	549
768	576	512	783	614	551
832	576	512	838	617	554
896	576	512	893	621	557
960	576	512	948	623	559
1023	576	512	990	625	561
0	640	512	11	678	556
64	640	512	78	677	555
128	640	512	147	677	555
192	640	512	214	675	554
256	640	512	283	673	552
320	640	512	351	673	551
384	640	512	418	672	550
448	640	512	485	672	550
512	640	512	549	672	549
576	640	512	612	672	550
640	640	512	673	673	551
704	640	512	731	674	552
768	640	512	786	676	554
832	640	512	841	679	556
896	640	512	895	681	558
960	640	512	950	683	559
1023	640	512	994	685	561
0	704	512	17	745	567
64	704	512	85	744	566
128	704	512	153	742	564
192	704	512	221	741	562
256	704	512	289	739	560
320	704	512	357	737	559
384	704	512	424	736	557
448	704	512	490	735	556
512	704	512	554	734	554
576	704	512	617	734	554
640	704	512	677	734	554
704	704	512	735	735	555
768	704	512	791	736	556
832	704	512	844	738	558
896	704	512	898	740	559
960	704	512	953	742	561
1023	704	512	999	743	562
0	768	512	23	811	578
64	768	512	91	809	575
128	768	512	159	807	574
192	768	512	227	805	571
256	768	512	295	802	568
320	768	512	363	800	566
384	768	512	430	797	564
448	768	512	495	796	561
512	768	512	560	795	560
576	768	512	623	794	558
640	768	512	682	794	558
704	768	512	739	794	559
768	768	512	795	795	559
832	768	512	849	796	560
896	768	512	903	798	561
960	768	512	956	799	562
1023	768	512	1003	800	563
0	832	512	29	874	586
64	832	512	96	872	584
128	832	512	165	869	581
192	832	512	233	866	578
256	832	512	301	863	575
320	832	512	368	860	572
384	832	512	435	857	569
448	832	512	501	855	566
512	832	512	565	853	565
576	832	512	627	852	563
640	832	512	687	851	562
704	832	512	744	851	562
768	832	512	800	853	562
832	832	512	853	853	563
896	832	512	907	854	564
960	832	512	960	856	565
1023	832	512	1008	857	565
0	896	512	33	935	595
64	896	512	100	932	591
128	896	512	168	929	587
192	896	512	237	926	585
256	896	512	305	922	581
320	896	512	372	919	578
384	896	512	439	916	574
448	896	512	505	914	571
512	896	512	569	911	569
576	896	512	631	909	566
640	896	512	691	908	566
704	896	512	748	909	565
768	896	512	803	909	565
832	896	512	857	910	566
896	896	512	911	911	566
960	896	512	964	912	567
1023	896	512	1012	913	568
0	960	512	36	996	600
64	960	512	103	992	597
128	960	512	171	988	593
192	960	512	239	984	589
256	960	512	308	981	585
320	960	512	375	978	582
384	960	512	442	974	578
448	960	512	507	971	574
512	960	512	572	968	572
576	960	512	634	967	570
640	960	512	694	965	569
704	960	512	752	965	568
768	960	512	807	965	568
832	960	512	861	966	568
896	960	512	915	967	569
960	960	512	968	968	569
1023	960	512	1016	969	570
0	1023	512	37	1009	602
64	1023	512	105	1009	598
128	1023	512	173	1009	595
192	1023	512	241	1009	591
256	1023	512	309	1009	587
320	1023	512	376	1010	583
384	1023	512	443	1010	580
448	1023	512	509	1011	576
512	1023	512	574	1012	574
576	1023	512	637	1013	572
640	1023	512	697	1014	571
704	1023	512	754	1014	570
768	1023	512	809	1015	570
832	1023	512	863	1016	570
896	1023	512	918	1017	571
960	1023	512	972	1019	571
1023	1023	512	1020	1020	572
0	0	576	0	0	547
64	0	576	61	0	548
128	0	576	123	0	549
192	0	576	187	0	551
256	0	576	252	0	555
320	0	576	317	0	559
384	0	576	383	0	563
448	0	576	450	0	568
512	0	576	515	1	573
576	0	576	579	3	579
640	0	576	641	5	585
704	0	576	702	8	591
768	0	576	760	11	598
832	0	576	818	16	605
896	0	576	876	20	612
960	0	576	934	23	620
1023	0	576	959	27	625
0	64	576	0	61	549
64	64	576	62	62	551
128	64	576	124	62	551
192	64	576	189	62	554
256	64	576	254	63	557
320	64	576	319	63	561
384	64	576	386	64	566
448	64	576	451	65	571
512	64	576	516	66	576
576	64	576	582	69	582
640	64	576	644	71	587
704	64	576	704	74	594
768	64	576	763	78	601
832	64	576	821	82	608
896	64	576	878	87	615
960	64	576	937	91	621
1023	64	576	959	95	626
0	128	576	1	125	554
64	128	576	63	126	555
128	128	576	126	126	556
192	128	576	191	127	558
256	128	576	256	127	561
320	128	576	322	128	565
384	128	576	388	129	568
448	128	576	453	131	573
512	128	576	519	133	578
576	128	576	584	135	584
640	128	576	646	138	589
704	128	576	705	141	595
768	128	576	765	146	602
832	128	576	823	150	609
896	128	576	880	155	616
960	128	576	938	159	623
1023	128	576	961	163	628
0	192	576	0	191	561
64	192	576	63	192	562
128	192	576	128	192	563
192	192	576	193	193	565
256	192	576	258	193	567
320	192	576	324	194	570
384	192	576	391	195	573
448	192	576	456	197	577
512	192	576	521	199	581
576	192	576	586	202	586
640	192	576	648	205	592
704	192	576	708	209	597
768	192	576	767	213	603
832	192	576	824	218	610
896	192	576	882	223	616
960	192	576	939	228	622
1023	192	576	964	231	627
0	256	576	1	259	569
64	256	576	64	259	570
128	256	576	129	260	570
192	256	576	195	260	572
256	256	576	261	261	573
320	256	576	328	262	576
384	256	576	393	263	578
448	256	576	460	265	581
512	256	576	525	268	585
576	256	576	589	270	589
640	256	576	650	273	594
704	256	576	711	277	599
768	256	576	769	281	605
832	256	576	826	286	611
896	256	576	883	290	617
960	256	576	941	295	623
1023	256	576	967	299	628
0	320	576	1	328	577
64	320	576	65	329	578
128	320	576	131	329	578
192	320	576	198	330	579
256	320	576	264	331	580
320	320	576	331	331	581
384	320	576	397	332	583
448	320	576	463	334	586
512	320	576	529	335	589
576	320	576	592	338	592
640	320	576	654	341	596
704	320	576	714	345	602
768	320	576	772	349	607
832	320	576	828	354	612
896	320	576	885	358	617
960	320	576	942	363	624
1023	320	576	971	367	628
0	384	576	2	399	585
64	384	576	67	399	586
128	384	576	133	399	585
192	384	576	200	400	586
256	384	576	267	400	587
320	384	576	334	401	587
384	384	576	402	402	589
448	384	576	468	403	591
512	384	576	532	404	594
576	384	576	596	406	596
640	384	576	658	409	600
704	384	576	717	413	604
768	384	576	775	416	609
832	384	576	831	421	614
896	384	576	887	425	619
960	384	576	944	429	624
1023	384	576	976	433	627
0	448	576	3	470	594
64	448	576	69	470	594
128	448	576	135	470	593
192	448	576	203	469	594
256	448	576	271	470	594
320	448	576	338	470	594
384	448	576	405	470	595
448	448	576	471	471	596
512	448	576	536	472	598
576	448	576	600	475	600
640	448	576	662	477	603
704	448	576	720	480	606
768	448	576	778	484	611
832	448	576	833	488	614
896	448	576	889	491	619
960	448	576	945	496	623
1023	448	576	981	499	627
0	512	576	5	540	602
64	512	576	71	540	601
128	512	576	139	539	601
192	512	576	206	540	601
256	512	576	275	539	600
320	512	576	342	539	600
384	512	576	409	539	600
448	512	576	475	539	601
512	512	576	540	540	602
576	512	576	604	542	604
640	512	576	664	544	606
704	512	576	723	546	609
768	512	576	780	550	613
832	512	576	836	554	616
896	512	576	892	557	620
960	512	576	947	561	623
1023	512	576	986	563	626
0	576	576	8	611	611
64	576	576	74	610	610
128	576	576	142	609	609
192	576	576	210	608	608
256	576	576	278	608	608
320	576	576	346	606	606
384	576	576	414	606	606
448	576	576	480	606	606
512	576	576	545	607	607
576	576	576	608	608	608
640	576	576	669	610	610
704	576	576	727	612	612
768	576	576	783	614	614
832	576	576	839	618	618
896	576	576	893	620	620
960	576	576	948	622	622
1023	576	576	990	625	625
0	640	576	11	679	620
64	640	576	78	678	619
128	640	576	147	677	618
192	640	576	216	675	616
256	640	576	283	674	615
320	640	576	352	673	614
384	640	576	419	672	613
448	640	576	484	672	613
512	640	576	549	672	613
576	640	576	613	672	613
640	640	576	673	673	614
704	640	576	730	675	615
768	640	576	787	677	617
832	640	576	841	678	619
896	640	576	895	680	620
960	640	576	950	683	622
1023	640	576	995	685	624
0	704	576	17	746	631
64	704	576	85	745	629
128	704	576	153	743	628
192	704	576	221	741	626
256	704	576	289	740	623
320	704	576	357	738	622
384	704	576	425	736	620
448	704	576	491	734	619
512	704	576	555	734	618
576	704	576	617	733	617
640	704	576	677	733	617
704	704	576	735	735	618
768	704	576	790	736	619
832	704	576	845	738	621
896	704	576	899	740	622
960	704	576	952	741	624
1023	704	576	999	743	625
0	768	576	23	811	641
64	768	576	90	809	639
128	768	576	159	807	637
192	768	576	227	804	634
256	768	576	295	802	631
320	768	576	362	800	630
384	768	576	430	798	627
448	768	576	496	795	625
512	768	576	559	794	623
576	768	576	622	793	622
640	768	576	682	793	622
704	768	576	739	793	622
768	768	576	794	794	622
832	768	576	848	795	623
896	768	576	902	797	625
960	768	576	956	799	626
1023	768	576	1004	800	627
0	832	576	29	874	650
64	832	576	95	872	648
128	832	576	164	869	645
192	832	576	232	866	642
256	832	576	300	863	639
320	832	576	367	859	635
384	832	576	435	857	633
448	832	576	500	854	630
512	832	576	564	853	629
576	832	576	626	851	626
640	832	576	687	851	626
704	832	576	743	851	626
768	832	576	799	852	626
832	832	576	853	853	627
896	832	576	906	854	628
960	832	576	960	855	629
1023	832	576	1008	856	630
0	896	576	33	936	658
64	896	576	100	933	655
128	896	576	168	930	651
192	896	576	236	926	648
256	896	576	305	922	645
320	896	576	371	919	641
384	896	576	438	915	638
448	896	576	504	913	635
512	896	576	568	911	633
576	896	576	630	909	630
640	896	576	690	908	629
704	896	576	748	908	629
768	896	576	803	908	629
832	896	576	857	909	630
896	896	576	910	910	631
960	896	576	964	911	632
1023	896	576	1012	912	632
0	960	576	35	996	664
64	960	576	102	992	661
128	960	576	170	989	657
192	960	576	238	985	653
256	960	576	307	981	649
320	960	576	374	977	645
384	960	576	441	973	641
448	960	576	508	971	639
512	960	576	572	968	636
576	960	576	633	966	633
640	960	576	693	965	632
704	960	576	751	965	631
768	960	576	806	964	632
832	960	576	860	965	633
896	960	576	914	966	633
960	960	576	968	968	634
1023	960	576	1016	969	634
0	1023	576	36	1009	666
64	1023	576	104	1009	663
128	1023	576	172	1009	659
192	1023	576	240	1010	655
256	1023	576	308	1010	652
320	1023	576	375	1010	647
384	1023	576	443	1011	643
448	1023	576	509	1012	641
512	1023	576	573	1012	638
576	1023	576	636	1013	636
640	1023	576	696	1014	634
704	1023	576	753	1015	634
768	1023	576	809	1016	635
832	1023	576	863	1017	634
896	1023	576	917	1018	635
960	1023	576	971	1019	636
1023	1023	576	1020	1020	637
0	0	640	0	0	607
64	0	640	62	1	607
128	0	640	125	0	609
192	0	640	189	0	611
256	0	640	254	0	614
320	0	640	320	0	618
384	0	640	386	0	622
448	0	640	452	1	627
512	0	640	517	2	632
576	0	640	582	4	638
640	0	640	644	5	644
704	0	640	704	8	651
768	0	640	763	12	658
832	0	640	821	16	665
896	0	640	878	20	672
960	0	640	937	24	679
1023	0	640	960	28	684
0	64	640	1	63	609
64	64	640	63	63	610
128	64	640	126	64	611
192	64	640	192	63	613
256	64	640	257	63	616
320	64	640	322	65	620
384	64	640	388	65	625
448	64	640	454	66	629
512	64	640	519	68	635
576	64	640	584	69	640
640	64	640	646	72	646
704	64	640	706	75	653
768	64	640	765	79	659
832	64	640	824	84	667
896	64	640	881	88	675
960	64	640	938	92	682
1023	64	640	961	96	687
0	128	640	1	127	613
64	128	640	64	128	614
128	128	640	128	128	615
192	128	640	193	128	617
256	128	640	258	129	620
320	128	640	324	130	624
384	128	640	390	130	627
448	128	640	456	132	632
512	128	640	521	134	637
576	128	640	585	136	642
640	128	640	648	139	648
704	128	640	708	143	655
768	128	640	767	147	662
832	128	640	824	151	668
896	128	640	882	155	675
960	128	640	940	160	682
1023	128	640	963	164	687
0	192	640	1	193	620
64	192	640	65	194	620
128	192	640	129	194	622
192	192	640	195	195	624
256	192	640	260	195	625
320	192	640	327	196	629
384	192	640	393	197	632
448	192	640	459	199	635
512	192	640	524	201	640
576	192	640	588	203	645
640	192	640	650	207	650
704	192	640	711	211	656
768	192	640	769	215	663
832	192	640	826	219	669
896	192	640	884	224	676
960	192	640	942	228	683
1023	192	640	965	232	687
0	256	640	1	261	628
64	256	640	65	262	629
128	256	640	131	262	629
192	256	640	197	262	630
256	256	640	263	263	632
320	256	640	329	264	634
384	256	640	396	265	636
448	256	640	462	267	640
512	256	640	527	268	644
576	256	640	591	272	648
640	256	640	653	275	653
704	256	640	712	278	659
768	256	640	771	283	664
832	256	640	828	287	671
896	256	640	886	292	677
960	256	640	943	296	683
1023	256	640	969	300	687
0	320	640	2	330	636
64	320	640	66	331	637
128	320	640	133	331	637
192	320	640	199	331	638
256	320	640	266	332	639
320	320	640	332	332	640
384	320	640	400	334	642
448	320	640	465	335	645
512	320	640	531	337	648
576	320	640	594	339	652
640	320	640	656	343	656
704	320	640	716	346	661
768	320	640	773	350	666
832	320	640	831	354	671
896	320	640	887	359	678
960	320	640	944	363	683
1023	320	640	973	367	687
0	384	640	2	401	644
64	384	640	68	401	644
128	384	640	134	401	645
192	384	640	201	401	645
256	384	640	269	402	646
320	384	640	336	401	647
384	384	640	402	402	649
448	384	640	469	404	650
512	384	640	534	406	653
576	384	640	598	407	656
640	384	640	659	410	659
704	384	640	718	414	663
768	384	640	776	418	668
832	384	640	832	422	673
896	384	640	888	427	678
960	384	640	945	430	683
1023	384	640	977	434	687
0	448	640	4	471	652
64	448	640	70	472	653
128	448	640	137	471	653
192	448	640	204	471	652
256	448	640	272	471	652
320	448	640	339	471	653
384	448	640	406	472	654
448	448	640	473	473	655
512	448	640	538	474	657
576	448	640	601	475	660
640	448	640	663	478	663
704	448	640	721	481	666
768	448	640	779	485	670
832	448	640	834	488	674
896	448	640	890	493	679
960	448	640	946	496	683
1023	448	640	982	499	687
0	512	640	6	542	661
64	512	640	71	541	661
128	512	640	139	541	660
192	512	640	207	541	660
256	512	640	275	540	660
320	512	640	342	540	660
384	512	640	410	540	660
448	512	640	477	541	661
512	512	640	541	541	662
576	512	640	605	542	664
640	512	640	666	545	666
704	512	640	725	548	669
768	512	640	781	550	672
832	512	640	837	554	676
896	512	640	893	558	680
960	512	640	948	560	683
1023	512	640	986	563	687
0	576	640	8	612	670
64	576	640	75	612	670
128	576	640	143	610	668
192	576	640	211	609	668
256	576	640	280	609	667
320	576	640	347	608	667
384	576	640	414	608	667
448	576	640	480	608	666
512	576	640	545	608	667
576	576	640	609	609	668
640	576	640	670	610	670
704	576	640	728	613	672
768	576	640	784	615	674
832	576	640	840	618	677
896	576	640	894	620	680
960	576	640	949	623	683
1023	576	640	991	625	685
0	640	640	11	680	680
64	640	640	78	679	679
128	640	640	147	678	678
192	640	640	216	676	676
256	640	640	284	676	676
320	640	640	352	674	674
384	640	640	419	673	673
448	640	640	486	673	673
512	640	640	550	673	673
576	640	640	613	673	673
640	640	640	673	673	673
704	640	640	731	675	675
768	640	640	786	676	676
832	640	640	841	679	679
896	640	640	896	681	681
960	640	640	950	683	683
1023	640	640	996	685	685
0	704	640	17	747	691
64	704	640	85	746	690
128	704	640	153	744	688
192	704	640	221	742	686
256	704	640	290	740	684
320	704	640	357	739	682
384	704	640	425	736	680
448	704	640	491	735	679
512	704	640	555	734	678
576	704	640	618	734	678
640	704	640	678	734	678
704	704	640	735	735	678
768	704	640	791	736	680
832	704	640	844	738	681
896	704	640	898	740	683
960	704	640	953	742	684
1023	704	640	1000	743	685
0	768	640	23	812	701
64	768	640	90	810	699
128	768	640	159	808	697
192	768	640	227	805	695
256	768	640	296	802	692
320	768	640	362	800	689
384	768	640	430	798	687
448	768	640	495	796	685
512	768	640	560	795	684
576	768	640	622	794	683
640	768	640	681	792	681
704	768	640	739	793	682
768	768	640	795	795	683
832	768	640	848	796	684
896	768	640	903	797	685
960	768	640	956	798	686
1023	768	640	1004	799	687
0	832	640	28	874	711
64	832	640	96	872	709
128	832	640	164	869	706
192	832	640	232	866	702
256	832	640	300	863	699
320	832	640	368	860	696
384	832	640	434	857	694
448	832	640	500	855	691
512	832	640	565	853	689
576	832	640	627	851	687
640	832	640	686	850	686
704	832	640	743	850	686
768	832	640	798	851	687
832	832	640	852	852	687
896	832	640	906	853	688
960	832	640	960	855	689
1023	832	640	1009	856	690
0	896	640	33	936	719
64	896	640	99	933	716
128	896	640	168	929	713
192	896	640	236	926	709
256	896	640	304	922	705
320	896	640	372	919	702
384	896	640	438	916	698
448	896	640	503	912	696
512	896	640	568	910	693
576	896	640	631	909	692
640	896	640	690	908	690
704	896	640	747	907	690
768	896	640	802	908	690
832	896	640	856	908	690
896	896	640	909	909	691
960	896	640	964	911	692
1023	896	640	1013	912	693
0	960	640	35	996	725
64	960	640	102	992	721
128	960	640	170	988	717
192	960	640	238	984	713
256	960	640	306	980	710
320	960	640	374	976	706
384	960	640	440	973	703
448	960	640	507	970	699
512	960	640	571	968	696
576	960	640	634	965	695
640	960	640	693	965	693
704	960	640	750	964	693
768	960	640	806	965	693
832	960	640	860	966	693
896	960	640	913	967	694
960	960	640	968	968	695
1023	960	640	1017	969	696
0	1023	640	37	1010	727
64	1023	640	103	1010	723
128	1023	640	171	1010	720
192	1023	640	239	1010	716
256	1023	640	307	1010	712
320	1023	640	375	1011	708
384	1023	640	442	1011	705
448	1023	640	508	1012	701
512	1023	640	573	1013	699
576	1023	640	636	1014	697
640	1023	640	695	1014	695
704	1023	640	753	1015	695
768	1023	640	809	1016	695
832	1023	640	863	1017	696
896	1023	640	917	1018	697
960	1023	640	971	1019	697
1023	1023	640	1020	1020	698
0	0	704	1	1	663
64	0	704	63	1	664
128	0	704	127	1	666
192	0	704	192	1	667
256	0	704	257	1	670
320	0	704	323	1	674
384	0	704	389	1	679
448	0	704	455	2	683
512	0	704	521	3	688
576	0	704	585	5	694
640	0	704	647	6	700
704	0	704	708	10	708
768	0	704	766	13	714
832	0	704	824	17	721
896	0	704	882	21	730
960	0	704	939	25	737
1023	0	704	962	29	742
0	64	704	2	64	666
64	64	704	65	65	667
128	64	704	128	65	668
192	64	704	194	64	670
256	64	704	259	65	673
320	64	704	324	66	676
384	64	704	391	66	680
448	64	704	457	67	685
512	64	704	522	69	691
576	64	704	586	71	697
640	64	704	649	73	703
704	64	704	709	76	709
768	64	704	768	81	717
832	64	704	826	85	724
896	64	704	883	89	731
960	64	704	942	93	738
1023	64	704	962	97	743
0	128	704	2	129	670
64	128	704	65	130	671
128	128	704	130	130	672
192	128	704	195	130	674
256	128	704	260	131	676
320	128	704	327	131	680
384	128	704	393	132	684
448	128	704	459	134	688
512	128	704	525	135	693
576	128	704	589	138	699
640	128	704	651	140	704
704	128	704	711	144	711
768	128	704	769	148	718
832	128	704	827	152	725
896	128	704	885	156	732
960	128	704	943	161	739
1023	128	704	964	165	744
0	192	704	2	195	676
64	192	704	66	196	677
128	192	704	131	196	678
192	192	704	196	196	680
256	192	704	262	197	682
320	192	704	329	198	684
384	192	704	395	199	687
448	192	704	461	201	692
512	192	704	527	203	696
576	192	704	591	205	701
640	192	704	653	208	707
704	192	704	712	211	712
768	192	704	771	216	719
832	192	704	828	221	727
896	192	704	886	224	732
960	192	704	943	229	739
1023	192	704	967	233	745
0	256	704	2	264	684
64	256	704	67	264	685
128	256	704	132	264	685
192	256	704	198	264	687
256	256	704	265	265	688
320	256	704	331	266	690
384	256	704	398	267	693
448	256	704	465	269	696
512	256	704	530	271	700
576	256	704	593	273	705
640	256	704	655	276	709
704	256	704	715	280	715
768	256	704	773	284	721
832	256	704	830	288	728
896	256	704	888	293	734
960	256	704	944	297	740
1023	256	704	970	301	744
0	320	704	3	332	692
64	320	704	67	333	693
128	320	704	134	333	693
192	320	704	201	333	694
256	320	704	268	334	695
320	320	704	334	334	696
384	320	704	402	335	698
448	320	704	467	337	702
512	320	704	533	339	704
576	320	704	596	341	708
640	320	704	658	344	712
704	320	704	718	347	718
768	320	704	775	351	723
832	320	704	832	356	729
896	320	704	889	360	735
960	320	704	945	364	740
1023	320	704	974	368	744
0	384	704	3	403	700
64	384	704	69	403	701
128	384	704	135	402	701
192	384	704	203	403	701
256	384	704	271	403	703
320	384	704	338	403	703
384	384	704	404	404	705
448	384	704	470	405	707
512	384	704	535	407	709
576	384	704	600	409	712
640	384	704	661	412	715
704	384	704	721	415	721
768	384	704	778	419	725
832	384	704	834	423	730
896	384	704	890	427	735
960	384	704	947	431	741
1023	384	704	978	434	744
0	448	704	4	473	709
64	448	704	70	473	709
128	448	704	138	473	709
192	448	704	205	473	709
256	448	704	273	473	710
320	448	704	341	472	710
384	448	704	408	473	710
448	448	704	474	474	712
512	448	704	539	476	713
576	448	704	602	477	716
640	448	704	664	479	719
704	448	704	723	482	723
768	448	704	779	486	727
832	448	704	836	490	731
896	448	704	892	493	736
960	448	704	947	497	740
1023	448	704	983	500	744
0	512	704	6	544	718
64	512	704	72	543	718
128	512	704	140	543	717
192	512	704	209	543	717
256	512	704	277	542	717
320	512	704	344	542	716
384	512	704	411	542	717
448	512	704	477	542	717
512	512	704	543	543	719
576	512	704	607	544	721
640	512	704	667	546	723
704	512	704	726	548	726
768	512	704	783	552	730
832	512	704	839	555	733
896	512	704	894	558	737
960	512	704	949	562	741
1023	512	704	987	564	743
0	576	704	9	613	727
64	576	704	75	612	726
128	576	704	143	612	726
192	576	704	212	611	725
256	576	704	280	609	724
320	576	704	348	609	724
384	576	704	416	609	723
448	576	704	482	609	723
512	576	704	547	609	724
576	576	704	610	610	725
640	576	704	670	611	727
704	576	704	728	613	728
768	576	704	785	615	732
832	576	704	840	619	734
896	576	704	894	621	737
960	576	704	950	623	740
1023	576	704	992	625	743
0	640	704	12	681	737
64	640	704	79	681	736
128	640	704	148	679	735
192	640	704	216	678	733
256	640	704	285	676	733
320	640	704	352	675	731
384	640	704	420	675	730
448	640	704	486	673	730
512	640	704	550	673	729
576	640	704	614	673	729
640	640	704	673	673	730
704	640	704	732	676	732
768	640	704	787	677	734
832	640	704	842	679	736
896	640	704	896	681	738
960	640	704	951	684	740
1023	640	704	996	685	742
0	704	704	18	748	748
64	704	704	85	746	746
128	704	704	153	745	745
192	704	704	222	743	743
256	704	704	290	741	741
320	704	704	358	739	739
384	704	704	425	737	737
448	704	704	490	736	736
512	704	704	556	736	736
576	704	704	618	735	735
640	704	704	678	735	735
704	704	704	736	736	736
768	704	704	791	737	737
832	704	704	845	738	738
896	704	704	899	740	740
960	704	704	953	741	741
1023	704	704	1001	743	743
0	768	704	24	813	759
64	768	704	91	810	757
128	768	704	159	808	754
192	768	704	227	806	751
256	768	704	296	803	750
320	768	704	363	800	747
384	768	704	430	798	744
448	768	704	496	796	742
512	768	704	560	795	741
576	768	704	622	794	740
640	768	704	682	793	739
704	768	704	739	794	739
768	768	704	795	795	740
832	768	704	849	796	741
896	768	704	902	797	742
960	768	704	956	798	744
1023	768	704	1005	800	745
0	832	704	29	875	769
64	832	704	96	873	766
128	832	704	164	870	763
192	832	704	232	867	760
256	832	704	300	863	757
320	832	704	368	861	753
384	832	704	434	858	751
448	832	704	500	854	748
512	832	704	564	853	746
576	832	704	627	852	744
640	832	704	686	851	743
704	832	704	744	851	744
768	832	704	799	852	744
832	832	704	853	853	745
896	832	704	906	854	746
960	832	704	959	855	747
1023	832	704	1009	856	748
0	896	704	32	936	776
64	896	704	99	934	774
128	896	704	168	930	770
192	896	704	235	926	766
256	896	704	304	923	763
320	896	704	371	919	759
384	896	704	438	915	755
448	896	704	504	913	753
512	896	704	568	910	750
576	896	704	630	908	748
640	896	704	690	908	748
704	896	704	747	908	747
768	896	704	802	908	747
832	896	704	857	909	748
896	896	704	910	910	749
960	896	704	963	911	750
1023	896	704	1013	912	751
0	960	704	36	996	783
64	960	704	102	993	779
128	960	704	170	989	776
192	960	704	239	985	772
256	960	704	307	981	768
320	960	704	374	977	764
384	960	704	441	973	760
448	960	704	507	971	757
512	960	704	570	968	754
576	960	704	633	966	752
640	960	704	693	964	751
704	960	704	751	964	751
768	960	704	806	964	750
832	960	704	860	965	751
896	960	704	914	966	752
960	960	704	967	967	753
1023	960	704	1017	968	754
0	1023	704	37	1010	785
64	1023	704	103	1010	781
128	1023	704	171	1010	777
192	1023	704	239	1011	773
256	1023	704	307	1011	770
320	1023	704	375	1011	766
384	1023	704	442	1012	763
448	1023	704	509	1013	759
512	1023	704	572	1013	757
576	1023	704	635	1014	754
640	1023	704	695	1015	754
704	1023	704	753	1016	753
768	1023	704	809	1017	753
832	1023	704	863	1018	754
896	1023	704	917	1019	755
960	1023	704	971	1020	756
1023	1023	704	1021	1021	756
0	0	768	2	2	718
64	0	768	65	3	719
128	0	768	129	3	720
192	0	768	194	2	722
256	0	768	260	2	725
320	0	768	326	2	728
384	0	768	392	3	732
448	0	768	458	3	737
512	0	768	524	4	742
576	0	768	588	5	748
640	0	768	650	8	754
704	0	768	710	11	761
768	0	768	769	15	769
832	0	768	826	19	776
896	0	768	884	22	783
960	0	768	942	26	792
1023	0	768	963	30	797
0	64	768	3	65	721
64	64	768	66	66	722
128	64	768	131	66	722
192	64	768	196	66	725
256	64	768	262	67	728
320	64	768	328	67	731
384	64	768	394	67	735
448	64	768	460	69	740
512	64	768	526	70	745
576	64	768	590	72	751
640	64	768	652	74	757
704	64	768	712	78	764
768	64	768	771	82	771
832	64	768	829	86	779
896	64	768	886	90	786
960	64	768	945	94	793
1023	64	768	964	98	798
0	128	768	4	130	724
64	128	768	67	131	726
128	128	768	131	131	727
192	128	768	197	132	728
256	128	768	264	132	731
320	128	768	329	133	734
384	128	768	396	133	737
448	128	768	462	135	742
512	128	768	528	137	747
576	128	768	592	139	753
640	128	768	654	142	759
704	128	768	713	145	765
768	128	768	773	150	773
832	128	768	830	154	780
896	128	768	888	159	787
960	128	768	945	162	793
1023	128	768	966	166	798
0	192	768	4	198	730
64	192	768	67	198	732
128	192	768	133	198	732
192	192	768	198	198	734
256	192	768	265	199	736
320	192	768	331	200	739
384	192	768	398	201	742
448	192	768	464	202	746
512	192	768	529	204	751
576	192	768	593	207	755
640	192	768	655	210	761
704	192	768	716	214	767
768	192	768	774	217	774
832	192	768	831	222	780
896	192	768	889	227	787
960	192	768	947	231	794
1023	192	768	968	235	799
0	256	768	4	265	738
64	256	768	68	266	739
128	256	768	134	266	740
192	256	768	200	266	741
256	256	768	267	267	743
320	256	768	334	268	745
384	256	768	400	269	747
448	256	768	467	271	750
512	256	768	532	273	754
576	256	768	596	275	758
640	256	768	658	278	764
704	256	768	717	282	770
768	256	768	776	286	776
832	256	768	833	290	782
896	256	768	889	295	788
960	256	768	947	299	794
1023	256	768	971	302	799
0	320	768	4	335	747
64	320	768	68	335	747
128	320	768	135	335	747
192	320	768	202	336	748
256	320	768	269	335	749
320	320	768	336	336	751
384	320	768	404	337	753
448	320	768	470	338	755
512	320	768	534	340	759
576	320	768	599	343	762
640	320	768	661	346	767
704	320	768	720	349	772
768	320	768	778	353	778
832	320	768	834	357	783
896	320	768	891	361	790
960	320	768	948	366	795
1023	320	768	975	369	799
0	384	768	4	405	755
64	384	768	70	405	755
128	384	768	137	405	755
192	384	768	204	405	756
256	384	768	272	405	756
320	384	768	339	405	758
384	384	768	406	406	759
448	384	768	472	407	760
512	384	768	537	408	763
576	384	768	602	411	767
640	384	768	663	414	770
704	384	768	722	417	775
768	384	768	780	420	780
832	384	768	837	424	785
896	384	768	892	429	790
960	384	768	949	433	795
1023	384	768	979	436	799
0	448	768	6	475	763
64	448	768	72	475	763
128	448	768	139	475	764
192	448	768	207	475	763
256	448	768	275	475	763
320	448	768	342	474	764
384	448	768	410	475	765
448	448	768	475	475	766
512	448	768	540	476	768
576	448	768	604	479	770
640	448	768	665	481	773
704	448	768	724	484	777
768	448	768	781	487	781
832	448	768	838	491	787
896	448	768	893	495	791
960	448	768	949	498	796
1023	448	768	984	501	799
0	512	768	7	546	773
64	512	768	73	545	773
128	512	768	141	545	772
192	512	768	209	544	771
256	512	768	278	543	771
320	512	768	345	544	771
384	512	768	413	543	771
448	512	768	479	543	772
512	512	768	544	544	773
576	512	768	607	546	775
640	512	768	669	547	777
704	512	768	728	550	780
768	512	768	784	553	784
832	512	768	840	557	788
896	512	768	895	559	792
960	512	768	950	562	796
1023	512	768	988	565	798
0	576	768	9	615	782
64	576	768	76	614	781
128	576	768	144	613	780
192	576	768	213	613	780
256	576	768	281	611	778
320	576	768	349	611	778
384	576	768	416	610	778
448	576	768	483	610	778
512	576	768	547	610	779
576	576	768	612	612	780
640	576	768	672	613	781
704	576	768	730	614	783
768	576	768	787	617	787
832	576	768	841	619	789
896	576	768	896	622	792
960	576	768	950	624	794
1023	576	768	993	626	797
0	640	768	13	683	792
64	640	768	80	682	791
128	640	768	148	680	789
192	640	768	217	680	789
256	640	768	285	678	787
320	640	768	354	677	786
384	640	768	421	675	785
448	640	768	487	675	785
512	640	768	552	674	784
576	640	768	614	674	784
640	640	768	675	675	785
704	640	768	732	676	786
768	640	768	789	677	789
832	640	768	842	680	790
896	640	768	897	682	793
960	640	768	951	684	795
1023	640	768	997	685	797
0	704	768	18	749	803
64	704	768	86	748	802
128	704	768	154	746	800
192	704	768	223	744	798
256	704	768	291	743	796
320	704	768	359	740	794
384	704	768	426	739	792
448	704	768	492	737	791
512	704	768	556	736	789
576	704	768	619	735	789
640	704	768	679	735	789
704	704	768	736	736	790
768	704	768	792	737	792
832	704	768	846	738	793
896	704	768	900	741	794
960	704	768	954	742	797
1023	704	768	1001	743	798
0	768	768	24	814	814
64	768	768	91	812	812
128	768	768	159	809	809
192	768	768	228	807	807
256	768	768	296	805	805
320	768	768	364	802	802
384	768	768	430	799	799
448	768	768	497	797	797
512	768	768	560	796	796
576	768	768	623	795	795
640	768	768	682	794	794
704	768	768	740	795	795
768	768	768	795	795	795
832	768	768	848	796	796
896	768	768	903	798	798
960	768	768	957	799	799
1023	768	768	1005	800	800
0	832	768	29	877	824
64	832	768	97	874	821
128	832	768	164	871	818
192	832	768	232	868	815
256	832	768	301	864	811
320	832	768	368	861	808
384	832	768	435	859	806
448	832	768	500	856	803
512	832	768	564	854	801
576	832	768	626	851	799
640	832	768	687	851	798
704	832	768	743	851	798
768	832	768	799	852	799
832	832	768	853	853	800
896	832	768	907	854	801
960	832	768	960	854	801
1023	832	768	1010	857	803
0	896	768	33	938	832
64	896	768	99	934	828
128	896	768	168	930	825
192	896	768	235	926	821
256	896	768	304	923	817
320	896	768	371	920	814
384	896	768	438	916	811
448	896	768	504	913	808
512	896	768	568	911	806
576	896	768	630	909	803
640	896	768	690	909	802
704	896	768	748	908	802
768	896	768	803	908	803
832	896	768	857	909	804
896	896	768	910	910	805
960	896	768	964	911	806
1023	896	768	1014	913	806
0	960	768	36	997	838
64	960	768	102	994	835
128	960	768	170	989	831
192	960	768	239	985	826
256	960	768	307	981	823
320	960	768	374	977	819
384	960	768	441	974	815
448	960	768	507	971	812
512	960	768	571	968	810
576	960	768	633	966	807
640	960	768	693	965	806
704	960	768	750	965	805
768	960	768	806	965	806
832	960	768	861	966	807
896	960	768	914	967	807
960	960	768	968	968	808
1023	960	768	1018	969	809
0	1023	768	37	1011	840
64	1023	768	103	1011	837
128	1023	768	171	1011	833
192	1023	768	239	1011	829
256	1023	768	307	1011	825
320	1023	768	375	1012	821
384	1023	768	442	1012	817
448	1023	768	508	1013	815
512	1023	768	573	1014	812
576	1023	768	636	1015	810
640	1023	768	696	1015	809
704	1023	768	753	1016	809
768	1023	768	808	1017	808
832	1023	768	863	1018	809
896	1023	768	917	1019	810
960	1023	768	971	1020	812
1023	1023	768	1021	1021	813
0	0	832	4	4	772
64	0	832	67	4	773
128	0	832	131	4	774
192	0	832	197	4	776
256	0	832	263	4	778
320	0	832	328	4	781
384	0	832	395	4	786
448	0	832	461	5	790
512	0	832	526	5	796
576	0	832	591	7	801
640	0	832	653	9	808
704	0	832	713	12	815
768	0	832	772	16	822
832	0	832	830	20	830
896	0	832	887	23	837
960	0	832	946	27	845
1023	0	832	965	31	850
0	64	832	4	67	774
64	64	832	67	67	775
128	64	832	133	68	776
192	64	832	198	68	778
256	64	832	265	68	781
320	64	832	330	68	784
384	64	832	397	69	788
448	64	832	463	70	793
512	64	832	529	72	798
576	64	832	593	73	804
640	64	832	655	76	810
704	64	832	716	80	817
768	64	832	774	83	824
832	64	832	832	87	832
896	64	832	890	91	839
960	64	832	947	96	846
1023	64	832	966	100	851
0	128	832	4	133	779
64	128	832	68	133	779
128	128	832	133	133	780
192	128	832	200	133	782
256	128	832	266	134	784
320	128	832	332	134	787
384	128	832	398	136	791
448	128	832	465	136	795
512	128	832	530	139	800
576	128	832	594	141	806
640	128	832	656	143	812
704	128	832	717	148	819
768	128	832	775	151	826
832	128	832	833	155	833
896	128	832	890	160	840
960	128	832	948	164	848
1023	128	832	967	167	852
0	192	832	4	199	784
64	192	832	68	200	785
128	192	832	134	201	786
192	192	832	201	201	787
256	192	832	268	202	789
320	192	832	334	202	792
384	192	832	401	203	796
448	192	832	467	205	799
512	192	832	533	207	804
576	192	832	597	208	809
640	192	832	659	211	815
704	192	832	719	215	821
768	192	832	777	219	827
832	192	832	834	223	834
896	192	832	892	228	841
960	192	832	949	232	848
1023	192	832	969	236	853
0	256	832	5	267	792
64	256	832	70	268	792
128	256	832	135	269	793
192	256	832	203	269	794
256	256	832	270	270	795
320	256	832	336	270	798
384	256	832	403	271	800
448	256	832	469	272	804
512	256	832	535	274	807
576	256	832	599	276	812
640	256	832	660	279	817
704	256	832	720	283	823
768	256	832	778	287	829
832	256	832	836	291	836
896	256	832	893	296	842
960	256	832	949	300	849
1023	256	832	973	303	853
0	320	832	5	337	799
64	320	832	71	337	800
128	320	832	137	337	800
192	320	832	204	338	801
256	320	832	271	338	803
320	320	832	339	339	804
384	320	832	406	339	806
448	320	832	472	341	809
512	320	832	537	342	812
576	320	832	601	344	815
640	320	832	663	347	820
704	320	832	723	350	825
768	320	832	780	355	831
832	320	832	836	359	836
896	320	832	893	363	842
960	320	832	950	367	848
1023	320	832	976	370	853
0	384	832	6	407	808
64	384	832	71	407	809
128	384	832	138	407	808
192	384	832	206	408	809
256	384	832	274	407	810
320	384	832	341	408	811
384	384	832	408	408	812
448	384	832	474	409	814
512	384	832	539	410	816
576	384	832	604	412	820
640	384	832	665	415	823
704	384	832	724	419	828
768	384	832	782	422	833
832	384	832	838	426	838
896	384	832	895	430	843
960	384	832	951	434	849
1023	384	832	980	437	853
0	448	832	7	477	817
64	448	832	73	477	816
128	448	832	140	478	817
192	448	832	209	477	816
256	448	832	276	476	816
320	448	832	344	476	817
384	448	832	411	477	818
448	448	832	477	477	820
512	448	832	542	479	822
576	448	832	606	480	824
640	448	832	667	483	827
704	448	832	726	486	831
768	448	832	783	489	835
832	448	832	839	492	839
896	448	832	895	496	844
960	448	832	951	500	849
1023	448	832	985	502	852
0	512	832	8	548	826
64	512	832	74	548	826
128	512	832	142	547	825
192	512	832	211	546	825
256	512	832	279	546	824
320	512	832	347	545	824
384	512	832	415	545	824
448	512	832	481	545	825
512	512	832	546	546	826
576	512	832	609	547	828
640	512	832	671	549	831
704	512	832	729	551	834
768	512	832	786	554	838
832	512	832	842	557	842
896	512	832	897	560	845
960	512	832	952	564	849
1023	512	832	989	566	852
0	576	832	10	617	836
64	576	832	77	616	835
128	576	832	145	615	834
192	576	832	214	614	833
256	576	832	283	613	832
320	576	832	351	613	832
384	576	832	418	612	832
448	576	832	484	611	831
512	576	832	549	612	832
576	576	832	612	612	833
640	576	832	673	613	834
704	576	832	731	615	837
768	576	832	787	618	839
832	576	832	842	620	842
896	576	832	897	623	846
960	576	832	951	625	848
1023	576	832	994	627	851
0	640	832	14	684	845
64	640	832	81	684	845
128	640	832	149	682	843
192	640	832	219	680	841
256	640	832	287	680	841
320	640	832	355	678	840
384	640	832	422	677	838
448	640	832	488	676	837
512	640	832	553	676	837
576	640	832	616	676	838
640	640	832	676	676	838
704	640	832	734	677	839
768	640	832	789	679	842
832	640	832	844	681	844
896	640	832	898	682	846
960	640	832	952	685	848
1023	640	832	998	687	851
0	704	832	19	751	857
64	704	832	87	750	855
128	704	832	154	748	853
192	704	832	224	746	851
256	704	832	292	743	849
320	704	832	359	742	847
384	704	832	426	739	846
448	704	832	492	738	844
512	704	832	557	737	843
576	704	832	619	736	842
640	704	832	679	736	842
704	704	832	737	737	844
768	704	832	792	738	845
832	704	832	846	739	846
896	704	832	900	741	849
960	704	832	955	742	850
1023	704	832	1002	743	851
0	768	832	25	815	867
64	768	832	92	813	865
128	768	832	160	811	863
192	768	832	228	808	860
256	768	832	297	805	858
320	768	832	364	803	855
384	768	832	431	800	853
448	768	832	497	798	850
512	768	832	561	796	849
576	768	832	624	795	848
640	768	832	683	794	847
704	768	832	740	795	848
768	768	832	795	795	848
832	768	832	850	797	850
896	768	832	903	798	851
960	768	832	957	799	852
1023	768	832	1006	801	854
0	832	832	29	877	877
64	832	832	97	874	874
128	832	832	164	871	871
192	832	832	232	868	868
256	832	832	301	865	865
320	832	832	368	862	862
384	832	832	435	859	859
448	832	832	501	857	857
512	832	832	565	854	854
576	832	832	628	853	853
640	832	832	687	852	852
704	832	832	744	852	852
768	832	832	800	853	853
832	832	832	853	853	853
896	832	832	907	855	855
960	832	832	961	856	856
1023	832	832	1010	856	856
0	896	832	33	938	885
64	896	832	100	935	882
128	896	832	168	931	879
192	896	832	236	927	875
256	896	832	304	924	871
320	896	832	371	920	868
384	896	832	438	917	864
448	896	832	504	914	862
512	896	832	568	912	859
576	896	832	631	909	857
640	896	832	690	909	856
704	896	832	748	908	856
768	896	832	803	909	857
832	896	832	857	910	857
896	896	832	911	911	857
960	896	832	964	912	858
1023	896	832	1014	913	859
0	960	832	36	997	892
64	960	832	102	994	888
128	960	832	170	990	884
192	960	832	239	986	880
256	960	832	307	982	876
320	960	832	374	978	872
384	960	832	441	974	869
448	960	832	507	971	866
512	960	832	571	968	863
576	960	832	634	967	861
640	960	832	693	965	860
704	960	832	750	965	859
768	960	832	807	965	860
832	960	832	860	966	860
896	960	832	915	967	861
960	960	832	968	968	862
1023	960	832	1018	969	863
0	1023	832	37	1011	894
64	1023	832	103	1011	891
128	1023	832	171	1011	887
192	1023	832	239	1012	882
256	1023	832	308	1012	878
320	1023	832	375	1012	875
384	1023	832	443	1013	871
448	1023	832	508	1014	869
512	1023	832	573	1014	867
576	1023	832	636	1015	864
640	1023	832	696	1016	863
704	1023	832	753	1017	863
768	1023	832	809	1018	862
832	1023	832	863	1019	863
896	1023	832	918	1020	864
960	1023	832	972	1021	865
1023	1023	832	1022	1022	867
0	0	896	4	4	826
64	0	896	68	4	827
128	0	896	133	4	827
192	0	896	199	4	829
256	0	896	265	4	831
320	0	896	332	5	835
384	0	896	398	5	838
448	0	896	465	5	843
512	0	896	530	6	848
576	0	896	594	8	854
640	0	896	656	10	861
704	0	896	717	14	868
768	0	896	775	17	875
832	0	896	833	21	882
896	0	896	891	25	891
960	0	896	948	29	898
1023	0	896	967	33	903
0	64	896	5	69	828
64	64	896	70	70	829
128	64	896	134	70	830
192	64	896	201	70	832
256	64	896	267	70	834
320	64	896	333	70	837
384	64	896	401	71	841
448	64	896	466	72	846
512	64	896	532	73	851
576	64	896	596	75	857
640	64	896	659	78	863
704	64	896	718	81	870
768	64	896	778	85	877
832	64	896	834	89	885
896	64	896	892	93	892
960	64	896	950	97	900
1023	64	896	967	101	905
0	128	896	5	135	831
64	128	896	70	135	833
128	128	896	136	136	833
192	128	896	202	136	835
256	128	896	268	136	837
320	128	896	335	137	840
384	128	896	402	137	845
448	128	896	468	139	848
512	128	896	534	140	853
576	128	896	597	143	859
640	128	896	660	145	865
704	128	896	720	149	871
768	128	896	778	152	879
832	128	896	836	157	886
896	128	896	893	161	893
960	128	896	951	165	900
1023	128	896	969	170	905
0	192	896	6	202	838
64	192	896	70	202	838
128	192	896	136	202	839
192	192	896	203	203	840
256	192	896	270	203	842
320	192	896	337	204	845
384	192	896	404	205	848
448	192	896	470	206	852
512	192	896	535	208	857
576	192	896	599	210	861
640	192	896	661	213	867
704	192	896	721	216	873
768	192	896	779	221	881
832	192	896	837	225	887
896	192	896	894	229	894
960	192	896	952	234	901
1023	192	896	971	237	905
0	256	896	5	270	845
64	256	896	71	270	845
128	256	896	138	271	846
192	256	896	204	271	847
256	256	896	272	272	849
320	256	896	338	272	851
384	256	896	406	273	853
448	256	896	471	274	856
512	256	896	537	276	860
576	256	896	601	278	865
640	256	896	664	281	870
704	256	896	723	285	876
768	256	896	780	289	882
832	256	896	838	294	888
896	256	896	895	297	895
960	256	896	952	301	901
1023	256	896	974	306	905
0	320	896	6	339	853
64	320	896	72	340	853
128	320	896	139	339	853
192	320	896	206	340	854
256	320	896	274	340	855
320	320	896	341	341	857
384	320	896	408	342	859
448	320	896	475	343	861
512	320	896	540	344	865
576	320	896	604	347	869
640	320	896	665	349	873
704	320	896	725	352	878
768	320	896	782	356	884
832	320	896	839	360	890
896	320	896	896	364	896
960	320	896	952	369	902
1023	320	896	978	372	906
0	384	896	6	409	861
64	384	896	72	409	861
128	384	896	140	409	861
192	384	896	208	410	862
256	384	896	275	409	862
320	384	896	343	410	864
384	384	896	410	410	864
448	384	896	476	411	867
512	384	896	542	413	870
576	384	896	606	414	872
640	384	896	667	417	876
704	384	896	727	420	881
768	384	896	784	423	886
832	384	896	840	428	891
896	384	896	897	432	897
960	384	896	952	435	901
1023	384	896	982	438	906
0	448	896	7	479	870
64	448	896	74	479	870
128	448	896	141	480	869
192	448	896	210	479	870
256	448	896	278	478	870
320	448	896	346	479	870
384	448	896	413	479	871
448	448	896	480	480	872
512	448	896	544	480	874
576	448	896	608	482	877
640	448	896	669	484	880
704	448	896	728	486	883
768	448	896	786	491	888
832	448	896	841	494	893
896	448	896	897	497	897
960	448	896	953	501	902
1023	448	896	986	504	905
0	512	896	9	550	879
64	512	896	76	550	878
128	512	896	144	549	879
192	512	896	213	548	878
256	512	896	281	548	877
320	512	896	348	547	878
384	512	896	416	547	877
448	512	896	482	547	878
512	512	896	548	548	879
576	512	896	611	548	881
640	512	896	672	550	884
704	512	896	731	552	887
768	512	896	787	556	891
832	512	896	843	559	895
896	512	896	898	562	898
960	512	896	953	564	902
1023	512	896	990	566	904
0	576	896	11	619	888
64	576	896	79	618	888
128	576	896	147	617	887
192	576	896	215	616	886
256	576	896	284	615	885
320	576	896	352	614	884
384	576	896	419	613	884
448	576	896	486	613	884
512	576	896	551	613	885
576	576	896	614	614	885
640	576	896	675	615	887
704	576	896	733	617	890
768	576	896	789	619	892
832	576	896	844	622	895
896	576	896	898	624	898
960	576	896	953	626	901
1023	576	896	994	628	903
0	640	896	15	686	899
64	640	896	82	685	898
128	640	896	151	684	896
192	640	896	220	682	895
256	640	896	288	681	894
320	640	896	355	679	892
384	640	896	423	679	891
448	640	896	489	678	890
512	640	896	554	676	890
576	640	896	617	676	891
640	640	896	677	677	891
704	640	896	735	679	892
768	640	896	790	680	895
832	640	896	845	682	896
896	640	896	899	684	899
960	640	896	953	685	902
1023	640	896	999	687	903
0	704	896	20	753	910
64	704	896	87	752	908
128	704	896	156	750	907
192	704	896	224	747	904
256	704	896	293	745	903
320	704	896	361	742	900
384	704	896	428	741	899
448	704	896	494	739	897
512	704	896	557	737	895
576	704	896	620	737	896
640	704	896	680	737	896
704	704	896	737	737	896
768	704	896	793	738	897
832	704	896	847	741	900
896	704	896	901	742	901
960	704	896	955	743	902
1023	704	896	1003	745	905
0	768	896	25	817	921
64	768	896	92	815	919
128	768	896	160	812	917
192	768	896	229	809	914
256	768	896	297	806	911
320	768	896	365	803	907
384	768	896	432	801	906
448	768	896	497	798	903
512	768	896	561	797	901
576	768	896	624	796	900
640	768	896	683	795	900
704	768	896	741	796	900
768	768	896	797	797	901
832	768	896	851	798	903
896	768	896	904	799	904
960	768	896	958	800	905
1023	768	896	1007	801	906
0	832	896	30	878	931
64	832	896	97	876	928
128	832	896	165	873	925
192	832	896	234	869	922
256	832	896	301	866	918
320	832	896	369	862	915
384	832	896	435	860	912
448	832	896	501	857	909
512	832	896	565	855	907
576	832	896	628	854	906
640	832	896	688	852	904
704	832	896	744	852	904
768	832	896	800	853	905
832	832	896	854	854	907
896	832	896	908	855	908
960	832	896	961	855	909
1023	832	896	1011	858	910
0	896	896	33	939	939
64	896	896	100	936	936
128	896	896	168	932	932
192	896	896	237	929	929
256	896	896	305	925	925
320	896	896	371	921	921
384	896	896	439	917	917
448	896	896	505	915	915
512	896	896	569	912	912
576	896	896	631	910	910
640	896	896	691	910	910
704	896	896	748	908	908
768	896	896	804	909	909
832	896	896	857	910	910
896	896	896	911	911	911
960	896	896	965	912	912
1023	896	896	1015	913	913
0	960	896	36	998	946
64	960	896	102	995	941
128	960	896	170	991	938
192	960	896	239	986	934
256	960	896	307	982	929
320	960	896	374	979	926
384	960	896	441	975	922
448	960	896	507	971	919
512	960	896	571	969	916
576	960	896	634	967	914
640	960	896	694	966	913
704	960	896	751	966	912
768	960	896	807	966	913
832	960	896	860	967	914
896	960	896	915	968	915
960	960	896	969	969	916
1023	960	896	1019	970	917
0	1023	896	37	1012	948
64	1023	896	103	1012	944
128	1023	896	171	1012	940
192	1023	896	239	1012	936
256	1023	896	308	1013	932
320	1023	896	375	1013	928
384	1023	896	443	1013	925
448	1023	896	509	1014	922
512	1023	896	573	1015	920
576	1023	896	636	1016	917
640	1023	896	696	1016	916
704	1023	896	754	1017	916
768	1023	896	809	1018	917
832	1023	896	864	1019	917
896	1023	896	918	1020	918
960	1023	896	972	1021	919
1023	1023	896	1022	1022	920
0	0	960	6	6	880
64	0	960	70	6	880
128	0	960	135	6	881
192	0	960	202	6	883
256	0	960	268	6	885
320	0	960	334	6	888
384	0	960	401	6	892
448	0	960	467	7	897
512	0	960	533	8	902
576	0	960	597	10	908
640	0	960	659	12	914
704	0	960	720	15	920
768	0	960	778	19	928
832	0	960	835	23	936
896	0	960	893	26	943
960	0	960	952	30	952
1023	0	960	968	34	957
0	64	960	7	71	882
64	64	960	71	71	882
128	64	960	137	71	884
192	64	960	203	71	885
256	64	960	269	71	888
320	64	960	336	72	891
384	64	960	403	73	895
448	64	960	470	73	899
512	64	960	535	74	904
576	64	960	599	77	909
640	64	960	662	80	916
704	64	960	722	83	923
768	64	960	780	86	930
832	64	960	838	90	938
896	64	960	895	94	946
960	64	960	954	98	954
1023	64	960	969	102	958
0	128	960	7	137	885
64	128	960	71	137	886
128	128	960	137	137	887
192	128	960	204	137	889
256	128	960	271	138	891
320	128	960	337	138	894
384	128	960	404	140	897
448	128	960	471	140	902
512	128	960	537	142	907
576	128	960	601	144	912
640	128	960	663	147	918
704	128	960	723	150	925
768	128	960	782	154	932
832	128	960	839	159	939
896	128	960	897	162	947
960	128	960	954	167	954
1023	128	960	970	171	959
0	192	960	7	204	891
64	192	960	72	204	892
128	192	960	138	205	893
192	192	960	205	205	894
256	192	960	273	205	896
320	192	960	339	207	898
384	192	960	406	207	901
448	192	960	473	208	906
512	192	960	538	210	910
576	192	960	602	212	915
640	192	960	664	215	920
704	192	960	725	219	927
768	192	960	783	223	933
832	192	960	840	227	941
896	192	960	897	231	948
960	192	960	954	235	954
1023	192	960	973	239	959
0	256	960	7	272	897
64	256	960	72	273	899
128	256	960	139	274	899
192	256	960	206	273	900
256	256	960	273	273	901
320	256	960	341	274	903
384	256	960	409	276	907
448	256	960	475	277	910
512	256	960	540	278	914
576	256	960	604	281	918
640	256	960	666	283	923
704	256	960	726	286	929
768	256	960	784	290	935
832	256	960	841	295	942
896	256	960	898	299	948
960	256	960	955	304	955
1023	256	960	976	307	959
0	320	960	7	342	905
64	320	960	73	342	906
128	320	960	140	342	907
192	320	960	208	343	907
256	320	960	276	342	908
320	320	960	343	343	910
384	320	960	411	344	912
448	320	960	477	345	915
512	320	960	542	347	917
576	320	960	606	349	921
640	320	960	668	351	926
704	320	960	727	355	931
768	320	960	785	358	937
832	320	960	841	362	943
896	320	960	898	367	949
960	320	960	955	370	955
1023	320	960	979	373	959
0	384	960	7	412	914
64	384	960	74	412	914
128	384	960	141	412	915
192	384	960	210	412	915
256	384	960	278	412	916
320	384	960	345	412	916
384	384	960	413	413	918
448	384	960	479	414	920
512	384	960	544	415	922
576	384	960	608	417	926
640	384	960	669	419	929
704	384	960	729	422	934
768	384	960	786	425	939
832	384	960	842	429	944
896	384	960	898	433	950
960	384	960	954	436	954
1023	384	960	983	440	959
0	448	960	8	482	923
64	448	960	75	482	923
128	448	960	143	481	923
192	448	960	211	481	922
256	448	960	279	480	922
320	448	960	347	481	923
384	448	960	415	481	924
448	448	960	481	481	926
512	448	960	547	483	928
576	448	960	610	484	930
640	448	960	671	486	933
704	448	960	730	488	936
768	448	960	788	491	941
832	448	960	843	495	946
896	448	960	899	499	950
960	448	960	955	502	955
1023	448	960	987	505	958
0	512	960	10	552	932
64	512	960	78	552	932
128	512	960	145	551	931
192	512	960	214	550	931
256	512	960	282	550	930
320	512	960	350	549	930
384	512	960	418	548	931
448	512	960	484	549	931
512	512	960	549	549	932
576	512	960	613	550	934
640	512	960	673	552	937
704	512	960	732	554	940
768	512	960	789	557	944
832	512	960	845	559	948
896	512	960	900	563	951
960	512	960	955	566	955
1023	512	960	991	568	957
0	576	960	12	621	942
64	576	960	79	620	941
128	576	960	148	619	940
192	576	960	217	618	939
256	576	960	285	617	938
320	576	960	353	616	937
384	576	960	421	615	937
448	576	960	487	615	937
512	576	960	552	615	938
576	576	960	616	616	938
640	576	960	675	617	940
704	576	960	735	618	943
768	576	960	790	620	945
832	576	960	845	622	948
896	576	960	900	624	951
960	576	960	954	627	954
1023	576	960	995	628	956
0	640	960	16	688	952
64	640	960	84	687	951
128	640	960	152	686	949
192	640	960	220	684	948
256	640	960	289	682	947
320	640	960	357	681	945
384	640	960	424	680	944
448	640	960	490	678	943
512	640	960	555	678	943
576	640	960	618	678	943
640	640	960	678	678	944
704	640	960	735	679	946
768	640	960	791	680	947
832	640	960	846	682	950
896	640	960	900	685	951
960	640	960	954	686	954
1023	640	960	999	688	956
0	704	960	21	754	963
64	704	960	88	752	962
128	704	960	157	750	959
192	704	960	225	749	957
256	704	960	293	746	956
320	704	960	361	744	953
384	704	960	428	742	951
448	704	960	494	740	950
512	704	960	559	739	949
576	704	960	622	738	948
640	704	960	681	738	948
704	704	960	738	738	949
768	704	960	794	740	951
832	704	960	848	741	952
896	704	960	902	742	954
960	704	960	956	743	956
1023	704	960	1003	745	957
0	768	960	26	818	974
64	768	960	93	815	972
128	768	960	162	813	969
192	768	960	230	810	966
256	768	960	298	808	963
320	768	960	365	805	961
384	768	960	432	801	958
448	768	960	498	800	956
512	768	960	563	798	955
576	768	960	625	796	954
640	768	960	685	796	953
704	768	960	742	796	954
768	768	960	797	797	954
832	768	960	851	798	955
896	768	960	905	799	957
960	768	960	958	801	958
1023	768	960	1007	802	960
0	832	960	30	880	985
64	832	960	97	877	981
128	832	960	165	874	978
192	832	960	234	871	974
256	832	960	302	867	972
320	832	960	369	863	968
384	832	960	437	860	965
448	832	960	501	858	962
512	832	960	565	856	960
576	832	960	629	854	958
640	832	960	688	853	958
704	832	960	745	853	958
768	832	960	801	854	958
832	832	960	854	854	959
896	832	960	908	855	960
960	832	960	962	857	962
1023	832	960	1011	857	963
0	896	960	33	940	993
64	896	960	100	936	989
128	896	960	168	933	985
192	896	960	237	929	981
256	896	960	305	925	977
320	896	960	373	921	974
384	896	960	440	918	971
448	896	960	505	915	967
512	896	960	569	913	965
576	896	960	632	910	964
640	896	960	691	910	962
704	896	960	749	910	962
768	896	960	804	910	962
832	896	960	857	911	963
896	896	960	912	912	964
960	896	960	966	913	966
1023	896	960	1015	914	967
0	960	960	36	999	999
64	960	960	103	995	995
128	960	960	170	991	991
192	960	960	239	987	987
256	960	960	307	983	983
320	960	960	374	979	979
384	960	960	442	975	975
448	960	960	507	972	972
512	960	960	572	969	969
576	960	960	634	968	968
640	960	960	694	967	967
704	960	960	751	966	966
768	960	960	808	966	966
832	960	960	861	967	967
896	960	960	916	968	968
960	960	960	969	969	969
1023	960	960	1019	970	970
0	1023	960	37	1013	1001
64	1023	960	103	1013	997
128	1023	960	171	1013	993
192	1023	960	240	1013	989
256	1023	960	308	1013	985
320	1023	960	376	1014	982
384	1023	960	443	1014	978
448	1023	960	509	1015	975
512	1023	960	574	1015	973
576	1023	960	637	1016	970
640	1023	960	697	1017	969
704	1023	960	754	1018	970
768	1023	960	810	1019	970
832	1023	960	864	1020	971
896	1023	960	919	1021	972
960	1023	960	973	1022	973
1023	1023	960	1023	1023	974
0	0	1023	7	7	921
64	0	1023	71	7	922
128	0	1023	137	7	923
192	0	1023	203	7	924
256	0	1023	270	7	927
320	0	1023	337	7	930
384	0	1023	404	7	933
448	0	1023	471	8	937
512	0	1023	535	9	941
576	0	1023	600	11	945
640	0	1023	662	13	949
704	0	1023	722	16	953
768	0	1023	781	20	957
832	0	1023	838	23	960
896	0	1023	895	27	964
960	0	1023	953	32	968
1023	0	1023	969	36	969
0	64	1023	8	72	922
64	64	1023	72	72	923
128	64	1023	138	72	924
192	64	1023	205	73	925
256	64	1023	272	73	928
320	64	1023	338	74	930
384	64	1023	405	74	934
448	64	1023	472	75	938
512	64	1023	537	76	942
576	64	1023	602	79	946
640	64	1023	664	81	950
704	64	1023	724	84	953
768	64	1023	782	88	957
832	64	1023	840	92	961
896	64	1023	898	96	965
960	64	1023	955	100	968
1023	64	1023	969	104	969
0	128	1023	8	138	926
64	128	1023	73	138	926
128	128	1023	140	140	927
192	128	1023	206	140	928
256	128	1023	273	140	931
320	128	1023	340	140	933
384	128	1023	407	141	936
448	128	1023	473	142	940
512	128	1023	539	144	944
576	128	1023	603	145	948
640	128	1023	666	149	951
704	128	1023	726	152	955
768	128	1023	784	156	959
832	128	1023	841	160	963
896	128	1023	898	164	966
960	128	1023	956	169	970
1023	128	1023	971	173	971
0	192	1023	8	206	931
64	192	1023	74	207	931
128	192	1023	140	207	932
192	192	1023	207	207	933
256	192	1023	274	208	935
320	192	1023	341	208	938
384	192	1023	408	209	941
448	192	1023	475	210	944
512	192	1023	541	212	947
576	192	1023	605	214	951
640	192	1023	667	216	955
704	192	1023	727	220	958
768	192	1023	785	224	962
832	192	1023	841	228	965
896	192	1023	898	232	968
960	192	1023	956	237	972
1023	192	1023	973	241	973
0	256	1023	8	275	938
64	256	1023	74	275	938
128	256	1023	141	275	939
192	256	1023	209	276	940
256	256	1023	276	276	941
320	256	1023	343	277	944
384	256	1023	411	277	946
448	256	1023	477	278	949
512	256	1023	543	280	952
576	256	1023	606	282	955
640	256	1023	668	285	959
704	256	1023	728	288	962
768	256	1023	786	292	965
832	256	1023	842	296	968
896	256	1023	899	300	972
960	256	1023	957	304	975
1023	256	1023	976	308	976
0	320	1023	8	344	945
64	320	1023	75	344	945
128	320	1023	141	344	946
192	320	1023	209	344	947
256	320	1023	277	345	948
320	320	1023	345	345	950
384	320	1023	412	345	952
448	320	1023	479	346	955
512	320	1023	544	348	957
576	320	1023	608	350	960
640	320	1023	670	352	963
704	320	1023	729	356	966
768	320	1023	787	360	969
832	320	1023	844	363	972
896	320	1023	900	367	975
960	320	1023	956	372	978
1023	320	1023	979	374	979
0	384	1023	9	414	953
64	384	1023	75	414	953
128	384	1023	143	414	954
192	384	1023	211	413	955
256	384	1023	279	414	956
320	384	1023	347	414	957
384	384	1023	414	414	959
448	384	1023	481	415	961
512	384	1023	546	416	964
576	384	1023	610	418	966
640	384	1023	671	420	969
704	384	1023	731	423	971
768	384	1023	788	427	974
832	384	1023	844	431	977
896	384	1023	900	435	979
960	384	1023	956	438	982
1023	384	1023	983	441	983
0	448	1023	10	484	961
64	448	1023	77	484	961
128	448	1023	145	483	962
192	448	1023	213	483	962
256	448	1023	282	483	963
320	448	1023	349	483	965
384	448	1023	416	483	966
448	448	1023	483	483	968
512	448	1023	548	483	970
576	448	1023	612	486	972
640	448	1023	673	488	974
704	448	1023	732	490	977
768	448	1023	789	493	979
832	448	1023	845	497	981
896	448	1023	901	500	984
960	448	1023	956	503	986
1023	448	1023	988	506	988
0	512	1023	11	553	969
64	512	1023	79	553	969
128	512	1023	146	552	969
192	512	1023	215	552	970
256	512	1023	284	551	971
320	512	1023	351	551	972
384	512	1023	419	551	973
448	512	1023	486	551	974
512	512	1023	550	550	976
576	512	1023	615	552	978
640	512	1023	675	554	980
704	512	1023	734	556	982
768	512	1023	791	558	984
832	512	1023	845	561	986
896	512	1023	901	564	988
960	512	1023	955	566	990
1023	512	1023	992	568	992
0	576	1023	13	622	977
64	576	1023	81	621	977
128	576	1023	149	621	977
192	576	1023	218	619	977
256	576	1023	287	618	978
320	576	1023	354	618	979
384	576	1023	422	617	979
448	576	1023	489	616	981
512	576	1023	553	616	982
576	576	1023	616	616	984
640	576	1023	677	617	985
704	576	1023	735	619	987
768	576	1023	791	621	989
832	576	1023	846	624	991
896	576	1023	900	626	993
960	576	1023	955	628	995
1023	576	1023	996	629	996
0	640	1023	17	689	983
64	640	1023	85	688	983
128	640	1023	153	687	984
192	640	1023	221	686	984
256	640	1023	290	684	984
320	640	1023	358	683	985
384	640	1023	425	681	986
448	640	1023	492	680	987
512	640	1023	556	679	988
576	640	1023	619	679	989
640	640	1023	679	679	991
704	640	1023	737	680	992
768	640	1023	793	682	994
832	640	1023	846	683	995
896	640	1023	900	685	997
960	640	1023	955	687	999
1023	640	1023	1000	688	1000
0	704	1023	21	755	990
64	704	1023	89	754	990
128	704	1023	158	752	990
192	704	1023	225	749	990
256	704	1023	294	747	990
320	704	1023	362	745	991
384	704	1023	429	742	991
448	704	1023	495	741	992
512	704	1023	559	740	993
576	704	1023	622	739	994
640	704	1023	682	739	996
704	704	1023	740	740	997
768	704	1023	794	741	998
832	704	1023	849	742	1000
896	704	1023	902	743	1001
960	704	1023	957	744	1003
1023	704	1023	1004	746	1004
0	768	1023	26	819	996
64	768	1023	93	817	996
128	768	1023	162	814	996
192	768	1023	231	811	996
256	768	1023	299	808	996
320	768	1023	366	806	996
384	768	1023	433	803	997
448	768	1023	498	801	998
512	768	1023	563	798	998
576	768	1023	625	797	999
640	768	1023	686	797	1000
704	768	1023	742	797	1002
768	768	1023	798	798	1003
832	768	1023	852	799	1004
896	768	1023	905	800	1005
960	768	1023	960	801	1007
1023	768	1023	1008	802	1008
0	832	1023	31	880	1002
64	832	1023	98	877	1001
128	832	1023	165	874	1001
192	832	1023	234	871	1001
256	832	1023	302	867	1001
320	832	1023	370	865	1002
384	832	1023	437	861	1002
448	832	1023	503	858	1003
512	832	1023	567	856	1003
576	832	1023	629	855	1004
640	832	1023	689	854	1005
704	832	1023	745	854	1006
768	832	1023	801	855	1007
832	832	1023	856	856	1008
896	832	1023	909	857	1009
960	832	1023	962	857	1011
1023	832	1023	1012	858	1012
0	896	1023	33	940	1007
64	896	1023	100	937	1006
128	896	1023	168	934	1006
192	896	1023	237	930	1006
256	896	1023	305	926	1006
320	896	1023	373	922	1007
384	896	1023	440	919	1007
448	896	1023	505	916	1007
512	896	1023	569	913	1008
576	896	1023	632	912	1009
640	896	1023	692	911	1009
704	896	1023	749	910	1010
768	896	1023	805	910	1011
832	896	1023	858	911	1012
896	896	1023	912	912	1013
960	896	1023	966	913	1015
1023	896	1023	1016	914	1016
0	960	1023	36	999	1012
64	960	1023	103	996	1011
128	960	1023	171	991	1011
192	960	1023	239	987	1011
256	960	1023	307	983	1011
320	960	1023	375	980	1011
384	960	1023	442	976	1011
448	960	1023	507	972	1012
512	960	1023	572	970	1012
576	960	1023	635	968	1013
640	960	1023	695	967	1014
704	960	1023	752	967	1015
768	960	1023	807	967	1015
832	960	1023	861	968	1016
896	960	1023	916	969	1017
960	960	1023	970	970	1019
1023	960	1023	1020	971	1020
0	1023	1023	37	1013	1013
64	1023	1023	103	1013	1013
128	1023	1023	171	1013	1013
192	1023	1023	240	1013	1013
256	1023	1023	308	1014	1014
320	1023	1023	376	1014	1014
384	1023	1023	443	1015	1015
448	1023	1023	509	1015	1015
512	1023	1023	574	1016	1016
576	1023	1023	637	1017	1017
640	1023	1023	697	1017	1017
704	1023	1023	755	1018	1018
768	1023	1023	811	1019	1019
832	1023	1023	865	1020	1020
896	1023	1023	919	1021	1021
960	1023	1023	973	1022	1022
1023	1023	1023	1023	1023	1023