0	0	0	0	0	0
64	0	0	63	0	0
128	0	0	128	0	0
192	0	0	191	23	0
256	0	0	256	23	0
320	0	0	320	32	0
384	0	0	384	38	0
448	0	0	447	48	0
512	0	0	507	53	0
576	0	0	569	60	0
640	0	0	632	66	0
704	0	0	691	75	0
768	0	0	752	80	0
832	0	0	817	87	0
896	0	0	878	93	0
960	0	0	940	99	0
1023	0	0	1000	106	0
0	64	0	0	63	0
64	64	0	63	63	0
128	64	0	128	63	0
192	64	0	192	66	0
256	64	0	256	66	0
320	64	0	320	69	0
384	64	0	385	72	0
448	64	0	447	77	0
512	64	0	507	80	0
576	64	0	569	85	0
640	64	0	632	89	0
704	64	0	691	95	0
768	64	0	752	97	0
832	64	0	817	103	0
896	64	0	878	109	0
960	64	0	940	114	0
1023	64	0	1000	120	0
0	128	0	32	123	23
64	128	0	72	123	23
128	128	0	130	125	23
192	128	0	193	125	23
256	128	0	256	126	23
320	128	0	320	128	23
384	128	0	385	129	0
448	128	0	447	130	0
512	128	0	507	133	0
576	128	0	569	136	0
640	128	0	632	138	0
704	128	0	691	141	0
768	128	0	752	144	0
832	128	0	816	148	0
896	128	0	878	151	0
960	128	0	940	155	0
1023	128	0	1000	158	0
0	192	0	48	185	32
64	192	0	80	185	23
128	192	0	134	186	23
192	192	0	195	186	23
256	192	0	258	187	23
320	192	0	321	188	23
384	192	0	385	189	23
448	192	0	447	190	23
512	192	0	507	192	23
576	192	0	569	193	23
640	192	0	631	195	23
704	192	0	690	197	23
768	192	0	751	198	23
832	192	0	816	201	23
896	192	0	878	203	23
960	192	0	939	206	0
1023	192	0	1000	209	0
0	256	0	66	247	38
64	256	0	89	247	38
128	256	0	141	247	38
192	256	0	198	248	38
256	256	0	261	249	38
320	256	0	322	249	38
384	256	0	386	251	38
448	256	0	447	252	38
512	256	0	507	253	38
576	256	0	568	253	32
640	256	0	630	255	32
704	256	0	689	256	32
768	256	0	751	258	32
832	256	0	815	260	32
896	256	0	877	261	32
960	256	0	939	262	32
1023	256	0	999	265	32
0	320	0	85	309	48
64	320	0	103	309	48
128	320	0	148	309	48
192	320	0	203	309	48
256	320	0	263	310	48
320	320	0	325	311	48
384	320	0	388	312	44
448	320	0	448	313	44
512	320	0	507	314	44
576	320	0	569	315	44
640	320	0	630	316	44
704	320	0	689	317	44
768	320	0	750	317	44
832	320	0	814	318	44
896	320	0	877	320	44
960	320	0	938	321	44
1023	320	0	999	323	38
0	384	0	101	371	60
64	384	0	116	371	60
128	384	0	157	371	57
192	384	0	209	372	57
256	384	0	267	373	57
320	384	0	328	373	57
384	384	0	390	374	57
448	384	0	450	375	57
512	384	0	509	375	57
576	384	0	570	376	57
640	384	0	631	376	53
704	384	0	689	378	53
768	384	0	751	378	53
832	384	0	814	379	53
896	384	0	876	380	53
960	384	0	938	381	53
1023	384	0	999	382	53
0	448	0	117	432	69
64	448	0	129	432	69
128	448	0	166	432	69
192	448	0	217	433	69
256	448	0	272	434	69
320	448	0	332	434	66
384	448	0	394	435	66
448	448	0	452	435	63
512	448	0	510	436	63
576	448	0	571	436	63
640	448	0	632	437	63
704	448	0	690	438	63
768	448	0	752	438	63
832	448	0	815	439	63
896	448	0	876	439	63
960	448	0	938	441	63
1023	448	0	999	442	63
0	512	0	133	494	77
64	512	0	144	494	77
128	512	0	178	494	77
192	512	0	225	494	77
256	512	0	279	495	77
320	512	0	337	495	75
384	512	0	398	496	75
448	512	0	455	497	75
512	512	0	513	496	75
576	512	0	574	497	75
640	512	0	634	497	75
704	512	0	692	498	72
768	512	0	753	498	72
832	512	0	816	498	72
896	512	0	877	499	72
960	512	0	939	500	72
1023	512	0	1000	501	72
0	576	0	149	555	87
64	576	0	160	555	87
128	576	0	189	556	87
192	576	0	235	556	87
256	576	0	286	557	87
320	576	0	343	557	87
384	576	0	402	557	87
448	576	0	459	557	87
512	576	0	516	558	87
576	576	0	577	558	85
640	576	0	636	558	85
704	576	0	693	559	82
768	576	0	755	559	82
832	576	0	816	559	82
896	576	0	878	560	82
960	576	0	940	561	82
1023	576	0	1001	562	82
0	640	0	167	617	95
64	640	0	175	617	95
128	640	0	202	617	95
192	640	0	245	618	95
256	640	0	294	618	95
320	640	0	350	618	95
384	640	0	408	618	95
448	640	0	463	619	95
512	640	0	520	619	95
576	640	0	581	619	95
640	640	0	639	620	95
704	640	0	696	620	93
768	640	0	757	620	93
832	640	0	818	620	91
896	640	0	880	621	91
960	640	0	941	621	91
1023	640	0	1001	622	91
0	704	0	184	678	104
64	704	0	191	678	104
128	704	0	218	678	104
192	704	0	256	679	104
256	704	0	304	680	104
320	704	0	357	680	104
384	704	0	413	680	104
448	704	0	468	680	104
512	704	0	525	680	104
576	704	0	585	681	104
640	704	0	642	681	104
704	704	0	699	681	104
768	704	0	760	681	104
832	704	0	820	681	101
896	704	0	882	681	101
960	704	0	943	682	101
1023	704	0	1002	682	103
0	768	0	200	740	116
64	768	0	207	740	116
128	768	0	231	740	116
192	768	0	267	740	114
256	768	0	313	740	114
320	768	0	366	741	114
384	768	0	420	741	114
448	768	0	474	741	113
512	768	0	530	741	113
576	768	0	590	741	113
640	768	0	646	742	113
704	768	0	703	742	113
768	768	0	764	742	113
832	768	0	823	741	113
896	768	0	884	742	113
960	768	0	946	742	113
1023	768	0	1006	744	113
0	832	0	218	803	125
64	832	0	224	803	125
128	832	0	245	803	125
192	832	0	280	804	125
256	832	0	324	804	123
320	832	0	375	804	123
384	832	0	427	804	123
448	832	0	480	804	123
512	832	0	535	804	123
576	832	0	595	804	122
640	832	0	650	804	122
704	832	0	707	804	122
768	832	0	768	804	122
832	832	0	827	803	122
896	832	0	888	804	122
960	832	0	949	805	122
1023	832	0	1008	807	122
0	896	0	234	864	133
64	896	0	241	864	133
128	896	0	261	865	133
192	896	0	292	865	133
256	896	0	335	865	133
320	896	0	384	865	133
384	896	0	434	865	132
448	896	0	486	864	132
512	896	0	540	864	132
576	896	0	600	864	132
640	896	0	655	865	132
704	896	0	712	865	132
768	896	0	772	864	132
832	896	0	831	865	132
896	896	0	891	865	132
960	896	0	952	865	130
1023	896	0	1009	866	130
0	960	0	252	925	143
64	960	0	256	925	143
128	960	0	275	925	143
192	960	0	306	925	143
256	960	0	346	925	143
320	960	0	393	925	143
384	960	0	442	925	143
448	960	0	493	925	142
512	960	0	547	925	141
576	960	0	606	925	141
640	960	0	659	925	141
704	960	0	716	925	141
768	960	0	777	925	141
832	960	0	835	925	141
896	960	0	895	925	141
960	960	0	956	926	141
1023	960	0	1013	927	141
0	1023	0	268	986	153
64	1023	0	273	986	153
128	1023	0	290	986	151
192	1023	0	320	986	151
256	1023	0	359	986	151
320	1023	0	404	986	151
384	1023	0	451	986	151
448	1023	0	501	986	151
512	1023	0	554	985	151
576	1023	0	612	985	151
640	1023	0	664	985	151
704	1023	0	721	985	151
768	1023	0	782	986	150
832	1023	0	840	986	150
896	1023	0	899	986	150
960	1023	0	960	987	149
1023	1023	0	1017	987	149
0	0	64	0	0	60
64	0	64	63	0	60
128	0	64	128	23	60
192	0	64	191	23	60
256	0	64	256	32	60
320	0	64	320	32	60
384	0	64	384	44	60
448	0	64	447	48	60
512	0	64	507	57	60
576	0	64	569	60	57
640	0	64	632	69	57
704	0	64	691	75	57
768	0	64	752	82	57
832	0	64	817	89	57
896	0	64	878	93	57
960	0	64	940	101	57
1023	0	64	1000	106	57
0	64	64	23	63	63
64	64	64	63	63	63
128	64	64	128	63	60
192	64	64	192	66	60
256	64	64	256	66	60
320	64	64	319	69	60
384	64	64	385	72	60
448	64	64	446	77	60
512	64	64	507	80	60
576	64	64	569	85	60
640	64	64	632	89	60
704	64	64	691	95	57
768	64	64	752	97	57
832	64	64	817	103	57
896	64	64	878	109	57
960	64	64	940	114	57
1023	64	64	1000	120	57
0	128	64	32	125	63
64	128	64	72	125	63
128	128	64	130	125	60
192	128	64	193	125	60
256	128	64	256	126	60
320	128	64	320	128	60
384	128	64	385	129	60
448	128	64	447	130	60
512	128	64	507	133	60
576	128	64	569	136	60
640	128	64	632	138	60
704	128	64	690	141	60
768	128	64	752	144	60
832	128	64	816	148	60
896	128	64	878	151	60
960	128	64	940	155	57
1023	128	64	1000	159	57
0	192	64	48	186	66
64	192	64	80	186	66
128	192	64	134	186	66
192	192	64	195	186	63
256	192	64	258	187	63
320	192	64	321	188	63
384	192	64	385	189	63
448	192	64	447	190	63
512	192	64	507	192	63
576	192	64	569	193	63
640	192	64	631	195	63
704	192	64	690	197	63
768	192	64	751	198	63
832	192	64	816	202	63
896	192	64	877	203	60
960	192	64	939	206	60
1023	192	64	1000	209	60
0	256	64	66	247	72
64	256	64	91	247	72
128	256	64	141	248	72
192	256	64	198	248	72
256	256	64	260	249	69
320	256	64	322	250	69
384	256	64	386	251	69
448	256	64	447	252	66
512	256	64	507	253	66
576	256	64	568	255	66
640	256	64	630	255	66
704	256	64	689	256	66
768	256	64	751	258	66
832	256	64	815	260	66
896	256	64	877	261	66
960	256	64	938	263	66
1023	256	64	999	266	63
0	320	64	85	309	75
64	320	64	103	309	75
128	320	64	148	309	75
192	320	64	203	310	75
256	320	64	263	310	72
320	320	64	324	311	72
384	320	64	388	312	72
448	320	64	448	313	72
512	320	64	507	314	72
576	320	64	568	315	72
640	320	64	630	316	72
704	320	64	689	317	72
768	320	64	750	317	72
832	320	64	814	319	72
896	320	64	876	320	72
960	320	64	938	321	69
1023	320	64	999	323	69
0	384	64	101	371	82
64	384	64	116	371	82
128	384	64	157	372	82
192	384	64	209	372	82
256	384	64	267	373	82
320	384	64	328	373	80
384	384	64	390	374	80
448	384	64	450	375	80
512	384	64	509	375	77
576	384	64	570	376	77
640	384	64	630	376	77
704	384	64	689	378	77
768	384	64	751	379	77
832	384	64	814	379	77
896	384	64	876	380	77
960	384	64	938	381	77
1023	384	64	999	383	77
0	448	64	117	432	87
64	448	64	129	432	87
128	448	64	166	433	87
192	448	64	217	433	87
256	448	64	272	434	87
320	448	64	332	435	87
384	448	64	394	435	87
448	448	64	452	436	87
512	448	64	510	436	85
576	448	64	571	436	85
640	448	64	632	437	87
704	448	64	690	438	85
768	448	64	752	438	85
832	448	64	815	439	85
896	448	64	876	439	85
960	448	64	938	441	82
1023	448	64	999	442	82
0	512	64	133	494	95
64	512	64	144	494	95
128	512	64	178	494	95
192	512	64	225	494	95
256	512	64	279	495	95
320	512	64	337	495	95
384	512	64	398	496	95
448	512	64	455	497	95
512	512	64	513	497	95
576	512	64	573	497	93
640	512	64	634	497	93
704	512	64	692	498	91
768	512	64	753	498	91
832	512	64	815	499	91
896	512	64	877	499	91
960	512	64	939	501	91
1023	512	64	1000	502	91
0	576	64	149	556	103
64	576	64	159	556	103
128	576	64	189	556	103
192	576	64	234	556	103
256	576	64	285	557	103
320	576	64	343	557	103
384	576	64	402	557	103
448	576	64	459	558	101
512	576	64	516	558	101
576	576	64	577	558	101
640	576	64	636	559	101
704	576	64	693	559	101
768	576	64	755	560	101
832	576	64	816	559	99
896	576	64	878	560	99
960	576	64	940	561	99
1023	576	64	1001	562	99
0	640	64	167	617	111
64	640	64	175	617	109
128	640	64	202	618	109
192	640	64	245	618	109
256	640	64	294	619	109
320	640	64	350	619	109
384	640	64	407	619	109
448	640	64	463	619	109
512	640	64	520	619	109
576	640	64	581	619	109
640	640	64	639	620	109
704	640	64	696	620	109
768	640	64	757	620	106
832	640	64	818	620	106
896	640	64	880	621	106
960	640	64	941	621	106
1023	640	64	1001	622	106
0	704	64	183	678	119
64	704	64	191	678	119
128	704	64	218	679	119
192	704	64	256	679	117
256	704	64	304	680	117
320	704	64	357	680	117
384	704	64	413	680	117
448	704	64	468	680	117
512	704	64	525	681	117
576	704	64	585	681	117
640	704	64	641	681	117
704	704	64	699	681	116
768	704	64	760	681	116
832	704	64	820	681	116
896	704	64	882	682	114
960	704	64	943	682	114
1023	704	64	1002	683	116
0	768	64	200	740	126
64	768	64	207	740	126
128	768	64	231	740	126
192	768	64	267	740	126
256	768	64	313	741	125
320	768	64	366	741	125
384	768	64	420	741	125
448	768	64	474	741	125
512	768	64	530	742	125
576	768	64	590	741	125
640	768	64	646	742	125
704	768	64	703	742	125
768	768	64	764	742	125
832	768	64	823	741	125
896	768	64	884	742	125
960	768	64	945	743	123
1023	768	64	1005	745	123
0	832	64	218	803	136
64	832	64	224	803	136
128	832	64	245	804	136
192	832	64	280	804	136
256	832	64	324	804	136
320	832	64	375	804	133
384	832	64	427	804	133
448	832	64	480	804	133
512	832	64	535	804	133
576	832	64	595	805	133
640	832	64	650	804	133
704	832	64	707	805	133
768	832	64	768	805	133
832	832	64	826	803	133
896	832	64	888	804	133
960	832	64	949	805	133
1023	832	64	1008	807	132
0	896	64	234	865	143
64	896	64	240	865	143
128	896	64	260	865	143
192	896	64	293	865	143
256	896	64	335	865	143
320	896	64	384	865	143
384	896	64	434	865	143
448	896	64	486	864	142
512	896	64	540	864	142
576	896	64	600	864	142
640	896	64	654	866	142
704	896	64	711	866	142
768	896	64	772	865	142
832	896	64	831	865	142
896	896	64	891	866	141
960	896	64	951	866	141
1023	896	64	1009	866	141
0	960	64	252	925	153
64	960	64	256	925	153
128	960	64	275	925	152
192	960	64	306	925	152
256	960	64	346	925	152
320	960	64	394	925	151
384	960	64	442	925	151
448	960	64	493	925	151
512	960	64	547	925	151
576	960	64	606	925	151
640	960	64	658	925	151
704	960	64	716	925	151
768	960	64	777	925	150
832	960	64	835	925	150
896	960	64	895	926	150
960	960	64	955	926	150
1023	960	64	1013	927	149
0	1023	64	269	986	161
64	1023	64	273	986	161
128	1023	64	290	986	161
192	1023	64	320	986	161
256	1023	64	359	986	160
320	1023	64	404	986	160
384	1023	64	451	986	160
448	1023	64	501	986	160
512	1023	64	553	985	160
576	1023	64	612	986	160
640	1023	64	664	985	160
704	1023	64	721	986	160
768	1023	64	782	986	159
832	1023	64	840	986	159
896	1023	64	899	986	158
960	1023	64	959	987	158
1023	1023	64	1016	987	158
0	0	128	0	23	122
64	0	128	63	23	122
128	0	128	128	23	122
192	0	128	192	32	122
256	0	128	255	32	120
320	0	128	319	38	120
384	0	128	384	44	120
448	0	128	446	53	120
512	0	128	506	57	120
576	0	128	569	63	120
640	0	128	632	69	120
704	0	128	690	77	119
768	0	128	752	85	119
832	0	128	816	91	119
896	0	128	877	97	119
960	0	128	940	101	119
1023	0	128	1000	108	119
0	64	128	23	66	122
64	64	128	63	66	122
128	64	128	129	66	122
192	64	128	192	69	122
256	64	128	256	69	120
320	64	128	320	72	120
384	64	128	384	75	120
448	64	128	446	80	120
512	64	128	506	82	120
576	64	128	568	87	120
640	64	128	631	91	120
704	64	128	690	97	120
768	64	128	752	101	119
832	64	128	816	106	119
896	64	128	877	111	119
960	64	128	939	116	119
1023	64	128	1000	122	119
0	128	128	32	125	123
64	128	128	72	125	123
128	128	128	130	126	123
192	128	128	193	126	123
256	128	128	256	128	120
320	128	128	320	129	120
384	128	128	385	130	120
448	128	128	446	133	120
512	128	128	506	134	120
576	128	128	568	137	120
640	128	128	631	139	120
704	128	128	690	142	120
768	128	128	751	145	120
832	128	128	816	149	120
896	128	128	877	152	120
960	128	128	939	156	120
1023	128	128	1000	160	119
0	192	128	53	186	123
64	192	128	80	186	123
128	192	128	134	187	123
192	192	128	195	187	123
256	192	128	258	188	122
320	192	128	321	189	122
384	192	128	385	190	122
448	192	128	446	191	122
512	192	128	506	193	122
576	192	128	568	194	122
640	192	128	631	196	122
704	192	128	689	198	122
768	192	128	751	200	122
832	192	128	815	202	122
896	192	128	877	205	122
960	192	128	939	207	120
1023	192	128	999	210	120
0	256	128	66	248	126
64	256	128	91	248	126
128	256	128	141	249	126
192	256	128	198	249	126
256	256	128	260	250	125
320	256	128	322	250	125
384	256	128	386	252	125
448	256	128	447	253	125
512	256	128	506	254	125
576	256	128	568	255	123
640	256	128	630	256	123
704	256	128	689	258	123
768	256	128	750	259	123
832	256	128	814	261	123
896	256	128	876	262	123
960	256	128	938	264	123
1023	256	128	998	266	123
0	320	128	82	310	129
64	320	128	103	310	129
128	320	128	148	310	129
192	320	128	203	310	129
256	320	128	263	311	126
320	320	128	324	312	126
384	320	128	388	313	126
448	320	128	447	314	126
512	320	128	507	315	126
576	320	128	568	316	126
640	320	128	630	317	126
704	320	128	688	317	126
768	320	128	750	318	126
832	320	128	814	320	126
896	320	128	876	321	126
960	320	128	937	322	126
1023	320	128	998	324	125
0	384	128	101	372	132
64	384	128	116	372	132
128	384	128	157	372	132
192	384	128	209	373	132
256	384	128	267	373	132
320	384	128	327	374	130
384	384	128	390	375	130
448	384	128	449	376	130
512	384	128	508	376	130
576	384	128	569	377	129
640	384	128	630	377	129
704	384	128	688	378	129
768	384	128	750	379	129
832	384	128	813	380	129
896	384	128	875	381	129
960	384	128	937	382	129
1023	384	128	998	384	129
0	448	128	117	433	136
64	448	128	130	433	136
128	448	128	167	434	136
192	448	128	217	434	136
256	448	128	272	435	136
320	448	128	332	436	134
384	448	128	393	436	133
448	448	128	452	436	133
512	448	128	510	437	133
576	448	128	571	437	133
640	448	128	631	438	133
704	448	128	690	439	133
768	448	128	751	439	133
832	448	128	814	440	133
896	448	128	875	440	133
960	448	128	938	442	133
1023	448	128	998	443	132
0	512	128	133	495	139
64	512	128	144	495	139
128	512	128	178	495	139
192	512	128	225	495	139
256	512	128	279	496	139
320	512	128	337	497	138
384	512	128	398	497	138
448	512	128	455	497	138
512	512	128	512	497	138
576	512	128	573	498	138
640	512	128	633	498	137
704	512	128	691	500	137
768	512	128	752	499	137
832	512	128	815	500	137
896	512	128	876	500	137
960	512	128	939	501	137
1023	512	128	999	502	137
0	576	128	150	556	144
64	576	128	159	557	144
128	576	128	190	557	144
192	576	128	234	557	144
256	576	128	286	557	144
320	576	128	343	558	143
384	576	128	402	558	143
448	576	128	458	558	143
512	576	128	516	559	142
576	576	128	577	559	142
640	576	128	635	559	142
704	576	128	693	560	142
768	576	128	754	560	142
832	576	128	816	560	142
896	576	128	877	561	142
960	576	128	939	562	142
1023	576	128	1000	563	142
0	640	128	167	618	150
64	640	128	176	618	150
128	640	128	202	618	149
192	640	128	245	619	149
256	640	128	294	619	149
320	640	128	350	619	148
384	640	128	407	619	148
448	640	128	463	620	148
512	640	128	519	620	148
576	640	128	580	620	148
640	640	128	638	621	148
704	640	128	696	621	148
768	640	128	756	621	148
832	640	128	817	621	147
896	640	128	879	622	147
960	640	128	940	622	147
1023	640	128	1000	623	147
0	704	128	183	679	156
64	704	128	191	679	156
128	704	128	217	680	156
192	704	128	256	680	155
256	704	128	303	681	155
320	704	128	357	681	155
384	704	128	413	681	153
448	704	128	468	681	153
512	704	128	524	681	153
576	704	128	584	682	153
640	704	128	641	682	153
704	704	128	698	682	153
768	704	128	760	682	152
832	704	128	820	682	152
896	704	128	881	682	152
960	704	128	942	683	152
1023	704	128	1001	684	152
0	768	128	200	740	162
64	768	128	207	740	162
128	768	128	231	741	162
192	768	128	267	741	161
256	768	128	313	741	161
320	768	128	365	742	161
384	768	128	420	742	160
448	768	128	473	742	160
512	768	128	529	742	160
576	768	128	589	742	159
640	768	128	645	743	159
704	768	128	702	743	159
768	768	128	763	743	159
832	768	128	822	742	159
896	768	128	883	743	159
960	768	128	945	744	159
1023	768	128	1005	745	158
0	832	128	218	804	169
64	832	128	224	804	169
128	832	128	245	804	168
192	832	128	280	805	168
256	832	128	323	805	167
320	832	128	374	805	167
384	832	128	427	805	167
448	832	128	480	805	167
512	832	128	535	805	166
576	832	128	595	805	166
640	832	128	649	805	166
704	832	128	706	805	165
768	832	128	768	805	165
832	832	128	826	804	165
896	832	128	887	805	165
960	832	128	948	806	165
1023	832	128	1007	808	165
0	896	128	235	865	174
64	896	128	240	865	174
128	896	128	260	865	174
192	896	128	293	866	174
256	896	128	335	866	174
320	896	128	384	866	174
384	896	128	434	866	173
448	896	128	485	865	173
512	896	128	539	865	173
576	896	128	600	865	173
640	896	128	654	867	173
704	896	128	711	866	173
768	896	128	771	866	173
832	896	128	830	866	172
896	896	128	891	867	173
960	896	128	951	866	171
1023	896	128	1009	867	171
0	960	128	251	926	182
64	960	128	256	926	182
128	960	128	275	926	181
192	960	128	305	926	181
256	960	128	346	926	181
320	960	128	393	926	181
384	960	128	442	926	180
448	960	128	492	925	179
512	960	128	546	925	179
576	960	128	606	926	179
640	960	128	658	926	179
704	960	128	716	926	179
768	960	128	776	926	179
832	960	128	835	926	179
896	960	128	894	927	179
960	960	128	955	927	179
1023	960	128	1012	928	179
0	1023	128	268	987	188
64	1023	128	273	987	188
128	1023	128	290	987	188
192	1023	128	319	987	188
256	1023	128	359	987	188
320	1023	128	404	987	188
384	1023	128	451	987	188
448	1023	128	500	987	188
512	1023	128	553	986	188
576	1023	128	611	986	187
640	1023	128	663	986	188
704	1023	128	720	987	187
768	1023	128	781	987	187
832	1023	128	839	987	187
896	1023	128	898	987	187
960	1023	128	959	988	186
1023	1023	128	1016	988	186
0	0	192	23	38	182
64	0	192	66	38	182
128	0	192	129	38	182
192	0	192	192	38	181
256	0	192	255	44	181
320	0	192	319	48	180
384	0	192	384	53	180
448	0	192	445	57	179
512	0	192	505	63	179
576	0	192	568	69	179
640	0	192	631	75	179
704	0	192	689	80	179
768	0	192	751	87	179
832	0	192	815	93	179
896	0	192	876	99	179
960	0	192	939	106	179
1023	0	192	999	111	179
0	64	192	23	69	182
64	64	192	66	69	182
128	64	192	129	72	182
192	64	192	191	72	181
256	64	192	255	75	181
320	64	192	319	77	180
384	64	192	384	80	180
448	64	192	445	82	180
512	64	192	505	87	180
576	64	192	568	91	179
640	64	192	631	95	179
704	64	192	689	99	179
768	64	192	751	104	179
832	64	192	815	109	179
896	64	192	876	114	179
960	64	192	939	119	179
1023	64	192	999	123	179
0	128	192	38	128	182
64	128	192	75	128	182
128	128	192	132	128	182
192	128	192	193	129	181
256	128	192	256	129	181
320	128	192	320	130	180
384	128	192	384	133	180
448	128	192	446	136	180
512	128	192	506	137	180
576	128	192	567	139	180
640	128	192	630	142	180
704	128	192	689	145	180
768	128	192	750	147	180
832	128	192	815	150	180
896	128	192	876	155	179
960	128	192	938	158	179
1023	128	192	998	162	179
0	192	192	53	188	183
64	192	192	82	188	183
128	192	192	136	188	183
192	192	192	195	189	183
256	192	192	258	189	182
320	192	192	321	191	181
384	192	192	384	192	181
448	192	192	446	193	181
512	192	192	506	194	181
576	192	192	567	196	181
640	192	192	630	198	181
704	192	192	689	200	181
768	192	192	750	201	181
832	192	192	814	203	180
896	192	192	876	206	179
960	192	192	938	209	180
1023	192	192	998	212	180
0	256	192	69	250	186
64	256	192	91	250	186
128	256	192	141	250	184
192	256	192	198	250	184
256	256	192	260	252	183
320	256	192	322	252	182
384	256	192	385	253	182
448	256	192	446	254	182
512	256	192	505	255	182
576	256	192	567	256	182
640	256	192	629	258	182
704	256	192	688	259	182
768	256	192	749	260	182
832	256	192	813	262	182
896	256	192	875	263	181
960	256	192	937	266	181
1023	256	192	997	268	181
0	320	192	85	311	186
64	320	192	104	311	186
128	320	192	148	311	186
192	320	192	203	312	186
256	320	192	263	313	185
320	320	192	324	313	184
384	320	192	387	314	184
448	320	192	447	315	184
512	320	192	506	316	184
576	320	192	567	317	184
640	320	192	629	318	184
704	320	192	687	319	184
768	320	192	749	320	183
832	320	192	813	321	183
896	320	192	874	322	182
960	320	192	936	323	182
1023	320	192	997	325	182
0	384	192	103	373	189
64	384	192	116	373	189
128	384	192	157	374	188
192	384	192	209	374	188
256	384	192	267	375	188
320	384	192	327	376	186
384	384	192	389	376	186
448	384	192	448	377	186
512	384	192	507	378	186
576	384	192	568	378	186
640	384	192	629	379	186
704	384	192	687	380	186
768	384	192	749	381	186
832	384	192	812	382	185
896	384	192	874	382	185
960	384	192	936	384	185
1023	384	192	997	385	184
0	448	192	117	435	190
64	448	192	130	435	190
128	448	192	166	435	190
192	448	192	217	436	190
256	448	192	272	436	189
320	448	192	331	437	189
384	448	192	393	438	188
448	448	192	451	438	188
512	448	192	509	438	188
576	448	192	570	438	188
640	448	192	631	439	188
704	448	192	689	441	188
768	448	192	750	441	188
832	448	192	813	441	188
896	448	192	874	442	187
960	448	192	937	443	187
1023	448	192	997	444	187
0	512	192	134	496	194
64	512	192	145	496	194
128	512	192	178	496	193
192	512	192	225	497	193
256	512	192	279	497	193
320	512	192	337	498	193
384	512	192	397	499	192
448	512	192	454	499	191
512	512	192	512	499	191
576	512	192	573	499	191
640	512	192	632	500	191
704	512	192	690	501	191
768	512	192	751	501	190
832	512	192	813	501	190
896	512	192	875	502	190
960	512	192	937	503	190
1023	512	192	997	504	189
0	576	192	150	558	196
64	576	192	160	558	196
128	576	192	190	558	196
192	576	192	234	558	196
256	576	192	285	559	195
320	576	192	342	559	194
384	576	192	401	560	194
448	576	192	458	560	194
512	576	192	515	560	194
576	576	192	576	560	194
640	576	192	634	561	194
704	576	192	692	561	194
768	576	192	753	562	193
832	576	192	814	562	193
896	576	192	876	562	193
960	576	192	938	563	193
1023	576	192	998	564	193
0	640	192	166	619	201
64	640	192	175	619	201
128	640	192	202	619	200
192	640	192	245	620	200
256	640	192	293	621	199
320	640	192	348	621	199
384	640	192	406	621	198
448	640	192	462	621	198
512	640	192	519	621	198
576	640	192	579	622	198
640	640	192	637	622	198
704	640	192	695	623	198
768	640	192	755	623	197
832	640	192	816	622	197
896	640	192	878	623	197
960	640	192	939	624	197
1023	640	192	999	625	197
0	704	192	184	680	205
64	704	192	191	680	205
128	704	192	217	681	205
192	704	192	256	681	205
256	704	192	303	682	203
320	704	192	357	682	203
384	704	192	412	682	202
448	704	192	467	683	202
512	704	192	523	683	202
576	704	192	584	683	202
640	704	192	640	683	202
704	704	192	697	683	202
768	704	192	759	684	201
832	704	192	818	683	201
896	704	192	879	684	201
960	704	192	941	684	201
1023	704	192	1000	685	201
0	768	192	200	742	209
64	768	192	206	742	209
128	768	192	231	742	208
192	768	192	267	742	208
256	768	192	312	742	207
320	768	192	365	743	207
384	768	192	419	743	207
448	768	192	472	743	207
512	768	192	528	744	206
576	768	192	588	744	206
640	768	192	644	744	206
704	768	192	701	744	206
768	768	192	762	744	206
832	768	192	821	743	206
896	768	192	882	744	206
960	768	192	944	745	206
1023	768	192	1003	747	206
0	832	192	218	805	215
64	832	192	224	805	215
128	832	192	245	805	215
192	832	192	279	806	214
256	832	192	323	806	213
320	832	192	374	806	213
384	832	192	426	806	212
448	832	192	479	806	212
512	832	192	534	806	212
576	832	192	594	807	212
640	832	192	648	807	211
704	832	192	705	807	211
768	832	192	766	807	211
832	832	192	825	806	211
896	832	192	886	807	211
960	832	192	947	807	210
1023	832	192	1006	809	210
0	896	192	234	866	220
64	896	192	240	866	220
128	896	192	260	867	219
192	896	192	292	867	219
256	896	192	334	867	218
320	896	192	383	867	218
384	896	192	433	867	218
448	896	192	485	866	218
512	896	192	539	866	218
576	896	192	599	867	218
640	896	192	653	868	218
704	896	192	710	868	218
768	896	192	770	867	217
832	896	192	829	867	216
896	896	192	889	868	216
960	896	192	949	868	216
1023	896	192	1007	869	216
0	960	192	250	927	225
64	960	192	256	927	224
128	960	192	274	927	224
192	960	192	305	927	223
256	960	192	345	927	223
320	960	192	392	927	223
384	960	192	441	927	223
448	960	192	491	927	223
512	960	192	545	927	223
576	960	192	604	927	223
640	960	192	657	928	223
704	960	192	714	928	223
768	960	192	775	927	223
832	960	192	833	928	223
896	960	192	893	928	223
960	960	192	953	928	221
1023	960	192	1011	929	221
0	1023	192	267	988	230
64	1023	192	272	988	230
128	1023	192	290	988	230
192	1023	192	319	988	230
256	1023	192	358	988	230
320	1023	192	403	988	230
384	1023	192	450	988	229
448	1023	192	499	988	229
512	1023	192	552	987	229
576	1023	192	610	988	228
640	1023	192	662	988	229
704	1023	192	719	988	228
768	1023	192	780	988	228
832	1023	192	838	989	228
896	1023	192	897	988	227
960	1023	192	957	989	227
1023	1023	192	1014	990	227
0	0	256	32	48	242
64	0	256	66	48	242
128	0	256	129	48	242
192	0	256	192	53	242
256	0	256	255	53	242
320	0	256	319	57	241
384	0	256	383	60	241
448	0	256	444	66	241
512	0	256	504	69	241
576	0	256	567	75	241
640	0	256	629	80	242
704	0	256	688	87	241
768	0	256	749	91	240
832	0	256	814	97	240
896	0	256	875	104	240
960	0	256	937	109	240
1023	0	256	998	116	240
0	64	256	32	77	242
64	64	256	69	77	242
128	64	256	130	77	242
192	64	256	192	77	242
256	64	256	255	80	242
320	64	256	318	82	241
384	64	256	383	85	241
448	64	256	444	87	241
512	64	256	504	91	241
576	64	256	566	95	241
640	64	256	629	99	242
704	64	256	688	103	241
768	64	256	749	108	241
832	64	256	814	113	240
896	64	256	875	117	240
960	64	256	937	123	240
1023	64	256	997	129	240
0	128	256	44	130	243
64	128	256	72	130	243
128	128	256	133	130	243
192	128	256	193	132	243
256	128	256	256	134	242
320	128	256	319	134	242
384	128	256	383	137	242
448	128	256	444	138	242
512	128	256	504	141	241
576	128	256	566	142	241
640	128	256	629	145	242
704	128	256	688	148	242
768	128	256	749	151	241
832	128	256	813	155	240
896	128	256	874	157	240
960	128	256	937	161	240
1023	128	256	997	164	240
0	192	256	57	190	244
64	192	256	80	190	244
128	192	256	136	191	244
192	192	256	195	192	243
256	192	256	258	193	243
320	192	256	320	193	242
384	192	256	384	194	242
448	192	256	444	196	242
512	192	256	504	198	242
576	192	256	566	198	242
640	192	256	628	201	242
704	192	256	687	202	242
768	192	256	748	205	242
832	192	256	812	206	241
896	192	256	874	209	241
960	192	256	936	212	241
1023	192	256	997	215	240
0	256	256	69	252	245
64	256	256	93	252	245
128	256	256	141	252	245
192	256	256	199	253	245
256	256	256	259	253	245
320	256	256	321	255	243
384	256	256	385	255	243
448	256	256	445	256	243
512	256	256	504	257	243
576	256	256	566	258	243
640	256	256	628	260	243
704	256	256	686	262	243
768	256	256	747	263	242
832	256	256	811	265	242
896	256	256	873	266	242
960	256	256	935	268	242
1023	256	256	996	270	242
0	320	256	87	313	246
64	320	256	103	313	246
128	320	256	148	314	245
192	320	256	203	314	245
256	320	256	263	315	245
320	320	256	323	316	244
384	320	256	386	317	244
448	320	256	446	317	244
512	320	256	505	318	243
576	320	256	566	319	243
640	320	256	627	320	243
704	320	256	686	321	243
768	320	256	747	322	243
832	320	256	811	323	242
896	320	256	872	324	242
960	320	256	935	326	242
1023	320	256	995	328	242
0	384	256	103	376	248
64	384	256	116	376	248
128	384	256	157	376	248
192	384	256	209	376	248
256	384	256	266	377	247
320	384	256	327	378	245
384	384	256	389	378	245
448	384	256	447	379	245
512	384	256	506	379	245
576	384	256	567	381	245
640	384	256	628	381	245
704	384	256	686	382	244
768	384	256	747	383	244
832	384	256	811	384	244
896	384	256	872	384	243
960	384	256	934	386	243
1023	384	256	995	387	243
0	448	256	117	437	249
64	448	256	132	437	249
128	448	256	167	437	249
192	448	256	217	438	249
256	448	256	272	438	248
320	448	256	331	439	247
384	448	256	392	439	247
448	448	256	450	440	247
512	448	256	508	440	247
576	448	256	569	441	246
640	448	256	629	442	246
704	448	256	687	443	246
768	448	256	748	443	246
832	448	256	811	443	245
896	448	256	872	444	245
960	448	256	935	445	245
1023	448	256	995	446	245
0	512	256	136	498	251
64	512	256	145	498	251
128	512	256	178	498	251
192	512	256	225	499	251
256	512	256	279	500	250
320	512	256	336	500	249
384	512	256	396	501	249
448	512	256	453	501	249
512	512	256	511	501	248
576	512	256	572	501	248
640	512	256	631	502	248
704	512	256	689	503	248
768	512	256	750	503	247
832	512	256	812	503	247
896	512	256	873	504	247
960	512	256	935	505	247
1023	512	256	995	506	247
0	576	256	151	560	253
64	576	256	161	560	253
128	576	256	190	560	253
192	576	256	234	561	253
256	576	256	285	561	253
320	576	256	341	561	252
384	576	256	400	562	252
448	576	256	457	562	251
512	576	256	514	562	251
576	576	256	574	563	251
640	576	256	633	563	251
704	576	256	690	564	250
768	576	256	752	564	250
832	576	256	813	564	250
896	576	256	874	565	250
960	576	256	936	565	249
1023	576	256	996	567	250
0	640	256	167	621	256
64	640	256	176	621	256
128	640	256	202	621	256
192	640	256	244	622	256
256	640	256	293	623	254
320	640	256	348	623	254
384	640	256	406	623	254
448	640	256	461	623	254
512	640	256	518	624	253
576	640	256	578	624	253
640	640	256	636	624	253
704	640	256	693	625	253
768	640	256	754	625	253
832	640	256	814	624	252
896	640	256	875	625	252
960	640	256	937	626	252
1023	640	256	996	627	252
0	704	256	183	682	260
64	704	256	191	683	260
128	704	256	217	683	259
192	704	256	255	683	259
256	704	256	302	684	258
320	704	256	356	684	258
384	704	256	411	684	257
448	704	256	466	684	257
512	704	256	522	685	257
576	704	256	582	685	256
640	704	256	638	685	256
704	704	256	696	686	256
768	704	256	757	686	256
832	704	256	817	685	256
896	704	256	878	686	255
960	704	256	939	686	255
1023	704	256	998	688	255
0	768	256	200	743	262
64	768	256	206	743	262
128	768	256	230	743	262
192	768	256	266	744	262
256	768	256	311	744	261
320	768	256	363	745	261
384	768	256	418	745	261
448	768	256	471	745	261
512	768	256	527	746	261
576	768	256	587	746	259
640	768	256	642	746	259
704	768	256	699	746	259
768	768	256	761	746	259
832	768	256	820	746	259
896	768	256	881	747	259
960	768	256	942	748	259
1023	768	256	1001	749	259
0	832	256	218	807	267
64	832	256	223	807	267
128	832	256	245	807	267
192	832	256	279	807	267
256	832	256	322	808	265
320	832	256	373	808	265
384	832	256	425	808	265
448	832	256	477	808	265
512	832	256	532	808	264
576	832	256	592	809	264
640	832	256	646	809	263
704	832	256	704	809	263
768	832	256	765	809	263
832	832	256	824	808	263
896	832	256	884	809	263
960	832	256	945	810	263
1023	832	256	1003	811	263
0	896	256	234	868	271
64	896	256	240	868	271
128	896	256	259	868	271
192	896	256	291	869	270
256	896	256	334	869	269
320	896	256	382	869	269
384	896	256	432	869	268
448	896	256	484	869	268
512	896	256	538	869	267
576	896	256	597	869	267
640	896	256	651	870	268
704	896	256	708	870	267
768	896	256	769	870	267
832	896	256	827	870	267
896	896	256	888	871	267
960	896	256	948	870	267
1023	896	256	1005	871	266
0	960	256	250	929	274
64	960	256	256	929	274
128	960	256	274	929	274
192	960	256	304	929	273
256	960	256	344	929	273
320	960	256	391	928	273
384	960	256	439	928	272
448	960	256	490	929	272
512	960	256	544	929	272
576	960	256	603	929	272
640	960	256	656	930	272
704	960	256	713	930	271
768	960	256	773	930	271
832	960	256	832	930	271
896	960	256	891	930	271
960	960	256	951	931	271
1023	960	256	1009	932	271
0	1023	256	267	990	279
64	1023	256	272	990	279
128	1023	256	289	990	279
192	1023	256	318	990	278
256	1023	256	357	990	278
320	1023	256	402	990	278
384	1023	256	449	990	277
448	1023	256	498	990	276
512	1023	256	551	990	276
576	1023	256	609	990	276
640	1023	256	661	990	276
704	1023	256	718	990	276
768	1023	256	779	991	276
832	1023	256	836	991	276
896	1023	256	895	991	276
960	1023	256	955	991	275
1023	1023	256	1012	992	275
0	0	320	38	60	305
64	0	320	69	60	305
128	0	320	129	60	304
192	0	320	192	63	304
256	0	320	255	63	302
320	0	320	318	66	301
384	0	320	382	69	301
448	0	320	443	75	301
512	0	320	503	77	300
576	0	320	565	82	300
640	0	320	628	87	300
704	0	320	687	93	300
768	0	320	748	97	300
832	0	320	812	103	299
896	0	320	873	109	299
960	0	320	936	114	299
1023	0	320	996	120	299
0	64	320	38	85	305
64	64	320	72	85	305
128	64	320	130	85	304
192	64	320	192	85	304
256	64	320	255	87	302
320	64	320	318	89	301
384	64	320	382	91	301
448	64	320	443	93	301
512	64	320	503	97	301
576	64	320	565	101	301
640	64	320	628	104	300
704	64	320	687	109	300
768	64	320	747	113	300
832	64	320	812	117	299
896	64	320	873	122	299
960	64	320	935	128	299
1023	64	320	996	133	299
0	128	320	48	136	305
64	128	320	75	136	305
128	128	320	133	137	304
192	128	320	193	137	304
256	128	320	256	138	302
320	128	320	319	139	301
384	128	320	382	141	301
448	128	320	443	142	301
512	128	320	503	144	301
576	128	320	565	145	301
640	128	320	628	150	301
704	128	320	686	152	301
768	128	320	747	155	300
832	128	320	811	158	300
896	128	320	873	161	299
960	128	320	935	165	299
1023	128	320	995	168	299
0	192	320	60	193	305
64	192	320	85	193	305
128	192	320	137	194	305
192	192	320	196	195	304
256	192	320	258	196	303
320	192	320	320	197	302
384	192	320	383	198	302
448	192	320	444	199	301
512	192	320	503	201	301
576	192	320	565	202	301
640	192	320	627	204	301
704	192	320	686	206	301
768	192	320	746	208	301
832	192	320	810	210	300
896	192	320	872	212	300
960	192	320	934	216	300
1023	192	320	995	218	300
0	256	320	72	255	307
64	256	320	93	255	306
128	256	320	142	255	306
192	256	320	199	256	305
256	256	320	259	256	304
320	256	320	321	257	302
384	256	320	384	258	302
448	256	320	444	259	302
512	256	320	503	260	302
576	256	320	564	261	302
640	256	320	626	263	302
704	256	320	685	265	302
768	256	320	746	266	301
832	256	320	809	267	301
896	256	320	871	269	301
960	256	320	933	271	301
1023	256	320	994	273	300
0	320	320	89	316	306
64	320	320	104	317	306
128	320	320	149	317	306
192	320	320	203	317	305
256	320	320	262	318	304
320	320	320	323	319	303
384	320	320	385	319	303
448	320	320	445	320	303
512	320	320	504	321	302
576	320	320	565	322	302
640	320	320	626	323	302
704	320	320	684	324	302
768	320	320	745	325	302
832	320	320	809	326	302
896	320	320	870	327	301
960	320	320	933	329	301
1023	320	320	993	331	301
0	384	320	104	378	308
64	384	320	117	378	308
128	384	320	158	379	308
192	384	320	209	379	307
256	384	320	267	380	306
320	384	320	326	381	305
384	384	320	388	381	305
448	384	320	447	381	304
512	384	320	505	382	303
576	384	320	566	383	303
640	384	320	626	384	303
704	384	320	684	385	303
768	384	320	745	385	303
832	384	320	809	386	303
896	384	320	870	387	302
960	384	320	932	389	302
1023	384	320	993	390	302
0	448	320	119	439	308
64	448	320	132	439	308
128	448	320	168	439	308
192	448	320	217	441	308
256	448	320	272	442	307
320	448	320	331	442	306
384	448	320	392	443	306
448	448	320	449	443	305
512	448	320	507	443	305
576	448	320	568	444	305
640	448	320	628	445	305
704	448	320	686	445	305
768	448	320	747	446	305
832	448	320	809	446	304
896	448	320	871	447	304
960	448	320	933	448	303
1023	448	320	993	449	303
0	512	320	136	501	311
64	512	320	145	501	310
128	512	320	179	501	310
192	512	320	225	501	309
256	512	320	279	502	308
320	512	320	336	503	308
384	512	320	395	503	308
448	512	320	452	503	307
512	512	320	510	504	306
576	512	320	571	504	306
640	512	320	630	505	306
704	512	320	687	506	306
768	512	320	749	506	306
832	512	320	810	506	305
896	512	320	871	506	305
960	512	320	933	508	305
1023	512	320	993	509	305
0	576	320	151	562	312
64	576	320	161	562	312
128	576	320	190	563	312
192	576	320	234	563	311
256	576	320	285	563	310
320	576	320	341	564	309
384	576	320	400	564	308
448	576	320	456	564	308
512	576	320	513	565	308
576	576	320	573	565	308
640	576	320	632	565	308
704	576	320	689	566	308
768	576	320	750	567	308
832	576	320	811	567	307
896	576	320	872	567	307
960	576	320	934	568	307
1023	576	320	994	569	307
0	640	320	167	623	314
64	640	320	176	623	314
128	640	320	202	624	314
192	640	320	244	624	313
256	640	320	293	625	312
320	640	320	347	625	311
384	640	320	405	625	311
448	640	320	460	626	311
512	640	320	517	626	311
576	640	320	577	626	310
640	640	320	634	626	310
704	640	320	692	627	309
768	640	320	753	627	309
832	640	320	813	627	309
896	640	320	874	628	308
960	640	320	935	628	308
1023	640	320	994	629	308
0	704	320	184	685	317
64	704	320	192	685	317
128	704	320	217	685	316
192	704	320	255	686	316
256	704	320	302	686	314
320	704	320	355	686	314
384	704	320	411	686	313
448	704	320	465	687	313
512	704	320	521	687	313
576	704	320	581	687	313
640	704	320	637	687	312
704	704	320	695	688	312
768	704	320	756	688	312
832	704	320	816	688	311
896	704	320	876	688	311
960	704	320	937	689	311
1023	704	320	997	690	311
0	768	320	201	745	319
64	768	320	207	745	319
128	768	320	230	745	318
192	768	320	266	746	317
256	768	320	311	746	317
320	768	320	363	747	317
384	768	320	417	747	317
448	768	320	470	747	316
512	768	320	526	748	316
576	768	320	586	748	316
640	768	320	641	748	316
704	768	320	699	749	315
768	768	320	759	748	315
832	768	320	818	748	315
896	768	320	880	749	315
960	768	320	941	750	314
1023	768	320	1000	751	314
0	832	320	218	809	322
64	832	320	223	809	322
128	832	320	245	809	322
192	832	320	279	809	321
256	832	320	322	809	320
320	832	320	373	810	320
384	832	320	424	810	319
448	832	320	477	810	319
512	832	320	531	810	319
576	832	320	591	810	318
640	832	320	646	811	318
704	832	320	703	811	318
768	832	320	764	811	318
832	832	320	823	811	318
896	832	320	883	811	317
960	832	320	944	812	317
1023	832	320	1002	813	317
0	896	320	234	870	325
64	896	320	240	870	325
128	896	320	260	870	324
192	896	320	292	870	324
256	896	320	334	871	323
320	896	320	382	871	323
384	896	320	432	871	323
448	896	320	483	871	322
512	896	320	537	871	322
576	896	320	597	871	322
640	896	320	650	872	322
704	896	320	708	872	322
768	896	320	768	872	322
832	896	320	827	872	321
896	896	320	887	872	321
960	896	320	947	872	321
1023	896	320	1005	873	321
0	960	320	250	930	328
64	960	320	256	930	328
128	960	320	274	930	327
192	960	320	304	930	327
256	960	320	344	930	327
320	960	320	391	930	326
384	960	320	439	930	326
448	960	320	490	930	326
512	960	320	543	931	326
576	960	320	602	931	325
640	960	320	655	932	326
704	960	320	712	932	325
768	960	320	773	931	325
832	960	320	831	932	325
896	960	320	890	932	325
960	960	320	950	932	324
1023	960	320	1008	933	324
0	1023	320	267	991	332
64	1023	320	273	991	331
128	1023	320	290	991	331
192	1023	320	318	991	331
256	1023	320	357	991	331
320	1023	320	402	992	331
384	1023	320	449	992	330
448	1023	320	498	991	330
512	1023	320	551	991	330
576	1023	320	609	992	329
640	1023	320	660	992	329
704	1023	320	717	992	329
768	1023	320	778	992	328
832	1023	320	836	992	328
896	1023	320	895	993	328
960	1023	320	955	993	328
1023	1023	320	1012	994	328
0	0	384	44	72	365
64	0	384	75	72	365
128	0	384	133	72	365
192	0	384	193	75	364
256	0	384	256	75	364
320	0	384	319	77	363
384	0	384	383	80	363
448	0	384	444	85	363
512	0	384	504	87	363
576	0	384	565	91	363
640	0	384	628	95	362
704	0	384	687	101	362
768	0	384	749	104	361
832	0	384	812	109	361
896	0	384	874	116	361
960	0	384	936	120	361
1023	0	384	996	126	361
0	64	384	44	93	365
64	64	384	75	93	365
128	64	384	133	93	365
192	64	384	194	93	365
256	64	384	256	95	364
320	64	384	319	97	363
384	64	384	384	99	363
448	64	384	444	103	363
512	64	384	504	104	363
576	64	384	566	108	363
640	64	384	628	113	363
704	64	384	687	116	362
768	64	384	749	119	361
832	64	384	812	123	361
896	64	384	874	128	361
960	64	384	936	133	361
1023	64	384	996	138	361
0	128	384	53	141	365
64	128	384	80	141	365
128	128	384	134	141	365
192	128	384	194	142	365
256	128	384	257	143	364
320	128	384	320	144	363
384	128	384	384	147	363
448	128	384	444	148	363
512	128	384	504	150	363
576	128	384	565	151	363
640	128	384	628	155	363
704	128	384	687	157	363
768	128	384	748	160	362
832	128	384	812	162	361
896	128	384	873	165	361
960	128	384	935	169	361
1023	128	384	996	173	361
0	192	384	63	197	366
64	192	384	89	197	366
128	192	384	138	198	366
192	192	384	197	198	365
256	192	384	258	199	365
320	192	384	321	200	364
384	192	384	385	202	364
448	192	384	445	202	363
512	192	384	504	204	363
576	192	384	565	205	363
640	192	384	628	208	363
704	192	384	686	209	363
768	192	384	747	211	363
832	192	384	811	214	362
896	192	384	872	216	361
960	192	384	934	219	361
1023	192	384	995	221	361
0	256	384	77	258	368
64	256	384	95	258	368
128	256	384	144	258	367
192	256	384	200	259	367
256	256	384	261	259	366
320	256	384	322	261	365
384	256	384	385	261	365
448	256	384	445	262	364
512	256	384	504	263	363
576	256	384	565	264	363
640	256	384	627	266	364
704	256	384	685	267	363
768	256	384	747	269	363
832	256	384	809	270	362
896	256	384	871	271	362
960	256	384	933	273	362
1023	256	384	994	276	362
0	320	384	91	318	366
64	320	384	108	318	366
128	320	384	151	319	366
192	320	384	205	319	366
256	320	384	263	320	365
320	320	384	324	321	364
384	320	384	387	322	364
448	320	384	446	322	363
512	320	384	505	323	363
576	320	384	566	324	363
640	320	384	627	325	363
704	320	384	685	327	363
768	320	384	746	327	362
832	320	384	809	328	362
896	320	384	871	329	362
960	320	384	933	331	361
1023	320	384	994	333	361
0	384	384	106	380	368
64	384	384	120	381	368
128	384	384	160	381	368
192	384	384	210	381	368
256	384	384	267	382	368
320	384	384	327	383	365
384	384	384	389	383	365
448	384	384	447	384	365
512	384	384	506	384	365
576	384	384	567	385	364
640	384	384	627	386	364
704	384	384	685	387	364
768	384	384	746	388	363
832	384	384	809	388	363
896	384	384	870	389	363
960	384	384	932	390	363
1023	384	384	993	392	363
0	448	384	122	442	369
64	448	384	133	442	368
128	448	384	169	442	368
192	448	384	218	443	368
256	448	384	272	443	367
320	448	384	331	444	366
384	448	384	392	444	365
448	448	384	450	444	365
512	448	384	508	445	365
576	448	384	569	445	365
640	448	384	628	446	365
704	448	384	686	447	365
768	448	384	747	448	364
832	448	384	810	448	364
896	448	384	871	449	363
960	448	384	933	450	363
1023	448	384	994	451	363
0	512	384	137	502	370
64	512	384	149	503	370
128	512	384	180	503	369
192	512	384	226	503	369
256	512	384	279	504	368
320	512	384	337	505	367
384	512	384	396	505	367
448	512	384	453	505	366
512	512	384	511	505	366
576	512	384	571	506	366
640	512	384	630	506	365
704	512	384	688	507	365
768	512	384	749	507	365
832	512	384	811	508	365
896	512	384	872	508	365
960	512	384	934	510	365
1023	512	384	993	510	365
0	576	384	152	564	371
64	576	384	162	564	371
128	576	384	192	564	371
192	576	384	235	564	370
256	576	384	286	565	370
320	576	384	342	566	368
384	576	384	401	566	368
448	576	384	457	566	368
512	576	384	514	566	367
576	576	384	574	567	367
640	576	384	633	567	367
704	576	384	690	568	367
768	576	384	751	568	366
832	576	384	812	568	366
896	576	384	873	569	366
960	576	384	934	570	366
1023	576	384	994	570	366
0	640	384	169	625	373
64	640	384	177	625	372
128	640	384	204	625	372
192	640	384	245	626	372
256	640	384	294	626	370
320	640	384	348	626	370
384	640	384	406	627	370
448	640	384	461	627	370
512	640	384	517	627	369
576	640	384	578	628	369
640	640	384	635	628	369
704	640	384	692	629	369
768	640	384	753	629	368
832	640	384	814	629	368
896	640	384	875	630	367
960	640	384	936	630	367
1023	640	384	995	632	367
0	704	384	186	686	375
64	704	384	193	686	375
128	704	384	218	686	375
192	704	384	256	687	375
256	704	384	303	687	372
320	704	384	356	687	372
384	704	384	411	688	372
448	704	384	466	688	372
512	704	384	522	689	372
576	704	384	582	689	371
640	704	384	638	689	371
704	704	384	695	689	370
768	704	384	757	690	370
832	704	384	817	690	370
896	704	384	878	691	369
960	704	384	938	691	369
1023	704	384	997	692	369
0	768	384	202	747	376
64	768	384	209	747	376
128	768	384	232	747	376
192	768	384	267	748	376
256	768	384	312	748	374
320	768	384	364	748	374
384	768	384	417	748	374
448	768	384	471	749	374
512	768	384	527	749	373
576	768	384	586	749	373
640	768	384	642	750	373
704	768	384	700	751	373
768	768	384	760	750	372
832	768	384	819	750	372
896	768	384	880	751	372
960	768	384	941	751	372
1023	768	384	1000	752	372
0	832	384	219	810	380
64	832	384	225	810	380
128	832	384	246	811	380
192	832	384	280	811	380
256	832	384	323	811	378
320	832	384	373	811	378
384	832	384	425	811	377
448	832	384	478	812	377
512	832	384	532	812	376
576	832	384	592	812	376
640	832	384	646	813	376
704	832	384	704	813	376
768	832	384	764	812	375
832	832	384	824	813	375
896	832	384	884	813	375
960	832	384	944	813	375
1023	832	384	1003	814	374
0	896	384	236	871	382
64	896	384	242	871	382
128	896	384	261	871	382
192	896	384	292	872	382
256	896	384	334	872	380
320	896	384	382	872	380
384	896	384	433	872	379
448	896	384	485	873	379
512	896	384	538	873	379
576	896	384	598	873	379
640	896	384	650	873	378
704	896	384	708	874	378
768	896	384	769	873	378
832	896	384	827	873	378
896	896	384	887	873	377
960	896	384	948	874	377
1023	896	384	1006	875	377
0	960	384	252	931	384
64	960	384	257	931	384
128	960	384	275	932	384
192	960	384	306	932	383
256	960	384	345	932	383
320	960	384	392	932	383
384	960	384	441	932	382
448	960	384	491	932	382
512	960	384	544	932	381
576	960	384	603	933	381
640	960	384	655	933	381
704	960	384	713	933	381
768	960	384	773	932	380
832	960	384	831	933	380
896	960	384	890	933	380
960	960	384	951	933	380
1023	960	384	1009	935	380
0	1023	384	269	993	388
64	1023	384	274	993	388
128	1023	384	291	993	388
192	1023	384	320	993	386
256	1023	384	358	993	386
320	1023	384	403	993	386
384	1023	384	450	993	386
448	1023	384	499	993	385
512	1023	384	551	993	385
576	1023	384	610	994	385
640	1023	384	661	994	384
704	1023	384	718	994	384
768	1023	384	778	993	384
832	1023	384	836	994	384
896	1023	384	895	994	383
960	1023	384	955	994	383
1023	1023	384	1012	995	383
0	0	448	53	85	426
64	0	448	80	85	426
128	0	448	134	85	426
192	0	448	195	85	425
256	0	448	258	87	423
320	0	448	320	89	423
384	0	448	385	93	422
448	0	448	445	95	422
512	0	448	504	99	422
576	0	448	566	103	422
640	0	448	629	106	421
704	0	448	688	109	421
768	0	448	750	114	421
832	0	448	813	117	420
896	0	448	874	122	420
960	0	448	936	128	419
1023	0	448	997	134	420
0	64	448	53	101	426
64	64	448	82	103	426
128	64	448	136	103	426
192	64	448	195	103	425
256	64	448	258	104	424
320	64	448	321	106	423
384	64	448	385	109	423
448	64	448	445	111	422
512	64	448	504	114	422
576	64	448	566	117	422
640	64	448	629	120	421
704	64	448	688	123	421
768	64	448	750	128	421
832	64	448	813	130	420
896	64	448	874	134	420
960	64	448	936	141	419
1023	64	448	996	145	420
0	128	448	60	147	426
64	128	448	85	147	426
128	128	448	138	147	426
192	128	448	197	148	425
256	128	448	259	149	424
320	128	448	321	150	423
384	128	448	385	151	423
448	128	448	445	153	422
512	128	448	504	155	422
576	128	448	566	157	422
640	128	448	629	159	422
704	128	448	687	162	421
768	128	448	749	164	421
832	128	448	812	167	420
896	128	448	874	171	420
960	128	448	935	174	419
1023	128	448	996	178	420
0	192	448	69	202	427
64	192	448	91	202	427
128	192	448	142	202	426
192	192	448	198	202	426
256	192	448	260	203	424
320	192	448	322	205	423
384	192	448	386	206	423
448	192	448	446	207	423
512	192	448	505	208	422
576	192	448	566	209	422
640	192	448	628	211	422
704	192	448	687	214	421
768	192	448	748	216	421
832	192	448	811	217	420
896	192	448	873	220	420
960	192	448	935	222	420
1023	192	448	996	225	420
0	256	448	80	261	427
64	256	448	101	261	427
128	256	448	145	261	427
192	256	448	202	262	426
256	256	448	262	263	425
320	256	448	323	264	424
384	256	448	387	265	423
448	256	448	446	266	423
512	256	448	505	267	423
576	256	448	567	268	422
640	256	448	628	269	422
704	256	448	686	271	422
768	256	448	747	271	422
832	256	448	810	272	421
896	256	448	872	275	420
960	256	448	934	276	420
1023	256	448	995	279	421
0	320	448	95	321	426
64	320	448	111	321	426
128	320	448	152	321	426
192	320	448	206	322	425
256	320	448	265	323	424
320	320	448	325	324	423
384	320	448	388	325	423
448	320	448	447	326	422
512	320	448	505	326	422
576	320	448	567	327	422
640	320	448	628	328	422
704	320	448	685	329	422
768	320	448	747	330	421
832	320	448	809	331	420
896	320	448	871	332	420
960	320	448	933	334	420
1023	320	448	994	335	420
0	384	448	108	382	427
64	384	448	122	383	427
128	384	448	161	383	427
192	384	448	212	383	426
256	384	448	268	384	425
320	384	448	328	385	424
384	384	448	390	386	424
448	384	448	448	386	423
512	384	448	506	386	422
576	384	448	567	387	422
640	384	448	628	388	422
704	384	448	686	389	422
768	384	448	747	390	422
832	384	448	810	391	421
896	384	448	871	392	421
960	384	448	933	393	421
1023	384	448	994	394	421
0	448	448	123	444	428
64	448	448	137	444	428
128	448	448	171	444	427
192	448	448	219	445	427
256	448	448	274	445	426
320	448	448	332	446	424
384	448	448	393	446	424
448	448	448	451	447	424
512	448	448	509	447	423
576	448	448	569	447	423
640	448	448	629	448	423
704	448	448	687	449	423
768	448	448	748	449	422
832	448	448	810	450	422
896	448	448	871	451	421
960	448	448	934	452	422
1023	448	448	994	453	422
0	512	448	141	504	428
64	512	448	150	505	428
128	512	448	181	505	428
192	512	448	228	505	427
256	512	448	281	506	426
320	512	448	338	507	425
384	512	448	397	507	425
448	512	448	454	507	425
512	512	448	511	508	424
576	512	448	572	508	424
640	512	448	631	509	424
704	512	448	688	509	423
768	512	448	749	509	423
832	512	448	811	510	423
896	512	448	872	510	422
960	512	448	934	512	422
1023	512	448	994	512	422
0	576	448	156	566	429
64	576	448	165	566	429
128	576	448	193	566	429
192	576	448	237	567	428
256	576	448	287	567	427
320	576	448	343	567	426
384	576	448	402	568	426
448	576	448	458	568	426
512	576	448	514	568	425
576	576	448	575	568	425
640	576	448	633	569	425
704	576	448	691	570	425
768	576	448	751	569	424
832	576	448	813	570	424
896	576	448	874	571	423
960	576	448	935	572	423
1023	576	448	994	572	423
0	640	448	170	627	431
64	640	448	179	627	431
128	640	448	206	627	430
192	640	448	246	627	430
256	640	448	295	628	428
320	640	448	350	628	428
384	640	448	407	628	427
448	640	448	462	629	427
512	640	448	518	629	426
576	640	448	578	629	426
640	640	448	636	630	426
704	640	448	693	631	426
768	640	448	754	631	425
832	640	448	815	632	425
896	640	448	876	632	425
960	640	448	937	633	425
1023	640	448	996	634	425
0	704	448	187	688	433
64	704	448	194	688	432
128	704	448	219	688	432
192	704	448	257	689	431
256	704	448	304	689	430
320	704	448	357	689	430
384	704	448	412	690	429
448	704	448	467	690	429
512	704	448	523	690	428
576	704	448	583	691	428
640	704	448	639	691	428
704	704	448	696	691	427
768	704	448	757	691	427
832	704	448	818	692	427
896	704	448	879	693	427
960	704	448	939	693	427
1023	704	448	998	693	426
0	768	448	202	749	434
64	768	448	209	749	433
128	768	448	233	749	433
192	768	448	269	750	432
256	768	448	313	750	431
320	768	448	365	750	431
384	768	448	419	750	431
448	768	448	472	750	431
512	768	448	527	751	431
576	768	448	588	751	430
640	768	448	643	752	430
704	768	448	701	753	430
768	768	448	761	752	429
832	768	448	820	752	429
896	768	448	881	753	429
960	768	448	941	753	428
1023	768	448	1000	754	428
0	832	448	221	812	436
64	832	448	226	812	436
128	832	448	247	812	436
192	832	448	281	812	435
256	832	448	324	813	434
320	832	448	375	813	433
384	832	448	426	813	433
448	832	448	478	813	433
512	832	448	533	813	432
576	832	448	593	814	432
640	832	448	647	814	432
704	832	448	705	815	432
768	832	448	765	814	431
832	832	448	825	815	431
896	832	448	885	815	431
960	832	448	945	815	431
1023	832	448	1003	816	431
0	896	448	237	873	438
64	896	448	243	873	438
128	896	448	262	873	438
192	896	448	294	874	436
256	896	448	335	874	436
320	896	448	384	874	436
384	896	448	433	874	435
448	896	448	485	874	435
512	896	448	539	875	435
576	896	448	598	874	435
640	896	448	651	875	434
704	896	448	709	875	434
768	896	448	770	875	434
832	896	448	828	875	433
896	896	448	887	875	433
960	896	448	948	876	433
1023	896	448	1007	877	433
0	960	448	253	933	440
64	960	448	259	933	440
128	960	448	276	933	439
192	960	448	307	933	438
256	960	448	346	934	438
320	960	448	393	934	438
384	960	448	442	934	438
448	960	448	492	934	438
512	960	448	545	934	437
576	960	448	604	935	437
640	960	448	656	935	437
704	960	448	713	935	437
768	960	448	774	934	436
832	960	448	831	934	435
896	960	448	891	935	435
960	960	448	951	935	435
1023	960	448	1009	936	435
0	1023	448	270	994	443
64	1023	448	275	994	443
128	1023	448	292	995	443
192	1023	448	321	995	442
256	1023	448	359	995	442
320	1023	448	404	995	441
384	1023	448	450	995	441
448	1023	448	500	995	440
512	1023	448	552	994	440
576	1023	448	610	995	440
640	1023	448	662	995	439
704	1023	448	719	996	439
768	1023	448	779	995	438
832	1023	448	837	995	438
896	1023	448	895	995	438
960	1023	448	956	996	438
1023	1023	448	1013	996	438
0	0	512	57	95	483
64	0	512	85	95	483
128	0	512	137	97	483
192	0	512	197	97	483
256	0	512	259	99	483
320	0	512	321	101	482
384	0	512	385	104	482
448	0	512	446	106	481
512	0	512	505	109	481
576	0	512	567	113	481
640	0	512	629	116	481
704	0	512	688	119	480
768	0	512	750	123	479
832	0	512	813	128	479
896	0	512	875	130	479
960	0	512	937	137	479
1023	0	512	997	141	479
0	64	512	60	111	483
64	64	512	87	111	483
128	64	512	138	111	483
192	64	512	197	113	483
256	64	512	259	114	483
320	64	512	322	116	482
384	64	512	385	119	482
448	64	512	446	120	481
512	64	512	506	122	481
576	64	512	567	125	481
640	64	512	629	129	481
704	64	512	688	132	480
768	64	512	750	136	479
832	64	512	813	139	479
896	64	512	875	143	479
960	64	512	936	147	479
1023	64	512	997	151	479
0	128	512	66	153	484
64	128	512	89	153	484
128	128	512	139	153	484
192	128	512	198	153	484
256	128	512	260	156	484
320	128	512	322	157	482
384	128	512	386	158	482
448	128	512	446	159	481
512	128	512	505	162	481
576	128	512	567	164	481
640	128	512	629	166	481
704	128	512	687	168	481
768	128	512	749	170	480
832	128	512	813	173	479
896	128	512	875	176	479
960	128	512	936	179	479
1023	128	512	997	183	479
0	192	512	75	206	485
64	192	512	95	206	485
128	192	512	143	206	485
192	192	512	201	207	485
256	192	512	261	208	485
320	192	512	323	209	483
384	192	512	386	210	483
448	192	512	447	212	482
512	192	512	506	214	482
576	192	512	567	215	481
640	192	512	629	217	481
704	192	512	687	218	481
768	192	512	748	220	480
832	192	512	812	222	480
896	192	512	874	224	479
960	192	512	935	227	479
1023	192	512	996	230	479
0	256	512	85	265	487
64	256	512	104	265	487
128	256	512	148	265	487
192	256	512	203	265	487
256	256	512	263	266	487
320	256	512	324	267	483
384	256	512	387	269	483
448	256	512	447	269	483
512	256	512	506	271	482
576	256	512	567	271	482
640	256	512	628	273	482
704	256	512	686	274	481
768	256	512	747	275	481
832	256	512	810	276	480
896	256	512	872	277	480
960	256	512	934	280	479
1023	256	512	996	283	479
0	320	512	97	324	483
64	320	512	114	324	483
128	320	512	155	324	483
192	320	512	208	325	483
256	320	512	266	326	483
320	320	512	326	327	481
384	320	512	389	327	481
448	320	512	448	328	481
512	320	512	506	329	481
576	320	512	567	330	480
640	320	512	628	331	480
704	320	512	686	332	479
768	320	512	747	333	479
832	320	512	810	334	478
896	320	512	872	335	478
960	320	512	934	337	478
1023	320	512	995	338	479
0	384	512	111	385	486
64	384	512	126	385	486
128	384	512	163	385	486
192	384	512	215	386	486
256	384	512	270	387	486
320	384	512	329	388	482
384	384	512	391	389	482
448	384	512	449	389	481
512	384	512	507	389	481
576	384	512	568	389	481
640	384	512	628	391	481
704	384	512	686	392	480
768	384	512	747	392	480
832	384	512	810	393	479
896	384	512	872	394	479
960	384	512	934	395	479
1023	384	512	994	397	479
0	448	512	126	446	485
64	448	512	139	446	485
128	448	512	173	446	485
192	448	512	221	447	485
256	448	512	275	447	485
320	448	512	334	448	482
384	448	512	394	449	482
448	448	512	452	449	481
512	448	512	509	449	480
576	448	512	570	450	480
640	448	512	630	451	480
704	448	512	688	451	480
768	448	512	748	452	479
832	448	512	811	453	479
896	448	512	872	453	479
960	448	512	934	454	479
1023	448	512	994	456	479
0	512	512	143	506	487
64	512	512	152	506	487
128	512	512	183	507	486
192	512	512	230	508	485
256	512	512	281	509	484
320	512	512	338	509	483
384	512	512	399	510	483
448	512	512	455	509	482
512	512	512	512	510	481
576	512	512	573	510	481
640	512	512	632	511	481
704	512	512	689	511	480
768	512	512	750	511	480
832	512	512	812	512	480
896	512	512	873	512	479
960	512	512	935	514	479
1023	512	512	994	515	479
0	576	512	158	568	487
64	576	512	166	568	487
128	576	512	195	568	486
192	576	512	238	569	485
256	576	512	289	569	483
320	576	512	344	570	483
384	576	512	403	570	482
448	576	512	458	570	482
512	576	512	515	570	482
576	576	512	576	570	481
640	576	512	634	572	482
704	576	512	691	572	481
768	576	512	752	571	481
832	576	512	813	572	481
896	576	512	874	573	481
960	576	512	936	573	480
1023	576	512	995	575	480
0	640	512	172	628	488
64	640	512	181	628	488
128	640	512	207	629	487
192	640	512	247	629	486
256	640	512	296	629	485
320	640	512	350	630	484
384	640	512	407	631	484
448	640	512	462	631	483
512	640	512	519	631	483
576	640	512	579	632	483
640	640	512	637	633	483
704	640	512	694	633	483
768	640	512	755	633	482
832	640	512	816	633	482
896	640	512	877	634	482
960	640	512	937	634	481
1023	640	512	996	635	481
0	704	512	188	690	489
64	704	512	196	690	489
128	704	512	221	690	489
192	704	512	258	691	488
256	704	512	305	691	486
320	704	512	359	691	486
384	704	512	414	692	486
448	704	512	467	691	485
512	704	512	524	692	485
576	704	512	584	692	485
640	704	512	641	693	485
704	704	512	698	694	485
768	704	512	758	693	484
832	704	512	819	694	484
896	704	512	879	694	483
960	704	512	940	694	483
1023	704	512	998	695	483
0	768	512	205	751	491
64	768	512	212	751	491
128	768	512	234	751	490
192	768	512	270	752	489
256	768	512	315	752	488
320	768	512	366	752	488
384	768	512	420	752	488
448	768	512	473	753	487
512	768	512	528	753	487
576	768	512	589	753	487
640	768	512	644	755	486
704	768	512	702	755	486
768	768	512	762	755	486
832	768	512	822	755	486
896	768	512	882	755	485
960	768	512	943	755	485
1023	768	512	1001	756	485
0	832	512	222	813	492
64	832	512	228	813	492
128	832	512	248	814	492
192	832	512	282	814	491
256	832	512	325	814	490
320	832	512	375	815	490
384	832	512	427	815	489
448	832	512	479	815	489
512	832	512	534	815	488
576	832	512	594	816	488
640	832	512	648	816	489
704	832	512	706	817	488
768	832	512	766	816	488
832	832	512	825	816	487
896	832	512	886	817	487
960	832	512	946	817	486
1023	832	512	1004	818	487
0	896	512	238	875	494
64	896	512	243	875	494
128	896	512	263	875	493
192	896	512	295	875	492
256	896	512	337	875	492
320	896	512	385	875	492
384	896	512	434	876	491
448	896	512	486	876	491
512	896	512	540	877	491
576	896	512	600	876	491
640	896	512	652	877	490
704	896	512	710	877	490
768	896	512	771	877	489
832	896	512	829	877	489
896	896	512	888	877	489
960	896	512	949	878	489
1023	896	512	1007	879	489
0	960	512	255	935	496
64	960	512	260	935	495
128	960	512	278	935	495
192	960	512	308	935	494
256	960	512	348	935	494
320	960	512	394	935	494
384	960	512	443	936	493
448	960	512	493	936	493
512	960	512	547	936	493
576	960	512	606	936	493
640	960	512	657	937	492
704	960	512	714	937	492
768	960	512	775	937	492
832	960	512	833	936	491
896	960	512	892	937	491
960	960	512	952	937	490
1023	960	512	1010	939	491
0	1023	512	271	996	498
64	1023	512	276	996	498
128	1023	512	293	996	497
192	1023	512	322	996	497
256	1023	512	360	996	496
320	1023	512	405	996	496
384	1023	512	451	996	496
448	1023	512	501	996	495
512	1023	512	553	996	495
576	1023	512	611	997	495
640	1023	512	663	997	495
704	1023	512	720	997	495
768	1023	512	780	996	494
832	1023	512	837	997	493
896	1023	512	896	997	493
960	1023	512	956	998	493
1023	1023	512	1014	998	493
0	0	576	66	108	542
64	0	576	89	108	542
128	0	576	139	108	542
192	0	576	199	109	542
256	0	576	261	111	541
320	0	576	323	113	540
384	0	576	387	114	540
448	0	576	447	117	539
512	0	576	506	119	539
576	0	576	568	122	539
640	0	576	630	125	538
704	0	576	689	129	538
768	0	576	750	132	538
832	0	576	815	136	538
896	0	576	877	141	538
960	0	576	939	144	537
1023	0	576	999	149	538
0	64	576	66	122	542
64	64	576	91	122	542
128	64	576	141	122	542
192	64	576	199	122	542
256	64	576	261	125	542
320	64	576	323	126	540
384	64	576	387	128	540
448	64	576	447	129	539
512	64	576	507	132	539
576	64	576	568	134	539
640	64	576	630	137	538
704	64	576	688	141	538
768	64	576	750	143	538
832	64	576	815	147	538
896	64	576	877	151	538
960	64	576	939	155	537
1023	64	576	999	159	538
0	128	576	72	160	543
64	128	576	93	160	543
128	128	576	143	162	543
192	128	576	200	162	543
256	128	576	262	163	542
320	128	576	324	165	540
384	128	576	387	166	540
448	128	576	447	167	539
512	128	576	507	169	539
576	128	576	568	171	539
640	128	576	630	173	538
704	128	576	688	175	538
768	128	576	750	178	538
832	128	576	814	180	538
896	128	576	876	183	538
960	128	576	938	187	538
1023	128	576	998	189	537
0	192	576	82	212	544
64	192	576	101	212	544
128	192	576	147	213	544
192	192	576	202	214	544
256	192	576	263	215	544
320	192	576	324	216	541
384	192	576	388	217	541
448	192	576	448	218	540
512	192	576	507	219	539
576	192	576	568	221	539
640	192	576	629	223	539
704	192	576	688	224	538
768	192	576	749	226	538
832	192	576	813	228	538
896	192	576	875	230	538
960	192	576	937	232	538
1023	192	576	998	234	538
0	256	576	91	269	546
64	256	576	108	269	546
128	256	576	151	269	546
192	256	576	206	270	546
256	256	576	265	271	546
320	256	576	326	271	541
384	256	576	389	273	541
448	256	576	448	274	541
512	256	576	507	274	540
576	256	576	568	276	539
640	256	576	629	277	539
704	256	576	687	279	539
768	256	576	748	280	538
832	256	576	812	282	538
896	256	576	874	283	538
960	256	576	936	284	538
1023	256	576	996	286	538
0	320	576	104	328	541
64	320	576	117	328	541
128	320	576	159	328	541
192	320	576	210	329	541
256	320	576	268	330	541
320	320	576	328	331	539
384	320	576	390	331	539
448	320	576	449	332	538
512	320	576	508	333	538
576	320	576	569	334	538
640	320	576	629	335	537
704	320	576	687	336	537
768	320	576	748	337	537
832	320	576	812	338	537
896	320	576	873	339	536
960	320	576	936	340	536
1023	320	576	996	342	536
0	384	576	117	389	544
64	384	576	129	389	544
128	384	576	165	389	544
192	384	576	216	390	544
256	384	576	272	390	544
320	384	576	331	391	540
384	384	576	393	392	540
448	384	576	451	393	539
512	384	576	509	393	539
576	384	576	570	394	538
640	384	576	630	394	538
704	384	576	688	395	538
768	384	576	749	396	537
832	384	576	811	397	537
896	384	576	873	397	537
960	384	576	935	399	537
1023	384	576	996	400	537
0	448	576	130	449	543
64	448	576	142	449	543
128	448	576	175	449	543
192	448	576	223	450	543
256	448	576	276	451	542
320	448	576	335	451	540
384	448	576	396	452	540
448	448	576	453	452	539
512	448	576	511	452	539
576	448	576	572	453	538
640	448	576	632	454	538
704	448	576	690	455	538
768	448	576	750	455	537
832	448	576	812	456	537
896	448	576	874	456	536
960	448	576	936	457	537
1023	448	576	995	458	537
0	512	576	145	509	543
64	512	576	155	509	543
128	512	576	186	509	543
192	512	576	231	510	542
256	512	576	283	511	542
320	512	576	340	511	540
384	512	576	400	512	540
448	512	576	456	512	539
512	512	576	514	512	539
576	512	576	574	513	538
640	512	576	634	514	539
704	512	576	691	515	539
768	512	576	752	515	537
832	512	576	813	515	537
896	512	576	874	516	537
960	512	576	936	516	537
1023	512	576	996	518	537
0	576	576	160	570	544
64	576	576	169	570	544
128	576	576	198	571	544
192	576	576	240	571	543
256	576	576	290	572	543
320	576	576	346	573	541
384	576	576	404	573	540
448	576	576	460	573	540
512	576	576	517	573	540
576	576	576	578	574	540
640	576	576	635	574	539
704	576	576	693	575	539
768	576	576	754	575	538
832	576	576	814	575	538
896	576	576	875	576	537
960	576	576	937	577	538
1023	576	576	997	578	538
0	640	576	175	632	545
64	640	576	183	632	545
128	640	576	209	632	545
192	640	576	250	633	545
256	640	576	298	633	542
320	640	576	353	634	542
384	640	576	410	634	541
448	640	576	465	634	541
512	640	576	521	634	541
576	640	576	582	635	541
640	640	576	639	635	540
704	640	576	696	636	540
768	640	576	756	636	539
832	640	576	816	635	538
896	640	576	878	636	538
960	640	576	939	637	538
1023	640	576	998	638	539
0	704	576	191	693	547
64	704	576	198	693	547
128	704	576	223	693	547
192	704	576	261	693	547
256	704	576	307	694	543
320	704	576	360	694	543
384	704	576	415	695	543
448	704	576	469	694	543
512	704	576	525	695	542
576	704	576	586	696	542
640	704	576	641	695	542
704	704	576	700	697	541
768	704	576	760	696	540
832	704	576	820	696	540
896	704	576	880	696	539
960	704	576	941	697	539
1023	704	576	1000	698	539
0	768	576	207	753	546
64	768	576	214	753	546
128	768	576	236	754	546
192	768	576	271	754	546
256	768	576	317	755	545
320	768	576	368	755	545
384	768	576	421	755	544
448	768	576	475	756	544
512	768	576	530	756	544
576	768	576	590	756	543
640	768	576	646	757	543
704	768	576	703	757	543
768	768	576	764	757	542
832	768	576	823	757	541
896	768	576	883	757	541
960	768	576	944	758	541
1023	768	576	1003	759	542
0	832	576	224	816	550
64	832	576	230	816	550
128	832	576	250	816	550
192	832	576	283	816	550
256	832	576	327	817	547
320	832	576	378	818	547
384	832	576	429	818	546
448	832	576	481	817	546
512	832	576	536	818	546
576	832	576	595	818	545
640	832	576	649	818	545
704	832	576	707	818	544
768	832	576	768	819	544
832	832	576	826	818	544
896	832	576	886	818	543
960	832	576	947	819	544
1023	832	576	1006	821	543
0	896	576	240	877	550
64	896	576	245	877	550
128	896	576	265	877	549
192	896	576	296	877	548
256	896	576	337	877	548
320	896	576	386	878	547
384	896	576	436	878	547
448	896	576	487	878	547
512	896	576	541	878	547
576	896	576	601	879	547
640	896	576	654	879	547
704	896	576	711	879	546
768	896	576	771	879	546
832	896	576	830	879	546
896	896	576	890	880	545
960	896	576	950	880	545
1023	896	576	1008	881	545
0	960	576	256	937	552
64	960	576	261	937	552
128	960	576	279	937	551
192	960	576	309	937	550
256	960	576	349	937	550
320	960	576	395	937	550
384	960	576	444	938	550
448	960	576	494	938	549
512	960	576	548	938	549
576	960	576	607	938	549
640	960	576	659	939	548
704	960	576	716	939	548
768	960	576	776	939	548
832	960	576	835	939	547
896	960	576	894	939	547
960	960	576	954	940	547
1023	960	576	1011	940	547
0	1023	576	272	997	554
64	1023	576	277	997	554
128	1023	576	294	997	553
192	1023	576	323	998	553
256	1023	576	361	998	552
320	1023	576	406	998	552
384	1023	576	453	998	552
448	1023	576	502	998	552
512	1023	576	555	998	551
576	1023	576	612	999	551
640	1023	576	664	998	551
704	1023	576	721	999	550
768	1023	576	782	999	550
832	1023	576	839	999	550
896	1023	576	898	999	550
960	1023	576	958	1000	549
1023	1023	576	1016	1001	549
0	0	640	75	120	604
64	0	640	95	122	604
128	0	640	143	122	604
192	0	640	201	122	603
256	0	640	262	123	603
320	0	640	324	125	602
384	0	640	388	126	602
448	0	640	449	128	601
512	0	640	508	130	601
576	0	640	570	133	600
640	0	640	632	137	600
704	0	640	690	138	599
768	0	640	751	143	599
832	0	640	816	147	599
896	0	640	878	150	598
960	0	640	940	155	598
1023	0	640	1001	159	599
0	64	640	77	133	604
64	64	640	95	133	604
128	64	640	143	134	604
192	64	640	202	134	604
256	64	640	263	136	604
320	64	640	325	137	602
384	64	640	388	139	602
448	64	640	448	141	601
512	64	640	508	143	601
576	64	640	570	145	600
640	64	640	632	148	600
704	64	640	690	150	599
768	64	640	751	153	599
832	64	640	816	157	599
896	64	640	878	160	598
960	64	640	940	164	599
1023	64	640	1001	167	599
0	128	640	80	169	605
64	128	640	99	169	605
128	128	640	145	169	605
192	128	640	202	170	604
256	128	640	263	171	604
320	128	640	325	172	602
384	128	640	389	173	602
448	128	640	449	175	601
512	128	640	508	176	601
576	128	640	570	179	600
640	128	640	631	180	600
704	128	640	689	183	600
768	128	640	751	185	599
832	128	640	815	188	599
896	128	640	877	191	598
960	128	640	939	193	599
1023	128	640	1000	197	599
0	192	640	87	219	606
64	192	640	104	219	606
128	192	640	149	219	606
192	192	640	205	220	606
256	192	640	265	221	606
320	192	640	326	222	602
384	192	640	389	223	602
448	192	640	449	224	601
512	192	640	508	225	601
576	192	640	570	226	601
640	192	640	631	228	600
704	192	640	689	230	600
768	192	640	751	231	599
832	192	640	814	233	599
896	192	640	876	236	599
960	192	640	939	238	599
1023	192	640	999	240	599
0	256	640	97	274	608
64	256	640	113	274	608
128	256	640	155	274	608
192	256	640	208	275	608
256	256	640	267	276	607
320	256	640	327	277	603
384	256	640	390	277	603
448	256	640	450	278	602
512	256	640	508	279	601
576	256	640	570	281	601
640	256	640	630	282	601
704	256	640	688	283	600
768	256	640	750	284	600
832	256	640	813	286	600
896	256	640	875	288	599
960	256	640	937	290	599
1023	256	640	998	292	599
0	320	640	108	332	603
64	320	640	122	332	603
128	320	640	161	332	603
192	320	640	213	333	603
256	320	640	270	334	602
320	320	640	330	334	600
384	320	640	392	335	600
448	320	640	451	336	600
512	320	640	509	337	599
576	320	640	570	337	599
640	320	640	631	339	598
704	320	640	688	340	598
768	320	640	750	341	598
832	320	640	813	342	597
896	320	640	875	343	597
960	320	640	936	344	597
1023	320	640	997	346	597
0	384	640	120	392	606
64	384	640	133	392	606
128	384	640	169	393	606
192	384	640	218	393	606
256	384	640	274	394	606
320	384	640	333	395	601
384	384	640	394	395	601
448	384	640	452	396	600
512	384	640	510	397	600
576	384	640	572	397	599
640	384	640	632	398	599
704	384	640	689	399	599
768	384	640	750	399	598
832	384	640	812	400	598
896	384	640	874	401	598
960	384	640	935	402	596
1023	384	640	996	404	597
0	448	640	134	452	604
64	448	640	144	452	604
128	448	640	179	452	604
192	448	640	225	453	604
256	448	640	279	454	604
320	448	640	337	454	601
384	448	640	397	454	601
448	448	640	454	455	600
512	448	640	512	455	600
576	448	640	573	456	599
640	448	640	633	457	599
704	448	640	691	458	599
768	448	640	752	458	598
832	448	640	813	458	598
896	448	640	875	460	597
960	448	640	936	460	597
1023	448	640	996	461	597
0	512	640	148	512	604
64	512	640	158	512	604
128	512	640	188	512	604
192	512	640	233	513	603
256	512	640	285	514	603
320	512	640	341	514	601
384	512	640	401	515	600
448	512	640	457	515	600
512	512	640	515	515	600
576	512	640	576	516	599
640	512	640	635	517	599
704	512	640	692	517	599
768	512	640	753	518	598
832	512	640	814	518	598
896	512	640	875	518	598
960	512	640	937	519	598
1023	512	640	997	520	598
0	576	640	163	573	604
64	576	640	171	573	604
128	576	640	199	573	604
192	576	640	242	574	604
256	576	640	292	575	604
320	576	640	347	575	602
384	576	640	406	575	601
448	576	640	461	576	601
512	576	640	518	576	600
576	576	640	579	576	600
640	576	640	636	577	600
704	576	640	694	578	600
768	576	640	755	578	599
832	576	640	816	578	599
896	576	640	877	578	598
960	576	640	938	579	598
1023	576	640	997	580	598
0	640	640	179	634	606
64	640	640	186	634	606
128	640	640	212	635	606
192	640	640	252	635	606
256	640	640	300	636	603
320	640	640	355	636	603
384	640	640	411	637	602
448	640	640	465	637	602
512	640	640	522	637	601
576	640	640	582	637	601
640	640	640	639	638	601
704	640	640	697	638	600
768	640	640	757	638	600
832	640	640	818	639	599
896	640	640	879	639	599
960	640	640	940	639	599
1023	640	640	999	640	599
0	704	640	193	695	609
64	704	640	201	695	609
128	704	640	225	696	609
192	704	640	262	696	609
256	704	640	309	697	605
320	704	640	362	697	605
384	704	640	416	697	603
448	704	640	471	697	603
512	704	640	526	697	603
576	704	640	587	697	602
640	704	640	643	698	603
704	704	640	700	698	601
768	704	640	761	698	601
832	704	640	821	698	600
896	704	640	881	699	600
960	704	640	943	700	600
1023	704	640	1001	700	600
0	768	640	209	756	607
64	768	640	217	756	607
128	768	640	238	756	607
192	768	640	273	757	607
256	768	640	318	757	605
320	768	640	370	757	605
384	768	640	423	758	605
448	768	640	477	758	605
512	768	640	532	758	604
576	768	640	592	759	604
640	768	640	646	759	604
704	768	640	704	759	603
768	768	640	765	759	603
832	768	640	824	759	602
896	768	640	884	759	602
960	768	640	945	760	601
1023	768	640	1004	761	602
0	832	640	225	818	611
64	832	640	232	818	611
128	832	640	252	818	611
192	832	640	285	819	611
256	832	640	328	819	608
320	832	640	378	819	608
384	832	640	430	819	607
448	832	640	483	820	606
512	832	640	537	820	606
576	832	640	597	820	606
640	832	640	651	821	606
704	832	640	708	820	605
768	832	640	769	820	605
832	832	640	828	820	604
896	832	640	888	821	603
960	832	640	948	821	603
1023	832	640	1007	822	604
0	896	640	242	879	611
64	896	640	247	879	610
128	896	640	266	879	610
192	896	640	298	879	609
256	896	640	339	879	608
320	896	640	387	880	608
384	896	640	437	880	608
448	896	640	488	880	607
512	896	640	542	880	607
576	896	640	602	880	607
640	896	640	655	882	607
704	896	640	712	881	606
768	896	640	773	881	606
832	896	640	831	881	606
896	896	640	891	882	606
960	896	640	952	883	605
1023	896	640	1009	883	605
0	960	640	258	939	612
64	960	640	263	939	612
128	960	640	281	939	611
192	960	640	310	939	610
256	960	640	351	939	610
320	960	640	397	939	610
384	960	640	445	939	609
448	960	640	495	939	609
512	960	640	549	940	609
576	960	640	608	940	609
640	960	640	660	940	608
704	960	640	716	940	608
768	960	640	777	941	607
832	960	640	836	941	607
896	960	640	894	941	606
960	960	640	955	942	607
1023	960	640	1013	943	607
0	1023	640	274	999	613
64	1023	640	279	999	613
128	1023	640	296	999	612
192	1023	640	324	1000	612
256	1023	640	363	1000	612
320	1023	640	408	1000	612
384	1023	640	454	1000	612
448	1023	640	503	1000	611
512	1023	640	556	1000	611
576	1023	640	613	1000	610
640	1023	640	665	1001	610
704	1023	640	722	1001	610
768	1023	640	783	1001	609
832	1023	640	839	1000	609
896	1023	640	898	1000	608
960	1023	640	960	1003	609
1023	1023	640	1016	1002	609
0	0	704	82	132	662
64	0	704	101	133	662
128	0	704	148	133	662
192	0	704	204	134	662
256	0	704	265	134	662
320	0	704	327	137	660
384	0	704	389	138	660
448	0	704	450	141	659
512	0	704	508	142	658
576	0	704	570	144	657
640	0	704	632	147	658
704	0	704	691	150	657
768	0	704	751	153	656
832	0	704	815	157	656
896	0	704	877	160	655
960	0	704	939	163	655
1023	0	704	1000	167	655
0	64	704	85	144	662
64	64	704	101	144	662
128	64	704	148	144	662
192	64	704	205	145	662
256	64	704	265	145	662
320	64	704	326	148	660
384	64	704	390	149	660
448	64	704	449	151	659
512	64	704	508	152	658
576	64	704	570	155	657
640	64	704	632	157	658
704	64	704	690	160	657
768	64	704	751	162	656
832	64	704	815	165	656
896	64	704	877	169	655
960	64	704	939	172	655
1023	64	704	1000	176	655
0	128	704	87	177	663
64	128	704	104	177	663
128	128	704	150	178	663
192	128	704	205	179	663
256	128	704	265	179	663
320	128	704	327	181	660
384	128	704	390	182	660
448	128	704	450	183	659
512	128	704	509	185	658
576	128	704	570	187	658
640	128	704	632	188	658
704	128	704	690	190	658
768	128	704	750	193	656
832	128	704	815	195	656
896	128	704	877	198	655
960	128	704	939	201	655
1023	128	704	999	203	655
0	192	704	93	224	664
64	192	704	109	225	664
128	192	704	152	225	664
192	192	704	207	226	664
256	192	704	266	227	664
320	192	704	327	228	661
384	192	704	390	229	661
448	192	704	450	230	660
512	192	704	509	232	659
576	192	704	570	233	658
640	192	704	632	234	658
704	192	704	690	236	658
768	192	704	750	238	656
832	192	704	814	240	656
896	192	704	876	241	655
960	192	704	938	244	655
1023	192	704	998	247	655
0	256	704	103	278	666
64	256	704	117	279	666
128	256	704	158	279	666
192	256	704	210	280	666
256	256	704	269	281	666
320	256	704	329	281	662
384	256	704	391	283	662
448	256	704	451	283	660
512	256	704	509	284	659
576	256	704	570	285	658
640	256	704	631	287	658
704	256	704	689	289	659
768	256	704	750	289	656
832	256	704	813	291	656
896	256	704	874	292	656
960	256	704	937	294	653
1023	256	704	997	296	654
0	320	704	113	336	660
64	320	704	126	336	660
128	320	704	164	337	660
192	320	704	215	337	660
256	320	704	271	338	660
320	320	704	331	339	657
384	320	704	393	339	657
448	320	704	452	340	656
512	320	704	510	340	656
576	320	704	571	341	656
640	320	704	632	343	656
704	320	704	690	344	655
768	320	704	750	344	654
832	320	704	813	346	654
896	320	704	874	346	654
960	320	704	937	348	654
1023	320	704	996	350	654
0	384	704	125	396	663
64	384	704	137	396	663
128	384	704	172	396	663
192	384	704	221	397	663
256	384	704	275	397	663
320	384	704	334	398	658
384	384	704	395	398	658
448	384	704	453	399	657
512	384	704	511	399	656
576	384	704	572	400	656
640	384	704	632	401	656
704	384	704	690	402	656
768	384	704	750	402	653
832	384	704	813	403	654
896	384	704	874	405	653
960	384	704	936	405	653
1023	384	704	996	407	653
0	448	704	138	455	661
64	448	704	148	455	661
128	448	704	180	455	660
192	448	704	228	456	660
256	448	704	281	457	658
320	448	704	338	457	657
384	448	704	399	458	657
448	448	704	456	458	656
512	448	704	514	459	656
576	448	704	575	459	656
640	448	704	634	460	655
704	448	704	692	461	655
768	448	704	752	461	655
832	448	704	814	461	654
896	448	704	875	462	653
960	448	704	936	463	653
1023	448	704	997	464	654
0	512	704	151	515	662
64	512	704	161	515	662
128	512	704	191	515	661
192	512	704	235	516	660
256	512	704	286	517	658
320	512	704	343	517	657
384	512	704	403	517	657
448	512	704	459	517	656
512	512	704	516	518	656
576	512	704	577	518	655
640	512	704	635	519	655
704	512	704	693	520	655
768	512	704	754	520	654
832	512	704	815	520	654
896	512	704	876	521	654
960	512	704	938	522	654
1023	512	704	997	523	654
0	576	704	165	576	662
64	576	704	174	576	662
128	576	704	202	576	662
192	576	704	244	576	660
256	576	704	293	577	658
320	576	704	348	577	658
384	576	704	407	578	657
448	576	704	462	578	657
512	576	704	519	578	657
576	576	704	580	579	656
640	576	704	637	579	656
704	576	704	695	580	656
768	576	704	756	580	655
832	576	704	817	580	655
896	576	704	877	581	654
960	576	704	939	582	654
1023	576	704	998	582	654
0	640	704	180	636	662
64	640	704	188	636	662
128	640	704	214	636	662
192	640	704	253	637	660
256	640	704	301	638	659
320	640	704	355	638	659
384	640	704	411	638	658
448	640	704	467	639	658
512	640	704	523	639	658
576	640	704	583	639	657
640	640	704	640	640	657
704	640	704	697	640	656
768	640	704	759	641	656
832	640	704	820	641	656
896	640	704	879	640	655
960	640	704	941	642	655
1023	640	704	999	642	655
0	704	704	196	696	663
64	704	704	202	696	663
128	704	704	228	697	663
192	704	704	264	697	662
256	704	704	310	698	660
320	704	704	363	699	660
384	704	704	418	699	660
448	704	704	471	699	659
512	704	704	527	699	659
576	704	704	588	699	658
640	704	704	643	699	658
704	704	704	700	699	657
768	704	704	762	700	657
832	704	704	821	700	657
896	704	704	881	700	656
960	704	704	943	702	657
1023	704	704	1002	702	657
0	768	704	211	758	664
64	768	704	218	758	664
128	768	704	240	758	664
192	768	704	275	758	662
256	768	704	319	759	661
320	768	704	371	759	661
384	768	704	423	759	661
448	768	704	477	759	660
512	768	704	532	759	660
576	768	704	592	759	660
640	768	704	647	760	660
704	768	704	704	761	660
768	768	704	765	761	659
832	768	704	825	761	659
896	768	704	885	761	658
960	768	704	946	762	658
1023	768	704	1004	763	658
0	832	704	228	819	665
64	832	704	234	819	665
128	832	704	253	819	665
192	832	704	286	820	664
256	832	704	330	820	663
320	832	704	379	820	663
384	832	704	431	821	662
448	832	704	483	821	662
512	832	704	538	822	662
576	832	704	597	821	661
640	832	704	651	822	661
704	832	704	709	822	660
768	832	704	770	822	660
832	832	704	829	823	660
896	832	704	888	822	659
960	832	704	949	823	659
1023	832	704	1007	824	659
0	896	704	243	880	667
64	896	704	249	880	666
128	896	704	268	881	666
192	896	704	299	881	665
256	896	704	340	881	665
320	896	704	389	882	664
384	896	704	438	882	664
448	896	704	490	882	664
512	896	704	544	883	664
576	896	704	604	883	663
640	896	704	656	883	663
704	896	704	713	883	662
768	896	704	774	883	661
832	896	704	832	883	661
896	896	704	892	883	661
960	896	704	952	884	660
1023	896	704	1010	884	660
0	960	704	259	940	667
64	960	704	264	940	667
128	960	704	282	940	666
192	960	704	312	941	666
256	960	704	352	941	665
320	960	704	399	941	665
384	960	704	446	941	665
448	960	704	497	942	665
512	960	704	549	941	664
576	960	704	609	942	664
640	960	704	661	942	664
704	960	704	717	943	664
768	960	704	778	942	663
832	960	704	837	943	663
896	960	704	895	943	662
960	960	704	956	943	662
1023	960	704	1013	944	662
0	1023	704	276	1000	669
64	1023	704	280	1000	668
128	1023	704	297	1001	668
192	1023	704	326	1001	668
256	1023	704	365	1002	668
320	1023	704	409	1003	668
384	1023	704	455	1002	667
448	1023	704	504	1001	666
512	1023	704	557	1001	666
576	1023	704	614	1002	666
640	1023	704	666	1003	666
704	1023	704	722	1002	665
768	1023	704	783	1002	665
832	1023	704	841	1002	664
896	1023	704	900	1003	664
960	1023	704	959	1003	664
1023	1023	704	1017	1004	664
0	0	768	89	145	722
64	0	768	106	145	721
128	0	768	151	145	721
192	0	768	206	145	720
256	0	768	266	148	718
320	0	768	327	149	716
384	0	768	391	150	716
448	0	768	451	151	715
512	0	768	510	153	715
576	0	768	572	156	714
640	0	768	633	159	714
704	0	768	691	160	714
768	0	768	753	163	713
832	0	768	817	166	713
896	0	768	879	169	712
960	0	768	941	174	712
1023	0	768	1001	178	712
0	64	768	91	155	722
64	64	768	106	155	722
128	64	768	152	156	721
192	64	768	206	157	720
256	64	768	266	158	718
320	64	768	328	159	716
384	64	768	390	160	716
448	64	768	451	162	715
512	64	768	510	164	715
576	64	768	572	166	714
640	64	768	633	168	714
704	64	768	691	170	714
768	64	768	753	173	713
832	64	768	817	176	713
896	64	768	878	179	712
960	64	768	940	182	712
1023	64	768	1001	185	712
0	128	768	93	187	722
64	128	768	109	187	722
128	128	768	153	187	721
192	128	768	208	188	720
256	128	768	267	188	718
320	128	768	328	189	716
384	128	768	391	190	716
448	128	768	451	193	716
512	128	768	510	193	715
576	128	768	572	195	714
640	128	768	633	197	714
704	128	768	691	199	714
768	128	768	753	201	713
832	128	768	816	203	713
896	128	768	878	206	712
960	128	768	940	209	712
1023	128	768	1001	212	712
0	192	768	99	232	722
64	192	768	114	232	722
128	192	768	157	232	722
192	192	768	210	234	721
256	192	768	268	234	719
320	192	768	329	235	716
384	192	768	392	236	716
448	192	768	451	237	716
512	192	768	510	238	715
576	192	768	572	240	715
640	192	768	633	241	714
704	192	768	691	243	714
768	192	768	752	244	713
832	192	768	816	246	713
896	192	768	877	248	713
960	192	768	939	250	713
1023	192	768	1000	253	712
0	256	768	108	284	723
64	256	768	122	284	723
128	256	768	161	285	722
192	256	768	213	285	721
256	256	768	270	286	719
320	256	768	331	287	717
384	256	768	393	288	717
448	256	768	452	289	716
512	256	768	511	290	716
576	256	768	572	291	715
640	256	768	633	292	714
704	256	768	690	294	714
768	256	768	751	295	714
832	256	768	814	296	711
896	256	768	876	297	711
960	256	768	938	299	711
1023	256	768	999	301	711
0	320	768	117	340	720
64	320	768	130	341	720
128	320	768	167	341	719
192	320	768	218	342	718
256	320	768	273	342	717
320	320	768	333	343	715
384	320	768	395	344	715
448	320	768	453	345	714
512	320	768	512	345	714
576	320	768	573	346	713
640	320	768	633	347	713
704	320	768	691	348	713
768	320	768	752	350	713
832	320	768	814	350	712
896	320	768	876	352	711
960	320	768	938	353	711
1023	320	768	998	355	712
0	384	768	129	399	721
64	384	768	141	399	721
128	384	768	175	400	721
192	384	768	223	400	720
256	384	768	277	401	718
320	384	768	336	402	715
384	384	768	397	402	715
448	384	768	455	403	715
512	384	768	513	404	714
576	384	768	574	404	713
640	384	768	633	405	713
704	384	768	691	406	713
768	384	768	753	407	712
832	384	768	814	407	712
896	384	768	875	408	711
960	384	768	937	409	711
1023	384	768	998	411	711
0	448	768	142	458	720
64	448	768	151	458	720
128	448	768	184	458	719
192	448	768	230	459	718
256	448	768	282	460	717
320	448	768	340	460	715
384	448	768	400	461	716
448	448	768	457	462	715
512	448	768	515	462	714
576	448	768	576	462	714
640	448	768	635	463	714
704	448	768	693	464	714
768	448	768	754	464	713
832	448	768	815	465	712
896	448	768	876	466	712
960	448	768	938	466	712
1023	448	768	998	468	712
0	512	768	155	517	720
64	512	768	164	517	720
128	512	768	193	518	719
192	512	768	237	518	718
256	512	768	288	519	717
320	512	768	345	520	716
384	512	768	405	521	716
448	512	768	460	521	715
512	512	768	518	521	714
576	512	768	579	522	714
640	512	768	637	522	714
704	512	768	695	523	714
768	512	768	755	523	713
832	512	768	817	524	712
896	512	768	878	524	712
960	512	768	939	525	712
1023	512	768	998	526	712
0	576	768	170	578	720
64	576	768	178	578	720
128	576	768	204	578	720
192	576	768	247	579	719
256	576	768	295	580	717
320	576	768	351	580	717
384	576	768	408	581	716
448	576	768	464	581	716
512	576	768	521	581	715
576	576	768	582	582	715
640	576	768	639	582	715
704	576	768	697	583	714
768	576	768	758	583	714
832	576	768	818	584	713
896	576	768	879	584	713
960	576	768	940	585	713
1023	576	768	999	586	713
0	640	768	184	639	721
64	640	768	191	639	721
128	640	768	217	639	720
192	640	768	255	640	720
256	640	768	303	641	717
320	640	768	357	641	717
384	640	768	413	642	717
448	640	768	468	642	717
512	640	768	525	642	716
576	640	768	585	642	716
640	640	768	642	643	715
704	640	768	700	643	715
768	640	768	760	643	714
832	640	768	820	643	714
896	640	768	881	644	713
960	640	768	942	644	713
1023	640	768	1001	645	713
0	704	768	198	699	722
64	704	768	206	699	722
128	704	768	230	700	722
192	704	768	266	700	721
256	704	768	312	701	718
320	704	768	365	701	718
384	704	768	419	702	718
448	704	768	473	702	718
512	704	768	529	702	717
576	704	768	589	702	717
640	704	768	645	703	717
704	704	768	703	703	716
768	704	768	763	702	715
832	704	768	823	702	714
896	704	768	883	703	714
960	704	768	944	704	714
1023	704	768	1003	704	715
0	768	768	215	760	723
64	768	768	221	761	722
128	768	768	243	761	722
192	768	768	277	762	721
256	768	768	322	762	720
320	768	768	373	762	720
384	768	768	426	762	719
448	768	768	479	762	719
512	768	768	534	763	718
576	768	768	594	763	718
640	768	768	649	763	718
704	768	768	707	764	717
768	768	768	767	764	717
832	768	768	826	763	716
896	768	768	886	764	716
960	768	768	947	765	716
1023	768	768	1006	766	716
0	832	768	230	822	725
64	832	768	236	822	725
128	832	768	256	823	724
192	832	768	289	824	723
256	832	768	332	824	721
320	832	768	381	824	721
384	832	768	433	824	721
448	832	768	485	824	720
512	832	768	540	824	720
576	832	768	600	825	720
640	832	768	653	825	719
704	832	768	710	825	719
768	832	768	771	825	718
832	832	768	829	824	717
896	832	768	889	824	717
960	832	768	950	825	717
1023	832	768	1009	827	718
0	896	768	245	883	725
64	896	768	252	883	725
128	896	768	270	884	725
192	896	768	301	884	722
256	896	768	342	884	722
320	896	768	390	884	722
384	896	768	440	884	721
448	896	768	491	884	721
512	896	768	545	884	721
576	896	768	604	885	720
640	896	768	658	886	720
704	896	768	714	885	720
768	896	768	775	885	719
832	896	768	834	886	719
896	896	768	893	886	719
960	896	768	954	886	718
1023	896	768	1011	887	718
0	960	768	262	942	726
64	960	768	266	942	726
128	960	768	284	942	725
192	960	768	314	943	723
256	960	768	354	943	723
320	960	768	400	943	723
384	960	768	447	943	723
448	960	768	498	944	722
512	960	768	551	944	722
576	960	768	610	944	722
640	960	768	662	945	721
704	960	768	719	945	721
768	960	768	780	945	721
832	960	768	838	945	720
896	960	768	897	946	720
960	960	768	957	946	720
1023	960	768	1015	947	720
0	1023	768	278	1003	727
64	1023	768	282	1003	727
128	1023	768	299	1004	726
192	1023	768	327	1004	726
256	1023	768	366	1004	725
320	1023	768	410	1004	725
384	1023	768	456	1004	724
448	1023	768	505	1004	724
512	1023	768	559	1004	724
576	1023	768	616	1005	723
640	1023	768	668	1005	723
704	1023	768	724	1005	723
768	1023	768	785	1005	723
832	1023	768	842	1005	722
896	1023	768	900	1005	721
960	1023	768	961	1006	722
1023	1023	768	1018	1007	721
0	0	832	97	158	784
64	0	832	113	158	784
128	0	832	156	158	783
192	0	832	209	159	783
256	0	832	269	159	782
320	0	832	330	161	780
384	0	832	393	162	780
448	0	832	452	164	779
512	0	832	512	165	779
576	0	832	574	167	778
640	0	832	635	169	778
704	0	832	693	172	777
768	0	832	755	175	777
832	0	832	818	178	776
896	0	832	880	180	776
960	0	832	942	184	776
1023	0	832	1003	188	775
0	64	832	97	167	784
64	64	832	114	167	784
128	64	832	156	167	784
192	64	832	209	168	783
256	64	832	269	169	782
320	64	832	330	170	780
384	64	832	393	171	780
448	64	832	453	173	779
512	64	832	512	175	779
576	64	832	573	177	778
640	64	832	635	179	778
704	64	832	693	181	777
768	64	832	755	183	777
832	64	832	818	186	776
896	64	832	880	189	776
960	64	832	942	192	776
1023	64	832	1003	195	775
0	128	832	101	196	785
64	128	832	117	196	784
128	128	832	158	197	784
192	128	832	211	197	784
256	128	832	270	198	783
320	128	832	331	199	780
384	128	832	393	200	780
448	128	832	453	201	779
512	128	832	512	203	779
576	128	832	574	205	778
640	128	832	635	206	778
704	128	832	693	208	777
768	128	832	755	210	777
832	128	832	818	213	776
896	128	832	879	215	776
960	128	832	942	218	776
1023	128	832	1002	221	775
0	192	832	106	240	786
64	192	832	122	240	785
128	192	832	161	240	785
192	192	832	213	241	785
256	192	832	271	242	784
320	192	832	331	243	780
384	192	832	393	243	780
448	192	832	453	245	780
512	192	832	512	246	779
576	192	832	574	248	779
640	192	832	635	248	778
704	192	832	693	250	777
768	192	832	754	252	777
832	192	832	817	253	777
896	192	832	879	255	776
960	192	832	941	258	776
1023	192	832	1001	260	776
0	256	832	114	291	787
64	256	832	128	291	787
128	256	832	165	292	787
192	256	832	217	292	786
256	256	832	272	293	785
320	256	832	332	294	781
384	256	832	394	294	780
448	256	832	454	295	780
512	256	832	512	297	776
576	256	832	574	297	776
640	256	832	635	299	775
704	256	832	692	300	775
768	256	832	754	301	774
832	256	832	816	302	774
896	256	832	878	304	773
960	256	832	940	306	774
1023	256	832	1000	307	774
0	320	832	123	346	782
64	320	832	136	346	782
128	320	832	172	346	782
192	320	832	221	347	781
256	320	832	276	348	781
320	320	832	335	349	778
384	320	832	396	350	778
448	320	832	455	350	777
512	320	832	514	351	776
576	320	832	575	352	776
640	320	832	635	353	776
704	320	832	693	354	775
768	320	832	754	355	775
832	320	832	816	356	774
896	320	832	878	357	774
960	320	832	939	358	774
1023	320	832	1000	360	774
0	384	832	134	404	780
64	384	832	145	404	779
128	384	832	178	405	779
192	384	832	226	405	779
256	384	832	280	406	778
320	384	832	338	407	777
384	384	832	399	407	777
448	384	832	457	408	776
512	384	832	515	408	776
576	384	832	576	409	775
640	384	832	636	409	775
704	384	832	694	411	775
768	384	832	755	411	774
832	384	832	816	411	774
896	384	832	878	413	774
960	384	832	939	413	773
1023	384	832	999	415	774
0	448	832	147	462	783
64	448	832	157	462	783
128	448	832	188	463	783
192	448	832	232	463	782
256	448	832	285	464	781
320	448	832	342	465	778
384	448	832	403	466	778
448	448	832	459	465	777
512	448	832	517	466	776
576	448	832	578	466	776
640	448	832	637	467	776
704	448	832	695	468	776
768	448	832	756	468	775
832	448	832	818	469	775
896	448	832	879	469	774
960	448	832	940	470	774
1023	448	832	999	471	774
0	512	832	160	522	782
64	512	832	168	522	782
128	512	832	198	522	782
192	512	832	240	523	781
256	512	832	291	523	781
320	512	832	347	524	778
384	512	832	406	525	777
448	512	832	462	525	777
512	512	832	520	525	777
576	512	832	581	526	776
640	512	832	639	526	776
704	512	832	697	527	776
768	512	832	757	527	775
832	512	832	819	527	775
896	512	832	879	528	774
960	512	832	941	529	774
1023	512	832	1000	530	774
0	576	832	173	582	782
64	576	832	181	582	782
128	576	832	208	582	782
192	576	832	248	583	781
256	576	832	297	584	778
320	576	832	353	584	778
384	576	832	411	584	778
448	576	832	466	585	778
512	576	832	523	585	777
576	576	832	584	586	777
640	576	832	641	586	777
704	576	832	699	586	776
768	576	832	759	587	775
832	576	832	820	587	775
896	576	832	881	587	774
960	576	832	942	588	774
1023	576	832	1001	590	775
0	640	832	187	642	783
64	640	832	194	642	783
128	640	832	220	643	783
192	640	832	258	644	783
256	640	832	305	645	780
320	640	832	359	645	780
384	640	832	415	645	779
448	640	832	470	645	779
512	640	832	527	645	778
576	640	832	587	646	778
640	640	832	644	646	777
704	640	832	702	647	777
768	640	832	762	647	776
832	640	832	822	646	776
896	640	832	883	647	776
960	640	832	944	648	775
1023	640	832	1003	648	775
0	704	832	202	702	785
64	704	832	209	702	785
128	704	832	232	703	785
192	704	832	269	704	785
256	704	832	314	705	781
320	704	832	367	705	781
384	704	832	421	705	780
448	704	832	475	705	780
512	704	832	531	705	779
576	704	832	591	705	778
640	704	832	647	706	778
704	704	832	704	706	777
768	704	832	765	705	777
832	704	832	825	706	777
896	704	832	885	706	776
960	704	832	946	707	776
1023	704	832	1005	708	776
0	768	832	218	763	784
64	768	832	223	763	784
128	768	832	245	764	784
192	768	832	280	765	784
256	768	832	324	765	781
320	768	832	375	765	781
384	768	832	427	765	781
448	768	832	480	765	781
512	768	832	536	766	780
576	768	832	596	766	780
640	768	832	650	766	780
704	768	832	708	767	779
768	768	832	769	767	779
832	768	832	828	767	778
896	768	832	888	767	778
960	768	832	950	768	778
1023	768	832	1008	769	778
0	832	832	233	825	788
64	832	832	238	825	788
128	832	832	259	825	787
192	832	832	291	826	787
256	832	832	334	826	783
320	832	832	383	826	783
384	832	832	434	826	782
448	832	832	486	827	782
512	832	832	542	827	782
576	832	832	601	827	782
640	832	832	655	828	781
704	832	832	713	828	781
768	832	832	774	828	780
832	832	832	831	827	779
896	832	832	892	828	779
960	832	832	952	828	779
1023	832	832	1011	830	779
0	896	832	248	886	788
64	896	832	254	886	788
128	896	832	272	887	788
192	896	832	303	887	784
256	896	832	344	887	784
320	896	832	392	887	784
384	896	832	441	887	783
448	896	832	493	887	783
512	896	832	547	888	783
576	896	832	606	888	783
640	896	832	659	889	782
704	896	832	717	889	782
768	896	832	777	889	781
832	896	832	836	889	781
896	896	832	895	889	781
960	896	832	956	890	780
1023	896	832	1013	890	780
0	960	832	263	945	788
64	960	832	269	945	788
128	960	832	286	946	788
192	960	832	316	946	785
256	960	832	355	946	785
320	960	832	401	946	785
384	960	832	449	946	785
448	960	832	500	947	784
512	960	832	553	947	784
576	960	832	612	947	784
640	960	832	664	947	783
704	960	832	721	948	783
768	960	832	782	948	783
832	960	832	840	948	783
896	960	832	899	949	783
960	960	832	959	949	782
1023	960	832	1017	950	782
0	1023	832	280	1006	790
64	1023	832	284	1006	790
128	1023	832	301	1006	788
192	1023	832	329	1006	788
256	1023	832	368	1007	788
320	1023	832	412	1007	787
384	1023	832	458	1006	787
448	1023	832	507	1007	786
512	1023	832	561	1007	786
576	1023	832	618	1007	786
640	1023	832	669	1008	785
704	1023	832	726	1008	785
768	1023	832	787	1008	785
832	1023	832	844	1008	784
896	1023	832	903	1008	783
960	1023	832	963	1009	784
1023	1023	832	1020	1010	783
0	0	896	104	170	844
64	0	896	119	170	844
128	0	896	160	170	843
192	0	896	214	171	842
256	0	896	271	172	840
320	0	896	332	174	839
384	0	896	395	175	838
448	0	896	455	176	838
512	0	896	514	178	837
576	0	896	576	179	837
640	0	896	637	181	836
704	0	896	695	183	835
768	0	896	757	186	835
832	0	896	820	188	834
896	0	896	881	191	833
960	0	896	943	194	833
1023	0	896	1003	198	833
0	64	896	104	178	844
64	64	896	120	178	844
128	64	896	161	179	843
192	64	896	214	179	842
256	64	896	271	181	840
320	64	896	332	182	839
384	64	896	395	183	838
448	64	896	455	184	838
512	64	896	515	187	837
576	64	896	576	188	837
640	64	896	637	190	836
704	64	896	695	192	836
768	64	896	757	194	835
832	64	896	819	197	834
896	64	896	881	198	833
960	64	896	943	202	833
1023	64	896	1003	206	833
0	128	896	108	206	844
64	128	896	122	206	844
128	128	896	162	206	843
192	128	896	215	207	842
256	128	896	272	208	841
320	128	896	333	209	839
384	128	896	395	210	839
448	128	896	455	212	838
512	128	896	514	213	837
576	128	896	576	215	837
640	128	896	637	216	836
704	128	896	695	218	836
768	128	896	757	220	835
832	128	896	819	222	834
896	128	896	881	225	833
960	128	896	942	227	833
1023	128	896	1002	230	833
0	192	896	113	248	844
64	192	896	126	248	844
128	192	896	165	248	844
192	192	896	217	249	843
256	192	896	274	250	841
320	192	896	334	251	839
384	192	896	396	252	839
448	192	896	455	253	838
512	192	896	515	254	838
576	192	896	576	255	837
640	192	896	637	256	836
704	192	896	695	258	836
768	192	896	756	259	835
832	192	896	818	261	834
896	192	896	880	263	833
960	192	896	941	265	833
1023	192	896	1001	267	833
0	256	896	119	297	842
64	256	896	133	297	842
128	256	896	169	298	841
192	256	896	220	299	840
256	256	896	275	300	838
320	256	896	335	301	837
384	256	896	397	301	836
448	256	896	456	302	835
512	256	896	515	303	835
576	256	896	576	304	834
640	256	896	636	305	834
704	256	896	694	307	834
768	256	896	755	308	833
832	256	896	818	308	832
896	256	896	879	310	832
960	256	896	940	311	832
1023	256	896	1000	313	832
0	320	896	130	352	843
64	320	896	141	352	843
128	320	896	175	352	842
192	320	896	224	353	841
256	320	896	279	354	839
320	320	896	337	355	837
384	320	896	399	355	836
448	320	896	457	356	836
512	320	896	515	357	835
576	320	896	577	357	834
640	320	896	637	359	834
704	320	896	695	360	834
768	320	896	755	360	833
832	320	896	818	361	833
896	320	896	879	363	833
960	320	896	940	364	832
1023	320	896	1000	365	832
0	384	896	139	409	841
64	384	896	150	409	841
128	384	896	182	409	840
192	384	896	229	410	839
256	384	896	282	411	837
320	384	896	340	411	836
384	384	896	401	412	836
448	384	896	458	412	835
512	384	896	516	413	835
576	384	896	578	413	834
640	384	896	637	414	834
704	384	896	695	415	834
768	384	896	756	415	833
832	384	896	818	416	833
896	384	896	879	417	832
960	384	896	940	418	832
1023	384	896	1000	420	832
0	448	896	151	467	842
64	448	896	161	467	842
128	448	896	191	467	841
192	448	896	235	468	840
256	448	896	287	468	839
320	448	896	344	469	837
384	448	896	405	469	837
448	448	896	461	470	836
512	448	896	519	470	836
576	448	896	580	471	835
640	448	896	639	471	835
704	448	896	697	472	835
768	448	896	758	472	834
832	448	896	819	473	833
896	448	896	880	474	833
960	448	896	941	474	832
1023	448	896	1001	476	833
0	512	896	164	525	842
64	512	896	172	525	841
128	512	896	200	526	841
192	512	896	243	526	839
256	512	896	293	527	838
320	512	896	350	528	837
384	512	896	408	528	836
448	512	896	464	528	836
512	512	896	521	529	835
576	512	896	582	529	835
640	512	896	641	530	835
704	512	896	699	531	835
768	512	896	759	531	834
832	512	896	820	531	833
896	512	896	881	532	833
960	512	896	942	533	833
1023	512	896	1001	534	833
0	576	896	177	585	842
64	576	896	185	585	842
128	576	896	211	586	841
192	576	896	251	586	840
256	576	896	299	587	837
320	576	896	355	587	837
384	576	896	412	588	836
448	576	896	467	588	836
512	576	896	525	588	836
576	576	896	585	589	835
640	576	896	642	589	835
704	576	896	700	590	835
768	576	896	761	590	834
832	576	896	822	591	834
896	576	896	883	591	834
960	576	896	944	592	834
1023	576	896	1003	593	833
0	640	896	190	646	842
64	640	896	198	646	842
128	640	896	223	646	842
192	640	896	260	646	841
256	640	896	307	647	838
320	640	896	361	647	838
384	640	896	417	647	837
448	640	896	471	648	837
512	640	896	528	648	836
576	640	896	589	649	836
640	640	896	645	649	836
704	640	896	703	649	835
768	640	896	764	650	835
832	640	896	824	650	835
896	640	896	885	651	834
960	640	896	946	651	834
1023	640	896	1005	652	834
0	704	896	204	705	843
64	704	896	212	705	843
128	704	896	234	706	842
192	704	896	270	706	840
256	704	896	316	707	839
320	704	896	368	707	838
384	704	896	423	707	838
448	704	896	476	707	838
512	704	896	532	707	837
576	704	896	592	707	837
640	704	896	648	708	837
704	704	896	705	708	837
768	704	896	767	708	836
832	704	896	827	710	835
896	704	896	887	710	836
960	704	896	948	710	835
1023	704	896	1007	711	835
0	768	896	220	766	843
64	768	896	226	766	843
128	768	896	247	767	842
192	768	896	281	767	841
256	768	896	325	768	840
320	768	896	376	768	840
384	768	896	429	768	839
448	768	896	482	769	839
512	768	896	537	768	839
576	768	896	597	769	838
640	768	896	653	770	838
704	768	896	710	770	838
768	768	896	771	770	837
832	768	896	830	770	837
896	768	896	890	771	837
960	768	896	951	771	836
1023	768	896	1009	772	836
0	832	896	236	827	845
64	832	896	241	827	845
128	832	896	261	828	844
192	832	896	293	828	843
256	832	896	335	828	841
320	832	896	385	828	841
384	832	896	436	829	840
448	832	896	488	829	840
512	832	896	543	830	840
576	832	896	603	830	840
640	832	896	656	831	839
704	832	896	714	831	839
768	832	896	775	830	839
832	832	896	834	831	838
896	832	896	893	831	837
960	832	896	954	832	838
1023	832	896	1012	832	838
0	896	896	251	888	845
64	896	896	256	888	845
128	896	896	275	889	844
192	896	896	305	889	842
256	896	896	346	890	842
320	896	896	394	890	842
384	896	896	443	890	842
448	896	896	495	890	841
512	896	896	549	891	841
576	896	896	608	891	841
640	896	896	660	891	840
704	896	896	718	891	840
768	896	896	779	891	839
832	896	896	837	891	839
896	896	896	896	891	839
960	896	896	957	892	839
1023	896	896	1015	894	839
0	960	896	266	948	846
64	960	896	271	948	846
128	960	896	288	949	845
192	960	896	318	949	844
256	960	896	357	949	844
320	960	896	404	950	843
384	960	896	451	950	843
448	960	896	501	949	842
512	960	896	555	949	842
576	960	896	613	951	842
640	960	896	665	951	842
704	960	896	722	951	841
768	960	896	783	950	840
832	960	896	841	951	840
896	960	896	900	951	840
960	960	896	960	952	840
1023	960	896	1017	952	840
0	1023	896	282	1008	847
64	1023	896	286	1008	847
128	1023	896	303	1009	845
192	1023	896	331	1009	845
256	1023	896	369	1009	845
320	1023	896	413	1009	845
384	1023	896	460	1009	845
448	1023	896	509	1009	844
512	1023	896	562	1009	843
576	1023	896	619	1010	844
640	1023	896	672	1011	844
704	1023	896	728	1011	843
768	1023	896	788	1010	842
832	1023	896	846	1011	842
896	1023	896	904	1011	842
960	1023	896	964	1011	842
1023	1023	896	1021	1012	841
0	0	960	111	181	904
64	0	960	125	181	904
128	0	960	164	182	904
192	0	960	216	183	904
256	0	960	273	185	903
320	0	960	334	185	901
384	0	960	396	187	901
448	0	960	456	188	901
512	0	960	515	190	900
576	0	960	576	191	899
640	0	960	637	193	899
704	0	960	696	195	899
768	0	960	757	198	898
832	0	960	820	200	897
896	0	960	881	202	896
960	0	960	943	205	896
1023	0	960	1003	208	896
0	64	960	111	190	904
64	64	960	126	190	904
128	64	960	164	190	904
192	64	960	216	191	904
256	64	960	273	192	903
320	64	960	334	193	901
384	64	960	397	194	901
448	64	960	456	196	901
512	64	960	515	197	900
576	64	960	576	198	899
640	64	960	637	201	899
704	64	960	695	203	899
768	64	960	757	204	898
832	64	960	820	206	897
896	64	960	881	209	897
960	64	960	943	213	896
1023	64	960	1003	215	896
0	128	960	114	215	905
64	128	960	129	216	905
128	128	960	166	217	905
192	128	960	218	217	904
256	128	960	274	218	904
320	128	960	334	220	902
384	128	960	397	221	901
448	128	960	456	222	901
512	128	960	515	223	900
576	128	960	576	224	900
640	128	960	637	226	899
704	128	960	695	228	899
768	128	960	757	230	898
832	128	960	819	231	897
896	128	960	881	233	897
960	128	960	943	236	896
1023	128	960	1003	239	896
0	192	960	119	256	906
64	192	960	133	256	906
128	192	960	169	256	906
192	192	960	220	256	905
256	192	960	275	258	905
320	192	960	335	259	902
384	192	960	397	259	902
448	192	960	456	261	901
512	192	960	515	262	900
576	192	960	576	263	900
640	192	960	637	265	899
704	192	960	695	266	899
768	192	960	756	267	899
832	192	960	818	269	898
896	192	960	880	270	897
960	192	960	942	273	896
1023	192	960	1002	275	896
0	256	960	126	303	900
64	256	960	138	303	900
128	256	960	173	304	900
192	256	960	223	305	900
256	256	960	277	306	899
320	256	960	336	307	898
384	256	960	398	308	898
448	256	960	457	308	897
512	256	960	515	309	896
576	256	960	577	310	896
640	256	960	637	312	895
704	256	960	695	312	895
768	256	960	756	313	894
832	256	960	818	315	893
896	256	960	879	316	893
960	256	960	941	318	893
1023	256	960	1001	319	893
0	320	960	134	357	902
64	320	960	145	357	902
128	320	960	179	357	902
192	320	960	226	358	902
256	320	960	280	359	902
320	320	960	339	359	898
384	320	960	400	360	898
448	320	960	457	361	898
512	320	960	516	361	897
576	320	960	577	363	896
640	320	960	637	363	896
704	320	960	695	364	895
768	320	960	756	365	894
832	320	960	818	366	893
896	320	960	879	367	893
960	320	960	941	369	893
1023	320	960	1001	371	893
0	384	960	144	413	898
64	384	960	153	413	898
128	384	960	186	413	898
192	384	960	231	414	898
256	384	960	283	414	898
320	384	960	342	415	896
384	384	960	402	416	896
448	384	960	459	416	895
512	384	960	517	417	895
576	384	960	579	417	894
640	384	960	638	418	894
704	384	960	695	419	893
768	384	960	757	419	893
832	384	960	819	420	893
896	384	960	880	421	892
960	384	960	941	423	892
1023	384	960	1001	424	892
0	448	960	156	470	903
64	448	960	165	470	903
128	448	960	193	471	903
192	448	960	238	471	903
256	448	960	289	472	902
320	448	960	346	473	897
384	448	960	406	473	897
448	448	960	462	473	896
512	448	960	520	474	895
576	448	960	581	475	895
640	448	960	640	475	894
704	448	960	697	475	894
768	448	960	758	476	893
832	448	960	820	476	893
896	448	960	881	477	893
960	448	960	942	478	893
1023	448	960	1001	479	893
0	512	960	168	529	902
64	512	960	176	529	902
128	512	960	203	529	902
192	512	960	245	530	902
256	512	960	295	530	897
320	512	960	351	531	897
384	512	960	409	531	896
448	512	960	465	531	896
512	512	960	522	532	896
576	512	960	583	532	895
640	512	960	641	533	895
704	512	960	699	534	894
768	512	960	760	534	894
832	512	960	821	534	893
896	512	960	882	535	893
960	512	960	943	536	893
1023	512	960	1002	537	893
0	576	960	180	588	902
64	576	960	188	588	902
128	576	960	215	589	902
192	576	960	253	589	902
256	576	960	301	590	897
320	576	960	356	590	897
384	576	960	413	590	896
448	576	960	469	591	896
512	576	960	526	591	895
576	576	960	586	592	895
640	576	960	643	592	895
704	576	960	701	593	895
768	576	960	762	593	894
832	576	960	824	594	894
896	576	960	883	594	893
960	576	960	945	595	893
1023	576	960	1003	596	893
0	640	960	193	648	903
64	640	960	201	648	903
128	640	960	225	649	903
192	640	960	263	649	903
256	640	960	309	650	897
320	640	960	363	650	897
384	640	960	418	650	897
448	640	960	473	651	897
512	640	960	529	651	896
576	640	960	590	651	895
640	640	960	646	652	895
704	640	960	703	652	895
768	640	960	765	652	894
832	640	960	825	652	895
896	640	960	885	653	894
960	640	960	946	654	894
1023	640	960	1005	655	893
0	704	960	209	707	899
64	704	960	215	708	899
128	704	960	237	708	899
192	704	960	273	709	899
256	704	960	317	709	897
320	704	960	370	709	897
384	704	960	423	709	897
448	704	960	478	710	897
512	704	960	534	710	897
576	704	960	593	710	896
640	704	960	649	710	896
704	704	960	706	711	896
768	704	960	768	711	896
832	704	960	827	711	895
896	704	960	887	711	894
960	704	960	949	713	895
1023	704	960	1007	713	895
0	768	960	223	769	902
64	768	960	228	769	902
128	768	960	250	769	902
192	768	960	283	769	902
256	768	960	327	770	899
320	768	960	378	770	899
384	768	960	430	770	898
448	768	960	483	770	898
512	768	960	538	770	898
576	768	960	598	771	897
640	768	960	653	772	897
704	768	960	711	772	897
768	768	960	772	773	897
832	768	960	831	773	896
896	768	960	891	773	896
960	768	960	952	774	896
1023	768	960	1010	774	896
0	832	960	238	829	900
64	832	960	243	829	900
128	832	960	263	829	900
192	832	960	294	829	900
256	832	960	337	830	900
320	832	960	386	830	900
384	832	960	436	830	899
448	832	960	489	831	899
512	832	960	543	831	899
576	832	960	603	831	899
640	832	960	656	832	899
704	832	960	714	832	898
768	832	960	776	832	898
832	832	960	835	833	897
896	832	960	894	833	897
960	832	960	955	834	897
1023	832	960	1013	834	897
0	896	960	253	891	906
64	896	960	258	891	906
128	896	960	276	891	906
192	896	960	307	892	902
256	896	960	348	892	902
320	896	960	395	892	902
384	896	960	444	892	901
448	896	960	496	893	900
512	896	960	549	892	900
576	896	960	609	893	900
640	896	960	661	893	900
704	896	960	719	893	899
768	896	960	779	893	899
832	896	960	838	893	898
896	896	960	897	894	898
960	896	960	957	894	898
1023	896	960	1015	895	899
0	960	960	267	949	904
64	960	960	272	949	904
128	960	960	290	950	903
192	960	960	319	950	903
256	960	960	359	951	903
320	960	960	405	952	903
384	960	960	452	951	902
448	960	960	502	951	901
512	960	960	556	951	901
576	960	960	613	951	901
640	960	960	666	953	901
704	960	960	723	953	901
768	960	960	784	952	900
832	960	960	842	953	900
896	960	960	901	953	900
960	960	960	961	953	899
1023	960	960	1018	954	899
0	1023	960	283	1009	905
64	1023	960	288	1010	905
128	1023	960	304	1010	904
192	1023	960	332	1010	904
256	1023	960	370	1010	904
320	1023	960	414	1010	904
384	1023	960	460	1010	903
448	1023	960	509	1011	903
512	1023	960	563	1011	903
576	1023	960	619	1011	903
640	1023	960	672	1012	903
704	1023	960	729	1012	902
768	1023	960	789	1012	901
832	1023	960	846	1012	901
896	1023	960	905	1012	901
960	1023	960	965	1013	901
1023	1023	960	1022	1013	900
0	0	1023	119	194	963
64	0	1023	132	194	962
128	0	1023	168	194	962
192	0	1023	219	195	962
256	0	1023	275	196	961
320	0	1023	335	198	958
384	0	1023	398	198	958
448	0	1023	457	199	958
512	0	1023	516	201	957
576	0	1023	578	203	957
640	0	1023	638	205	957
704	0	1023	696	206	956
768	0	1023	758	209	956
832	0	1023	821	211	955
896	0	1023	882	214	954
960	0	1023	944	217	954
1023	0	1023	1004	220	954
0	64	1023	120	201	963
64	64	1023	132	201	963
128	64	1023	169	202	962
192	64	1023	220	202	962
256	64	1023	276	204	961
320	64	1023	335	205	958
384	64	1023	397	206	958
448	64	1023	457	207	958
512	64	1023	516	209	957
576	64	1023	577	210	957
640	64	1023	638	212	957
704	64	1023	696	214	956
768	64	1023	758	216	956
832	64	1023	821	218	955
896	64	1023	882	221	954
960	64	1023	944	223	954
1023	64	1023	1004	225	954
0	128	1023	122	226	963
64	128	1023	134	226	963
128	128	1023	170	227	963
192	128	1023	221	228	962
256	128	1023	276	228	961
320	128	1023	336	230	959
384	128	1023	398	230	958
448	128	1023	457	232	958
512	128	1023	516	232	957
576	128	1023	578	234	957
640	128	1023	638	236	957
704	128	1023	696	238	956
768	128	1023	758	239	956
832	128	1023	820	240	955
896	128	1023	882	243	954
960	128	1023	943	245	954
1023	128	1023	1004	248	954
0	192	1023	126	264	964
64	192	1023	138	264	964
128	192	1023	173	264	964
192	192	1023	223	265	963
256	192	1023	277	266	962
320	192	1023	337	267	959
384	192	1023	398	267	958
448	192	1023	457	269	958
512	192	1023	516	270	957
576	192	1023	578	271	957
640	192	1023	638	272	957
704	192	1023	695	274	957
768	192	1023	757	275	956
832	192	1023	820	276	955
896	192	1023	881	279	955
960	192	1023	942	280	954
1023	192	1023	1002	282	954
0	256	1023	133	310	960
64	256	1023	144	310	959
128	256	1023	178	311	959
192	256	1023	225	311	958
256	256	1023	280	312	957
320	256	1023	338	313	956
384	256	1023	399	314	956
448	256	1023	458	315	955
512	256	1023	517	316	954
576	256	1023	578	317	954
640	256	1023	638	318	954
704	256	1023	695	319	953
768	256	1023	757	320	952
832	256	1023	819	321	951
896	256	1023	881	322	951
960	256	1023	942	324	950
1023	256	1023	1002	326	951
0	320	1023	139	363	962
64	320	1023	151	363	961
128	320	1023	183	363	961
192	320	1023	229	364	960
256	320	1023	282	365	959
320	320	1023	340	365	956
384	320	1023	402	366	956
448	320	1023	459	367	955
512	320	1023	518	367	955
576	320	1023	579	368	954
640	320	1023	638	369	954
704	320	1023	696	370	953
768	320	1023	757	371	952
832	320	1023	819	372	952
896	320	1023	881	373	951
960	320	1023	942	374	951
1023	320	1023	1002	376	951
0	384	1023	149	418	958
64	384	1023	160	418	958
128	384	1023	189	418	958
192	384	1023	234	419	957
256	384	1023	286	419	957
320	384	1023	344	420	955
384	384	1023	405	421	955
448	384	1023	461	421	954
512	384	1023	519	422	953
576	384	1023	580	422	953
640	384	1023	639	423	952
704	384	1023	697	424	952
768	384	1023	758	424	951
832	384	1023	820	425	950
896	384	1023	881	426	950
960	384	1023	942	427	950
1023	384	1023	1002	428	950
0	448	1023	161	474	962
64	448	1023	169	474	962
128	448	1023	198	474	962
192	448	1023	241	475	961
256	448	1023	291	476	960
320	448	1023	348	477	956
384	448	1023	407	477	955
448	448	1023	463	477	955
512	448	1023	521	477	954
576	448	1023	582	478	953
640	448	1023	640	479	953
704	448	1023	698	479	952
768	448	1023	759	480	951
832	448	1023	821	481	951
896	448	1023	881	481	950
960	448	1023	943	482	950
1023	448	1023	1002	483	951
0	512	1023	172	532	960
64	512	1023	180	532	960
128	512	1023	206	532	960
192	512	1023	248	533	959
256	512	1023	297	534	956
320	512	1023	353	534	955
384	512	1023	410	535	954
448	512	1023	466	535	954
512	512	1023	524	536	953
576	512	1023	584	536	953
640	512	1023	642	537	952
704	512	1023	700	537	952
768	512	1023	761	537	951
832	512	1023	822	538	951
896	512	1023	883	538	950
960	512	1023	944	539	950
1023	512	1023	1003	540	950
0	576	1023	185	591	960
64	576	1023	192	591	960
128	576	1023	217	592	960
192	576	1023	256	592	959
256	576	1023	304	593	955
320	576	1023	358	593	955
384	576	1023	414	593	954
448	576	1023	470	594	954
512	576	1023	527	594	953
576	576	1023	587	595	953
640	576	1023	645	596	953
704	576	1023	702	596	952
768	576	1023	763	596	951
832	576	1023	823	596	951
896	576	1023	884	597	951
960	576	1023	945	598	950
1023	576	1023	1004	598	951
0	640	1023	198	651	961
64	640	1023	205	651	961
128	640	1023	229	651	961
192	640	1023	265	652	960
256	640	1023	311	653	955
320	640	1023	365	653	955
384	640	1023	419	653	954
448	640	1023	474	654	954
512	640	1023	530	654	954
576	640	1023	591	654	953
640	640	1023	647	655	953
704	640	1023	705	655	953
768	640	1023	766	655	952
832	640	1023	826	655	951
896	640	1023	887	656	952
960	640	1023	947	656	951
1023	640	1023	1006	657	951
0	704	1023	211	710	957
64	704	1023	218	710	957
128	704	1023	240	710	957
192	704	1023	275	711	957
256	704	1023	320	712	955
320	704	1023	372	712	955
384	704	1023	425	712	955
448	704	1023	479	712	955
512	704	1023	535	712	954
576	704	1023	595	713	954
640	704	1023	650	714	954
704	704	1023	708	714	954
768	704	1023	769	714	953
832	704	1023	828	713	953
896	704	1023	889	715	953
960	704	1023	949	715	952
1023	704	1023	1008	716	952
0	768	1023	225	771	960
64	768	1023	232	771	960
128	768	1023	252	771	960
192	768	1023	285	772	959
256	768	1023	329	772	957
320	768	1023	379	773	956
384	768	1023	431	773	956
448	768	1023	485	773	956
512	768	1023	540	774	956
576	768	1023	600	774	956
640	768	1023	654	774	955
704	768	1023	712	775	955
768	768	1023	773	775	954
832	768	1023	832	775	953
896	768	1023	892	776	953
960	768	1023	952	776	953
1023	768	1023	1011	777	953
0	832	1023	240	831	959
64	832	1023	246	831	959
128	832	1023	265	832	959
192	832	1023	296	832	958
256	832	1023	338	832	958
320	832	1023	388	833	958
384	832	1023	438	833	957
448	832	1023	490	833	957
512	832	1023	545	834	957
576	832	1023	604	833	956
640	832	1023	658	834	956
704	832	1023	716	835	956
768	832	1023	777	834	955
832	832	1023	835	834	954
896	832	1023	895	835	954
960	832	1023	956	836	954
1023	832	1023	1014	837	955
0	896	1023	255	893	964
64	896	1023	260	893	964
128	896	1023	278	893	963
192	896	1023	308	893	959
256	896	1023	349	893	959
320	896	1023	396	893	959
384	896	1023	445	893	958
448	896	1023	496	894	958
512	896	1023	550	894	957
576	896	1023	610	895	957
640	896	1023	662	895	957
704	896	1023	720	896	957
768	896	1023	781	895	956
832	896	1023	839	895	956
896	896	1023	898	896	956
960	896	1023	959	897	955
1023	896	1023	1016	898	955
0	960	1023	270	952	964
64	960	1023	275	952	964
128	960	1023	292	952	964
192	960	1023	321	953	960
256	960	1023	361	953	960
320	960	1023	406	953	960
384	960	1023	453	953	960
448	960	1023	503	953	959
512	960	1023	557	953	958
576	960	1023	615	954	958
640	960	1023	667	954	958
704	960	1023	724	954	958
768	960	1023	785	954	957
832	960	1023	843	955	957
896	960	1023	901	955	957
960	960	1023	962	956	957
1023	960	1023	1019	956	957
0	1023	1023	285	1012	965
64	1023	1023	290	1012	965
128	1023	1023	307	1012	962
192	1023	1023	334	1012	962
256	1023	1023	372	1012	962
320	1023	1023	415	1012	961
384	1023	1023	462	1013	961
448	1023	1023	511	1013	961
512	1023	1023	564	1014	961
576	1023	1023	621	1014	960
640	1023	1023	672	1014	960
704	1023	1023	730	1014	959
768	1023	1023	791	1014	959
832	1023	1023	847	1013	958
896	1023	1023	906	1014	958
960	1023	1023	966	1015	958
1023	1023	1023	1023	1016	958
