0	0	0	0	0	0
64	0	0	60	0	0
128	0	0	123	0	0
192	0	0	185	0	0
256	0	0	248	0	0
320	0	0	309	23	0
384	0	0	370	23	0
448	0	0	431	32	0
512	0	0	491	32	0
576	0	0	550	38	0
640	0	0	612	44	0
704	0	0	670	44	0
768	0	0	730	48	0
832	0	0	794	53	0
896	0	0	853	57	0
960	0	0	913	63	0
1023	0	0	972	66	0
0	64	0	23	63	0
64	64	0	63	63	0
128	64	0	123	63	0
192	64	0	187	63	0
256	64	0	248	66	0
320	64	0	309	66	0
384	64	0	371	66	0
448	64	0	431	69	0
512	64	0	491	69	0
576	64	0	551	72	0
640	64	0	612	75	0
704	64	0	670	77	0
768	64	0	730	77	0
832	64	0	794	82	0
896	64	0	853	85	0
960	64	0	914	87	0
1023	64	0	972	89	0
0	128	0	38	129	0
64	128	0	69	129	0
128	128	0	129	129	0
192	128	0	188	129	0
256	128	0	250	130	0
320	128	0	311	130	0
384	128	0	372	130	0
448	128	0	432	132	0
512	128	0	492	132	0
576	128	0	551	133	0
640	128	0	613	134	0
704	128	0	671	136	0
768	128	0	731	136	0
832	128	0	794	137	0
896	128	0	853	139	0
960	128	0	914	141	0
1023	128	0	973	142	0
0	192	0	57	193	23
64	192	0	85	193	23
128	192	0	134	193	23
192	192	0	193	193	23
256	192	0	252	193	23
320	192	0	313	195	23
384	192	0	373	195	23
448	192	0	433	195	23
512	192	0	493	196	23
576	192	0	553	197	23
640	192	0	614	197	0
704	192	0	672	198	0
768	192	0	732	198	0
832	192	0	795	199	0
896	192	0	854	199	0
960	192	0	915	201	0
1023	192	0	974	202	0
0	256	0	80	258	32
64	256	0	97	258	32
128	256	0	143	258	32
192	256	0	198	258	32
256	256	0	256	258	32
320	256	0	317	259	32
384	256	0	376	259	32
448	256	0	436	260	23
512	256	0	495	261	23
576	256	0	555	261	23
640	256	0	616	261	23
704	256	0	674	262	23
768	256	0	734	262	23
832	256	0	797	262	23
896	256	0	856	262	23
960	256	0	916	262	23
1023	256	0	975	263	0
0	320	0	99	322	44
64	320	0	113	322	44
128	320	0	153	322	44
192	320	0	205	322	44
256	320	0	261	322	44
320	320	0	320	323	44
384	320	0	380	324	44
448	320	0	439	324	44
512	320	0	498	324	38
576	320	0	558	324	38
640	320	0	618	325	38
704	320	0	676	325	38
768	320	0	736	326	38
832	320	0	799	326	38
896	320	0	858	325	38
960	320	0	918	326	38
1023	320	0	976	326	32
0	384	0	117	386	48
64	384	0	129	386	48
128	384	0	165	386	48
192	384	0	213	386	48
256	384	0	268	386	48
320	384	0	326	386	48
384	384	0	385	387	48
448	384	0	443	388	48
512	384	0	501	388	48
576	384	0	561	388	48
640	384	0	620	388	48
704	384	0	679	388	44
768	384	0	738	389	44
832	384	0	800	389	44
896	384	0	859	388	44
960	384	0	920	389	44
1023	384	0	977	389	44
0	448	0	138	447	57
64	448	0	148	447	57
128	448	0	179	447	57
192	448	0	224	447	57
256	448	0	276	447	57
320	448	0	331	447	57
384	448	0	389	448	57
448	448	0	447	448	57
512	448	0	505	448	53
576	448	0	564	449	53
640	448	0	623	449	53
704	448	0	681	449	53
768	448	0	741	449	53
832	448	0	802	449	53
896	448	0	861	449	53
960	448	0	921	449	53
1023	448	0	978	449	48
0	512	0	158	508	63
64	512	0	166	509	63
128	512	0	194	509	63
192	512	0	236	509	63
256	512	0	286	509	63
320	512	0	340	509	63
384	512	0	396	510	63
448	512	0	452	510	60
512	512	0	510	510	60
576	512	0	568	510	60
640	512	0	627	510	60
704	512	0	684	510	60
768	512	0	743	510	60
832	512	0	805	510	60
896	512	0	864	510	60
960	512	0	923	510	60
1023	512	0	980	510	57
0	576	0	178	572	72
64	576	0	185	572	72
128	576	0	210	573	72
192	576	0	248	573	72
256	576	0	296	573	72
320	576	0	348	573	72
384	576	0	403	574	72
448	576	0	459	574	72
512	576	0	515	574	72
576	576	0	573	574	72
640	576	0	631	574	72
704	576	0	688	574	69
768	576	0	747	574	69
832	576	0	808	574	69
896	576	0	867	574	69
960	576	0	926	574	69
1023	576	0	982	574	69
0	640	0	198	633	80
64	640	0	204	633	80
128	640	0	227	633	80
192	640	0	263	633	80
256	640	0	308	633	80
320	640	0	358	633	77
384	640	0	411	634	77
448	640	0	465	634	77
512	640	0	521	634	77
576	640	0	578	634	77
640	640	0	636	634	77
704	640	0	693	635	77
768	640	0	751	635	77
832	640	0	812	634	77
896	640	0	870	634	77
960	640	0	929	634	75
1023	640	0	985	634	75
0	704	0	218	694	87
64	704	0	224	694	87
128	704	0	245	695	87
192	704	0	278	695	85
256	704	0	321	695	85
320	704	0	369	695	85
384	704	0	420	695	85
448	704	0	473	695	85
512	704	0	527	695	85
576	704	0	584	695	85
640	704	0	640	695	85
704	704	0	697	695	85
768	704	0	755	695	85
832	704	0	815	695	85
896	704	0	874	695	85
960	704	0	933	695	82
1023	704	0	989	696	82
0	768	0	238	757	95
64	768	0	243	757	95
128	768	0	262	757	95
192	768	0	293	757	95
256	768	0	334	758	95
320	768	0	380	758	95
384	768	0	429	758	95
448	768	0	481	758	95
512	768	0	535	758	95
576	768	0	591	758	93
640	768	0	646	758	93
704	768	0	702	758	93
768	768	0	761	759	93
832	768	0	820	759	93
896	768	0	877	758	93
960	768	0	936	759	93
1023	768	0	993	760	91
0	832	0	259	820	101
64	832	0	263	820	101
128	832	0	281	820	101
192	832	0	309	821	101
256	832	0	348	821	101
320	832	0	392	821	101
384	832	0	440	821	101
448	832	0	490	820	101
512	832	0	543	821	101
576	832	0	598	821	101
640	832	0	653	821	101
704	832	0	709	822	101
768	832	0	767	822	101
832	832	0	824	821	101
896	832	0	883	822	99
960	832	0	941	822	99
1023	832	0	996	822	99
0	896	0	279	881	109
64	896	0	283	881	109
128	896	0	300	881	109
192	896	0	327	881	109
256	896	0	363	882	109
320	896	0	405	882	109
384	896	0	451	882	109
448	896	0	501	882	109
512	896	0	552	882	109
576	896	0	607	883	109
640	896	0	660	881	109
704	896	0	715	882	109
768	896	0	774	883	109
832	896	0	831	883	109
896	896	0	888	882	108
960	896	0	946	883	108
1023	896	0	1001	884	108
0	960	0	299	943	117
64	960	0	304	943	117
128	960	0	318	943	117
192	960	0	343	943	117
256	960	0	378	944	117
320	960	0	418	944	117
384	960	0	462	944	117
448	960	0	510	944	116
512	960	0	561	945	116
576	960	0	615	945	116
640	960	0	667	944	116
704	960	0	722	945	116
768	960	0	780	946	116
832	960	0	836	946	116
896	960	0	893	945	116
960	960	0	951	946	116
1023	960	0	1006	946	114
0	1023	0	319	1005	125
64	1023	0	323	1005	125
128	1023	0	337	1005	125
192	1023	0	361	1005	125
256	1023	0	393	1006	125
320	1023	0	431	1006	125
384	1023	0	474	1005	125
448	1023	0	521	1006	125
512	1023	0	571	1007	125
576	1023	0	623	1006	125
640	1023	0	675	1006	125
704	1023	0	729	1007	125
768	1023	0	786	1007	125
832	1023	0	842	1008	123
896	1023	0	899	1007	122
960	1023	0	956	1008	122
1023	1023	0	1011	1009	122
0	0	64	0	0	60
64	0	64	63	0	60
128	0	64	123	0	60
192	0	64	187	0	60
256	0	64	248	0	60
320	0	64	309	23	63
384	0	64	370	23	63
448	0	64	431	32	63
512	0	64	491	32	63
576	0	64	550	38	63
640	0	64	612	44	63
704	0	64	670	44	63
768	0	64	730	48	63
832	0	64	794	53	60
896	0	64	853	57	60
960	0	64	913	63	60
1023	0	64	972	66	60
0	64	64	23	63	63
64	64	64	63	63	63
128	64	64	125	63	63
192	64	64	187	63	63
256	64	64	248	66	63
320	64	64	310	66	63
384	64	64	371	66	63
448	64	64	431	69	63
512	64	64	491	69	63
576	64	64	551	72	63
640	64	64	612	75	63
704	64	64	670	77	63
768	64	64	730	77	63
832	64	64	794	82	60
896	64	64	853	85	60
960	64	64	914	87	60
1023	64	64	972	89	60
0	128	64	38	129	66
64	128	64	72	129	66
128	128	64	129	129	66
192	128	64	189	129	66
256	128	64	250	130	66
320	128	64	311	130	63
384	128	64	372	130	63
448	128	64	432	132	63
512	128	64	492	132	63
576	128	64	551	133	63
640	128	64	613	134	63
704	128	64	671	136	63
768	128	64	731	136	63
832	128	64	794	137	63
896	128	64	853	139	63
960	128	64	914	141	60
1023	128	64	973	142	60
0	192	64	60	193	66
64	192	64	85	193	66
128	192	64	134	193	66
192	192	64	193	193	66
256	192	64	252	193	66
320	192	64	313	195	66
384	192	64	373	195	66
448	192	64	433	196	66
512	192	64	493	196	66
576	192	64	553	197	66
640	192	64	614	197	66
704	192	64	672	198	66
768	192	64	732	198	63
832	192	64	795	199	63
896	192	64	854	199	63
960	192	64	915	201	63
1023	192	64	974	202	63
0	256	64	80	258	69
64	256	64	97	258	69
128	256	64	143	258	69
192	256	64	198	258	69
256	256	64	256	259	69
320	256	64	316	259	69
384	256	64	376	260	69
448	256	64	436	260	69
512	256	64	495	261	69
576	256	64	555	261	69
640	256	64	616	261	66
704	256	64	674	262	66
768	256	64	734	262	66
832	256	64	797	262	66
896	256	64	856	262	66
960	256	64	916	263	66
1023	256	64	975	263	66
0	320	64	99	322	72
64	320	64	113	322	72
128	320	64	153	322	72
192	320	64	205	322	72
256	320	64	262	322	72
320	320	64	321	323	72
384	320	64	380	324	72
448	320	64	439	324	72
512	320	64	498	324	72
576	320	64	558	324	72
640	320	64	618	325	69
704	320	64	676	325	69
768	320	64	736	326	69
832	320	64	799	326	69
896	320	64	857	325	69
960	320	64	918	326	69
1023	320	64	976	326	69
0	384	64	117	386	75
64	384	64	129	386	75
128	384	64	165	386	75
192	384	64	213	386	75
256	384	64	268	386	75
320	384	64	325	386	75
384	384	64	384	388	75
448	384	64	443	388	75
512	384	64	501	388	75
576	384	64	561	388	75
640	384	64	620	388	75
704	384	64	679	389	75
768	384	64	738	389	75
832	384	64	800	389	72
896	384	64	859	388	72
960	384	64	919	389	72
1023	384	64	977	389	72
0	448	64	138	447	82
64	448	64	148	447	82
128	448	64	179	447	82
192	448	64	224	447	80
256	448	64	276	447	80
320	448	64	332	447	80
384	448	64	390	448	80
448	448	64	447	448	80
512	448	64	505	449	80
576	448	64	564	449	80
640	448	64	623	449	77
704	448	64	681	449	77
768	448	64	741	449	77
832	448	64	802	449	77
896	448	64	861	449	77
960	448	64	921	449	77
1023	448	64	978	450	77
0	512	64	158	509	87
64	512	64	166	509	87
128	512	64	194	509	87
192	512	64	236	509	87
256	512	64	286	509	87
320	512	64	340	510	87
384	512	64	396	510	87
448	512	64	452	510	87
512	512	64	510	510	87
576	512	64	568	510	87
640	512	64	627	510	85
704	512	64	684	510	85
768	512	64	743	510	85
832	512	64	805	510	85
896	512	64	864	510	85
960	512	64	923	510	85
1023	512	64	980	511	85
0	576	64	178	572	91
64	576	64	185	572	91
128	576	64	210	573	91
192	576	64	248	573	91
256	576	64	296	573	91
320	576	64	348	573	91
384	576	64	403	574	91
448	576	64	459	574	91
512	576	64	515	575	91
576	576	64	573	574	91
640	576	64	631	575	91
704	576	64	688	575	91
768	576	64	747	575	89
832	576	64	808	574	89
896	576	64	867	574	89
960	576	64	926	575	89
1023	576	64	982	575	89
0	640	64	198	633	99
64	640	64	204	633	99
128	640	64	228	633	99
192	640	64	263	633	97
256	640	64	308	633	97
320	640	64	358	634	97
384	640	64	411	634	97
448	640	64	466	634	97
512	640	64	521	634	97
576	640	64	579	635	95
640	640	64	636	635	95
704	640	64	693	635	95
768	640	64	751	635	95
832	640	64	812	635	95
896	640	64	870	634	95
960	640	64	929	635	95
1023	640	64	985	634	93
0	704	64	218	694	104
64	704	64	224	694	104
128	704	64	245	695	104
192	704	64	278	695	104
256	704	64	321	695	104
320	704	64	368	695	104
384	704	64	420	695	104
448	704	64	473	695	104
512	704	64	527	695	103
576	704	64	584	695	103
640	704	64	640	695	103
704	704	64	697	695	103
768	704	64	755	695	103
832	704	64	815	695	103
896	704	64	873	695	103
960	704	64	932	695	103
1023	704	64	989	697	101
0	768	64	238	757	109
64	768	64	244	757	109
128	768	64	262	757	109
192	768	64	294	757	109
256	768	64	333	758	109
320	768	64	379	758	109
384	768	64	429	758	109
448	768	64	481	759	109
512	768	64	535	758	109
576	768	64	591	759	109
640	768	64	646	758	109
704	768	64	702	758	108
768	768	64	760	759	108
832	768	64	819	759	108
896	768	64	877	758	108
960	768	64	936	759	108
1023	768	64	992	760	108
0	832	64	259	820	117
64	832	64	264	820	117
128	832	64	281	821	117
192	832	64	310	821	117
256	832	64	348	821	117
320	832	64	392	821	117
384	832	64	439	821	116
448	832	64	490	821	116
512	832	64	543	821	116
576	832	64	598	821	116
640	832	64	653	821	116
704	832	64	709	822	116
768	832	64	767	822	116
832	832	64	824	821	116
896	832	64	883	822	116
960	832	64	941	822	114
1023	832	64	996	822	114
0	896	64	279	881	123
64	896	64	284	881	123
128	896	64	300	881	123
192	896	64	327	881	123
256	896	64	363	882	123
320	896	64	405	882	123
384	896	64	451	882	122
448	896	64	500	882	122
512	896	64	552	883	122
576	896	64	607	883	122
640	896	64	659	882	122
704	896	64	715	882	122
768	896	64	774	883	122
832	896	64	830	883	122
896	896	64	888	883	122
960	896	64	946	883	120
1023	896	64	1001	884	120
0	960	64	299	943	130
64	960	64	304	943	130
128	960	64	318	943	130
192	960	64	343	944	130
256	960	64	378	944	130
320	960	64	418	944	130
384	960	64	462	944	130
448	960	64	510	944	130
512	960	64	561	945	130
576	960	64	615	945	130
640	960	64	667	944	129
704	960	64	722	945	129
768	960	64	780	946	129
832	960	64	836	946	129
896	960	64	893	945	129
960	960	64	951	946	129
1023	960	64	1006	946	129
0	1023	64	320	1005	138
64	1023	64	323	1005	138
128	1023	64	337	1005	138
192	1023	64	361	1005	138
256	1023	64	393	1006	136
320	1023	64	431	1006	136
384	1023	64	474	1006	136
448	1023	64	521	1006	136
512	1023	64	571	1007	136
576	1023	64	623	1006	136
640	1023	64	674	1007	136
704	1023	64	729	1007	136
768	1023	64	786	1007	136
832	1023	64	842	1008	136
896	1023	64	899	1008	136
960	1023	64	955	1008	134
1023	1023	64	1011	1009	134
0	0	128	23	0	123
64	0	128	66	0	123
128	0	128	125	0	123
192	0	128	187	0	123
256	0	128	248	23	125
320	0	128	309	23	125
384	0	128	371	23	125
448	0	128	431	32	125
512	0	128	491	32	123
576	0	128	551	38	123
640	0	128	612	44	123
704	0	128	670	44	123
768	0	128	730	48	123
832	0	128	794	53	123
896	0	128	853	57	123
960	0	128	913	63	123
1023	0	128	972	66	122
0	64	128	32	63	126
64	64	128	66	63	126
128	64	128	126	63	125
192	64	128	187	63	125
256	64	128	249	66	125
320	64	128	310	66	125
384	64	128	371	66	125
448	64	128	431	69	125
512	64	128	491	69	125
576	64	128	551	72	123
640	64	128	612	75	123
704	64	128	670	77	123
768	64	128	730	80	123
832	64	128	794	82	123
896	64	128	853	85	123
960	64	128	913	87	123
1023	64	128	972	89	123
0	128	128	44	129	126
64	128	128	75	129	126
128	128	128	130	129	125
192	128	128	190	129	125
256	128	128	250	130	125
320	128	128	311	130	125
384	128	128	372	130	125
448	128	128	432	132	125
512	128	128	492	132	125
576	128	128	552	133	125
640	128	128	613	136	125
704	128	128	671	136	125
768	128	128	731	137	123
832	128	128	794	138	123
896	128	128	853	139	123
960	128	128	914	141	123
1023	128	128	973	142	123
0	192	128	63	193	128
64	192	128	87	193	128
128	192	128	136	193	128
192	192	128	193	193	126
256	192	128	253	194	126
320	192	128	313	195	126
384	192	128	374	195	126
448	192	128	434	196	125
512	192	128	494	196	125
576	192	128	553	197	125
640	192	128	614	198	125
704	192	128	672	198	125
768	192	128	732	198	125
832	192	128	795	199	125
896	192	128	854	199	125
960	192	128	915	201	125
1023	192	128	973	202	123
0	256	128	82	258	128
64	256	128	99	258	128
128	256	128	144	258	128
192	256	128	198	258	126
256	256	128	257	259	126
320	256	128	317	260	126
384	256	128	377	260	126
448	256	128	436	260	126
512	256	128	495	261	126
576	256	128	555	261	126
640	256	128	616	262	126
704	256	128	674	262	126
768	256	128	734	262	126
832	256	128	797	263	126
896	256	128	856	262	125
960	256	128	916	263	125
1023	256	128	975	264	125
0	320	128	101	322	130
64	320	128	114	322	130
128	320	128	155	322	130
192	320	128	206	322	129
256	320	128	262	323	129
320	320	128	321	323	129
384	320	128	381	324	129
448	320	128	439	324	129
512	320	128	498	325	129
576	320	128	558	325	128
640	320	128	618	325	129
704	320	128	676	326	129
768	320	128	736	326	129
832	320	128	798	326	129
896	320	128	857	326	129
960	320	128	917	326	128
1023	320	128	976	327	128
0	384	128	119	386	132
64	384	128	133	386	132
128	384	128	166	386	132
192	384	128	214	386	132
256	384	128	269	386	132
320	384	128	326	387	132
384	384	128	385	388	132
448	384	128	443	388	132
512	384	128	501	388	132
576	384	128	561	389	130
640	384	128	620	389	130
704	384	128	678	389	130
768	384	128	738	389	130
832	384	128	800	389	130
896	384	128	859	389	130
960	384	128	919	389	130
1023	384	128	977	390	130
0	448	128	139	447	136
64	448	128	149	447	136
128	448	128	180	448	134
192	448	128	225	448	133
256	448	128	277	448	133
320	448	128	332	448	133
384	448	128	390	449	133
448	448	128	447	449	133
512	448	128	505	449	133
576	448	128	564	449	133
640	448	128	623	449	133
704	448	128	681	449	133
768	448	128	740	450	133
832	448	128	802	450	133
896	448	128	861	450	133
960	448	128	920	449	132
1023	448	128	978	450	132
0	512	128	159	509	137
64	512	128	167	509	137
128	512	128	195	509	137
192	512	128	236	509	137
256	512	128	286	510	136
320	512	128	340	510	136
384	512	128	396	510	136
448	512	128	452	510	136
512	512	128	510	510	136
576	512	128	568	511	136
640	512	128	627	511	136
704	512	128	684	511	136
768	512	128	743	511	136
832	512	128	805	511	136
896	512	128	863	511	134
960	512	128	922	511	134
1023	512	128	980	511	134
0	576	128	179	573	141
64	576	128	186	573	141
128	576	128	211	573	141
192	576	128	249	573	141
256	576	128	297	573	141
320	576	128	348	574	141
384	576	128	404	575	141
448	576	128	459	575	141
512	576	128	515	575	139
576	576	128	573	575	139
640	576	128	631	575	139
704	576	128	688	575	139
768	576	128	746	575	139
832	576	128	808	575	139
896	576	128	866	575	139
960	576	128	925	575	139
1023	576	128	982	575	138
0	640	128	198	633	144
64	640	128	205	633	144
128	640	128	228	633	144
192	640	128	263	633	143
256	640	128	308	634	143
320	640	128	359	634	143
384	640	128	412	635	143
448	640	128	466	635	143
512	640	128	521	635	143
576	640	128	578	635	143
640	640	128	636	635	143
704	640	128	693	635	143
768	640	128	751	635	143
832	640	128	811	635	143
896	640	128	870	635	142
960	640	128	929	635	142
1023	640	128	985	635	142
0	704	128	218	695	148
64	704	128	225	695	148
128	704	128	245	695	148
192	704	128	279	695	148
256	704	128	321	696	148
320	704	128	369	695	148
384	704	128	420	695	148
448	704	128	473	695	147
512	704	128	527	695	147
576	704	128	584	695	147
640	704	128	640	695	147
704	704	128	697	696	148
768	704	128	755	696	148
832	704	128	815	696	145
896	704	128	873	696	145
960	704	128	932	696	145
1023	704	128	989	697	145
0	768	128	238	758	153
64	768	128	244	758	152
128	768	128	263	758	152
192	768	128	294	758	152
256	768	128	334	758	152
320	768	128	380	758	151
384	768	128	429	759	151
448	768	128	481	759	151
512	768	128	535	759	151
576	768	128	591	759	151
640	768	128	646	759	151
704	768	128	702	759	151
768	768	128	760	759	151
832	768	128	819	759	151
896	768	128	877	759	151
960	768	128	936	760	150
1023	768	128	992	761	150
0	832	128	259	821	157
64	832	128	265	821	157
128	832	128	281	821	157
192	832	128	310	821	157
256	832	128	348	821	157
320	832	128	392	821	157
384	832	128	439	821	157
448	832	128	490	821	157
512	832	128	542	821	156
576	832	128	598	821	157
640	832	128	652	822	156
704	832	128	708	822	157
768	832	128	766	822	156
832	832	128	824	822	155
896	832	128	882	822	155
960	832	128	940	822	155
1023	832	128	996	823	155
0	896	128	279	881	162
64	896	128	284	881	162
128	896	128	300	881	161
192	896	128	327	882	161
256	896	128	363	882	161
320	896	128	405	883	161
384	896	128	451	883	161
448	896	128	500	883	161
512	896	128	552	883	161
576	896	128	607	883	161
640	896	128	659	882	161
704	896	128	715	883	161
768	896	128	773	884	160
832	896	128	830	883	160
896	896	128	888	883	160
960	896	128	946	884	160
1023	896	128	1001	884	160
0	960	128	300	944	166
64	960	128	304	944	166
128	960	128	319	944	166
192	960	128	344	944	166
256	960	128	378	944	166
320	960	128	418	945	166
384	960	128	462	945	166
448	960	128	510	945	166
512	960	128	561	946	166
576	960	128	615	945	166
640	960	128	666	945	166
704	960	128	722	946	166
768	960	128	780	946	166
832	960	128	836	946	166
896	960	128	893	946	164
960	960	128	950	947	164
1023	960	128	1005	947	164
0	1023	128	320	1005	172
64	1023	128	324	1005	172
128	1023	128	337	1006	172
192	1023	128	361	1006	172
256	1023	128	393	1006	172
320	1023	128	431	1006	172
384	1023	128	474	1006	171
448	1023	128	521	1007	171
512	1023	128	571	1007	171
576	1023	128	623	1007	171
640	1023	128	674	1007	171
704	1023	128	728	1008	171
768	1023	128	786	1008	170
832	1023	128	842	1008	170
896	1023	128	898	1008	170
960	1023	128	955	1009	170
1023	1023	128	1010	1009	170
0	0	192	38	0	185
64	0	192	69	0	185
128	0	192	128	0	185
192	0	192	188	0	185
256	0	192	249	23	187
320	0	192	310	23	186
384	0	192	372	23	186
448	0	192	431	32	186
512	0	192	491	32	186
576	0	192	551	38	186
640	0	192	612	44	186
704	0	192	670	44	186
768	0	192	730	48	186
832	0	192	793	53	186
896	0	192	853	60	185
960	0	192	913	63	185
1023	0	192	971	66	186
0	64	192	44	63	187
64	64	192	72	63	187
128	64	192	130	63	187
192	64	192	188	66	187
256	64	192	250	66	187
320	64	192	311	66	186
384	64	192	372	66	186
448	64	192	432	69	186
512	64	192	492	69	186
576	64	192	551	72	186
640	64	192	612	77	186
704	64	192	670	77	186
768	64	192	730	82	187
832	64	192	794	85	186
896	64	192	853	85	185
960	64	192	913	87	185
1023	64	192	972	89	186
0	128	192	53	129	188
64	128	192	80	129	188
128	128	192	133	129	188
192	128	192	191	130	188
256	128	192	251	130	188
320	128	192	312	130	186
384	128	192	373	132	186
448	128	192	433	133	186
512	128	192	492	133	186
576	128	192	552	134	186
640	128	192	613	136	186
704	128	192	671	137	186
768	128	192	731	138	187
832	128	192	794	139	187
896	128	192	853	139	186
960	128	192	913	141	185
1023	128	192	972	142	186
0	192	192	69	193	188
64	192	192	91	193	188
128	192	192	138	193	188
192	192	192	195	194	188
256	192	192	254	194	188
320	192	192	314	196	187
384	192	192	375	196	187
448	192	192	434	197	187
512	192	192	494	197	187
576	192	192	553	198	187
640	192	192	614	198	187
704	192	192	672	198	186
768	192	192	732	199	187
832	192	192	795	200	187
896	192	192	854	200	186
960	192	192	914	202	186
1023	192	192	973	202	187
0	256	192	87	258	188
64	256	192	103	258	188
128	256	192	147	259	188
192	256	192	200	259	188
256	256	192	258	259	188
320	256	192	317	261	188
384	256	192	378	261	188
448	256	192	437	261	188
512	256	192	496	261	188
576	256	192	555	262	187
640	256	192	616	262	187
704	256	192	674	262	187
768	256	192	734	263	188
832	256	192	796	263	188
896	256	192	855	263	187
960	256	192	916	263	187
1023	256	192	974	265	188
0	320	192	104	323	190
64	320	192	117	323	190
128	320	192	157	323	190
192	320	192	207	323	190
256	320	192	263	324	190
320	320	192	322	324	189
384	320	192	381	325	189
448	320	192	440	325	189
512	320	192	498	325	189
576	320	192	558	325	189
640	320	192	618	326	188
704	320	192	676	326	188
768	320	192	735	327	188
832	320	192	798	327	188
896	320	192	857	327	188
960	320	192	917	327	188
1023	320	192	975	327	188
0	384	192	122	387	192
64	384	192	134	387	192
128	384	192	169	387	192
192	384	192	215	387	191
256	384	192	270	387	191
320	384	192	327	388	190
384	384	192	385	388	190
448	384	192	443	389	190
512	384	192	502	389	190
576	384	192	561	389	190
640	384	192	620	389	190
704	384	192	678	389	190
768	384	192	737	390	190
832	384	192	800	390	189
896	384	192	858	389	189
960	384	192	918	390	189
1023	384	192	976	390	189
0	448	192	142	448	193
64	448	192	151	448	193
128	448	192	182	448	193
192	448	192	226	448	193
256	448	192	278	448	193
320	448	192	333	449	193
384	448	192	390	449	193
448	448	192	447	449	193
512	448	192	505	450	193
576	448	192	564	450	193
640	448	192	623	450	192
704	448	192	681	450	192
768	448	192	740	451	192
832	448	192	802	450	192
896	448	192	860	450	192
960	448	192	920	450	191
1023	448	192	977	451	192
0	512	192	161	509	195
64	512	192	169	510	195
128	512	192	197	510	195
192	512	192	238	510	195
256	512	192	287	510	195
320	512	192	340	511	194
384	512	192	397	511	194
448	512	192	453	511	194
512	512	192	510	511	194
576	512	192	568	511	194
640	512	192	627	512	193
704	512	192	684	512	193
768	512	192	743	512	193
832	512	192	804	512	193
896	512	192	863	512	193
960	512	192	922	512	193
1023	512	192	979	512	193
0	576	192	179	573	198
64	576	192	188	573	198
128	576	192	212	574	198
192	576	192	250	574	197
256	576	192	298	574	197
320	576	192	349	575	197
384	576	192	404	575	197
448	576	192	459	575	197
512	576	192	515	575	197
576	576	192	573	575	196
640	576	192	631	575	196
704	576	192	688	576	196
768	576	192	746	576	195
832	576	192	807	576	195
896	576	192	865	575	195
960	576	192	925	576	195
1023	576	192	981	576	195
0	640	192	200	634	200
64	640	192	206	634	200
128	640	192	229	634	200
192	640	192	265	634	200
256	640	192	309	634	199
320	640	192	359	635	199
384	640	192	412	635	199
448	640	192	466	635	199
512	640	192	521	635	198
576	640	192	578	635	198
640	640	192	635	636	198
704	640	192	692	636	198
768	640	192	751	636	198
832	640	192	811	636	198
896	640	192	869	635	198
960	640	192	928	636	198
1023	640	192	984	636	198
0	704	192	220	696	202
64	704	192	226	696	202
128	704	192	247	696	202
192	704	192	280	696	202
256	704	192	322	696	202
320	704	192	369	696	202
384	704	192	420	696	202
448	704	192	473	696	202
512	704	192	527	696	202
576	704	192	584	696	202
640	704	192	640	696	201
704	704	192	697	697	202
768	704	192	755	697	202
832	704	192	815	697	201
896	704	192	872	697	201
960	704	192	931	697	201
1023	704	192	988	698	200
0	768	192	240	758	206
64	768	192	245	758	206
128	768	192	263	758	206
192	768	192	294	759	206
256	768	192	334	759	205
320	768	192	380	759	205
384	768	192	430	759	205
448	768	192	481	760	205
512	768	192	535	760	205
576	768	192	591	760	205
640	768	192	646	760	205
704	768	192	701	760	204
768	768	192	760	760	204
832	768	192	818	760	204
896	768	192	876	760	204
960	768	192	935	761	204
1023	768	192	991	762	204
0	832	192	260	821	209
64	832	192	265	821	209
128	832	192	282	821	209
192	832	192	311	822	209
256	832	192	348	822	209
320	832	192	392	822	209
384	832	192	440	822	208
448	832	192	490	822	208
512	832	192	542	822	208
576	832	192	598	822	208
640	832	192	652	822	208
704	832	192	708	823	208
768	832	192	766	823	208
832	832	192	823	823	207
896	832	192	881	823	207
960	832	192	940	824	207
1023	832	192	995	824	206
0	896	192	280	882	213
64	896	192	284	882	213
128	896	192	301	882	212
192	896	192	327	882	212
256	896	192	363	883	212
320	896	192	406	883	212
384	896	192	451	883	212
448	896	192	500	884	212
512	896	192	552	884	212
576	896	192	607	884	212
640	896	192	659	883	211
704	896	192	714	884	211
768	896	192	773	885	211
832	896	192	829	884	211
896	896	192	887	884	211
960	896	192	945	885	210
1023	896	192	1000	886	210
0	960	192	300	944	215
64	960	192	305	944	215
128	960	192	319	945	215
192	960	192	344	945	216
256	960	192	378	945	216
320	960	192	418	946	215
384	960	192	462	946	215
448	960	192	510	946	215
512	960	192	561	947	215
576	960	192	614	946	215
640	960	192	666	946	215
704	960	192	721	947	215
768	960	192	779	948	215
832	960	192	835	947	215
896	960	192	892	947	215
960	960	192	949	948	215
1023	960	192	1004	948	215
0	1023	192	320	1006	220
64	1023	192	324	1006	220
128	1023	192	338	1007	220
192	1023	192	361	1007	219
256	1023	192	393	1007	219
320	1023	192	431	1007	219
384	1023	192	474	1007	219
448	1023	192	520	1008	219
512	1023	192	570	1008	219
576	1023	192	623	1008	219
640	1023	192	674	1008	219
704	1023	192	728	1009	219
768	1023	192	786	1009	219
832	1023	192	841	1010	219
896	1023	192	897	1010	218
960	1023	192	954	1010	218
1023	1023	192	1009	1011	218
0	0	256	53	0	247
64	0	256	77	0	247
128	0	256	132	0	247
192	0	256	190	0	247
256	0	256	251	23	248
320	0	256	312	23	248
384	0	256	372	23	247
448	0	256	432	32	248
512	0	256	492	32	248
576	0	256	552	38	247
640	0	256	612	44	247
704	0	256	670	48	248
768	0	256	730	48	248
832	0	256	793	57	248
896	0	256	853	60	248
960	0	256	913	63	247
1023	0	256	971	66	247
0	64	256	57	63	248
64	64	256	82	63	248
128	64	256	132	63	248
192	64	256	191	66	248
256	64	256	251	66	248
320	64	256	312	66	248
384	64	256	372	69	248
448	64	256	432	69	248
512	64	256	492	75	248
576	64	256	552	75	247
640	64	256	612	77	247
704	64	256	670	80	248
768	64	256	731	82	248
832	64	256	793	85	248
896	64	256	853	87	248
960	64	256	913	89	247
1023	64	256	971	91	247
0	128	256	63	129	248
64	128	256	87	129	248
128	128	256	137	129	248
192	128	256	193	130	248
256	128	256	253	132	248
320	128	256	313	132	248
384	128	256	373	132	248
448	128	256	433	133	248
512	128	256	493	134	248
576	128	256	553	134	248
640	128	256	613	136	248
704	128	256	671	137	247
768	128	256	731	138	248
832	128	256	794	139	248
896	128	256	853	141	248
960	128	256	913	142	248
1023	128	256	971	143	248
0	192	256	75	194	249
64	192	256	97	194	249
128	192	256	142	194	248
192	192	256	198	194	248
256	192	256	255	196	248
320	192	256	315	196	248
384	192	256	375	196	248
448	192	256	435	198	248
512	192	256	494	197	248
576	192	256	554	198	248
640	192	256	614	199	248
704	192	256	672	198	248
768	192	256	732	200	248
832	192	256	795	200	248
896	192	256	854	202	248
960	192	256	914	202	248
1023	192	256	972	202	248
0	256	256	93	259	249
64	256	256	108	259	249
128	256	256	150	259	249
192	256	256	202	260	249
256	256	256	260	260	249
320	256	256	318	261	248
384	256	256	378	261	248
448	256	256	437	262	248
512	256	256	496	262	249
576	256	256	556	263	249
640	256	256	616	263	248
704	256	256	674	263	248
768	256	256	733	263	249
832	256	256	796	264	248
896	256	256	855	264	248
960	256	256	915	265	248
1023	256	256	973	265	248
0	320	256	109	324	252
64	320	256	122	324	252
128	320	256	160	324	251
192	320	256	209	324	251
256	320	256	265	325	251
320	320	256	322	325	250
384	320	256	381	326	250
448	320	256	440	326	250
512	320	256	499	326	250
576	320	256	558	327	250
640	320	256	618	327	250
704	320	256	675	327	250
768	320	256	735	327	250
832	320	256	798	328	250
896	320	256	856	327	250
960	320	256	916	327	250
1023	320	256	974	328	250
0	384	256	126	388	253
64	384	256	138	388	253
128	384	256	172	388	253
192	384	256	218	388	253
256	384	256	271	388	253
320	384	256	328	389	252
384	384	256	386	389	252
448	384	256	444	390	251
512	384	256	502	390	251
576	384	256	561	390	251
640	384	256	620	390	251
704	384	256	678	390	251
768	384	256	737	391	251
832	384	256	799	391	251
896	384	256	857	391	251
960	384	256	917	391	251
1023	384	256	975	392	250
0	448	256	145	449	254
64	448	256	155	449	254
128	448	256	184	449	254
192	448	256	228	449	254
256	448	256	279	450	253
320	448	256	334	450	253
384	448	256	391	451	253
448	448	256	448	451	253
512	448	256	506	451	253
576	448	256	564	451	253
640	448	256	623	451	253
704	448	256	680	451	253
768	448	256	740	452	253
832	448	256	801	451	253
896	448	256	860	451	252
960	448	256	919	451	252
1023	448	256	976	452	252
0	512	256	164	510	255
64	512	256	172	510	255
128	512	256	199	511	255
192	512	256	240	511	255
256	512	256	289	511	255
320	512	256	342	512	255
384	512	256	398	512	255
448	512	256	453	512	255
512	512	256	510	512	254
576	512	256	568	512	254
640	512	256	627	513	254
704	512	256	684	513	255
768	512	256	742	513	255
832	512	256	803	513	253
896	512	256	862	513	253
960	512	256	921	513	253
1023	512	256	978	513	253
0	576	256	182	574	258
64	576	256	190	575	258
128	576	256	215	575	258
192	576	256	252	575	257
256	576	256	299	575	256
320	576	256	350	576	256
384	576	256	405	576	256
448	576	256	459	576	256
512	576	256	515	576	256
576	576	256	573	576	256
640	576	256	630	576	256
704	576	256	687	577	256
768	576	256	745	577	256
832	576	256	806	577	256
896	576	256	864	577	255
960	576	256	924	577	255
1023	576	256	980	578	255
0	640	256	202	635	259
64	640	256	209	635	259
128	640	256	231	635	259
192	640	256	266	635	259
256	640	256	310	636	258
320	640	256	359	636	258
384	640	256	412	636	258
448	640	256	466	636	258
512	640	256	521	636	258
576	640	256	578	636	258
640	640	256	635	637	258
704	640	256	691	637	258
768	640	256	750	637	257
832	640	256	810	637	257
896	640	256	868	637	257
960	640	256	927	637	257
1023	640	256	983	638	257
0	704	256	222	697	261
64	704	256	228	697	261
128	704	256	248	697	261
192	704	256	281	697	261
256	704	256	323	697	261
320	704	256	370	697	261
384	704	256	421	697	260
448	704	256	473	697	260
512	704	256	527	697	260
576	704	256	584	697	260
640	704	256	640	697	260
704	704	256	696	698	260
768	704	256	754	698	260
832	704	256	814	699	259
896	704	256	871	698	259
960	704	256	930	698	259
1023	704	256	986	699	259
0	768	256	241	759	263
64	768	256	246	759	263
128	768	256	265	760	263
192	768	256	295	760	263
256	768	256	335	760	262
320	768	256	381	760	262
384	768	256	430	760	262
448	768	256	481	761	262
512	768	256	535	761	262
576	768	256	590	761	262
640	768	256	645	761	262
704	768	256	701	762	262
768	768	256	759	762	262
832	768	256	818	762	262
896	768	256	875	762	261
960	768	256	934	762	261
1023	768	256	989	763	261
0	832	256	261	822	266
64	832	256	266	822	266
128	832	256	283	823	266
192	832	256	312	823	265
256	832	256	349	823	265
320	832	256	393	823	265
384	832	256	440	823	265
448	832	256	490	823	265
512	832	256	542	823	265
576	832	256	598	824	265
640	832	256	651	824	265
704	832	256	707	824	264
768	832	256	765	825	265
832	832	256	822	824	264
896	832	256	880	825	264
960	832	256	938	825	264
1023	832	256	994	825	264
0	896	256	281	883	270
64	896	256	286	883	270
128	896	256	302	883	268
192	896	256	328	883	268
256	896	256	364	884	268
320	896	256	406	884	268
384	896	256	451	884	268
448	896	256	500	885	268
512	896	256	552	885	268
576	896	256	606	885	268
640	896	256	659	885	267
704	896	256	714	885	267
768	896	256	772	886	267
832	896	256	828	885	267
896	896	256	886	886	267
960	896	256	944	887	267
1023	896	256	999	887	267
0	960	256	301	945	271
64	960	256	306	945	271
128	960	256	320	946	271
192	960	256	345	946	271
256	960	256	379	947	271
320	960	256	419	947	271
384	960	256	463	947	270
448	960	256	510	947	270
512	960	256	561	948	271
576	960	256	614	948	270
640	960	256	666	948	270
704	960	256	721	949	270
768	960	256	778	949	270
832	960	256	834	949	270
896	960	256	891	949	270
960	960	256	948	950	270
1023	960	256	1003	950	270
0	1023	256	321	1008	274
64	1023	256	325	1008	274
128	1023	256	339	1008	274
192	1023	256	362	1008	274
256	1023	256	394	1009	274
320	1023	256	432	1009	274
384	1023	256	474	1009	274
448	1023	256	520	1009	274
512	1023	256	570	1010	274
576	1023	256	622	1010	274
640	1023	256	674	1010	273
704	1023	256	728	1011	273
768	1023	256	785	1011	273
832	1023	256	840	1012	272
896	1023	256	897	1012	272
960	1023	256	953	1011	273
1023	1023	256	1008	1012	272
0	0	320	66	0	309
64	0	320	89	0	309
128	0	320	138	0	309
192	0	320	193	23	312
256	0	320	253	23	311
320	0	320	313	23	311
384	0	320	373	23	311
448	0	320	433	32	310
512	0	320	493	32	310
576	0	320	553	38	310
640	0	320	613	44	310
704	0	320	670	48	310
768	0	320	731	53	310
832	0	320	793	57	310
896	0	320	853	60	310
960	0	320	912	63	309
1023	0	320	970	66	310
0	64	320	66	63	313
64	64	320	91	63	313
128	64	320	138	66	312
192	64	320	194	66	312
256	64	320	253	66	311
320	64	320	313	66	311
384	64	320	374	72	311
448	64	320	433	72	311
512	64	320	493	75	310
576	64	320	553	75	310
640	64	320	613	77	310
704	64	320	670	80	310
768	64	320	731	82	310
832	64	320	793	85	310
896	64	320	853	87	310
960	64	320	912	89	310
1023	64	320	970	91	310
0	128	320	75	130	313
64	128	320	95	130	313
128	128	320	142	132	312
192	128	320	196	132	312
256	128	320	255	132	311
320	128	320	315	132	311
384	128	320	375	133	311
448	128	320	434	133	311
512	128	320	494	134	311
576	128	320	553	134	311
640	128	320	613	136	310
704	128	320	671	137	310
768	128	320	731	138	310
832	128	320	794	139	310
896	128	320	853	141	310
960	128	320	913	142	310
1023	128	320	970	143	310
0	192	320	87	195	313
64	192	320	103	195	313
128	192	320	147	195	313
192	192	320	199	195	312
256	192	320	258	197	311
320	192	320	317	197	311
384	192	320	376	197	311
448	192	320	436	198	311
512	192	320	495	198	311
576	192	320	554	198	311
640	192	320	614	200	310
704	192	320	672	200	310
768	192	320	732	200	311
832	192	320	794	201	311
896	192	320	853	202	310
960	192	320	913	202	310
1023	192	320	971	203	310
0	256	320	101	260	313
64	256	320	114	260	313
128	256	320	155	261	313
192	256	320	206	261	312
256	256	320	261	261	312
320	256	320	320	262	311
384	256	320	379	262	311
448	256	320	438	263	311
512	256	320	497	263	311
576	256	320	556	263	311
640	256	320	616	264	311
704	256	320	674	264	311
768	256	320	733	265	311
832	256	320	796	265	311
896	256	320	854	265	310
960	256	320	914	266	310
1023	256	320	971	266	311
0	320	320	116	325	314
64	320	320	128	325	314
128	320	320	163	325	314
192	320	320	212	325	313
256	320	320	266	326	313
320	320	320	324	327	312
384	320	320	382	327	312
448	320	320	441	327	312
512	320	320	499	327	312
576	320	320	558	327	312
640	320	320	618	327	312
704	320	320	675	328	312
768	320	320	735	328	312
832	320	320	797	329	312
896	320	320	855	328	311
960	320	320	915	329	311
1023	320	320	972	330	312
0	384	320	132	389	315
64	384	320	143	389	315
128	384	320	176	389	315
192	384	320	221	389	315
256	384	320	273	389	314
320	384	320	329	390	313
384	384	320	387	390	313
448	384	320	444	391	313
512	384	320	502	391	313
576	384	320	561	391	313
640	384	320	620	392	312
704	384	320	678	391	312
768	384	320	737	392	313
832	384	320	799	392	312
896	384	320	857	392	312
960	384	320	916	392	312
1023	384	320	973	393	312
0	448	320	150	450	316
64	448	320	159	450	316
128	448	320	188	450	316
192	448	320	231	450	315
256	448	320	281	451	314
320	448	320	335	451	314
384	448	320	392	451	314
448	448	320	448	451	314
512	448	320	506	452	314
576	448	320	564	452	314
640	448	320	623	452	314
704	448	320	680	453	314
768	448	320	739	453	314
832	448	320	800	453	314
896	448	320	859	453	313
960	448	320	917	453	313
1023	448	320	975	454	313
0	512	320	168	511	317
64	512	320	176	511	317
128	512	320	202	512	317
192	512	320	242	512	316
256	512	320	290	512	316
320	512	320	343	513	316
384	512	320	399	514	316
448	512	320	454	513	315
512	512	320	510	513	315
576	512	320	568	514	315
640	512	320	626	514	315
704	512	320	684	514	315
768	512	320	742	514	315
832	512	320	803	514	315
896	512	320	861	514	314
960	512	320	920	514	314
1023	512	320	977	515	314
0	576	320	186	575	318
64	576	320	193	575	318
128	576	320	218	576	318
192	576	320	255	576	318
256	576	320	300	576	317
320	576	320	351	577	317
384	576	320	405	577	317
448	576	320	460	577	317
512	576	320	515	577	317
576	576	320	573	577	316
640	576	320	630	578	316
704	576	320	687	578	316
768	576	320	745	578	316
832	576	320	806	578	316
896	576	320	864	578	316
960	576	320	923	578	316
1023	576	320	979	579	316
0	640	320	205	636	320
64	640	320	212	636	320
128	640	320	233	636	320
192	640	320	269	636	319
256	640	320	312	637	318
320	640	320	361	637	318
384	640	320	413	637	318
448	640	320	467	637	318
512	640	320	521	637	318
576	640	320	578	637	318
640	640	320	635	638	318
704	640	320	691	638	318
768	640	320	749	638	318
832	640	320	810	638	317
896	640	320	867	638	317
960	640	320	926	639	317
1023	640	320	983	639	317
0	704	320	225	698	321
64	704	320	230	698	321
128	704	320	250	698	321
192	704	320	283	698	320
256	704	320	324	698	320
320	704	320	371	698	320
384	704	320	421	698	320
448	704	320	474	698	320
512	704	320	528	698	320
576	704	320	584	699	320
640	704	320	640	699	320
704	704	320	695	699	320
768	704	320	754	699	319
832	704	320	813	700	319
896	704	320	871	699	319
960	704	320	929	700	319
1023	704	320	985	700	319
0	768	320	243	760	323
64	768	320	248	760	323
128	768	320	267	760	322
192	768	320	297	761	322
256	768	320	336	761	322
320	768	320	382	761	322
384	768	320	431	761	322
448	768	320	482	761	321
512	768	320	535	762	322
576	768	320	591	762	321
640	768	320	645	762	321
704	768	320	701	763	321
768	768	320	759	763	321
832	768	320	817	763	321
896	768	320	875	763	320
960	768	320	933	764	320
1023	768	320	988	764	321
0	832	320	263	823	325
64	832	320	268	823	325
128	832	320	285	823	325
192	832	320	313	824	324
256	832	320	350	824	324
320	832	320	394	824	324
384	832	320	441	824	324
448	832	320	491	824	324
512	832	320	543	824	324
576	832	320	598	825	324
640	832	320	651	825	323
704	832	320	707	825	323
768	832	320	765	826	323
832	832	320	822	825	323
896	832	320	880	826	323
960	832	320	937	826	323
1023	832	320	993	827	323
0	896	320	283	884	327
64	896	320	288	884	327
128	896	320	303	884	326
192	896	320	329	884	326
256	896	320	365	884	326
320	896	320	407	885	326
384	896	320	452	885	326
448	896	320	501	886	326
512	896	320	552	886	326
576	896	320	606	886	326
640	896	320	659	886	326
704	896	320	714	887	325
768	896	320	771	887	326
832	896	320	828	887	325
896	896	320	885	888	325
960	896	320	943	888	325
1023	896	320	998	889	325
0	960	320	303	946	328
64	960	320	307	946	328
128	960	320	322	947	328
192	960	320	346	947	328
256	960	320	379	948	328
320	960	320	419	948	328
384	960	320	463	948	328
448	960	320	511	948	328
512	960	320	561	949	328
576	960	320	614	949	328
640	960	320	666	949	328
704	960	320	721	950	328
768	960	320	778	950	328
832	960	320	833	950	328
896	960	320	890	950	327
960	960	320	947	951	327
1023	960	320	1002	952	327
0	1023	320	322	1009	331
64	1023	320	327	1009	331
128	1023	320	340	1009	331
192	1023	320	363	1009	331
256	1023	320	395	1010	331
320	1023	320	432	1010	331
384	1023	320	475	1010	331
448	1023	320	521	1010	331
512	1023	320	570	1011	331
576	1023	320	622	1011	331
640	1023	320	674	1011	330
704	1023	320	727	1012	330
768	1023	320	785	1012	330
832	1023	320	840	1013	330
896	1023	320	896	1013	330
960	1023	320	952	1013	330
1023	1023	320	1007	1014	330
0	0	384	80	0	372
64	0	384	99	0	372
128	0	384	143	23	373
192	0	384	198	23	372
256	0	384	256	23	372
320	0	384	315	23	372
384	0	384	375	32	372
448	0	384	435	32	372
512	0	384	494	38	372
576	0	384	553	38	372
640	0	384	614	44	372
704	0	384	671	48	372
768	0	384	731	53	372
832	0	384	794	57	372
896	0	384	853	60	371
960	0	384	913	63	371
1023	0	384	971	66	371
0	64	384	80	66	373
64	64	384	101	66	373
128	64	384	144	66	373
192	64	384	198	66	373
256	64	384	256	66	372
320	64	384	316	66	372
384	64	384	376	72	372
448	64	384	435	72	372
512	64	384	494	75	372
576	64	384	553	75	372
640	64	384	614	77	372
704	64	384	672	80	372
768	64	384	731	82	372
832	64	384	794	85	372
896	64	384	853	87	371
960	64	384	913	89	371
1023	64	384	971	93	371
0	128	384	89	132	373
64	128	384	104	132	373
128	128	384	148	132	373
192	128	384	200	132	373
256	128	384	258	132	372
320	128	384	317	132	372
384	128	384	376	133	372
448	128	384	436	133	372
512	128	384	495	134	372
576	128	384	554	136	372
640	128	384	614	137	372
704	128	384	672	137	372
768	128	384	732	138	372
832	128	384	794	139	372
896	128	384	853	141	371
960	128	384	913	142	371
1023	128	384	971	144	372
0	192	384	97	195	373
64	192	384	111	195	373
128	192	384	152	195	373
192	192	384	204	196	373
256	192	384	261	197	373
320	192	384	319	197	372
384	192	384	378	197	372
448	192	384	437	198	372
512	192	384	496	198	372
576	192	384	555	199	372
640	192	384	616	200	372
704	192	384	673	201	372
768	192	384	733	202	372
832	192	384	795	202	372
896	192	384	854	202	372
960	192	384	914	203	371
1023	192	384	971	204	371
0	256	384	109	260	374
64	256	384	122	260	374
128	256	384	159	261	373
192	256	384	209	261	373
256	256	384	264	262	373
320	256	384	322	262	372
384	256	384	381	262	372
448	256	384	439	263	372
512	256	384	498	263	372
576	256	384	557	264	372
640	256	384	617	265	372
704	256	384	675	265	372
768	256	384	734	265	372
832	256	384	796	265	372
896	256	384	855	266	372
960	256	384	914	266	372
1023	256	384	972	266	372
0	320	384	122	325	375
64	320	384	134	325	375
128	320	384	168	325	375
192	320	384	216	325	375
256	320	384	269	326	374
320	320	384	326	327	374
384	320	384	384	327	374
448	320	384	442	327	373
512	320	384	501	327	373
576	320	384	560	328	373
640	320	384	619	328	373
704	320	384	677	328	373
768	320	384	736	329	373
832	320	384	798	329	373
896	320	384	856	329	373
960	320	384	915	329	373
1023	320	384	973	330	373
0	384	384	138	389	377
64	384	384	149	389	377
128	384	384	179	389	376
192	384	384	224	389	376
256	384	384	275	390	376
320	384	384	331	390	375
384	384	384	388	390	375
448	384	384	446	391	375
512	384	384	504	391	374
576	384	384	562	392	374
640	384	384	621	392	374
704	384	384	679	392	374
768	384	384	737	392	374
832	384	384	799	392	373
896	384	384	857	393	373
960	384	384	917	393	373
1023	384	384	974	393	373
0	448	384	155	451	377
64	448	384	164	451	377
128	448	384	192	451	377
192	448	384	234	451	377
256	448	384	283	451	376
320	448	384	337	451	375
384	448	384	394	452	375
448	448	384	450	452	375
512	448	384	507	452	375
576	448	384	565	452	375
640	448	384	624	453	375
704	448	384	681	453	375
768	448	384	739	453	375
832	448	384	801	453	375
896	448	384	859	453	374
960	448	384	918	453	374
1023	448	384	975	454	374
0	512	384	173	512	378
64	512	384	180	512	378
128	512	384	206	512	378
192	512	384	245	512	378
256	512	384	292	513	377
320	512	384	345	513	376
384	512	384	400	513	376
448	512	384	455	513	376
512	512	384	511	514	376
576	512	384	569	514	376
640	512	384	627	514	376
704	512	384	684	514	376
768	512	384	742	515	376
832	512	384	803	515	375
896	512	384	861	515	375
960	512	384	920	515	375
1023	512	384	977	515	375
0	576	384	190	576	379
64	576	384	197	576	379
128	576	384	220	576	379
192	576	384	257	576	379
256	576	384	302	576	377
320	576	384	353	577	377
384	576	384	407	577	377
448	576	384	461	577	377
512	576	384	516	577	377
576	576	384	573	578	377
640	576	384	631	578	377
704	576	384	687	578	377
768	576	384	745	578	377
832	576	384	807	579	376
896	576	384	864	578	376
960	576	384	924	579	376
1023	576	384	979	579	376
0	640	384	208	636	381
64	640	384	215	636	381
128	640	384	236	636	380
192	640	384	270	636	380
256	640	384	314	637	378
320	640	384	363	637	378
384	640	384	415	638	379
448	640	384	468	637	378
512	640	384	523	638	378
576	640	384	579	638	378
640	640	384	636	638	378
704	640	384	692	638	378
768	640	384	750	639	378
832	640	384	810	638	378
896	640	384	868	639	377
960	640	384	927	639	378
1023	640	384	982	639	377
0	704	384	228	697	381
64	704	384	233	697	381
128	704	384	253	697	381
192	704	384	285	698	380
256	704	384	326	698	380
320	704	384	372	698	380
384	704	384	423	698	380
448	704	384	475	699	380
512	704	384	528	699	379
576	704	384	585	699	379
640	704	384	640	699	379
704	704	384	696	699	379
768	704	384	754	700	379
832	704	384	813	700	379
896	704	384	871	700	379
960	704	384	930	700	379
1023	704	384	986	701	379
0	768	384	246	761	383
64	768	384	252	761	383
128	768	384	270	761	383
192	768	384	299	761	381
256	768	384	338	761	381
320	768	384	383	761	381
384	768	384	431	762	381
448	768	384	483	762	381
512	768	384	536	762	381
576	768	384	592	763	381
640	768	384	646	763	381
704	768	384	701	763	381
768	768	384	759	764	381
832	768	384	817	763	381
896	768	384	875	764	380
960	768	384	933	764	380
1023	768	384	989	765	380
0	832	384	266	823	384
64	832	384	271	823	384
128	832	384	288	824	384
192	832	384	315	824	384
256	832	384	352	824	384
320	832	384	395	824	384
384	832	384	442	825	383
448	832	384	492	825	383
512	832	384	544	825	383
576	832	384	599	825	383
640	832	384	652	826	383
704	832	384	707	826	382
768	832	384	766	827	382
832	832	384	822	826	382
896	832	384	880	826	382
960	832	384	938	827	382
1023	832	384	993	827	382
0	896	384	285	884	388
64	896	384	290	884	388
128	896	384	306	884	385
192	896	384	331	884	385
256	896	384	366	885	385
320	896	384	408	885	385
384	896	384	453	886	385
448	896	384	502	886	385
512	896	384	553	887	385
576	896	384	607	886	385
640	896	384	659	886	385
704	896	384	714	887	384
768	896	384	772	887	385
832	896	384	828	888	384
896	896	384	886	888	384
960	896	384	943	889	384
1023	896	384	998	889	384
0	960	384	305	947	388
64	960	384	309	947	388
128	960	384	323	947	388
192	960	384	348	947	388
256	960	384	381	948	388
320	960	384	420	948	387
384	960	384	464	948	387
448	960	384	511	949	387
512	960	384	562	949	387
576	960	384	615	949	386
640	960	384	666	950	387
704	960	384	721	950	386
768	960	384	779	951	386
832	960	384	834	951	386
896	960	384	890	951	386
960	960	384	948	952	386
1023	960	384	1003	952	386
0	1023	384	324	1009	389
64	1023	384	328	1009	389
128	1023	384	342	1009	389
192	1023	384	365	1009	389
256	1023	384	396	1010	389
320	1023	384	433	1010	389
384	1023	384	475	1010	389
448	1023	384	521	1011	389
512	1023	384	571	1011	389
576	1023	384	623	1011	389
640	1023	384	674	1011	388
704	1023	384	727	1012	388
768	1023	384	785	1012	388
832	1023	384	840	1013	388
896	1023	384	896	1013	388
960	1023	384	953	1014	388
1023	1023	384	1007	1014	388
0	0	448	95	23	435
64	0	448	109	23	435
128	0	448	150	23	435
192	0	448	202	23	434
256	0	448	259	23	433
320	0	448	318	23	433
384	0	448	378	32	433
448	0	448	436	32	432
512	0	448	495	38	432
576	0	448	555	38	432
640	0	448	615	44	432
704	0	448	673	48	432
768	0	448	732	53	432
832	0	448	795	57	432
896	0	448	854	60	432
960	0	448	914	63	432
1023	0	448	971	69	431
0	64	448	95	66	435
64	64	448	109	66	435
128	64	448	151	66	435
192	64	448	202	66	434
256	64	448	260	66	434
320	64	448	318	72	433
384	64	448	378	72	433
448	64	448	437	72	433
512	64	448	495	75	432
576	64	448	555	77	432
640	64	448	615	77	432
704	64	448	673	80	432
768	64	448	733	82	432
832	64	448	795	85	432
896	64	448	854	87	432
960	64	448	914	89	432
1023	64	448	971	93	431
0	128	448	101	132	435
64	128	448	114	132	435
128	128	448	153	132	435
192	128	448	205	132	434
256	128	448	261	132	434
320	128	448	319	133	433
384	128	448	379	133	433
448	128	448	438	133	433
512	128	448	496	136	433
576	128	448	556	137	433
640	128	448	616	137	432
704	128	448	673	138	432
768	128	448	733	139	432
832	128	448	796	141	432
896	128	448	854	141	432
960	128	448	914	142	432
1023	128	448	972	144	432
0	192	448	108	195	435
64	192	448	120	196	435
128	192	448	159	196	435
192	192	448	208	196	435
256	192	448	264	197	434
320	192	448	322	197	433
384	192	448	381	198	433
448	192	448	439	198	433
512	192	448	498	199	433
576	192	448	557	199	433
640	192	448	617	200	432
704	192	448	675	201	432
768	192	448	734	202	432
832	192	448	796	202	432
896	192	448	855	202	432
960	192	448	914	203	432
1023	192	448	972	204	432
0	256	448	119	260	436
64	256	448	130	261	435
128	256	448	165	261	435
192	256	448	214	261	435
256	256	448	267	262	434
320	256	448	324	262	433
384	256	448	383	263	433
448	256	448	441	263	433
512	256	448	500	264	433
576	256	448	559	265	433
640	256	448	619	265	433
704	256	448	676	265	433
768	256	448	735	265	433
832	256	448	797	266	433
896	256	448	855	266	432
960	256	448	915	266	432
1023	256	448	972	266	432
0	320	448	130	325	436
64	320	448	142	325	436
128	320	448	174	325	436
192	320	448	221	326	436
256	320	448	272	326	435
320	320	448	328	327	434
384	320	448	386	327	434
448	320	448	444	328	434
512	320	448	502	328	434
576	320	448	561	328	434
640	320	448	620	329	433
704	320	448	678	329	433
768	320	448	736	329	433
832	320	448	798	329	433
896	320	448	856	329	433
960	320	448	916	330	432
1023	320	448	973	330	433
0	384	448	145	389	438
64	384	448	156	389	438
128	384	448	184	389	437
192	384	448	228	390	437
256	384	448	279	390	436
320	384	448	333	390	435
384	384	448	390	391	435
448	384	448	447	391	434
512	384	448	505	391	434
576	384	448	563	392	434
640	384	448	622	392	434
704	384	448	679	392	434
768	384	448	738	393	434
832	384	448	799	393	433
896	384	448	858	393	433
960	384	448	917	393	433
1023	384	448	974	393	433
0	448	448	161	451	438
64	448	448	170	451	438
128	448	448	197	451	438
192	448	448	238	451	437
256	448	448	286	451	436
320	448	448	340	452	435
384	448	448	396	452	435
448	448	448	451	452	435
512	448	448	508	452	435
576	448	448	566	453	435
640	448	448	625	453	435
704	448	448	682	453	434
768	448	448	740	453	435
832	448	448	802	454	434
896	448	448	860	454	434
960	448	448	919	454	434
1023	448	448	976	454	434
0	512	448	179	512	438
64	512	448	186	512	438
128	512	448	210	512	438
192	512	448	248	513	437
256	512	448	295	513	436
320	512	448	347	513	436
384	512	448	402	514	436
448	512	448	457	514	436
512	512	448	513	514	436
576	512	448	570	514	436
640	512	448	628	515	436
704	512	448	685	515	435
768	512	448	743	515	435
832	512	448	804	515	435
896	512	448	862	515	435
960	512	448	921	515	435
1023	512	448	978	516	435
0	576	448	194	576	439
64	576	448	202	576	439
128	576	448	224	576	439
192	576	448	261	576	438
256	576	448	305	577	437
320	576	448	355	577	437
384	576	448	408	577	437
448	576	448	462	578	437
512	576	448	518	578	437
576	576	448	575	578	437
640	576	448	632	578	436
704	576	448	688	578	436
768	576	448	747	579	437
832	576	448	807	579	436
896	576	448	865	580	436
960	576	448	924	580	436
1023	576	448	980	579	435
0	640	448	212	637	440
64	640	448	218	637	440
128	640	448	240	637	440
192	640	448	273	637	439
256	640	448	316	637	438
320	640	448	365	637	438
384	640	448	416	638	438
448	640	448	469	638	438
512	640	448	524	638	438
576	640	448	581	639	438
640	640	448	637	638	438
704	640	448	693	639	437
768	640	448	751	639	438
832	640	448	811	639	437
896	640	448	869	639	437
960	640	448	927	640	437
1023	640	448	983	640	437
0	704	448	231	698	440
64	704	448	237	698	440
128	704	448	256	698	440
192	704	448	288	698	440
256	704	448	328	698	439
320	704	448	375	699	439
384	704	448	424	699	439
448	704	448	477	700	439
512	704	448	530	699	439
576	704	448	586	700	439
640	704	448	642	700	439
704	704	448	698	700	439
768	704	448	755	701	438
832	704	448	814	700	438
896	704	448	872	701	438
960	704	448	931	701	438
1023	704	448	986	702	438
0	768	448	250	761	442
64	768	448	255	761	442
128	768	448	272	762	442
192	768	448	302	762	440
256	768	448	340	762	440
320	768	448	385	762	440
384	768	448	433	762	440
448	768	448	484	762	440
512	768	448	537	763	440
576	768	448	593	763	440
640	768	448	647	764	440
704	768	448	702	764	440
768	768	448	761	765	440
832	768	448	818	765	439
896	768	448	876	765	439
960	768	448	934	765	439
1023	768	448	990	766	439
0	832	448	269	824	443
64	832	448	274	824	443
128	832	448	291	824	443
192	832	448	318	824	442
256	832	448	354	824	442
320	832	448	397	825	442
384	832	448	443	825	442
448	832	448	493	825	442
512	832	448	545	826	442
576	832	448	600	826	442
640	832	448	653	826	441
704	832	448	708	826	442
768	832	448	767	827	441
832	832	448	824	827	441
896	832	448	881	827	441
960	832	448	939	828	441
1023	832	448	994	828	441
0	896	448	289	885	446
64	896	448	293	885	446
128	896	448	308	885	444
192	896	448	334	885	444
256	896	448	368	886	444
320	896	448	410	886	444
384	896	448	455	886	444
448	896	448	503	887	443
512	896	448	554	887	443
576	896	448	608	887	443
640	896	448	660	887	443
704	896	448	715	888	443
768	896	448	773	888	443
832	896	448	829	889	443
896	896	448	886	888	442
960	896	448	944	889	442
1023	896	448	999	890	443
0	960	448	308	948	446
64	960	448	312	948	446
128	960	448	326	948	446
192	960	448	350	949	446
256	960	448	383	949	445
320	960	448	422	949	445
384	960	448	466	949	445
448	960	448	512	949	445
512	960	448	563	950	445
576	960	448	616	950	445
640	960	448	667	951	445
704	960	448	722	951	445
768	960	448	780	952	445
832	960	448	835	952	444
896	960	448	891	952	444
960	960	448	948	953	444
1023	960	448	1004	953	444
0	1023	448	327	1010	447
64	1023	448	331	1010	447
128	1023	448	344	1010	447
192	1023	448	366	1010	447
256	1023	448	398	1010	447
320	1023	448	435	1011	447
384	1023	448	477	1011	447
448	1023	448	523	1011	447
512	1023	448	572	1012	447
576	1023	448	624	1012	446
640	1023	448	675	1012	446
704	1023	448	728	1013	446
768	1023	448	786	1014	446
832	1023	448	841	1014	446
896	1023	448	897	1014	445
960	1023	448	954	1015	445
1023	1023	448	1008	1015	445
0	0	512	108	23	496
64	0	512	120	23	496
128	0	512	158	23	495
192	0	512	208	23	494
256	0	512	263	23	493
320	0	512	321	32	492
384	0	512	380	32	493
448	0	512	438	32	493
512	0	512	497	38	492
576	0	512	556	44	492
640	0	512	617	44	492
704	0	512	674	48	492
768	0	512	734	53	492
832	0	512	796	57	492
896	0	512	855	60	491
960	0	512	915	63	491
1023	0	512	973	69	491
0	64	512	108	66	496
64	64	512	122	66	496
128	64	512	159	66	495
192	64	512	209	66	494
256	64	512	263	66	493
320	64	512	322	72	492
384	64	512	381	72	493
448	64	512	439	75	493
512	64	512	497	75	492
576	64	512	556	77	492
640	64	512	617	80	492
704	64	512	674	80	492
768	64	512	734	82	492
832	64	512	796	85	492
896	64	512	855	87	491
960	64	512	915	91	491
1023	64	512	973	93	491
0	128	512	113	132	496
64	128	512	125	132	496
128	128	512	161	132	495
192	128	512	210	132	494
256	128	512	265	132	493
320	128	512	322	133	492
384	128	512	381	133	493
448	128	512	439	136	493
512	128	512	498	136	492
576	128	512	557	137	492
640	128	512	617	138	492
704	128	512	675	138	492
768	128	512	734	139	492
832	128	512	797	141	492
896	128	512	855	141	491
960	128	512	915	143	491
1023	128	512	973	144	491
0	192	512	119	196	496
64	192	512	130	196	496
128	192	512	166	196	495
192	192	512	213	196	495
256	192	512	267	197	494
320	192	512	324	197	493
384	192	512	383	198	493
448	192	512	441	198	493
512	192	512	500	199	492
576	192	512	558	200	492
640	192	512	618	200	492
704	192	512	676	201	492
768	192	512	735	202	492
832	192	512	797	202	492
896	192	512	856	202	491
960	192	512	915	203	491
1023	192	512	972	204	491
0	256	512	129	261	496
64	256	512	139	261	496
128	256	512	172	261	495
192	256	512	218	261	495
256	256	512	271	262	494
320	256	512	327	262	493
384	256	512	385	263	493
448	256	512	443	263	493
512	256	512	501	264	493
576	256	512	560	264	493
640	256	512	620	265	492
704	256	512	677	265	492
768	256	512	736	266	492
832	256	512	798	266	492
896	256	512	856	266	492
960	256	512	916	266	491
1023	256	512	972	267	491
0	320	512	139	325	497
64	320	512	150	325	497
128	320	512	180	325	496
192	320	512	225	326	495
256	320	512	276	327	494
320	320	512	331	327	494
384	320	512	389	327	493
448	320	512	446	328	493
512	320	512	504	328	493
576	320	512	562	328	493
640	320	512	621	329	492
704	320	512	679	329	492
768	320	512	737	329	493
832	320	512	799	330	492
896	320	512	857	330	492
960	320	512	916	330	492
1023	320	512	973	330	492
0	384	512	153	390	497
64	384	512	163	390	497
128	384	512	190	390	497
192	384	512	233	390	496
256	384	512	282	390	495
320	384	512	336	390	494
384	384	512	393	391	494
448	384	512	449	391	493
512	384	512	506	392	493
576	384	512	565	392	493
640	384	512	623	392	493
704	384	512	680	392	492
768	384	512	739	393	493
832	384	512	800	393	492
896	384	512	859	393	492
960	384	512	917	393	492
1023	384	512	975	394	492
0	448	512	168	451	497
64	448	512	177	451	497
128	448	512	202	451	497
192	448	512	242	451	496
256	448	512	290	452	495
320	448	512	343	452	494
384	448	512	398	452	494
448	448	512	454	452	494
512	448	512	510	453	494
576	448	512	568	453	494
640	448	512	626	453	494
704	448	512	683	454	494
768	448	512	741	454	494
832	448	512	803	454	494
896	448	512	861	454	493
960	448	512	920	454	493
1023	448	512	977	455	493
0	512	512	185	513	498
64	512	512	192	513	498
128	512	512	215	513	498
192	512	512	253	513	497
256	512	512	298	513	495
320	512	512	350	514	495
384	512	512	404	514	495
448	512	512	459	515	495
512	512	512	515	515	495
576	512	512	572	515	495
640	512	512	629	515	495
704	512	512	686	515	494
768	512	512	744	516	494
832	512	512	805	516	494
896	512	512	864	516	494
960	512	512	922	516	494
1023	512	512	979	517	494
0	576	512	201	577	499
64	576	512	207	577	499
128	576	512	229	577	498
192	576	512	265	577	497
256	576	512	308	577	496
320	576	512	358	578	496
384	576	512	411	578	496
448	576	512	465	578	496
512	576	512	520	579	496
576	576	512	577	579	495
640	576	512	633	579	495
704	576	512	689	579	495
768	576	512	748	580	496
832	576	512	808	580	495
896	576	512	867	580	495
960	576	512	925	580	495
1023	576	512	981	580	495
0	640	512	218	637	500
64	640	512	224	637	500
128	640	512	245	637	499
192	640	512	277	637	498
256	640	512	319	638	497
320	640	512	367	638	497
384	640	512	418	638	497
448	640	512	471	638	497
512	640	512	526	639	497
576	640	512	582	639	497
640	640	512	638	639	496
704	640	512	694	639	496
768	640	512	752	640	496
832	640	512	812	640	496
896	640	512	870	640	496
960	640	512	928	640	495
1023	640	512	985	641	496
0	704	512	236	698	500
64	704	512	242	698	500
128	704	512	260	699	499
192	704	512	291	699	498
256	704	512	331	699	498
320	704	512	377	699	498
384	704	512	427	700	498
448	704	512	479	700	498
512	704	512	532	701	498
576	704	512	588	701	498
640	704	512	643	701	498
704	704	512	699	702	498
768	704	512	757	702	498
832	704	512	816	702	497
896	704	512	873	702	497
960	704	512	932	702	497
1023	704	512	988	703	497
0	768	512	254	762	501
64	768	512	259	762	501
128	768	512	277	762	500
192	768	512	306	762	500
256	768	512	343	763	499
320	768	512	388	763	500
384	768	512	436	764	499
448	768	512	486	764	499
512	768	512	539	764	499
576	768	512	594	764	499
640	768	512	648	765	498
704	768	512	704	765	498
768	768	512	762	766	499
832	768	512	820	766	498
896	768	512	877	765	498
960	768	512	935	766	498
1023	768	512	991	767	498
0	832	512	273	825	502
64	832	512	277	825	502
128	832	512	294	825	501
192	832	512	321	825	501
256	832	512	357	825	501
320	832	512	399	825	501
384	832	512	445	825	500
448	832	512	495	826	500
512	832	512	547	827	501
576	832	512	601	827	500
640	832	512	654	827	500
704	832	512	710	827	500
768	832	512	768	828	500
832	832	512	825	828	500
896	832	512	882	828	499
960	832	512	940	829	499
1023	832	512	995	830	499
0	896	512	292	886	504
64	896	512	296	886	504
128	896	512	311	886	502
192	896	512	337	886	502
256	896	512	371	886	502
320	896	512	412	887	502
384	896	512	457	887	502
448	896	512	505	887	502
512	896	512	555	887	501
576	896	512	610	888	501
640	896	512	661	888	501
704	896	512	716	889	501
768	896	512	774	889	501
832	896	512	831	890	501
896	896	512	887	889	500
960	896	512	945	890	501
1023	896	512	1000	891	501
0	960	512	311	950	504
64	960	512	315	950	504
128	960	512	329	950	504
192	960	512	353	950	504
256	960	512	386	950	504
320	960	512	424	950	504
384	960	512	467	950	503
448	960	512	514	950	503
512	960	512	564	951	503
576	960	512	618	951	503
640	960	512	669	952	503
704	960	512	723	952	503
768	960	512	781	953	503
832	960	512	836	953	503
896	960	512	893	953	502
960	960	512	949	954	502
1023	960	512	1005	955	502
0	1023	512	330	1011	505
64	1023	512	334	1011	505
128	1023	512	347	1011	505
192	1023	512	369	1011	505
256	1023	512	400	1011	505
320	1023	512	437	1012	505
384	1023	512	479	1012	505
448	1023	512	525	1013	505
512	1023	512	574	1013	505
576	1023	512	625	1013	504
640	1023	512	676	1014	504
704	1023	512	730	1014	504
768	1023	512	788	1015	504
832	1023	512	842	1014	504
896	1023	512	898	1015	504
960	1023	512	955	1016	504
1023	1023	512	1009	1016	503
0	0	576	120	23	556
64	0	576	132	23	556
128	0	576	167	23	556
192	0	576	214	23	555
256	0	576	267	32	553
320	0	576	325	32	553
384	0	576	383	32	553
448	0	576	441	38	553
512	0	576	500	38	552
576	0	576	558	44	552
640	0	576	618	48	552
704	0	576	676	48	551
768	0	576	735	53	551
832	0	576	797	57	551
896	0	576	856	63	551
960	0	576	916	66	551
1023	0	576	974	69	550
0	64	576	120	66	556
64	64	576	133	66	556
128	64	576	167	66	556
192	64	576	215	66	555
256	64	576	268	72	553
320	64	576	325	72	553
384	64	576	383	72	553
448	64	576	441	75	553
512	64	576	500	75	552
576	64	576	558	77	552
640	64	576	618	80	552
704	64	576	676	82	551
768	64	576	735	85	551
832	64	576	797	87	551
896	64	576	856	89	551
960	64	576	916	91	551
1023	64	576	974	93	550
0	128	576	125	132	556
64	128	576	136	132	556
128	128	576	170	132	555
192	128	576	216	132	555
256	128	576	270	133	553
320	128	576	326	133	553
384	128	576	384	133	553
448	128	576	442	136	553
512	128	576	500	136	552
576	128	576	559	137	552
640	128	576	619	138	552
704	128	576	676	139	551
768	128	576	735	141	551
832	128	576	798	142	551
896	128	576	856	142	551
960	128	576	916	143	551
1023	128	576	974	144	550
0	192	576	130	196	556
64	192	576	141	196	556
128	192	576	174	196	556
192	192	576	219	197	555
256	192	576	272	197	553
320	192	576	328	198	553
384	192	576	386	198	553
448	192	576	443	199	553
512	192	576	501	199	552
576	192	576	560	200	552
640	192	576	620	201	552
704	192	576	677	201	552
768	192	576	736	202	552
832	192	576	798	202	551
896	192	576	857	202	551
960	192	576	916	204	551
1023	192	576	974	205	550
0	256	576	139	261	556
64	256	576	149	261	556
128	256	576	180	261	556
192	256	576	224	262	555
256	256	576	275	262	553
320	256	576	331	263	553
384	256	576	388	263	553
448	256	576	446	263	553
512	256	576	504	264	553
576	256	576	562	265	552
640	256	576	621	265	552
704	256	576	678	265	552
768	256	576	737	266	552
832	256	576	799	266	552
896	256	576	858	266	551
960	256	576	917	267	551
1023	256	576	973	267	551
0	320	576	150	326	557
64	320	576	159	326	557
128	320	576	188	326	556
192	320	576	230	326	555
256	320	576	280	327	554
320	320	576	334	327	553
384	320	576	391	327	553
448	320	576	448	328	552
512	320	576	505	328	552
576	320	576	564	328	552
640	320	576	623	329	552
704	320	576	680	329	552
768	320	576	739	330	552
832	320	576	800	330	552
896	320	576	859	330	552
960	320	576	918	330	551
1023	320	576	974	331	552
0	384	576	162	390	557
64	384	576	170	390	557
128	384	576	198	390	557
192	384	576	238	390	556
256	384	576	285	390	554
320	384	576	340	391	553
384	384	576	395	391	553
448	384	576	451	391	553
512	384	576	508	392	553
576	384	576	566	392	553
640	384	576	624	392	552
704	384	576	682	393	552
768	384	576	740	393	553
832	384	576	802	393	552
896	384	576	860	393	552
960	384	576	919	393	552
1023	384	576	976	394	552
0	448	576	177	451	557
64	448	576	184	451	557
128	448	576	208	451	557
192	448	576	247	451	556
256	448	576	293	452	554
320	448	576	346	452	554
384	448	576	400	452	554
448	448	576	456	452	553
512	448	576	512	453	553
576	448	576	570	453	553
640	448	576	627	454	553
704	448	576	684	454	553
768	448	576	743	454	553
832	448	576	803	454	553
896	448	576	862	454	553
960	448	576	921	455	552
1023	448	576	978	456	553
0	512	576	191	513	558
64	512	576	198	513	558
128	512	576	221	513	557
192	512	576	257	513	556
256	512	576	302	514	554
320	512	576	353	514	555
384	512	576	407	514	555
448	512	576	461	515	554
512	512	576	517	515	554
576	512	576	574	515	554
640	512	576	630	515	554
704	512	576	687	515	553
768	512	576	745	516	554
832	512	576	806	516	553
896	512	576	865	516	553
960	512	576	923	516	553
1023	512	576	980	517	553
0	576	576	207	577	558
64	576	576	213	577	558
128	576	576	234	577	558
192	576	576	269	577	557
256	576	576	311	577	556
320	576	576	361	578	556
384	576	576	413	578	556
448	576	576	467	579	555
512	576	576	521	579	555
576	576	576	579	579	555
640	576	576	634	579	554
704	576	576	690	579	554
768	576	576	750	580	555
832	576	576	809	580	555
896	576	576	867	580	554
960	576	576	926	580	554
1023	576	576	982	581	554
0	640	576	223	637	559
64	640	576	230	637	559
128	640	576	249	638	559
192	640	576	282	638	557
256	640	576	322	638	557
320	640	576	370	638	557
384	640	576	421	639	556
448	640	576	473	639	556
512	640	576	527	639	556
576	640	576	584	640	556
640	640	576	639	640	556
704	640	576	695	640	556
768	640	576	754	641	556
832	640	576	813	641	555
896	640	576	871	641	555
960	640	576	929	641	555
1023	640	576	986	642	555
0	704	576	241	699	559
64	704	576	247	699	559
128	704	576	265	699	559
192	704	576	295	699	558
256	704	576	334	699	557
320	704	576	380	700	557
384	704	576	429	700	557
448	704	576	480	700	557
512	704	576	534	700	557
576	704	576	590	701	557
640	704	576	645	701	557
704	704	576	700	702	557
768	704	576	759	703	557
832	704	576	817	702	557
896	704	576	875	703	556
960	704	576	933	703	556
1023	704	576	989	704	556
0	768	576	258	762	560
64	768	576	263	762	560
128	768	576	281	762	559
192	768	576	309	763	558
256	768	576	347	763	558
320	768	576	391	764	558
384	768	576	438	764	558
448	768	576	489	765	558
512	768	576	540	765	558
576	768	576	596	765	558
640	768	576	650	765	558
704	768	576	706	766	558
768	768	576	763	766	558
832	768	576	821	767	557
896	768	576	878	766	557
960	768	576	937	767	557
1023	768	576	992	768	557
0	832	576	277	825	561
64	832	576	281	825	561
128	832	576	298	825	560
192	832	576	324	826	560
256	832	576	360	826	560
320	832	576	403	827	560
384	832	576	448	827	560
448	832	576	498	828	559
512	832	576	549	828	560
576	832	576	604	828	559
640	832	576	655	827	559
704	832	576	711	829	559
768	832	576	769	829	558
832	832	576	826	829	558
896	832	576	883	829	558
960	832	576	941	830	558
1023	832	576	996	831	558
0	896	576	296	887	563
64	896	576	300	887	562
128	896	576	315	887	562
192	896	576	340	887	562
256	896	576	374	887	561
320	896	576	414	887	561
384	896	576	459	888	561
448	896	576	507	888	561
512	896	576	557	888	561
576	896	576	611	889	561
640	896	576	663	889	560
704	896	576	718	890	560
768	896	576	775	890	560
832	896	576	832	891	560
896	896	576	888	890	560
960	896	576	946	892	560
1023	896	576	1001	892	560
0	960	576	315	950	563
64	960	576	319	950	563
128	960	576	333	950	563
192	960	576	356	950	563
256	960	576	388	951	563
320	960	576	427	951	562
384	960	576	470	950	562
448	960	576	516	951	562
512	960	576	566	952	562
576	960	576	618	952	562
640	960	576	670	952	562
704	960	576	724	953	561
768	960	576	782	954	562
832	960	576	838	954	562
896	960	576	894	954	561
960	960	576	951	955	561
1023	960	576	1006	955	561
0	1023	576	333	1012	564
64	1023	576	337	1012	564
128	1023	576	350	1012	564
192	1023	576	372	1012	564
256	1023	576	403	1012	564
320	1023	576	440	1013	564
384	1023	576	482	1014	564
448	1023	576	527	1014	564
512	1023	576	576	1014	564
576	1023	576	627	1014	563
640	1023	576	678	1015	563
704	1023	576	731	1015	563
768	1023	576	789	1016	563
832	1023	576	843	1015	562
896	1023	576	899	1016	563
960	1023	576	956	1017	563
1023	1023	576	1010	1017	562
0	0	640	133	23	618
64	0	640	143	23	618
128	0	640	175	23	618
192	0	640	220	32	616
256	0	640	272	32	615
320	0	640	328	32	614
384	0	640	387	38	614
448	0	640	444	38	614
512	0	640	502	44	614
576	0	640	561	44	614
640	0	640	621	48	613
704	0	640	678	53	613
768	0	640	737	57	613
832	0	640	799	60	613
896	0	640	858	63	612
960	0	640	918	66	612
1023	0	640	975	72	613
0	64	640	134	69	618
64	64	640	144	69	618
128	64	640	176	69	618
192	64	640	221	69	616
256	64	640	272	72	615
320	64	640	329	72	614
384	64	640	387	75	614
448	64	640	445	75	614
512	64	640	502	77	614
576	64	640	561	77	614
640	64	640	621	80	613
704	64	640	678	82	613
768	64	640	737	85	613
832	64	640	799	87	613
896	64	640	858	89	612
960	64	640	918	91	612
1023	64	640	975	93	613
0	128	640	137	133	618
64	128	640	147	133	618
128	128	640	178	133	618
192	128	640	222	133	617
256	128	640	274	133	615
320	128	640	330	133	614
384	128	640	388	136	615
448	128	640	445	136	614
512	128	640	503	137	614
576	128	640	562	137	614
640	128	640	621	138	613
704	128	640	678	139	613
768	128	640	737	141	613
832	128	640	800	142	613
896	128	640	858	143	613
960	128	640	918	144	613
1023	128	640	975	144	613
0	192	640	143	196	618
64	192	640	152	196	618
128	192	640	181	196	618
192	192	640	225	197	617
256	192	640	276	198	615
320	192	640	331	198	614
384	192	640	389	198	615
448	192	640	446	199	614
512	192	640	504	199	614
576	192	640	563	200	614
640	192	640	622	201	614
704	192	640	679	202	613
768	192	640	738	202	614
832	192	640	800	203	613
896	192	640	858	204	613
960	192	640	918	204	612
1023	192	640	975	205	613
0	256	640	150	261	619
64	256	640	159	261	618
128	256	640	188	261	618
192	256	640	230	262	617
256	256	640	280	263	615
320	256	640	334	263	614
384	256	640	392	264	615
448	256	640	448	265	615
512	256	640	506	265	614
576	256	640	564	265	614
640	256	640	623	266	614
704	256	640	680	265	613
768	256	640	739	266	614
832	256	640	800	266	613
896	256	640	859	267	613
960	256	640	918	267	613
1023	256	640	976	268	613
0	320	640	160	326	619
64	320	640	168	326	619
128	320	640	195	326	618
192	320	640	236	326	617
256	320	640	284	327	615
320	320	640	338	327	615
384	320	640	395	328	615
448	320	640	451	328	614
512	320	640	508	329	614
576	320	640	566	329	614
640	320	640	625	329	614
704	320	640	681	329	614
768	320	640	740	330	613
832	320	640	802	330	613
896	320	640	860	330	613
960	320	640	919	331	613
1023	320	640	976	331	614
0	384	640	171	390	619
64	384	640	179	390	619
128	384	640	205	390	619
192	384	640	243	390	618
256	384	640	291	391	616
320	384	640	343	392	615
384	384	640	399	392	615
448	384	640	454	392	615
512	384	640	510	392	614
576	384	640	568	393	614
640	384	640	627	393	614
704	384	640	683	393	614
768	384	640	742	393	614
832	384	640	803	394	614
896	384	640	861	394	613
960	384	640	921	394	613
1023	384	640	978	395	614
0	448	640	185	451	620
64	448	640	192	451	619
128	448	640	215	452	619
192	448	640	252	452	618
256	448	640	298	452	616
320	448	640	350	453	616
384	448	640	404	454	615
448	448	640	459	454	615
512	448	640	514	454	615
576	448	640	572	454	615
640	448	640	629	454	615
704	448	640	686	454	615
768	448	640	744	455	614
832	448	640	805	455	614
896	448	640	864	455	614
960	448	640	923	456	614
1023	448	640	979	456	614
0	512	640	198	513	620
64	512	640	205	514	619
128	512	640	228	514	619
192	512	640	262	514	618
256	512	640	307	514	616
320	512	640	357	515	616
384	512	640	410	515	616
448	512	640	464	515	615
512	512	640	519	516	616
576	512	640	576	516	615
640	512	640	633	516	615
704	512	640	689	516	615
768	512	640	748	517	615
832	512	640	808	517	615
896	512	640	866	517	614
960	512	640	925	517	615
1023	512	640	982	518	615
0	576	640	214	578	620
64	576	640	220	578	620
128	576	640	241	578	619
192	576	640	274	578	618
256	576	640	316	578	617
320	576	640	365	579	617
384	576	640	416	579	617
448	576	640	469	579	617
512	576	640	524	580	616
576	576	640	581	580	616
640	576	640	637	580	616
704	576	640	693	580	616
768	576	640	751	581	616
832	576	640	811	581	616
896	576	640	869	581	615
960	576	640	928	582	615
1023	576	640	984	583	616
0	640	640	230	638	621
64	640	640	236	638	621
128	640	640	255	638	620
192	640	640	286	639	619
256	640	640	327	639	618
320	640	640	373	639	618
384	640	640	424	640	618
448	640	640	476	640	617
512	640	640	530	640	617
576	640	640	586	640	617
640	640	640	642	641	617
704	640	640	697	641	617
768	640	640	755	641	617
832	640	640	815	642	617
896	640	640	872	641	616
960	640	640	932	642	617
1023	640	640	988	643	617
0	704	640	247	700	620
64	704	640	252	700	620
128	704	640	270	700	620
192	704	640	299	700	619
256	704	640	338	700	619
320	704	640	384	701	619
384	704	640	432	702	618
448	704	640	484	702	618
512	704	640	536	702	618
576	704	640	592	702	618
640	704	640	646	702	617
704	704	640	702	703	618
768	704	640	760	704	617
832	704	640	819	703	617
896	704	640	876	703	617
960	704	640	934	704	617
1023	704	640	990	705	618
0	768	640	264	764	621
64	768	640	269	764	621
128	768	640	285	764	620
192	768	640	313	764	620
256	768	640	350	765	619
320	768	640	394	765	619
384	768	640	441	765	619
448	768	640	491	765	619
512	768	640	543	766	619
576	768	640	598	766	619
640	768	640	652	766	618
704	768	640	707	767	619
768	768	640	765	767	618
832	768	640	822	767	618
896	768	640	880	768	618
960	768	640	938	768	618
1023	768	640	994	769	618
0	832	640	282	826	622
64	832	640	286	826	621
128	832	640	302	827	621
192	832	640	328	827	621
256	832	640	363	827	621
320	832	640	405	827	620
384	832	640	451	827	620
448	832	640	499	828	620
512	832	640	550	828	620
576	832	640	605	828	620
640	832	640	657	829	620
704	832	640	713	830	619
768	832	640	771	830	619
832	832	640	828	831	620
896	832	640	885	830	619
960	832	640	943	831	619
1023	832	640	998	832	619
0	896	640	300	888	623
64	896	640	305	888	622
128	896	640	319	888	622
192	896	640	344	889	622
256	896	640	378	889	622
320	896	640	418	889	622
384	896	640	462	889	622
448	896	640	509	889	621
512	896	640	559	889	621
576	896	640	613	890	621
640	896	640	665	891	621
704	896	640	720	891	621
768	896	640	777	892	621
832	896	640	833	891	620
896	896	640	890	892	620
960	896	640	947	893	620
1023	896	640	1003	894	621
0	960	640	318	951	623
64	960	640	322	951	623
128	960	640	336	951	623
192	960	640	359	951	623
256	960	640	392	952	623
320	960	640	430	952	623
384	960	640	472	952	623
448	960	640	519	952	623
512	960	640	568	953	622
576	960	640	621	953	622
640	960	640	672	954	622
704	960	640	726	954	622
768	960	640	784	955	622
832	960	640	839	955	621
896	960	640	895	955	621
960	960	640	952	956	621
1023	960	640	1007	956	621
0	1023	640	337	1013	624
64	1023	640	341	1013	624
128	1023	640	354	1014	624
192	1023	640	376	1014	624
256	1023	640	407	1014	624
320	1023	640	443	1014	624
384	1023	640	484	1015	624
448	1023	640	529	1015	624
512	1023	640	578	1015	624
576	1023	640	629	1016	623
640	1023	640	679	1016	623
704	1023	640	733	1016	623
768	1023	640	790	1017	623
832	1023	640	844	1016	622
896	1023	640	900	1017	622
960	1023	640	957	1018	622
1023	1023	640	1012	1018	622
0	0	704	147	32	675
64	0	704	156	32	675
128	0	704	184	32	674
192	0	704	228	32	673
256	0	704	277	32	672
320	0	704	332	32	671
384	0	704	389	38	671
448	0	704	447	38	671
512	0	704	505	44	671
576	0	704	563	44	670
640	0	704	622	48	670
704	0	704	679	53	670
768	0	704	738	57	670
832	0	704	800	60	670
896	0	704	859	63	669
960	0	704	919	69	669
1023	0	704	976	75	669
0	64	704	147	69	675
64	64	704	157	69	675
128	64	704	185	72	674
192	64	704	228	72	673
256	64	704	278	72	672
320	64	704	333	75	671
384	64	704	390	75	671
448	64	704	447	75	671
512	64	704	505	77	671
576	64	704	563	80	670
640	64	704	622	80	670
704	64	704	679	82	670
768	64	704	738	85	670
832	64	704	800	87	670
896	64	704	859	89	669
960	64	704	919	93	669
1023	64	704	977	95	669
0	128	704	150	133	675
64	128	704	159	133	675
128	128	704	188	133	674
192	128	704	230	133	673
256	128	704	279	133	672
320	128	704	334	136	671
384	128	704	391	136	671
448	128	704	448	136	671
512	128	704	505	137	671
576	128	704	564	138	670
640	128	704	623	138	670
704	128	704	680	139	670
768	128	704	739	141	670
832	128	704	801	142	670
896	128	704	860	143	669
960	128	704	919	144	669
1023	128	704	977	147	669
0	192	704	155	198	675
64	192	704	163	198	675
128	192	704	191	198	674
192	192	704	232	198	674
256	192	704	282	198	672
320	192	704	336	198	671
384	192	704	393	199	671
448	192	704	449	199	671
512	192	704	506	200	671
576	192	704	565	200	671
640	192	704	624	202	670
704	192	704	680	202	670
768	192	704	740	202	670
832	192	704	801	203	670
896	192	704	860	204	669
960	192	704	919	205	669
1023	192	704	977	206	670
0	256	704	162	262	675
64	256	704	170	262	675
128	256	704	196	262	675
192	256	704	237	263	674
256	256	704	285	263	673
320	256	704	338	263	672
384	256	704	395	265	671
448	256	704	451	265	671
512	256	704	508	265	671
576	256	704	567	265	671
640	256	704	625	266	670
704	256	704	682	266	670
768	256	704	741	267	670
832	256	704	802	267	670
896	256	704	861	267	669
960	256	704	920	268	669
1023	256	704	977	268	670
0	320	704	170	326	676
64	320	704	179	326	675
128	320	704	203	327	675
192	320	704	243	327	674
256	320	704	290	328	673
320	320	704	343	328	672
384	320	704	398	328	672
448	320	704	454	329	672
512	320	704	510	329	672
576	320	704	568	330	671
640	320	704	627	330	671
704	320	704	683	330	671
768	320	704	742	330	671
832	320	704	803	331	670
896	320	704	861	331	670
960	320	704	921	331	670
1023	320	704	978	332	670
0	384	704	181	390	677
64	384	704	188	390	677
128	384	704	212	390	676
192	384	704	250	391	675
256	384	704	295	392	672
320	384	704	347	392	672
384	384	704	402	393	672
448	384	704	457	393	672
512	384	704	514	393	672
576	384	704	571	393	672
640	384	704	629	394	671
704	384	704	685	394	671
768	384	704	744	394	671
832	384	704	805	394	671
896	384	704	863	394	670
960	384	704	922	395	670
1023	384	704	979	395	670
0	448	704	193	452	677
64	448	704	200	452	676
128	448	704	222	452	676
192	448	704	258	452	675
256	448	704	302	453	673
320	448	704	353	453	673
384	448	704	407	454	672
448	448	704	461	454	672
512	448	704	517	454	672
576	448	704	574	454	672
640	448	704	631	455	672
704	448	704	688	455	671
768	448	704	746	456	671
832	448	704	807	456	671
896	448	704	865	456	671
960	448	704	924	456	671
1023	448	704	981	457	671
0	512	704	206	514	676
64	512	704	213	514	676
128	512	704	234	514	676
192	512	704	268	514	675
256	512	704	310	514	673
320	512	704	360	515	673
384	512	704	412	515	673
448	512	704	466	516	673
512	512	704	521	516	672
576	512	704	578	516	672
640	512	704	635	516	672
704	512	704	691	517	672
768	512	704	750	517	672
832	512	704	810	517	672
896	512	704	868	518	672
960	512	704	927	518	671
1023	512	704	983	519	672
0	576	704	221	578	677
64	576	704	227	578	677
128	576	704	247	578	676
192	576	704	279	578	675
256	576	704	320	579	674
320	576	704	368	579	674
384	576	704	419	579	673
448	576	704	472	580	673
512	576	704	526	580	673
576	576	704	583	580	673
640	576	704	639	581	673
704	576	704	695	581	673
768	576	704	753	581	673
832	576	704	812	581	672
896	576	704	871	582	672
960	576	704	929	582	672
1023	576	704	985	583	672
0	640	704	236	639	678
64	640	704	242	639	678
128	640	704	261	639	677
192	640	704	291	639	676
256	640	704	331	639	675
320	640	704	377	640	675
384	640	704	427	640	675
448	640	704	479	640	675
512	640	704	532	641	674
576	640	704	588	641	674
640	640	704	643	641	674
704	640	704	699	641	673
768	640	704	757	642	674
832	640	704	816	642	673
896	640	704	874	642	673
960	640	704	932	643	673
1023	640	704	988	643	673
0	704	704	253	700	677
64	704	704	258	700	677
128	704	704	275	700	676
192	704	704	304	700	675
256	704	704	342	701	675
320	704	704	387	701	675
384	704	704	435	702	675
448	704	704	486	702	675
512	704	704	538	702	675
576	704	704	593	702	675
640	704	704	648	703	674
704	704	704	703	703	674
768	704	704	761	704	674
832	704	704	819	703	673
896	704	704	877	704	674
960	704	704	935	704	673
1023	704	704	991	705	674
0	768	704	269	764	678
64	768	704	274	764	678
128	768	704	290	764	677
192	768	704	317	764	676
256	768	704	354	765	676
320	768	704	397	765	676
384	768	704	443	765	676
448	768	704	493	765	675
512	768	704	545	766	675
576	768	704	600	766	675
640	768	704	653	767	675
704	768	704	708	767	675
768	768	704	766	767	675
832	768	704	823	767	674
896	768	704	881	768	674
960	768	704	939	768	674
1023	768	704	994	769	675
0	832	704	287	827	678
64	832	704	291	827	678
128	832	704	307	827	678
192	832	704	332	828	678
256	832	704	367	828	678
320	832	704	409	828	677
384	832	704	454	828	677
448	832	704	502	828	677
512	832	704	553	829	677
576	832	704	607	829	677
640	832	704	660	830	676
704	832	704	714	830	676
768	832	704	772	830	676
832	832	704	828	830	676
896	832	704	886	831	676
960	832	704	943	832	676
1023	832	704	999	832	676
0	896	704	305	888	679
64	896	704	309	888	679
128	896	704	323	889	679
192	896	704	348	889	679
256	896	704	381	890	679
320	896	704	421	890	679
384	896	704	465	890	678
448	896	704	512	890	678
512	896	704	562	891	678
576	896	704	615	891	678
640	896	704	667	891	678
704	896	704	721	892	678
768	896	704	779	892	678
832	896	704	834	892	677
896	896	704	891	892	677
960	896	704	948	893	677
1023	896	704	1004	894	677
0	960	704	323	952	680
64	960	704	327	952	680
128	960	704	340	952	680
192	960	704	363	952	680
256	960	704	395	952	680
320	960	704	432	953	680
384	960	704	475	953	680
448	960	704	521	953	679
512	960	704	571	954	679
576	960	704	622	954	679
640	960	704	674	955	679
704	960	704	727	955	679
768	960	704	785	956	679
832	960	704	840	956	678
896	960	704	896	956	678
960	960	704	953	956	678
1023	960	704	1008	957	678
0	1023	704	341	1014	681
64	1023	704	345	1014	681
128	1023	704	358	1014	681
192	1023	704	379	1015	681
256	1023	704	410	1015	681
320	1023	704	446	1015	681
384	1023	704	487	1016	681
448	1023	704	531	1016	681
512	1023	704	580	1016	680
576	1023	704	630	1016	680
640	1023	704	681	1016	680
704	1023	704	734	1017	680
768	1023	704	792	1017	680
832	1023	704	846	1018	679
896	1023	704	901	1018	679
960	1023	704	958	1018	679
1023	1023	704	1013	1019	680
0	0	768	158	32	732
64	0	768	167	32	732
128	0	768	193	32	732
192	0	768	235	32	732
256	0	768	283	32	731
320	0	768	337	38	730
384	0	768	393	38	730
448	0	768	449	44	730
512	0	768	506	44	729
576	0	768	564	48	729
640	0	768	623	53	729
704	0	768	681	53	729
768	0	768	739	57	729
832	0	768	801	60	729
896	0	768	859	63	728
960	0	768	919	72	729
1023	0	768	977	75	729
0	64	768	159	69	732
64	64	768	167	69	732
128	64	768	194	69	732
192	64	768	235	69	732
256	64	768	283	75	731
320	64	768	337	75	730
384	64	768	393	75	730
448	64	768	450	77	730
512	64	768	507	77	729
576	64	768	565	80	729
640	64	768	624	82	729
704	64	768	681	85	729
768	64	768	739	85	729
832	64	768	801	89	729
896	64	768	859	91	728
960	64	768	919	93	729
1023	64	768	977	95	729
0	128	768	161	133	733
64	128	768	170	133	733
128	128	768	196	133	732
192	128	768	236	133	732
256	128	768	284	134	731
320	128	768	338	134	730
384	128	768	394	134	730
448	128	768	450	137	730
512	128	768	507	137	729
576	128	768	565	138	729
640	128	768	624	139	729
704	128	768	681	141	729
768	128	768	740	141	729
832	128	768	802	143	729
896	128	768	860	144	728
960	128	768	920	145	729
1023	128	768	977	147	729
0	192	768	166	197	733
64	192	768	174	197	733
128	192	768	200	197	733
192	192	768	239	198	733
256	192	768	286	198	732
320	192	768	340	199	730
384	192	768	396	199	730
448	192	768	452	200	730
512	192	768	509	200	730
576	192	768	567	201	729
640	192	768	625	201	729
704	192	768	682	202	729
768	192	768	740	202	729
832	192	768	802	203	729
896	192	768	860	204	728
960	192	768	920	206	729
1023	192	768	977	206	729
0	256	768	172	262	734
64	256	768	180	262	734
128	256	768	205	262	734
192	256	768	243	262	733
256	256	768	290	263	733
320	256	768	343	263	731
384	256	768	398	264	730
448	256	768	454	264	730
512	256	768	510	265	730
576	256	768	568	265	730
640	256	768	626	265	729
704	256	768	683	266	729
768	256	768	741	266	729
832	256	768	803	267	729
896	256	768	861	267	729
960	256	768	921	268	729
1023	256	768	978	269	729
0	320	768	180	326	734
64	320	768	188	326	734
128	320	768	212	326	734
192	320	768	248	327	733
256	320	768	294	327	731
320	320	768	346	327	731
384	320	768	401	328	731
448	320	768	456	328	730
512	320	768	512	329	731
576	320	768	570	329	730
640	320	768	628	330	730
704	320	768	685	330	730
768	320	768	743	331	730
832	320	768	804	331	729
896	320	768	862	331	729
960	320	768	922	331	729
1023	320	768	978	331	730
0	384	768	190	390	736
64	384	768	198	390	736
128	384	768	219	390	736
192	384	768	255	390	735
256	384	768	300	391	732
320	384	768	351	392	732
384	384	768	405	392	731
448	384	768	460	392	731
512	384	768	515	393	731
576	384	768	573	393	731
640	384	768	630	393	730
704	384	768	687	394	730
768	384	768	745	394	730
832	384	768	806	394	730
896	384	768	864	394	729
960	384	768	923	395	729
1023	384	768	980	395	730
0	448	768	202	451	736
64	448	768	208	451	736
128	448	768	230	452	735
192	448	768	263	452	735
256	448	768	307	452	732
320	448	768	357	452	731
384	448	768	410	453	731
448	448	768	464	454	731
512	448	768	519	454	731
576	448	768	576	454	731
640	448	768	633	454	731
704	448	768	689	455	731
768	448	768	748	456	731
832	448	768	808	456	730
896	448	768	866	456	730
960	448	768	925	456	730
1023	448	768	981	457	730
0	512	768	214	513	736
64	512	768	221	513	736
128	512	768	240	514	735
192	512	768	273	514	735
256	512	768	315	514	732
320	512	768	364	515	732
384	512	768	415	515	732
448	512	768	469	515	732
512	512	768	523	516	732
576	512	768	580	516	731
640	512	768	636	516	731
704	512	768	692	517	731
768	512	768	751	517	731
832	512	768	811	517	731
896	512	768	868	518	730
960	512	768	927	518	730
1023	512	768	984	519	731
0	576	768	228	578	736
64	576	768	234	578	736
128	576	768	253	578	736
192	576	768	284	578	735
256	576	768	325	579	733
320	576	768	372	579	733
384	576	768	422	580	733
448	576	768	474	580	732
512	576	768	528	580	732
576	576	768	585	580	732
640	576	768	640	581	732
704	576	768	696	581	732
768	576	768	755	582	732
832	576	768	814	582	732
896	576	768	872	582	732
960	576	768	930	582	731
1023	576	768	986	583	731
0	640	768	243	638	738
64	640	768	248	638	738
128	640	768	266	638	737
192	640	768	296	639	734
256	640	768	335	639	734
320	640	768	381	640	734
384	640	768	430	640	734
448	640	768	481	640	734
512	640	768	534	641	733
576	640	768	591	641	733
640	640	768	645	641	733
704	640	768	701	642	733
768	640	768	759	642	733
832	640	768	818	642	732
896	640	768	875	643	732
960	640	768	934	643	732
1023	640	768	989	643	732
0	704	768	259	701	736
64	704	768	264	701	736
128	704	768	281	701	735
192	704	768	309	701	735
256	704	768	346	702	735
320	704	768	391	702	735
384	704	768	438	702	735
448	704	768	488	702	734
512	704	768	540	702	734
576	704	768	596	703	734
640	704	768	650	703	734
704	704	768	705	704	734
768	704	768	763	704	734
832	704	768	821	704	733
896	704	768	879	704	733
960	704	768	937	705	733
1023	704	768	993	706	733
0	768	768	275	764	738
64	768	768	280	765	738
128	768	768	295	765	736
192	768	768	322	765	736
256	768	768	358	765	735
320	768	768	401	766	735
384	768	768	447	766	735
448	768	768	496	766	735
512	768	768	547	766	735
576	768	768	602	767	735
640	768	768	655	767	734
704	768	768	710	767	734
768	768	768	768	768	734
832	768	768	825	768	734
896	768	768	882	768	733
960	768	768	940	769	733
1023	768	768	996	770	734
0	832	768	292	827	737
64	832	768	296	827	736
128	832	768	311	827	736
192	832	768	337	827	736
256	832	768	371	828	737
320	832	768	412	829	736
384	832	768	457	829	736
448	832	768	504	829	736
512	832	768	555	829	736
576	832	768	609	830	736
640	832	768	661	830	735
704	832	768	716	831	736
768	832	768	774	831	735
832	832	768	830	831	735
896	832	768	887	831	735
960	832	768	944	832	735
1023	832	768	1000	832	735
0	896	768	310	889	737
64	896	768	314	889	737
128	896	768	327	889	737
192	896	768	352	889	737
256	896	768	385	890	737
320	896	768	424	890	738
384	896	768	467	890	738
448	896	768	514	891	737
512	896	768	564	891	737
576	896	768	617	891	737
640	896	768	668	891	736
704	896	768	722	892	736
768	896	768	780	892	737
832	896	768	836	893	736
896	896	768	892	892	736
960	896	768	949	893	735
1023	896	768	1005	894	736
0	960	768	327	952	739
64	960	768	331	952	739
128	960	768	344	952	739
192	960	768	367	953	739
256	960	768	399	953	739
320	960	768	435	953	738
384	960	768	477	953	738
448	960	768	523	954	738
512	960	768	573	954	738
576	960	768	624	954	738
640	960	768	675	954	738
704	960	768	729	955	738
768	960	768	787	956	738
832	960	768	842	956	737
896	960	768	897	956	737
960	960	768	954	956	737
1023	960	768	1009	957	737
0	1023	768	345	1014	740
64	1023	768	349	1014	740
128	1023	768	361	1014	740
192	1023	768	383	1014	740
256	1023	768	412	1014	739
320	1023	768	447	1015	739
384	1023	768	489	1015	739
448	1023	768	533	1016	739
512	1023	768	582	1016	739
576	1023	768	632	1016	738
640	1023	768	683	1017	739
704	1023	768	736	1018	738
768	1023	768	793	1017	738
832	1023	768	847	1018	738
896	1023	768	903	1018	738
960	1023	768	959	1019	738
1023	1023	768	1014	1019	738
0	0	832	171	32	800
64	0	832	179	32	799
128	0	832	203	38	798
192	0	832	242	38	797
256	0	832	289	38	795
320	0	832	342	38	795
384	0	832	398	44	794
448	0	832	454	44	794
512	0	832	510	48	794
576	0	832	568	48	794
640	0	832	626	53	793
704	0	832	683	57	793
768	0	832	742	60	793
832	0	832	803	66	793
896	0	832	862	69	792
960	0	832	921	72	792
1023	0	832	978	75	793
0	64	832	172	75	800
64	64	832	179	75	799
128	64	832	204	75	798
192	64	832	242	75	797
256	64	832	289	75	795
320	64	832	342	75	795
384	64	832	398	77	794
448	64	832	454	77	794
512	64	832	510	80	794
576	64	832	568	80	794
640	64	832	626	82	793
704	64	832	684	85	793
768	64	832	742	87	793
832	64	832	803	89	793
896	64	832	862	91	792
960	64	832	921	93	792
1023	64	832	978	97	793
0	128	832	174	134	800
64	128	832	181	134	799
128	128	832	206	134	799
192	128	832	244	134	797
256	128	832	290	134	795
320	128	832	343	134	795
384	128	832	399	137	795
448	128	832	454	137	794
512	128	832	511	138	794
576	128	832	569	138	794
640	128	832	627	139	793
704	128	832	684	141	793
768	128	832	742	142	793
832	128	832	803	143	793
896	128	832	862	144	793
960	128	832	921	145	793
1023	128	832	978	148	793
0	192	832	178	197	800
64	192	832	185	197	799
128	192	832	209	198	798
192	192	832	247	198	797
256	192	832	292	199	795
320	192	832	345	199	795
384	192	832	400	199	795
448	192	832	456	200	794
512	192	832	512	200	794
576	192	832	570	201	794
640	192	832	627	202	793
704	192	832	685	202	793
768	192	832	743	203	793
832	192	832	804	204	793
896	192	832	863	205	793
960	192	832	922	206	793
1023	192	832	979	206	793
0	256	832	183	262	800
64	256	832	191	262	799
128	256	832	214	262	799
192	256	832	251	262	797
256	256	832	296	263	795
320	256	832	348	264	795
384	256	832	402	264	795
448	256	832	457	265	794
512	256	832	514	265	794
576	256	832	571	266	794
640	256	832	629	266	793
704	256	832	685	267	793
768	256	832	743	266	793
832	256	832	805	267	793
896	256	832	863	268	793
960	256	832	922	269	793
1023	256	832	979	269	793
0	320	832	191	327	799
64	320	832	198	327	799
128	320	832	221	327	799
192	320	832	256	327	798
256	320	832	300	328	796
320	320	832	351	328	796
384	320	832	405	329	795
448	320	832	460	329	794
512	320	832	516	329	794
576	320	832	573	330	794
640	320	832	630	330	794
704	320	832	687	331	794
768	320	832	745	331	794
832	320	832	806	331	794
896	320	832	865	331	794
960	320	832	924	332	794
1023	320	832	980	332	794
0	384	832	200	391	800
64	384	832	207	391	800
128	384	832	228	391	799
192	384	832	263	392	798
256	384	832	306	392	796
320	384	832	356	393	796
384	384	832	409	393	795
448	384	832	463	393	794
512	384	832	518	393	794
576	384	832	575	393	794
640	384	832	633	394	794
704	384	832	689	394	794
768	384	832	747	394	794
832	384	832	808	395	794
896	384	832	867	395	794
960	384	832	926	396	794
1023	384	832	982	396	794
0	448	832	212	452	800
64	448	832	217	452	800
128	448	832	238	452	799
192	448	832	270	453	797
256	448	832	313	454	796
320	448	832	362	454	796
384	448	832	414	454	796
448	448	832	467	454	795
512	448	832	522	454	795
576	448	832	579	455	795
640	448	832	636	456	795
704	448	832	692	456	795
768	448	832	750	456	795
832	448	832	811	457	794
896	448	832	869	457	794
960	448	832	928	457	795
1023	448	832	983	457	794
0	512	832	223	514	800
64	512	832	230	514	799
128	512	832	248	515	798
192	512	832	280	515	797
256	512	832	321	515	796
320	512	832	369	516	796
384	512	832	420	516	796
448	512	832	472	516	795
512	512	832	526	516	795
576	512	832	583	517	795
640	512	832	639	517	795
704	512	832	695	518	795
768	512	832	753	518	794
832	512	832	813	518	795
896	512	832	871	518	794
960	512	832	930	519	795
1023	512	832	986	519	795
0	576	832	236	578	800
64	576	832	242	578	800
128	576	832	260	579	799
192	576	832	290	579	797
256	576	832	330	579	797
320	576	832	376	580	796
384	576	832	426	580	796
448	576	832	478	580	796
512	576	832	531	580	796
576	576	832	587	581	796
640	576	832	642	581	795
704	576	832	699	582	796
768	576	832	757	582	796
832	576	832	816	582	795
896	576	832	874	582	795
960	576	832	932	583	795
1023	576	832	988	584	796
0	640	832	251	639	800
64	640	832	256	639	800
128	640	832	273	640	799
192	640	832	302	640	798
256	640	832	340	640	798
320	640	832	385	641	798
384	640	832	433	641	797
448	640	832	484	641	797
512	640	832	537	641	797
576	640	832	593	641	796
640	640	832	647	641	796
704	640	832	703	642	796
768	640	832	761	643	796
832	640	832	819	643	796
896	640	832	877	643	796
960	640	832	936	644	796
1023	640	832	991	644	796
0	704	832	265	701	800
64	704	832	270	701	799
128	704	832	286	701	799
192	704	832	315	702	798
256	704	832	351	702	798
320	704	832	395	702	798
384	704	832	441	702	798
448	704	832	491	703	798
512	704	832	543	703	798
576	704	832	598	703	797
640	704	832	652	704	797
704	704	832	707	704	797
768	704	832	765	704	797
832	704	832	823	705	797
896	704	832	880	705	797
960	704	832	938	706	797
1023	704	832	994	706	797
0	768	832	281	765	800
64	768	832	285	765	800
128	768	832	301	765	799
192	768	832	327	766	799
256	768	832	363	766	799
320	768	832	405	766	798
384	768	832	450	767	798
448	768	832	499	767	798
512	768	832	550	767	798
576	768	832	604	767	798
640	768	832	657	768	798
704	768	832	712	768	798
768	768	832	770	769	798
832	768	832	827	769	797
896	768	832	884	769	797
960	768	832	942	770	797
1023	768	832	997	770	797
0	832	832	298	829	801
64	832	832	302	829	801
128	832	832	317	829	801
192	832	832	342	829	801
256	832	832	375	829	800
320	832	832	415	829	800
384	832	832	460	829	800
448	832	832	507	830	800
512	832	832	558	830	799
576	832	832	611	830	799
640	832	832	663	830	799
704	832	832	718	831	799
768	832	832	776	832	799
832	832	832	832	832	799
896	832	832	889	832	798
960	832	832	946	833	799
1023	832	832	1002	833	799
0	896	832	316	891	802
64	896	832	320	891	802
128	896	832	333	891	802
192	896	832	357	891	802
256	896	832	389	891	802
320	896	832	427	891	801
384	896	832	470	891	801
448	896	832	517	891	801
512	896	832	567	892	801
576	896	832	619	892	800
640	896	832	671	893	800
704	896	832	725	893	800
768	896	832	783	894	800
832	896	832	838	893	800
896	896	832	895	894	800
960	896	832	952	895	800
1023	896	832	1006	895	800
0	960	832	332	953	802
64	960	832	336	953	802
128	960	832	349	953	802
192	960	832	372	954	802
256	960	832	403	954	802
320	960	832	439	954	802
384	960	832	481	954	802
448	960	832	526	955	802
512	960	832	575	955	802
576	960	832	627	956	801
640	960	832	678	956	801
704	960	832	731	957	801
768	960	832	789	957	801
832	960	832	843	957	800
896	960	832	899	957	801
960	960	832	956	958	801
1023	960	832	1011	958	801
0	1023	832	350	1016	804
64	1023	832	354	1016	804
128	1023	832	366	1016	804
192	1023	832	388	1016	803
256	1023	832	416	1017	803
320	1023	832	451	1017	803
384	1023	832	492	1017	803
448	1023	832	536	1017	802
512	1023	832	585	1017	802
576	1023	832	635	1018	802
640	1023	832	686	1019	803
704	1023	832	738	1019	802
768	1023	832	796	1020	802
832	1023	832	849	1019	802
896	1023	832	905	1020	802
960	1023	832	961	1020	801
1023	1023	832	1016	1021	802
0	0	896	185	38	856
64	0	896	191	38	855
128	0	896	214	38	855
192	0	896	251	38	855
256	0	896	296	38	853
320	0	896	348	44	853
384	0	896	402	44	853
448	0	896	458	44	853
512	0	896	514	48	853
576	0	896	572	53	852
640	0	896	629	53	852
704	0	896	686	57	852
768	0	896	744	63	852
832	0	896	806	66	852
896	0	896	865	69	851
960	0	896	924	72	852
1023	0	896	981	77	851
0	64	896	184	75	856
64	64	896	192	75	856
128	64	896	215	75	855
192	64	896	252	75	855
256	64	896	296	75	853
320	64	896	348	77	853
384	64	896	403	77	853
448	64	896	458	80	853
512	64	896	514	80	853
576	64	896	572	82	852
640	64	896	629	85	852
704	64	896	686	85	852
768	64	896	744	87	852
832	64	896	806	89	852
896	64	896	865	91	852
960	64	896	924	95	852
1023	64	896	981	97	851
0	128	896	187	134	856
64	128	896	193	134	856
128	128	896	217	134	856
192	128	896	253	134	855
256	128	896	297	136	854
320	128	896	349	137	854
384	128	896	404	137	853
448	128	896	459	138	853
512	128	896	515	138	853
576	128	896	572	139	852
640	128	896	630	141	852
704	128	896	687	141	852
768	128	896	745	142	852
832	128	896	806	143	852
896	128	896	865	144	852
960	128	896	925	147	852
1023	128	896	981	148	851
0	192	896	190	198	857
64	192	896	197	198	856
128	192	896	220	199	856
192	192	896	255	199	856
256	192	896	300	199	854
320	192	896	351	200	854
384	192	896	405	201	853
448	192	896	460	201	853
512	192	896	516	202	853
576	192	896	573	202	853
640	192	896	631	202	852
704	192	896	688	203	852
768	192	896	746	204	852
832	192	896	807	205	852
896	192	896	866	206	852
960	192	896	925	206	852
1023	192	896	981	208	852
0	256	896	196	263	858
64	256	896	202	263	857
128	256	896	224	263	857
192	256	896	259	264	857
256	256	896	303	265	854
320	256	896	353	265	854
384	256	896	407	266	854
448	256	896	462	266	853
512	256	896	517	266	853
576	256	896	575	266	853
640	256	896	632	267	852
704	256	896	689	267	853
768	256	896	747	268	852
832	256	896	808	269	852
896	256	896	866	269	852
960	256	896	925	269	852
1023	256	896	982	270	852
0	320	896	202	327	857
64	320	896	209	327	857
128	320	896	230	328	857
192	320	896	264	329	856
256	320	896	307	329	854
320	320	896	357	329	854
384	320	896	410	330	853
448	320	896	464	330	853
512	320	896	519	331	853
576	320	896	577	331	853
640	320	896	634	331	853
704	320	896	690	331	853
768	320	896	749	332	852
832	320	896	809	332	852
896	320	896	867	332	852
960	320	896	926	333	852
1023	320	896	983	333	852
0	384	896	212	392	861
64	384	896	218	392	860
128	384	896	237	393	860
192	384	896	270	393	859
256	384	896	312	393	854
320	384	896	361	393	854
384	384	896	413	394	854
448	384	896	467	394	854
512	384	896	522	394	853
576	384	896	579	394	853
640	384	896	636	395	853
704	384	896	692	395	853
768	384	896	751	396	853
832	384	896	811	396	852
896	384	896	869	396	852
960	384	896	928	397	852
1023	384	896	985	398	852
0	448	896	221	454	859
64	448	896	228	454	859
128	448	896	246	454	859
192	448	896	278	454	858
256	448	896	319	455	854
320	448	896	367	455	854
384	448	896	418	455	854
448	448	896	471	456	854
512	448	896	526	456	853
576	448	896	582	456	853
640	448	896	639	457	853
704	448	896	695	457	853
768	448	896	753	457	853
832	448	896	813	457	853
896	448	896	871	458	853
960	448	896	930	458	853
1023	448	896	986	458	853
0	512	896	233	515	859
64	512	896	238	516	859
128	512	896	256	516	858
192	512	896	286	516	858
256	512	896	327	516	855
320	512	896	374	517	855
384	512	896	424	517	854
448	512	896	476	517	854
512	512	896	530	518	854
576	512	896	587	518	854
640	512	896	642	518	854
704	512	896	698	518	854
768	512	896	756	519	854
832	512	896	815	519	853
896	512	896	874	519	853
960	512	896	932	520	853
1023	512	896	988	520	854
0	576	896	245	580	859
64	576	896	250	580	859
128	576	896	267	580	859
192	576	896	297	580	855
256	576	896	336	581	855
320	576	896	381	581	855
384	576	896	430	581	855
448	576	896	482	582	855
512	576	896	535	582	855
576	576	896	591	582	854
640	576	896	645	582	854
704	576	896	701	583	854
768	576	896	760	584	854
832	576	896	818	584	854
896	576	896	876	584	854
960	576	896	935	584	854
1023	576	896	991	585	854
0	640	896	258	640	861
64	640	896	263	641	861
128	640	896	280	641	860
192	640	896	308	641	856
256	640	896	346	641	856
320	640	896	390	642	856
384	640	896	438	642	855
448	640	896	488	642	855
512	640	896	541	643	855
576	640	896	596	643	855
640	640	896	650	643	855
704	640	896	706	644	855
768	640	896	764	644	855
832	640	896	822	644	855
896	640	896	879	644	854
960	640	896	938	645	855
1023	640	896	994	646	855
0	704	896	273	702	857
64	704	896	277	702	857
128	704	896	293	703	857
192	704	896	321	703	857
256	704	896	357	704	857
320	704	896	400	704	857
384	704	896	446	704	857
448	704	896	495	705	857
512	704	896	547	705	857
576	704	896	602	705	856
640	704	896	655	705	856
704	704	896	710	706	856
768	704	896	768	706	856
832	704	896	826	706	855
896	704	896	883	707	855
960	704	896	941	707	856
1023	704	896	997	708	856
0	768	896	288	767	861
64	768	896	292	767	858
128	768	896	308	767	858
192	768	896	334	767	858
256	768	896	368	768	858
320	768	896	409	768	857
384	768	896	454	768	857
448	768	896	503	768	857
512	768	896	554	769	857
576	768	896	609	769	857
640	768	896	661	770	857
704	768	896	715	770	856
768	768	896	773	770	856
832	768	896	830	770	856
896	768	896	887	771	856
960	768	896	945	771	856
1023	768	896	1000	772	856
0	832	896	305	830	859
64	832	896	308	830	859
128	832	896	323	830	859
192	832	896	348	831	859
256	832	896	381	831	859
320	832	896	420	831	858
384	832	896	464	831	858
448	832	896	511	831	858
512	832	896	562	832	858
576	832	896	615	832	858
640	832	896	667	832	858
704	832	896	721	833	858
768	832	896	780	834	858
832	832	896	835	834	857
896	832	896	892	834	857
960	832	896	949	835	857
1023	832	896	1005	835	857
0	896	896	322	892	860
64	896	896	325	892	860
128	896	896	339	892	860
192	896	896	362	892	860
256	896	896	394	893	860
320	896	896	431	893	859
384	896	896	474	892	859
448	896	896	520	892	859
512	896	896	570	893	859
576	896	896	622	893	858
640	896	896	674	894	859
704	896	896	727	894	858
768	896	896	785	895	859
832	896	896	840	895	858
896	896	896	897	895	858
960	896	896	954	896	858
1023	896	896	1009	897	858
0	960	896	338	955	861
64	960	896	342	955	861
128	960	896	355	955	861
192	960	896	377	955	861
256	960	896	407	956	861
320	960	896	443	956	861
384	960	896	485	956	860
448	960	896	530	956	860
512	960	896	579	957	860
576	960	896	630	957	860
640	960	896	680	957	860
704	960	896	734	958	860
768	960	896	792	958	860
832	960	896	846	958	859
896	960	896	902	959	859
960	960	896	959	960	860
1023	960	896	1013	960	859
0	1023	896	356	1018	862
64	1023	896	359	1018	862
128	1023	896	372	1018	862
192	1023	896	393	1018	862
256	1023	896	421	1018	862
320	1023	896	456	1018	862
384	1023	896	496	1019	861
448	1023	896	540	1019	861
512	1023	896	588	1019	861
576	1023	896	638	1020	861
640	1023	896	688	1020	860
704	1023	896	741	1020	861
768	1023	896	798	1021	860
832	1023	896	852	1021	861
896	1023	896	908	1022	860
960	1023	896	963	1022	860
1023	1023	896	1019	1023	860
0	0	960	196	38	916
64	0	960	202	38	916
128	0	960	224	38	915
192	0	960	258	44	914
256	0	960	302	44	913
320	0	960	353	44	913
384	0	960	407	44	912
448	0	960	461	48	912
512	0	960	517	48	912
576	0	960	575	53	911
640	0	960	632	57	911
704	0	960	688	63	911
768	0	960	747	66	911
832	0	960	808	69	911
896	0	960	866	72	910
960	0	960	925	75	910
1023	0	960	982	77	911
0	64	960	197	75	916
64	64	960	203	75	916
128	64	960	225	77	915
192	64	960	259	77	914
256	64	960	303	77	913
320	64	960	353	77	913
384	64	960	407	80	912
448	64	960	462	80	912
512	64	960	517	82	912
576	64	960	575	82	911
640	64	960	632	85	911
704	64	960	689	87	911
768	64	960	748	89	911
832	64	960	808	91	911
896	64	960	867	93	910
960	64	960	925	95	910
1023	64	960	982	97	911
0	128	960	198	134	916
64	128	960	205	134	916
128	128	960	226	136	915
192	128	960	260	137	915
256	128	960	304	137	913
320	128	960	354	137	913
384	128	960	408	138	912
448	128	960	462	138	912
512	128	960	518	139	912
576	128	960	575	139	911
640	128	960	632	141	911
704	128	960	689	142	911
768	128	960	748	143	911
832	128	960	808	144	911
896	128	960	867	145	910
960	128	960	926	147	911
1023	128	960	983	148	911
0	192	960	202	198	916
64	192	960	209	198	916
128	192	960	229	199	916
192	192	960	263	199	915
256	192	960	306	201	913
320	192	960	356	201	913
384	192	960	409	201	912
448	192	960	463	202	912
512	192	960	519	202	912
576	192	960	576	202	912
640	192	960	633	203	911
704	192	960	690	204	911
768	192	960	749	204	911
832	192	960	809	205	911
896	192	960	867	206	910
960	192	960	926	207	911
1023	192	960	983	208	911
0	256	960	207	263	917
64	256	960	213	263	917
128	256	960	234	263	917
192	256	960	266	264	916
256	256	960	309	265	913
320	256	960	359	265	913
384	256	960	411	266	913
448	256	960	465	266	912
512	256	960	520	266	912
576	256	960	578	267	912
640	256	960	634	267	912
704	256	960	691	267	911
768	256	960	749	268	911
832	256	960	810	269	911
896	256	960	868	269	911
960	256	960	927	270	911
1023	256	960	983	270	911
0	320	960	213	328	916
64	320	960	219	328	916
128	320	960	240	328	916
192	320	960	271	329	915
256	320	960	314	329	913
320	320	960	363	330	913
384	320	960	414	330	912
448	320	960	468	330	912
512	320	960	523	331	912
576	320	960	580	331	912
640	320	960	636	331	912
704	320	960	693	331	911
768	320	960	751	332	911
832	320	960	811	332	911
896	320	960	869	332	911
960	320	960	928	333	911
1023	320	960	984	334	912
0	384	960	221	392	918
64	384	960	227	392	918
128	384	960	246	392	918
192	384	960	277	393	917
256	384	960	319	393	913
320	384	960	367	394	913
384	384	960	418	394	913
448	384	960	471	394	912
512	384	960	525	394	912
576	384	960	582	395	912
640	384	960	638	395	912
704	384	960	695	395	912
768	384	960	753	396	912
832	384	960	812	396	911
896	384	960	871	396	911
960	384	960	929	397	911
1023	384	960	986	397	912
0	448	960	230	454	917
64	448	960	236	454	917
128	448	960	255	454	917
192	448	960	284	454	916
256	448	960	325	454	913
320	448	960	373	455	913
384	448	960	423	456	913
448	448	960	475	456	913
512	448	960	529	456	913
576	448	960	586	457	912
640	448	960	641	456	912
704	448	960	697	457	912
768	448	960	755	457	912
832	448	960	814	457	912
896	448	960	873	457	912
960	448	960	931	458	912
1023	448	960	988	458	912
0	512	960	241	515	917
64	512	960	246	515	917
128	512	960	264	516	916
192	512	960	293	516	914
256	512	960	333	517	914
320	512	960	379	517	914
384	512	960	428	517	913
448	512	960	480	517	913
512	512	960	533	518	913
576	512	960	590	518	913
640	512	960	644	518	913
704	512	960	700	519	913
768	512	960	758	519	913
832	512	960	817	519	912
896	512	960	875	520	912
960	512	960	934	520	913
1023	512	960	990	520	913
0	576	960	253	580	917
64	576	960	258	580	917
128	576	960	275	580	917
192	576	960	303	581	914
256	576	960	342	581	914
320	576	960	386	581	914
384	576	960	434	582	914
448	576	960	485	582	914
512	576	960	538	582	914
576	576	960	594	583	914
640	576	960	648	583	914
704	576	960	704	583	913
768	576	960	762	583	913
832	576	960	820	584	913
896	576	960	878	584	913
960	576	960	937	585	913
1023	576	960	992	585	913
0	640	960	266	641	918
64	640	960	271	641	918
128	640	960	286	641	918
192	640	960	314	641	915
256	640	960	351	641	915
320	640	960	395	642	915
384	640	960	442	642	915
448	640	960	492	643	915
512	640	960	544	643	915
576	640	960	600	643	915
640	640	960	653	643	914
704	640	960	708	644	914
768	640	960	767	644	914
832	640	960	824	644	914
896	640	960	882	645	914
960	640	960	939	645	914
1023	640	960	995	645	914
0	704	960	280	703	917
64	704	960	284	704	917
128	704	960	300	704	916
192	704	960	326	704	916
256	704	960	362	704	916
320	704	960	404	704	915
384	704	960	449	704	915
448	704	960	498	704	915
512	704	960	550	705	915
576	704	960	605	705	915
640	704	960	657	705	915
704	704	960	713	706	915
768	704	960	771	706	915
832	704	960	827	706	915
896	704	960	885	707	915
960	704	960	943	707	915
1023	704	960	998	708	915
0	768	960	295	767	917
64	768	960	299	767	917
128	768	960	314	767	917
192	768	960	339	768	917
256	768	960	373	768	917
320	768	960	413	768	916
384	768	960	458	768	916
448	768	960	506	769	916
512	768	960	557	769	916
576	768	960	611	769	916
640	768	960	663	770	915
704	768	960	717	770	916
768	768	960	775	771	916
832	768	960	832	771	915
896	768	960	889	771	915
960	768	960	946	771	915
1023	768	960	1002	772	916
0	832	960	310	830	918
64	832	960	315	830	918
128	832	960	329	830	918
192	832	960	353	830	918
256	832	960	385	831	918
320	832	960	424	831	918
384	832	960	468	831	918
448	832	960	514	832	917
512	832	960	564	832	917
576	832	960	617	832	917
640	832	960	669	833	917
704	832	960	723	833	917
768	832	960	781	834	917
832	832	960	837	834	917
896	832	960	893	834	916
960	832	960	950	834	916
1023	832	960	1006	835	916
0	896	960	327	891	919
64	896	960	331	891	919
128	896	960	344	891	919
192	896	960	367	892	919
256	896	960	399	893	919
320	896	960	436	893	919
384	896	960	478	893	919
448	896	960	524	893	919
512	896	960	573	894	918
576	896	960	625	894	918
640	896	960	676	894	918
704	896	960	730	895	918
768	896	960	787	895	918
832	896	960	842	896	918
896	896	960	898	896	917
960	896	960	955	896	917
1023	896	960	1010	897	917
0	960	960	343	955	920
64	960	960	347	955	920
128	960	960	360	955	920
192	960	960	381	955	920
256	960	960	411	956	919
320	960	960	447	956	919
384	960	960	488	956	919
448	960	960	533	957	919
512	960	960	582	957	919
576	960	960	632	957	919
640	960	960	683	957	919
704	960	960	736	958	919
768	960	960	793	958	918
832	960	960	847	958	918
896	960	960	903	959	918
960	960	960	959	960	918
1023	960	960	1015	960	919
0	1023	960	361	1018	921
64	1023	960	364	1018	921
128	1023	960	376	1018	921
192	1023	960	397	1018	921
256	1023	960	425	1018	921
320	1023	960	460	1018	920
384	1023	960	499	1019	920
448	1023	960	543	1019	920
512	1023	960	591	1020	920
576	1023	960	640	1020	920
640	1023	960	690	1020	920
704	1023	960	743	1021	920
768	1023	960	800	1021	920
832	1023	960	854	1021	919
896	1023	960	909	1021	919
960	1023	960	964	1022	919
1023	1023	960	1020	1022	919
0	0	1023	208	44	975
64	0	1023	214	44	975
128	0	1023	234	44	974
192	0	1023	267	44	973
256	0	1023	309	44	972
320	0	1023	359	48	971
384	0	1023	411	48	971
448	0	1023	465	48	970
512	0	1023	520	53	970
576	0	1023	578	57	970
640	0	1023	634	57	970
704	0	1023	691	63	970
768	0	1023	750	66	970
832	0	1023	810	69	970
896	0	1023	868	72	970
960	0	1023	928	75	970
1023	0	1023	984	80	970
0	64	1023	208	77	975
64	64	1023	215	77	975
128	64	1023	234	77	974
192	64	1023	267	77	973
256	64	1023	309	77	972
320	64	1023	359	80	971
384	64	1023	411	80	971
448	64	1023	465	82	970
512	64	1023	520	82	970
576	64	1023	578	85	970
640	64	1023	635	87	970
704	64	1023	691	87	970
768	64	1023	750	89	970
832	64	1023	810	91	970
896	64	1023	868	93	970
960	64	1023	927	97	970
1023	64	1023	984	99	970
0	128	1023	210	136	975
64	128	1023	216	136	975
128	128	1023	236	136	974
192	128	1023	269	137	973
256	128	1023	310	137	972
320	128	1023	360	138	971
384	128	1023	412	138	971
448	128	1023	466	139	971
512	128	1023	521	139	971
576	128	1023	579	141	970
640	128	1023	635	142	970
704	128	1023	692	142	970
768	128	1023	750	143	970
832	128	1023	810	144	970
896	128	1023	868	145	970
960	128	1023	928	148	970
1023	128	1023	984	149	970
0	192	1023	213	199	976
64	192	1023	219	199	975
128	192	1023	239	200	975
192	192	1023	270	200	973
256	192	1023	313	200	972
320	192	1023	362	201	971
384	192	1023	414	202	971
448	192	1023	467	202	971
512	192	1023	522	202	971
576	192	1023	580	202	970
640	192	1023	636	203	970
704	192	1023	693	204	970
768	192	1023	751	205	970
832	192	1023	811	206	970
896	192	1023	869	206	970
960	192	1023	928	207	970
1023	192	1023	985	209	970
0	256	1023	218	264	976
64	256	1023	223	264	976
128	256	1023	243	264	975
192	256	1023	274	265	974
256	256	1023	316	265	972
320	256	1023	364	265	972
384	256	1023	416	266	971
448	256	1023	469	266	971
512	256	1023	524	267	971
576	256	1023	581	267	970
640	256	1023	637	267	970
704	256	1023	694	268	970
768	256	1023	752	269	970
832	256	1023	811	269	970
896	256	1023	870	269	970
960	256	1023	929	270	970
1023	256	1023	985	270	970
0	320	1023	223	328	975
64	320	1023	230	328	975
128	320	1023	248	328	974
192	320	1023	279	329	973
256	320	1023	320	330	971
320	320	1023	368	330	971
384	320	1023	419	330	971
448	320	1023	472	331	971
512	320	1023	526	331	971
576	320	1023	583	331	971
640	320	1023	639	331	970
704	320	1023	695	332	970
768	320	1023	753	332	970
832	320	1023	813	333	970
896	320	1023	871	333	970
960	320	1023	930	333	970
1023	320	1023	986	334	971
0	384	1023	232	393	977
64	384	1023	236	393	976
128	384	1023	255	393	976
192	384	1023	284	393	974
256	384	1023	325	393	972
320	384	1023	372	394	972
384	384	1023	422	394	971
448	384	1023	475	394	971
512	384	1023	529	395	971
576	384	1023	586	395	971
640	384	1023	641	395	970
704	384	1023	697	395	970
768	384	1023	755	396	970
832	384	1023	814	396	970
896	384	1023	873	396	970
960	384	1023	932	397	970
1023	384	1023	988	397	971
0	448	1023	240	454	976
64	448	1023	245	454	975
128	448	1023	262	454	975
192	448	1023	292	455	972
256	448	1023	331	455	972
320	448	1023	378	455	971
384	448	1023	427	456	971
448	448	1023	479	456	971
512	448	1023	532	456	971
576	448	1023	589	457	971
640	448	1023	644	457	971
704	448	1023	700	457	971
768	448	1023	758	458	971
832	448	1023	817	458	971
896	448	1023	875	458	971
960	448	1023	934	458	971
1023	448	1023	990	459	971
0	512	1023	250	516	975
64	512	1023	255	516	975
128	512	1023	271	516	974
192	512	1023	300	517	972
256	512	1023	339	517	972
320	512	1023	384	517	972
384	512	1023	432	517	972
448	512	1023	483	518	971
512	512	1023	537	518	972
576	512	1023	593	518	972
640	512	1023	647	519	972
704	512	1023	703	519	971
768	512	1023	761	519	971
832	512	1023	819	519	971
896	512	1023	877	519	971
960	512	1023	935	520	971
1023	512	1023	992	521	971
0	576	1023	262	580	975
64	576	1023	266	580	975
128	576	1023	282	580	975
192	576	1023	310	581	973
256	576	1023	348	581	973
320	576	1023	392	582	973
384	576	1023	439	582	972
448	576	1023	489	582	972
512	576	1023	542	582	972
576	576	1023	597	583	972
640	576	1023	651	583	972
704	576	1023	706	584	972
768	576	1023	765	584	972
832	576	1023	822	584	972
896	576	1023	880	584	972
960	576	1023	938	584	971
1023	576	1023	994	585	972
0	640	1023	274	641	976
64	640	1023	278	641	976
128	640	1023	294	641	974
192	640	1023	321	641	974
256	640	1023	357	642	974
320	640	1023	400	643	974
384	640	1023	446	643	974
448	640	1023	495	643	973
512	640	1023	547	643	973
576	640	1023	602	643	973
640	640	1023	655	643	973
704	640	1023	711	644	973
768	640	1023	769	645	973
832	640	1023	826	645	973
896	640	1023	883	645	973
960	640	1023	941	645	972
1023	640	1023	997	646	973
0	704	1023	287	703	975
64	704	1023	291	703	975
128	704	1023	306	703	975
192	704	1023	333	704	975
256	704	1023	367	704	975
320	704	1023	409	705	974
384	704	1023	454	705	974
448	704	1023	502	705	974
512	704	1023	553	705	974
576	704	1023	608	706	973
640	704	1023	660	706	973
704	704	1023	715	706	974
768	704	1023	773	707	973
832	704	1023	829	707	973
896	704	1023	887	707	973
960	704	1023	944	707	973
1023	704	1023	1000	708	974
0	768	1023	302	768	975
64	768	1023	306	768	975
128	768	1023	321	768	975
192	768	1023	345	768	975
256	768	1023	378	768	975
320	768	1023	418	769	975
384	768	1023	462	769	975
448	768	1023	510	769	975
512	768	1023	560	769	974
576	768	1023	614	770	974
640	768	1023	665	770	974
704	768	1023	720	771	974
768	768	1023	778	771	974
832	768	1023	834	771	974
896	768	1023	891	771	974
960	768	1023	948	772	974
1023	768	1023	1004	773	974
0	832	1023	317	830	976
64	832	1023	321	830	976
128	832	1023	335	831	976
192	832	1023	359	831	976
256	832	1023	391	831	976
320	832	1023	429	831	976
384	832	1023	471	832	976
448	832	1023	518	832	976
512	832	1023	568	832	976
576	832	1023	620	833	975
640	832	1023	672	833	975
704	832	1023	726	834	975
768	832	1023	783	834	975
832	832	1023	839	834	975
896	832	1023	895	834	975
960	832	1023	952	835	975
1023	832	1023	1008	836	975
0	896	1023	334	892	978
64	896	1023	337	892	978
128	896	1023	350	892	978
192	896	1023	373	892	977
256	896	1023	403	893	977
320	896	1023	440	893	977
384	896	1023	482	893	977
448	896	1023	527	893	977
512	896	1023	576	894	977
576	896	1023	627	895	977
640	896	1023	678	895	976
704	896	1023	732	895	976
768	896	1023	790	896	976
832	896	1023	844	896	976
896	896	1023	900	896	976
960	896	1023	957	897	976
1023	896	1023	1012	897	976
0	960	1023	350	956	979
64	960	1023	353	956	979
128	960	1023	366	956	978
192	960	1023	387	956	978
256	960	1023	416	956	978
320	960	1023	451	956	978
384	960	1023	491	956	978
448	960	1023	536	957	978
512	960	1023	585	957	978
576	960	1023	635	958	978
640	960	1023	685	958	978
704	960	1023	738	959	977
768	960	1023	796	959	977
832	960	1023	850	959	977
896	960	1023	906	960	977
960	960	1023	962	961	977
1023	960	1023	1017	961	977
0	1023	1023	367	1019	980
64	1023	1023	370	1019	980
128	1023	1023	382	1019	980
192	1023	1023	402	1019	979
256	1023	1023	430	1019	979
320	1023	1023	464	1019	979
384	1023	1023	503	1019	979
448	1023	1023	546	1020	979
512	1023	1023	594	1020	979
576	1023	1023	642	1020	978
640	1023	1023	693	1021	978
704	1023	1023	745	1021	978
768	1023	1023	802	1022	978
832	1023	1023	856	1022	978
896	1023	1023	911	1022	978
960	1023	1023	967	1023	978
1023	1023	1023	1021	1023	978
