0	0	0	0	0	0
64	0	0	60	0	0
128	0	0	123	0	0
192	0	0	186	0	0
256	0	0	248	0	0
320	0	0	309	23	0
384	0	0	370	23	0
448	0	0	431	32	0
512	0	0	490	32	0
576	0	0	550	44	0
640	0	0	611	44	0
704	0	0	669	48	0
768	0	0	729	53	0
832	0	0	792	57	0
896	0	0	852	60	0
960	0	0	912	66	0
1023	0	0	971	69	0
0	64	0	23	63	0
64	64	0	63	63	0
128	64	0	125	63	0
192	64	0	187	63	0
256	64	0	248	66	0
320	64	0	310	66	0
384	64	0	371	66	0
448	64	0	431	69	0
512	64	0	490	72	0
576	64	0	550	72	0
640	64	0	611	77	0
704	64	0	669	77	0
768	64	0	730	80	0
832	64	0	793	82	0
896	64	0	852	87	0
960	64	0	912	89	0
1023	64	0	971	91	0
0	128	0	38	129	0
64	128	0	69	129	0
128	128	0	129	129	0
192	128	0	188	129	0
256	128	0	250	130	0
320	128	0	311	130	0
384	128	0	372	130	0
448	128	0	432	132	0
512	128	0	491	133	0
576	128	0	551	134	0
640	128	0	612	136	0
704	128	0	670	137	0
768	128	0	730	137	0
832	128	0	793	138	0
896	128	0	852	141	0
960	128	0	913	143	0
1023	128	0	972	143	0
0	192	0	57	193	23
64	192	0	85	194	23
128	192	0	134	194	23
192	192	0	192	194	23
256	192	0	252	194	23
320	192	0	313	195	23
384	192	0	373	196	23
448	192	0	433	196	23
512	192	0	492	197	23
576	192	0	552	198	23
640	192	0	613	198	0
704	192	0	672	198	0
768	192	0	731	199	0
832	192	0	794	201	0
896	192	0	853	201	0
960	192	0	914	202	0
1023	192	0	972	203	0
0	256	0	77	258	32
64	256	0	97	258	32
128	256	0	143	258	32
192	256	0	198	259	32
256	256	0	256	259	32
320	256	0	316	259	32
384	256	0	376	260	32
448	256	0	435	261	23
512	256	0	494	261	23
576	256	0	554	262	23
640	256	0	615	262	23
704	256	0	673	262	23
768	256	0	733	263	23
832	256	0	796	263	23
896	256	0	855	264	23
960	256	0	915	264	23
1023	256	0	974	265	0
0	320	0	99	322	44
64	320	0	113	322	44
128	320	0	152	322	44
192	320	0	205	323	44
256	320	0	261	323	44
320	320	0	320	323	44
384	320	0	379	324	44
448	320	0	438	325	44
512	320	0	497	325	38
576	320	0	557	325	38
640	320	0	617	326	38
704	320	0	675	326	38
768	320	0	735	327	38
832	320	0	797	327	38
896	320	0	856	327	38
960	320	0	917	327	38
1023	320	0	975	327	32
0	384	0	117	386	48
64	384	0	129	386	48
128	384	0	165	386	48
192	384	0	213	387	48
256	384	0	267	387	48
320	384	0	325	387	48
384	384	0	384	388	48
448	384	0	442	388	48
512	384	0	500	389	48
576	384	0	560	389	48
640	384	0	619	389	48
704	384	0	677	389	44
768	384	0	737	389	44
832	384	0	799	390	44
896	384	0	858	390	44
960	384	0	918	390	44
1023	384	0	976	391	44
0	448	0	138	448	57
64	448	0	148	448	57
128	448	0	179	448	57
192	448	0	223	448	57
256	448	0	275	448	57
320	448	0	331	448	57
384	448	0	389	449	57
448	448	0	446	449	57
512	448	0	504	449	53
576	448	0	563	450	53
640	448	0	622	450	53
704	448	0	680	450	53
768	448	0	740	450	53
832	448	0	801	450	53
896	448	0	860	451	53
960	448	0	919	450	53
1023	448	0	977	451	48
0	512	0	157	509	63
64	512	0	165	509	63
128	512	0	193	509	63
192	512	0	235	509	63
256	512	0	285	510	63
320	512	0	339	510	63
384	512	0	395	510	63
448	512	0	451	510	60
512	512	0	508	510	60
576	512	0	567	511	60
640	512	0	626	511	60
704	512	0	683	511	60
768	512	0	742	511	60
832	512	0	803	511	60
896	512	0	863	511	60
960	512	0	921	511	60
1023	512	0	979	512	57
0	576	0	177	573	72
64	576	0	184	573	72
128	576	0	209	573	72
192	576	0	248	573	72
256	576	0	295	573	72
320	576	0	347	573	72
384	576	0	402	574	72
448	576	0	457	574	72
512	576	0	513	574	72
576	576	0	571	574	72
640	576	0	630	575	72
704	576	0	687	575	69
768	576	0	745	575	69
832	576	0	806	575	69
896	576	0	865	575	69
960	576	0	924	575	69
1023	576	0	981	575	69
0	640	0	196	633	80
64	640	0	202	633	80
128	640	0	225	633	80
192	640	0	262	633	80
256	640	0	307	634	80
320	640	0	357	634	77
384	640	0	409	635	77
448	640	0	464	635	77
512	640	0	519	635	77
576	640	0	577	635	77
640	640	0	634	635	77
704	640	0	691	635	77
768	640	0	749	636	77
832	640	0	810	635	77
896	640	0	868	635	77
960	640	0	927	636	75
1023	640	0	984	635	75
0	704	0	217	695	87
64	704	0	223	695	87
128	704	0	243	695	87
192	704	0	276	695	85
256	704	0	319	696	85
320	704	0	367	696	85
384	704	0	418	696	85
448	704	0	471	696	85
512	704	0	526	696	85
576	704	0	582	696	85
640	704	0	639	696	85
704	704	0	695	696	85
768	704	0	754	697	85
832	704	0	814	697	85
896	704	0	872	696	85
960	704	0	930	697	82
1023	704	0	987	697	82
0	768	0	236	758	95
64	768	0	242	758	95
128	768	0	261	758	95
192	768	0	292	758	95
256	768	0	331	758	95
320	768	0	378	758	95
384	768	0	427	758	95
448	768	0	479	759	95
512	768	0	533	759	95
576	768	0	589	759	93
640	768	0	644	759	93
704	768	0	700	759	93
768	768	0	758	760	93
832	768	0	818	760	93
896	768	0	876	759	93
960	768	0	934	760	93
1023	768	0	991	761	91
0	832	0	256	821	101
64	832	0	262	821	101
128	832	0	279	821	101
192	832	0	308	821	101
256	832	0	346	821	101
320	832	0	390	821	101
384	832	0	438	821	101
448	832	0	488	821	101
512	832	0	540	821	101
576	832	0	596	822	101
640	832	0	651	822	101
704	832	0	707	823	101
768	832	0	764	823	101
832	832	0	822	822	101
896	832	0	881	823	99
960	832	0	939	823	99
1023	832	0	994	824	99
0	896	0	276	882	109
64	896	0	281	882	109
128	896	0	297	882	109
192	896	0	324	882	109
256	896	0	360	883	109
320	896	0	402	883	109
384	896	0	449	883	109
448	896	0	498	883	109
512	896	0	550	884	109
576	896	0	605	884	109
640	896	0	657	883	109
704	896	0	713	883	109
768	896	0	771	884	109
832	896	0	828	884	109
896	896	0	886	884	108
960	896	0	943	885	108
1023	896	0	999	885	108
0	960	0	297	944	117
64	960	0	301	944	117
128	960	0	316	944	117
192	960	0	341	944	117
256	960	0	375	944	117
320	960	0	415	945	117
384	960	0	460	945	117
448	960	0	508	945	116
512	960	0	558	945	116
576	960	0	612	945	116
640	960	0	664	945	116
704	960	0	720	946	116
768	960	0	777	946	116
832	960	0	834	946	116
896	960	0	891	946	116
960	960	0	948	947	116
1023	960	0	1003	947	114
0	1023	0	317	1005	125
64	1023	0	320	1005	125
128	1023	0	334	1006	125
192	1023	0	358	1006	125
256	1023	0	390	1006	125
320	1023	0	428	1006	125
384	1023	0	471	1006	125
448	1023	0	518	1007	125
512	1023	0	568	1007	125
576	1023	0	620	1007	125
640	1023	0	672	1007	125
704	1023	0	727	1008	125
768	1023	0	784	1008	125
832	1023	0	839	1008	123
896	1023	0	896	1008	122
960	1023	0	953	1009	122
1023	1023	0	1008	1009	122
0	0	64	0	0	63
64	0	64	63	0	63
128	0	64	123	0	63
192	0	64	186	0	63
256	0	64	248	0	63
320	0	64	309	23	66
384	0	64	370	23	66
448	0	64	431	32	66
512	0	64	490	32	66
576	0	64	550	44	63
640	0	64	611	44	63
704	0	64	669	48	63
768	0	64	729	53	63
832	0	64	792	57	63
896	0	64	852	60	63
960	0	64	912	66	63
1023	0	64	971	69	63
0	64	64	23	63	66
64	64	64	63	63	66
128	64	64	125	63	66
192	64	64	187	63	66
256	64	64	248	66	66
320	64	64	309	66	66
384	64	64	370	66	66
448	64	64	431	69	66
512	64	64	490	72	66
576	64	64	550	72	66
640	64	64	611	77	63
704	64	64	669	77	63
768	64	64	730	80	63
832	64	64	793	82	63
896	64	64	852	87	63
960	64	64	912	89	63
1023	64	64	971	91	63
0	128	64	38	129	66
64	128	64	72	129	66
128	128	64	129	129	66
192	128	64	189	129	66
256	128	64	250	130	66
320	128	64	311	130	66
384	128	64	372	130	66
448	128	64	432	132	66
512	128	64	491	133	66
576	128	64	551	134	66
640	128	64	612	136	66
704	128	64	670	137	66
768	128	64	730	137	66
832	128	64	793	138	63
896	128	64	853	141	63
960	128	64	913	143	63
1023	128	64	971	143	63
0	192	64	60	194	69
64	192	64	85	194	69
128	192	64	134	194	69
192	192	64	193	194	69
256	192	64	252	194	69
320	192	64	313	195	69
384	192	64	373	196	69
448	192	64	433	196	69
512	192	64	492	197	66
576	192	64	552	198	66
640	192	64	613	198	66
704	192	64	671	198	66
768	192	64	731	199	66
832	192	64	794	201	66
896	192	64	853	201	66
960	192	64	914	202	66
1023	192	64	972	203	63
0	256	64	80	258	72
64	256	64	97	258	72
128	256	64	143	258	72
192	256	64	198	259	72
256	256	64	256	259	69
320	256	64	316	259	69
384	256	64	376	261	69
448	256	64	436	261	69
512	256	64	494	261	69
576	256	64	554	262	69
640	256	64	615	262	69
704	256	64	673	263	69
768	256	64	733	263	69
832	256	64	796	263	69
896	256	64	855	264	69
960	256	64	915	265	66
1023	256	64	974	265	66
0	320	64	99	322	75
64	320	64	113	322	75
128	320	64	153	322	75
192	320	64	205	323	75
256	320	64	261	323	75
320	320	64	320	323	75
384	320	64	379	324	72
448	320	64	438	325	72
512	320	64	497	325	72
576	320	64	557	325	72
640	320	64	617	326	72
704	320	64	675	326	72
768	320	64	735	327	72
832	320	64	797	327	72
896	320	64	856	327	72
960	320	64	917	327	69
1023	320	64	975	328	69
0	384	64	117	386	77
64	384	64	129	386	77
128	384	64	165	387	77
192	384	64	213	387	77
256	384	64	268	387	77
320	384	64	325	387	77
384	384	64	384	388	77
448	384	64	442	388	77
512	384	64	500	389	77
576	384	64	560	389	77
640	384	64	619	389	75
704	384	64	678	389	75
768	384	64	737	390	75
832	384	64	799	390	75
896	384	64	858	390	75
960	384	64	918	390	75
1023	384	64	976	391	75
0	448	64	138	448	85
64	448	64	148	448	85
128	448	64	179	448	85
192	448	64	223	448	85
256	448	64	275	448	82
320	448	64	331	449	82
384	448	64	389	449	80
448	448	64	446	449	80
512	448	64	504	449	80
576	448	64	563	450	80
640	448	64	622	450	80
704	448	64	680	450	80
768	448	64	739	450	80
832	448	64	801	450	80
896	448	64	860	451	80
960	448	64	919	450	77
1023	448	64	977	451	77
0	512	64	157	509	89
64	512	64	165	509	89
128	512	64	193	509	89
192	512	64	235	509	89
256	512	64	285	510	89
320	512	64	339	510	87
384	512	64	395	510	87
448	512	64	451	510	87
512	512	64	509	510	87
576	512	64	567	511	87
640	512	64	625	511	87
704	512	64	683	511	87
768	512	64	742	511	87
832	512	64	803	511	87
896	512	64	863	512	87
960	512	64	921	511	85
1023	512	64	979	512	85
0	576	64	177	573	93
64	576	64	184	573	93
128	576	64	209	573	93
192	576	64	248	573	93
256	576	64	295	573	93
320	576	64	347	574	93
384	576	64	402	574	93
448	576	64	457	574	93
512	576	64	513	575	93
576	576	64	571	574	91
640	576	64	630	575	91
704	576	64	687	575	91
768	576	64	745	575	91
832	576	64	806	575	91
896	576	64	865	575	91
960	576	64	924	575	91
1023	576	64	981	575	91
0	640	64	196	633	99
64	640	64	202	633	99
128	640	64	226	634	99
192	640	64	262	634	97
256	640	64	307	634	97
320	640	64	357	634	97
384	640	64	410	635	97
448	640	64	464	635	97
512	640	64	519	635	97
576	640	64	577	635	97
640	640	64	634	635	97
704	640	64	691	636	97
768	640	64	749	636	97
832	640	64	810	636	97
896	640	64	868	635	95
960	640	64	927	636	95
1023	640	64	984	636	95
0	704	64	217	695	104
64	704	64	223	695	104
128	704	64	243	695	104
192	704	64	276	696	104
256	704	64	319	696	104
320	704	64	367	696	104
384	704	64	418	696	104
448	704	64	471	696	104
512	704	64	526	696	104
576	704	64	582	696	104
640	704	64	639	696	104
704	704	64	695	696	104
768	704	64	754	697	104
832	704	64	814	697	104
896	704	64	872	697	103
960	704	64	930	697	103
1023	704	64	987	698	103
0	768	64	236	758	113
64	768	64	242	758	111
128	768	64	261	758	111
192	768	64	292	758	111
256	768	64	332	758	111
320	768	64	378	758	111
384	768	64	427	759	111
448	768	64	479	759	109
512	768	64	533	759	109
576	768	64	589	759	109
640	768	64	644	759	109
704	768	64	700	759	109
768	768	64	758	760	109
832	768	64	817	760	109
896	768	64	876	760	109
960	768	64	934	760	109
1023	768	64	991	761	108
0	832	64	257	821	117
64	832	64	262	821	117
128	832	64	279	821	117
192	832	64	308	821	117
256	832	64	346	822	117
320	832	64	390	822	117
384	832	64	438	821	117
448	832	64	488	821	117
512	832	64	540	822	117
576	832	64	596	822	117
640	832	64	651	822	117
704	832	64	707	823	116
768	832	64	764	823	116
832	832	64	822	823	116
896	832	64	881	823	116
960	832	64	938	823	116
1023	832	64	994	824	116
0	896	64	276	882	123
64	896	64	282	882	123
128	896	64	297	882	123
192	896	64	324	883	123
256	896	64	360	883	123
320	896	64	403	883	123
384	896	64	449	883	123
448	896	64	498	883	123
512	896	64	550	884	123
576	896	64	605	884	123
640	896	64	657	883	123
704	896	64	713	883	123
768	896	64	771	884	123
832	896	64	828	884	122
896	896	64	886	884	122
960	896	64	943	885	122
1023	896	64	999	885	122
0	960	64	297	944	132
64	960	64	301	944	132
128	960	64	316	944	132
192	960	64	341	944	132
256	960	64	375	945	132
320	960	64	415	945	130
384	960	64	460	945	130
448	960	64	508	945	130
512	960	64	559	946	130
576	960	64	613	945	130
640	960	64	664	945	130
704	960	64	720	946	130
768	960	64	777	947	130
832	960	64	834	947	130
896	960	64	891	947	130
960	960	64	948	947	129
1023	960	64	1003	947	129
0	1023	64	317	1006	138
64	1023	64	321	1006	138
128	1023	64	334	1006	138
192	1023	64	358	1006	138
256	1023	64	390	1006	138
320	1023	64	429	1006	138
384	1023	64	471	1006	138
448	1023	64	518	1007	137
512	1023	64	568	1008	137
576	1023	64	620	1007	137
640	1023	64	672	1007	137
704	1023	64	727	1008	137
768	1023	64	784	1008	136
832	1023	64	839	1008	136
896	1023	64	896	1008	136
960	1023	64	953	1009	136
1023	1023	64	1008	1010	136
0	0	128	23	0	128
64	0	128	66	0	128
128	0	128	125	0	128
192	0	128	187	0	128
256	0	128	248	23	129
320	0	128	310	23	129
384	0	128	370	23	129
448	0	128	431	32	129
512	0	128	490	32	128
576	0	128	550	44	128
640	0	128	611	44	128
704	0	128	669	48	128
768	0	128	729	53	128
832	0	128	792	57	128
896	0	128	852	60	128
960	0	128	912	66	128
1023	0	128	971	69	126
0	64	128	32	63	130
64	64	128	66	63	130
128	64	128	126	63	130
192	64	128	188	63	130
256	64	128	248	66	129
320	64	128	310	66	129
384	64	128	371	66	129
448	64	128	431	69	129
512	64	128	490	72	129
576	64	128	550	72	128
640	64	128	611	77	128
704	64	128	670	80	128
768	64	128	730	82	128
832	64	128	793	85	128
896	64	128	852	87	128
960	64	128	912	89	128
1023	64	128	971	93	128
0	128	128	44	129	130
64	128	128	75	129	130
128	128	128	130	129	130
192	128	128	189	130	130
256	128	128	251	130	129
320	128	128	311	130	129
384	128	128	372	130	129
448	128	128	432	132	129
512	128	128	491	133	129
576	128	128	551	134	129
640	128	128	612	136	129
704	128	128	670	137	129
768	128	128	730	137	128
832	128	128	793	139	128
896	128	128	852	141	128
960	128	128	913	143	128
1023	128	128	971	143	128
0	192	128	63	194	130
64	192	128	87	194	130
128	192	128	137	194	130
192	192	128	193	194	130
256	192	128	253	194	130
320	192	128	314	195	130
384	192	128	373	196	130
448	192	128	433	196	129
512	192	128	492	197	129
576	192	128	552	198	129
640	192	128	613	198	129
704	192	128	671	198	129
768	192	128	731	199	129
832	192	128	794	201	129
896	192	128	853	201	129
960	192	128	913	202	129
1023	192	128	972	203	128
0	256	128	82	259	132
64	256	128	101	259	132
128	256	128	144	259	132
192	256	128	198	259	132
256	256	128	257	259	130
320	256	128	316	261	130
384	256	128	376	261	130
448	256	128	436	261	130
512	256	128	495	261	130
576	256	128	554	262	130
640	256	128	615	262	130
704	256	128	673	263	130
768	256	128	733	263	130
832	256	128	796	264	130
896	256	128	855	264	129
960	256	128	915	265	129
1023	256	128	973	266	129
0	320	128	101	323	134
64	320	128	114	323	134
128	320	128	155	323	134
192	320	128	206	323	133
256	320	128	262	323	133
320	320	128	320	324	133
384	320	128	380	325	133
448	320	128	439	325	133
512	320	128	497	325	133
576	320	128	557	326	133
640	320	128	617	326	133
704	320	128	675	327	133
768	320	128	735	327	133
832	320	128	797	327	133
896	320	128	856	327	133
960	320	128	916	327	132
1023	320	128	975	328	132
0	384	128	119	387	136
64	384	128	132	387	136
128	384	128	166	387	136
192	384	128	214	387	136
256	384	128	269	388	136
320	384	128	326	388	136
384	384	128	384	389	136
448	384	128	442	389	136
512	384	128	500	389	136
576	384	128	560	389	134
640	384	128	619	389	134
704	384	128	677	390	134
768	384	128	737	390	134
832	384	128	799	390	134
896	384	128	858	390	134
960	384	128	918	391	134
1023	384	128	976	391	134
0	448	128	138	448	138
64	448	128	148	448	138
128	448	128	180	448	138
192	448	128	225	449	137
256	448	128	276	449	137
320	448	128	331	449	137
384	448	128	389	449	137
448	448	128	446	449	137
512	448	128	504	450	137
576	448	128	563	450	137
640	448	128	622	450	137
704	448	128	680	450	137
768	448	128	739	451	137
832	448	128	801	451	137
896	448	128	860	451	137
960	448	128	919	451	136
1023	448	128	977	451	136
0	512	128	158	509	141
64	512	128	167	509	141
128	512	128	194	510	141
192	512	128	236	510	141
256	512	128	286	510	141
320	512	128	339	510	141
384	512	128	395	510	141
448	512	128	451	511	139
512	512	128	508	511	139
576	512	128	567	511	139
640	512	128	625	511	139
704	512	128	683	511	139
768	512	128	742	512	139
832	512	128	803	511	139
896	512	128	862	512	138
960	512	128	921	512	138
1023	512	128	978	512	138
0	576	128	178	573	144
64	576	128	185	573	144
128	576	128	210	573	144
192	576	128	248	573	144
256	576	128	296	574	144
320	576	128	347	574	144
384	576	128	402	575	143
448	576	128	457	575	144
512	576	128	514	575	143
576	576	128	571	575	143
640	576	128	629	575	143
704	576	128	687	575	143
768	576	128	745	575	143
832	576	128	806	575	143
896	576	128	865	575	143
960	576	128	924	576	143
1023	576	128	980	576	142
0	640	128	198	634	148
64	640	128	204	634	148
128	640	128	227	634	148
192	640	128	262	634	148
256	640	128	307	634	147
320	640	128	357	635	147
384	640	128	410	635	147
448	640	128	464	635	147
512	640	128	519	635	147
576	640	128	577	635	145
640	640	128	634	636	147
704	640	128	691	636	147
768	640	128	749	636	147
832	640	128	810	636	147
896	640	128	868	636	145
960	640	128	927	636	145
1023	640	128	984	636	145
0	704	128	217	695	151
64	704	128	223	695	151
128	704	128	244	696	151
192	704	128	277	696	151
256	704	128	320	696	151
320	704	128	367	696	151
384	704	128	419	696	151
448	704	128	471	696	151
512	704	128	526	696	151
576	704	128	582	696	151
640	704	128	639	696	150
704	704	128	695	697	150
768	704	128	753	697	150
832	704	128	813	697	150
896	704	128	872	697	150
960	704	128	930	697	150
1023	704	128	987	698	149
0	768	128	237	758	156
64	768	128	242	758	156
128	768	128	261	758	156
192	768	128	292	759	155
256	768	128	332	759	155
320	768	128	378	759	155
384	768	128	428	759	155
448	768	128	479	759	155
512	768	128	533	759	155
576	768	128	589	759	155
640	768	128	644	759	155
704	768	128	700	760	155
768	768	128	758	760	155
832	768	128	817	760	155
896	768	128	875	760	155
960	768	128	933	760	153
1023	768	128	990	762	153
0	832	128	257	821	160
64	832	128	262	821	160
128	832	128	280	822	160
192	832	128	308	822	160
256	832	128	346	822	160
320	832	128	390	822	160
384	832	128	438	822	160
448	832	128	488	822	159
512	832	128	540	822	159
576	832	128	596	822	160
640	832	128	650	823	159
704	832	128	707	823	159
768	832	128	764	823	159
832	832	128	822	823	158
896	832	128	880	824	158
960	832	128	938	824	159
1023	832	128	994	824	159
0	896	128	277	883	165
64	896	128	282	883	165
128	896	128	298	883	164
192	896	128	325	883	164
256	896	128	360	883	164
320	896	128	403	884	164
384	896	128	449	884	164
448	896	128	498	884	164
512	896	128	550	884	164
576	896	128	604	885	164
640	896	128	657	884	164
704	896	128	713	884	164
768	896	128	771	885	163
832	896	128	828	885	163
896	896	128	886	885	163
960	896	128	943	885	163
1023	896	128	999	886	163
0	960	128	297	945	169
64	960	128	302	945	169
128	960	128	317	945	169
192	960	128	341	945	169
256	960	128	376	945	169
320	960	128	416	945	169
384	960	128	460	945	169
448	960	128	508	946	169
512	960	128	559	946	169
576	960	128	612	946	169
640	960	128	664	946	169
704	960	128	719	947	169
768	960	128	777	947	169
832	960	128	833	947	169
896	960	128	891	947	168
960	960	128	948	947	168
1023	960	128	1003	948	167
0	1023	128	317	1006	175
64	1023	128	321	1006	175
128	1023	128	334	1006	175
192	1023	128	358	1006	175
256	1023	128	390	1007	175
320	1023	128	429	1007	175
384	1023	128	471	1007	175
448	1023	128	518	1008	175
512	1023	128	568	1008	175
576	1023	128	620	1008	175
640	1023	128	672	1008	174
704	1023	128	726	1009	175
768	1023	128	783	1009	173
832	1023	128	839	1009	173
896	1023	128	896	1009	173
960	1023	128	952	1009	173
1023	1023	128	1008	1010	173
0	0	192	38	0	192
64	0	192	72	0	192
128	0	192	128	0	191
192	0	192	188	0	191
256	0	192	250	23	193
320	0	192	311	23	193
384	0	192	371	23	192
448	0	192	431	32	192
512	0	192	491	32	192
576	0	192	550	44	192
640	0	192	611	44	192
704	0	192	669	48	192
768	0	192	729	53	193
832	0	192	792	57	193
896	0	192	852	63	193
960	0	192	912	66	191
1023	0	192	970	69	191
0	64	192	44	63	193
64	64	192	72	63	193
128	64	192	129	63	193
192	64	192	189	66	193
256	64	192	250	66	193
320	64	192	311	66	193
384	64	192	372	66	193
448	64	192	431	69	192
512	64	192	491	72	192
576	64	192	551	72	192
640	64	192	611	77	192
704	64	192	670	80	192
768	64	192	730	82	193
832	64	192	792	87	193
896	64	192	852	87	193
960	64	192	912	91	192
1023	64	192	970	93	191
0	128	192	53	129	193
64	128	192	82	129	193
128	128	192	133	129	193
192	128	192	192	130	193
256	128	192	252	130	193
320	128	192	312	130	193
384	128	192	372	132	193
448	128	192	432	133	193
512	128	192	491	133	193
576	128	192	551	136	193
640	128	192	612	136	193
704	128	192	670	138	192
768	128	192	730	139	193
832	128	192	793	141	193
896	128	192	852	141	193
960	128	192	912	143	193
1023	128	192	971	144	193
0	192	192	69	194	193
64	192	192	91	194	193
128	192	192	139	194	193
192	192	192	195	194	193
256	192	192	255	194	193
320	192	192	314	196	193
384	192	192	374	196	193
448	192	192	434	197	193
512	192	192	493	198	193
576	192	192	553	198	193
640	192	192	613	199	193
704	192	192	671	199	193
768	192	192	731	200	193
832	192	192	794	201	193
896	192	192	853	202	193
960	192	192	913	203	193
1023	192	192	972	204	193
0	256	192	87	259	194
64	256	192	104	259	194
128	256	192	147	259	194
192	256	192	200	259	193
256	256	192	258	259	193
320	256	192	317	261	193
384	256	192	376	261	193
448	256	192	436	261	193
512	256	192	495	262	193
576	256	192	554	262	193
640	256	192	615	263	193
704	256	192	673	263	193
768	256	192	733	264	193
832	256	192	795	265	193
896	256	192	854	265	193
960	256	192	914	265	193
1023	256	192	973	266	193
0	320	192	104	323	196
64	320	192	117	323	196
128	320	192	157	323	196
192	320	192	207	324	195
256	320	192	263	324	195
320	320	192	321	325	195
384	320	192	380	325	195
448	320	192	439	325	195
512	320	192	497	326	195
576	320	192	557	327	194
640	320	192	617	327	194
704	320	192	675	327	194
768	320	192	735	327	195
832	320	192	797	328	194
896	320	192	856	328	194
960	320	192	916	328	194
1023	320	192	974	329	194
0	384	192	122	387	198
64	384	192	134	387	198
128	384	192	169	388	198
192	384	192	215	388	198
256	384	192	270	388	198
320	384	192	326	388	196
384	384	192	384	389	196
448	384	192	443	389	196
512	384	192	501	390	196
576	384	192	560	390	196
640	384	192	619	390	196
704	384	192	677	390	196
768	384	192	736	390	196
832	384	192	798	391	196
896	384	192	857	391	196
960	384	192	917	392	195
1023	384	192	975	392	196
0	448	192	141	449	199
64	448	192	150	449	199
128	448	192	182	449	199
192	448	192	226	449	199
256	448	192	277	449	198
320	448	192	332	449	198
384	448	192	390	450	198
448	448	192	447	450	198
512	448	192	504	450	198
576	448	192	563	451	198
640	448	192	622	451	198
704	448	192	680	451	198
768	448	192	739	452	198
832	448	192	800	452	198
896	448	192	859	451	198
960	448	192	918	452	198
1023	448	192	976	452	198
0	512	192	160	510	201
64	512	192	169	510	201
128	512	192	196	510	201
192	512	192	237	510	201
256	512	192	286	511	201
320	512	192	340	511	200
384	512	192	396	511	200
448	512	192	452	511	200
512	512	192	509	511	200
576	512	192	567	512	200
640	512	192	626	512	200
704	512	192	683	512	200
768	512	192	742	512	199
832	512	192	803	512	199
896	512	192	862	513	199
960	512	192	920	513	199
1023	512	192	978	513	199
0	576	192	179	574	202
64	576	192	188	574	202
128	576	192	212	574	202
192	576	192	250	574	202
256	576	192	297	574	202
320	576	192	348	575	202
384	576	192	402	575	202
448	576	192	458	575	202
512	576	192	514	575	202
576	576	192	571	575	202
640	576	192	629	576	202
704	576	192	686	576	202
768	576	192	745	576	202
832	576	192	806	576	202
896	576	192	864	576	202
960	576	192	923	577	202
1023	576	192	980	577	201
0	640	192	199	635	206
64	640	192	206	635	206
128	640	192	228	635	206
192	640	192	263	635	206
256	640	192	308	635	206
320	640	192	357	635	206
384	640	192	411	636	205
448	640	192	464	636	205
512	640	192	519	636	204
576	640	192	577	636	204
640	640	192	634	636	204
704	640	192	691	637	204
768	640	192	749	637	204
832	640	192	809	637	204
896	640	192	868	637	204
960	640	192	926	637	204
1023	640	192	983	637	204
0	704	192	218	696	208
64	704	192	225	696	208
128	704	192	245	697	208
192	704	192	279	697	207
256	704	192	320	697	207
320	704	192	368	697	207
384	704	192	419	697	207
448	704	192	471	697	207
512	704	192	526	697	207
576	704	192	582	697	207
640	704	192	639	697	207
704	704	192	695	697	207
768	704	192	753	698	207
832	704	192	813	698	207
896	704	192	871	698	207
960	704	192	929	698	207
1023	704	192	986	699	206
0	768	192	238	759	211
64	768	192	243	759	211
128	768	192	262	759	210
192	768	192	293	759	210
256	768	192	333	759	210
320	768	192	379	760	210
384	768	192	428	760	210
448	768	192	479	760	210
512	768	192	533	760	210
576	768	192	589	760	210
640	768	192	644	760	210
704	768	192	700	760	209
768	768	192	758	761	209
832	768	192	817	761	209
896	768	192	875	761	209
960	768	192	933	762	209
1023	768	192	989	762	209
0	832	192	258	822	214
64	832	192	263	822	214
128	832	192	281	822	214
192	832	192	309	822	214
256	832	192	347	822	214
320	832	192	390	823	214
384	832	192	438	823	213
448	832	192	488	822	213
512	832	192	540	823	213
576	832	192	596	823	213
640	832	192	650	823	212
704	832	192	706	824	213
768	832	192	764	824	213
832	832	192	822	824	213
896	832	192	880	825	213
960	832	192	937	825	213
1023	832	192	993	825	212
0	896	192	279	883	218
64	896	192	283	883	218
128	896	192	299	883	218
192	896	192	326	883	217
256	896	192	361	884	217
320	896	192	404	884	217
384	896	192	449	884	217
448	896	192	498	884	217
512	896	192	550	885	217
576	896	192	604	885	217
640	896	192	657	885	216
704	896	192	713	885	216
768	896	192	770	886	216
832	896	192	827	886	216
896	896	192	885	886	216
960	896	192	942	886	216
1023	896	192	998	887	216
0	960	192	298	945	221
64	960	192	303	945	221
128	960	192	317	945	221
192	960	192	342	946	221
256	960	192	376	946	221
320	960	192	416	946	221
384	960	192	460	946	221
448	960	192	508	947	221
512	960	192	559	947	221
576	960	192	612	947	221
640	960	192	664	947	221
704	960	192	719	948	221
768	960	192	777	948	221
832	960	192	833	948	220
896	960	192	890	948	219
960	960	192	947	949	219
1023	960	192	1002	949	219
0	1023	192	318	1007	225
64	1023	192	322	1007	225
128	1023	192	335	1007	225
192	1023	192	359	1007	225
256	1023	192	391	1008	225
320	1023	192	429	1008	225
384	1023	192	472	1008	225
448	1023	192	518	1008	224
512	1023	192	568	1009	224
576	1023	192	620	1009	223
640	1023	192	672	1009	223
704	1023	192	726	1010	223
768	1023	192	783	1010	223
832	1023	192	839	1010	223
896	1023	192	895	1010	223
960	1023	192	952	1011	223
1023	1023	192	1007	1011	223
0	0	256	53	0	255
64	0	256	82	0	255
128	0	256	132	0	255
192	0	256	191	0	255
256	0	256	252	23	256
320	0	256	312	23	256
384	0	256	372	23	256
448	0	256	432	32	256
512	0	256	491	32	256
576	0	256	551	44	256
640	0	256	611	44	256
704	0	256	670	53	256
768	0	256	730	53	256
832	0	256	792	60	256
896	0	256	852	63	256
960	0	256	912	66	255
1023	0	256	970	72	256
0	64	256	57	63	256
64	64	256	82	63	256
128	64	256	134	63	256
192	64	256	192	66	256
256	64	256	252	66	256
320	64	256	312	66	256
384	64	256	373	69	256
448	64	256	432	72	256
512	64	256	492	75	256
576	64	256	551	75	256
640	64	256	611	77	256
704	64	256	670	82	256
768	64	256	730	82	256
832	64	256	792	87	256
896	64	256	852	89	256
960	64	256	912	91	256
1023	64	256	970	95	255
0	128	256	66	129	256
64	128	256	89	129	256
128	128	256	137	129	256
192	128	256	194	130	256
256	128	256	253	132	256
320	128	256	314	132	256
384	128	256	373	133	256
448	128	256	433	133	256
512	128	256	492	134	256
576	128	256	552	136	256
640	128	256	612	136	256
704	128	256	670	138	256
768	128	256	730	139	256
832	128	256	793	141	256
896	128	256	852	142	256
960	128	256	912	143	256
1023	128	256	970	145	256
0	192	256	77	194	256
64	192	256	97	194	256
128	192	256	143	194	256
192	192	256	198	195	256
256	192	256	256	196	256
320	192	256	316	196	256
384	192	256	375	197	256
448	192	256	434	198	256
512	192	256	494	198	256
576	192	256	553	199	256
640	192	256	613	200	256
704	192	256	671	200	256
768	192	256	731	201	256
832	192	256	794	202	256
896	192	256	853	202	256
960	192	256	913	204	256
1023	192	256	971	205	256
0	256	256	93	259	257
64	256	256	109	259	257
128	256	256	150	259	257
192	256	256	202	260	257
256	256	256	260	260	257
320	256	256	318	261	256
384	256	256	378	262	256
448	256	256	437	262	257
512	256	256	495	263	257
576	256	256	554	263	257
640	256	256	615	263	257
704	256	256	673	264	256
768	256	256	733	265	256
832	256	256	795	265	256
896	256	256	854	265	256
960	256	256	914	266	257
1023	256	256	972	267	256
0	320	256	109	324	259
64	320	256	122	324	259
128	320	256	160	325	259
192	320	256	209	325	259
256	320	256	265	325	259
320	320	256	322	325	259
384	320	256	381	326	259
448	320	256	439	327	259
512	320	256	498	327	259
576	320	256	557	327	259
640	320	256	617	327	258
704	320	256	675	327	259
768	320	256	734	328	258
832	320	256	796	329	258
896	320	256	855	328	258
960	320	256	915	329	258
1023	320	256	973	330	258
0	384	256	126	388	261
64	384	256	138	388	261
128	384	256	171	389	261
192	384	256	218	389	261
256	384	256	271	389	261
320	384	256	327	389	259
384	384	256	385	390	259
448	384	256	443	390	259
512	384	256	501	390	259
576	384	256	560	391	259
640	384	256	619	390	259
704	384	256	677	391	259
768	384	256	736	392	259
832	384	256	798	392	259
896	384	256	857	392	259
960	384	256	916	393	258
1023	384	256	974	393	259
0	448	256	145	450	262
64	448	256	155	450	262
128	448	256	184	450	262
192	448	256	228	450	262
256	448	256	279	450	262
320	448	256	333	450	261
384	448	256	390	451	261
448	448	256	447	451	261
512	448	256	505	451	261
576	448	256	563	452	261
640	448	256	622	452	261
704	448	256	680	452	261
768	448	256	739	453	261
832	448	256	800	453	260
896	448	256	859	453	260
960	448	256	917	453	260
1023	448	256	975	454	260
0	512	256	163	511	263
64	512	256	172	511	263
128	512	256	198	511	263
192	512	256	239	511	263
256	512	256	288	512	263
320	512	256	341	512	262
384	512	256	397	512	262
448	512	256	452	512	262
512	512	256	509	512	262
576	512	256	567	513	262
640	512	256	626	513	262
704	512	256	683	514	262
768	512	256	741	514	262
832	512	256	802	514	262
896	512	256	861	514	262
960	512	256	919	514	261
1023	512	256	976	514	262
0	576	256	181	575	265
64	576	256	190	575	265
128	576	256	214	575	265
192	576	256	252	575	265
256	576	256	298	575	264
320	576	256	349	576	264
384	576	256	404	576	264
448	576	256	458	576	264
512	576	256	514	576	264
576	576	256	571	576	264
640	576	256	629	577	263
704	576	256	686	577	263
768	576	256	744	577	263
832	576	256	805	578	263
896	576	256	863	577	263
960	576	256	922	578	263
1023	576	256	979	578	263
0	640	256	201	636	267
64	640	256	208	636	267
128	640	256	230	636	267
192	640	256	265	636	267
256	640	256	309	636	266
320	640	256	359	637	266
384	640	256	411	637	266
448	640	256	465	637	266
512	640	256	519	637	266
576	640	256	577	637	266
640	640	256	634	637	265
704	640	256	690	638	265
768	640	256	748	638	265
832	640	256	809	638	265
896	640	256	867	638	265
960	640	256	925	638	265
1023	640	256	982	639	265
0	704	256	221	697	269
64	704	256	227	697	269
128	704	256	247	698	269
192	704	256	280	698	269
256	704	256	322	698	268
320	704	256	368	698	268
384	704	256	419	698	268
448	704	256	472	698	268
512	704	256	526	698	268
576	704	256	582	698	268
640	704	256	638	699	267
704	704	256	695	699	267
768	704	256	753	699	267
832	704	256	813	700	267
896	704	256	870	699	267
960	704	256	928	699	267
1023	704	256	985	700	267
0	768	256	240	760	271
64	768	256	245	760	271
128	768	256	264	760	271
192	768	256	294	760	271
256	768	256	334	760	270
320	768	256	379	761	270
384	768	256	428	761	270
448	768	256	479	761	270
512	768	256	533	761	270
576	768	256	589	762	270
640	768	256	644	762	270
704	768	256	700	762	270
768	768	256	757	762	269
832	768	256	816	762	269
896	768	256	874	763	269
960	768	256	932	763	269
1023	768	256	988	763	269
0	832	256	260	823	273
64	832	256	265	823	273
128	832	256	282	823	273
192	832	256	310	823	273
256	832	256	347	824	273
320	832	256	391	824	273
384	832	256	438	824	273
448	832	256	488	824	272
512	832	256	540	824	272
576	832	256	596	824	272
640	832	256	650	825	272
704	832	256	705	825	272
768	832	256	763	825	272
832	832	256	821	825	272
896	832	256	879	826	272
960	832	256	936	826	272
1023	832	256	992	826	271
0	896	256	280	884	277
64	896	256	284	884	277
128	896	256	300	884	276
192	896	256	327	884	275
256	896	256	362	885	275
320	896	256	404	885	275
384	896	256	449	885	275
448	896	256	498	886	275
512	896	256	550	886	275
576	896	256	604	886	275
640	896	256	657	886	275
704	896	256	712	887	275
768	896	256	770	887	275
832	896	256	826	887	275
896	896	256	884	888	275
960	896	256	941	888	275
1023	896	256	997	889	274
0	960	256	299	946	279
64	960	256	303	946	279
128	960	256	318	946	279
192	960	256	343	947	279
256	960	256	376	947	279
320	960	256	417	948	278
384	960	256	460	948	278
448	960	256	508	948	278
512	960	256	559	948	279
576	960	256	612	948	278
640	960	256	664	949	278
704	960	256	719	949	277
768	960	256	776	950	277
832	960	256	832	949	277
896	960	256	889	950	277
960	960	256	946	950	277
1023	960	256	1001	951	277
0	1023	256	319	1008	282
64	1023	256	323	1008	282
128	1023	256	336	1008	282
192	1023	256	359	1009	282
256	1023	256	392	1009	282
320	1023	256	429	1009	282
384	1023	256	472	1009	282
448	1023	256	518	1010	281
512	1023	256	568	1010	281
576	1023	256	620	1011	281
640	1023	256	672	1011	281
704	1023	256	726	1012	281
768	1023	256	783	1011	281
832	1023	256	838	1012	280
896	1023	256	895	1012	280
960	1023	256	951	1012	280
1023	1023	256	1006	1013	280
0	0	320	69	0	319
64	0	320	91	0	319
128	0	320	138	0	319
192	0	320	194	23	321
256	0	320	254	23	321
320	0	320	314	23	320
384	0	320	373	23	320
448	0	320	433	32	320
512	0	320	492	32	320
576	0	320	552	44	320
640	0	320	612	44	320
704	0	320	670	53	320
768	0	320	730	57	320
832	0	320	792	60	320
896	0	320	852	63	320
960	0	320	912	66	320
1023	0	320	969	72	320
0	64	320	69	63	322
64	64	320	91	66	322
128	64	320	139	66	322
192	64	320	195	66	321
256	64	320	255	66	321
320	64	320	314	66	320
384	64	320	374	72	320
448	64	320	433	72	320
512	64	320	493	75	320
576	64	320	552	77	320
640	64	320	612	77	320
704	64	320	670	82	320
768	64	320	730	85	321
832	64	320	792	87	320
896	64	320	852	89	320
960	64	320	912	91	320
1023	64	320	970	95	320
0	128	320	77	130	322
64	128	320	97	130	322
128	128	320	142	132	322
192	128	320	198	132	321
256	128	320	256	132	321
320	128	320	315	132	321
384	128	320	375	133	320
448	128	320	434	133	320
512	128	320	493	134	320
576	128	320	553	136	320
640	128	320	613	137	320
704	128	320	671	138	320
768	128	320	731	139	320
832	128	320	793	141	320
896	128	320	853	142	320
960	128	320	912	143	320
1023	128	320	970	145	320
0	192	320	89	195	322
64	192	320	104	195	322
128	192	320	148	195	322
192	192	320	201	195	322
256	192	320	258	197	321
320	192	320	317	197	321
384	192	320	376	197	320
448	192	320	436	198	320
512	192	320	494	198	321
576	192	320	554	199	321
640	192	320	614	201	321
704	192	320	672	201	320
768	192	320	732	201	320
832	192	320	794	202	320
896	192	320	853	204	320
960	192	320	912	204	320
1023	192	320	970	205	320
0	256	320	103	261	322
64	256	320	116	261	322
128	256	320	155	261	322
192	256	320	206	261	322
256	256	320	262	262	322
320	256	320	320	262	321
384	256	320	379	262	321
448	256	320	438	263	321
512	256	320	496	263	321
576	256	320	555	264	321
640	256	320	615	265	321
704	256	320	673	265	321
768	256	320	733	265	321
832	256	320	795	266	321
896	256	320	854	266	321
960	256	320	913	267	321
1023	256	320	971	267	320
0	320	320	116	325	324
64	320	320	129	325	324
128	320	320	164	325	323
192	320	320	212	325	323
256	320	320	267	326	322
320	320	320	324	327	322
384	320	320	382	327	322
448	320	320	440	327	322
512	320	320	499	327	322
576	320	320	557	328	322
640	320	320	617	328	322
704	320	320	675	328	322
768	320	320	734	329	322
832	320	320	796	330	322
896	320	320	855	329	322
960	320	320	914	330	322
1023	320	320	972	331	322
0	384	320	133	389	324
64	384	320	143	389	324
128	384	320	175	389	324
192	384	320	221	389	324
256	384	320	273	389	324
320	384	320	329	390	323
384	384	320	386	390	323
448	384	320	444	391	323
512	384	320	502	391	323
576	384	320	560	392	323
640	384	320	620	392	322
704	384	320	677	392	322
768	384	320	736	393	323
832	384	320	798	393	322
896	384	320	856	393	322
960	384	320	915	393	322
1023	384	320	973	394	322
0	448	320	150	451	326
64	448	320	159	451	326
128	448	320	188	451	325
192	448	320	230	451	325
256	448	320	281	451	325
320	448	320	335	451	324
384	448	320	392	452	324
448	448	320	448	452	324
512	448	320	505	452	324
576	448	320	564	453	324
640	448	320	623	453	323
704	448	320	680	453	323
768	448	320	738	454	323
832	448	320	800	454	323
896	448	320	858	454	323
960	448	320	917	454	323
1023	448	320	974	454	323
0	512	320	168	512	327
64	512	320	176	512	327
128	512	320	202	512	326
192	512	320	242	512	326
256	512	320	290	512	326
320	512	320	343	513	325
384	512	320	398	514	325
448	512	320	453	513	325
512	512	320	509	514	325
576	512	320	567	514	325
640	512	320	626	514	325
704	512	320	683	514	325
768	512	320	741	515	325
832	512	320	802	515	324
896	512	320	860	515	324
960	512	320	919	515	324
1023	512	320	976	516	324
0	576	320	185	575	327
64	576	320	193	575	327
128	576	320	217	576	327
192	576	320	255	576	327
256	576	320	300	576	327
320	576	320	350	577	327
384	576	320	405	577	327
448	576	320	459	577	327
512	576	320	514	577	327
576	576	320	572	577	326
640	576	320	629	578	326
704	576	320	686	578	326
768	576	320	744	578	326
832	576	320	805	578	326
896	576	320	863	578	326
960	576	320	922	579	326
1023	576	320	978	579	326
0	640	320	204	637	329
64	640	320	211	637	329
128	640	320	233	637	329
192	640	320	267	637	329
256	640	320	311	637	328
320	640	320	360	637	328
384	640	320	412	638	328
448	640	320	465	638	328
512	640	320	520	638	327
576	640	320	577	638	327
640	640	320	634	638	327
704	640	320	691	639	327
768	640	320	748	639	327
832	640	320	808	639	327
896	640	320	867	639	327
960	640	320	925	639	327
1023	640	320	982	640	327
0	704	320	223	698	331
64	704	320	230	698	331
128	704	320	249	698	330
192	704	320	282	698	330
256	704	320	323	698	329
320	704	320	370	699	329
384	704	320	420	699	329
448	704	320	473	699	329
512	704	320	527	699	329
576	704	320	583	699	329
640	704	320	639	699	329
704	704	320	695	700	329
768	704	320	753	700	329
832	704	320	813	701	329
896	704	320	870	700	329
960	704	320	928	701	328
1023	704	320	985	702	328
0	768	320	242	761	332
64	768	320	248	761	332
128	768	320	266	761	332
192	768	320	296	761	331
256	768	320	335	761	331
320	768	320	381	762	331
384	768	320	430	762	331
448	768	320	480	762	331
512	768	320	534	762	331
576	768	320	589	762	331
640	768	320	644	763	331
704	768	320	700	763	331
768	768	320	757	763	331
832	768	320	816	763	330
896	768	320	874	764	330
960	768	320	932	764	330
1023	768	320	987	765	331
0	832	320	262	824	334
64	832	320	267	824	334
128	832	320	284	824	334
192	832	320	312	824	334
256	832	320	349	824	334
320	832	320	392	824	334
384	832	320	439	825	333
448	832	320	489	825	333
512	832	320	541	825	333
576	832	320	596	825	333
640	832	320	650	825	333
704	832	320	705	826	333
768	832	320	763	827	333
832	832	320	821	826	333
896	832	320	879	827	333
960	832	320	936	827	332
1023	832	320	992	827	332
0	896	320	281	885	337
64	896	320	286	885	337
128	896	320	301	885	335
192	896	320	328	885	335
256	896	320	363	885	335
320	896	320	405	886	335
384	896	320	450	886	335
448	896	320	499	886	335
512	896	320	550	887	335
576	896	320	604	887	335
640	896	320	657	887	334
704	896	320	712	888	334
768	896	320	770	888	335
832	896	320	826	888	334
896	896	320	884	889	334
960	896	320	941	889	334
1023	896	320	997	890	334
0	960	320	301	947	337
64	960	320	305	947	337
128	960	320	319	947	337
192	960	320	344	947	337
256	960	320	378	948	338
320	960	320	417	948	337
384	960	320	461	949	337
448	960	320	509	949	337
512	960	320	559	949	337
576	960	320	612	949	337
640	960	320	664	950	337
704	960	320	719	950	337
768	960	320	776	951	337
832	960	320	832	950	337
896	960	320	889	951	337
960	960	320	946	951	337
1023	960	320	1001	952	337
0	1023	320	320	1009	340
64	1023	320	324	1009	340
128	1023	320	338	1009	340
192	1023	320	361	1010	340
256	1023	320	393	1010	340
320	1023	320	430	1010	340
384	1023	320	472	1010	340
448	1023	320	519	1011	339
512	1023	320	568	1011	339
576	1023	320	620	1011	339
640	1023	320	672	1012	339
704	1023	320	726	1012	339
768	1023	320	783	1012	339
832	1023	320	838	1013	339
896	1023	320	894	1013	339
960	1023	320	951	1013	339
1023	1023	320	1006	1014	338
0	0	384	85	0	383
64	0	384	101	0	383
128	0	384	145	23	383
192	0	384	199	23	383
256	0	384	257	23	383
320	0	384	317	23	383
384	0	384	376	32	383
448	0	384	435	32	383
512	0	384	494	38	383
576	0	384	553	44	383
640	0	384	613	44	383
704	0	384	671	53	383
768	0	384	731	57	383
832	0	384	794	60	383
896	0	384	853	63	382
960	0	384	912	66	382
1023	0	384	970	72	383
0	64	384	87	66	384
64	64	384	103	66	384
128	64	384	145	66	383
192	64	384	200	66	383
256	64	384	258	66	383
320	64	384	317	66	383
384	64	384	376	72	383
448	64	384	435	72	383
512	64	384	494	75	383
576	64	384	553	77	383
640	64	384	613	77	383
704	64	384	672	82	383
768	64	384	731	85	383
832	64	384	794	87	383
896	64	384	853	89	382
960	64	384	912	91	382
1023	64	384	970	95	382
0	128	384	91	132	384
64	128	384	106	132	384
128	128	384	149	132	384
192	128	384	201	132	384
256	128	384	259	132	384
320	128	384	317	132	383
384	128	384	377	133	383
448	128	384	436	133	383
512	128	384	494	134	383
576	128	384	554	136	383
640	128	384	614	138	383
704	128	384	672	138	383
768	128	384	732	139	383
832	128	384	794	141	383
896	128	384	853	142	383
960	128	384	912	143	382
1023	128	384	970	145	382
0	192	384	99	195	384
64	192	384	113	195	384
128	192	384	153	195	384
192	192	384	205	196	384
256	192	384	262	197	384
320	192	384	319	197	383
384	192	384	378	198	383
448	192	384	437	198	383
512	192	384	495	199	383
576	192	384	555	199	383
640	192	384	615	201	383
704	192	384	673	201	384
768	192	384	732	202	383
832	192	384	795	203	383
896	192	384	854	203	383
960	192	384	913	205	383
1023	192	384	971	206	383
0	256	384	111	261	385
64	256	384	123	261	385
128	256	384	160	261	385
192	256	384	210	261	385
256	256	384	265	262	385
320	256	384	322	262	384
384	256	384	381	262	384
448	256	384	439	263	384
512	256	384	498	263	384
576	256	384	557	265	384
640	256	384	617	265	384
704	256	384	675	266	384
768	256	384	734	265	384
832	256	384	796	266	384
896	256	384	854	267	384
960	256	384	913	267	383
1023	256	384	971	267	383
0	320	384	125	325	386
64	320	384	136	326	386
128	320	384	169	326	386
192	320	384	217	326	386
256	320	384	270	326	386
320	320	384	327	327	385
384	320	384	384	327	385
448	320	384	442	327	385
512	320	384	500	328	385
576	320	384	559	328	385
640	320	384	619	329	385
704	320	384	676	329	385
768	320	384	735	329	385
832	320	384	797	330	385
896	320	384	855	330	384
960	320	384	915	330	384
1023	320	384	972	331	384
0	384	384	139	389	388
64	384	384	150	390	388
128	384	384	180	390	388
192	384	384	225	390	388
256	384	384	276	390	387
320	384	384	331	390	386
384	384	384	388	391	386
448	384	384	445	391	385
512	384	384	503	392	385
576	384	384	561	392	386
640	384	384	621	392	385
704	384	384	678	393	385
768	384	384	737	393	385
832	384	384	798	393	385
896	384	384	857	394	385
960	384	384	916	394	385
1023	384	384	973	394	385
0	448	384	157	451	388
64	448	384	165	451	388
128	448	384	193	451	388
192	448	384	234	451	388
256	448	384	284	451	388
320	448	384	337	452	387
384	448	384	393	452	386
448	448	384	449	452	386
512	448	384	506	452	386
576	448	384	565	453	386
640	448	384	623	453	386
704	448	384	680	453	386
768	448	384	739	454	386
832	448	384	800	454	386
896	448	384	859	454	386
960	448	384	917	454	386
1023	448	384	974	455	386
0	512	384	173	512	389
64	512	384	180	512	389
128	512	384	206	512	389
192	512	384	245	512	389
256	512	384	292	513	389
320	512	384	345	513	388
384	512	384	400	514	388
448	512	384	454	514	388
512	512	384	511	514	387
576	512	384	568	514	387
640	512	384	626	514	387
704	512	384	683	514	387
768	512	384	742	515	387
832	512	384	803	515	387
896	512	384	861	515	387
960	512	384	920	516	387
1023	512	384	976	516	386
0	576	384	190	576	390
64	576	384	197	576	390
128	576	384	220	576	390
192	576	384	257	576	389
256	576	384	302	576	388
320	576	384	353	576	388
384	576	384	406	577	388
448	576	384	460	577	388
512	576	384	515	577	388
576	576	384	573	578	388
640	576	384	630	578	388
704	576	384	687	578	388
768	576	384	745	579	388
832	576	384	806	579	388
896	576	384	864	579	388
960	576	384	923	580	388
1023	576	384	978	579	387
0	640	384	208	637	392
64	640	384	215	637	392
128	640	384	236	637	392
192	640	384	270	637	392
256	640	384	313	637	390
320	640	384	362	637	390
384	640	384	414	638	390
448	640	384	467	638	390
512	640	384	521	638	389
576	640	384	578	639	389
640	640	384	635	639	389
704	640	384	691	639	389
768	640	384	749	639	389
832	640	384	809	639	389
896	640	384	867	640	389
960	640	384	925	640	389
1023	640	384	982	640	388
0	704	384	227	698	392
64	704	384	232	698	392
128	704	384	252	698	392
192	704	384	284	698	392
256	704	384	325	698	391
320	704	384	372	699	391
384	704	384	422	699	391
448	704	384	474	699	391
512	704	384	528	699	390
576	704	384	584	699	390
640	704	384	639	700	390
704	704	384	695	700	390
768	704	384	753	701	390
832	704	384	812	701	390
896	704	384	871	701	390
960	704	384	929	702	390
1023	704	384	985	702	390
0	768	384	245	761	394
64	768	384	251	761	394
128	768	384	269	761	394
192	768	384	299	762	393
256	768	384	337	762	393
320	768	384	382	762	393
384	768	384	431	762	392
448	768	384	481	762	392
512	768	384	535	763	392
576	768	384	590	763	392
640	768	384	645	763	392
704	768	384	700	763	392
768	768	384	758	764	392
832	768	384	816	764	392
896	768	384	874	764	392
960	768	384	932	765	392
1023	768	384	988	766	392
0	832	384	265	824	395
64	832	384	270	825	395
128	832	384	286	825	395
192	832	384	314	825	394
256	832	384	351	825	394
320	832	384	394	825	394
384	832	384	441	825	394
448	832	384	490	825	394
512	832	384	542	826	394
576	832	384	597	826	394
640	832	384	651	826	394
704	832	384	706	826	394
768	832	384	764	827	394
832	832	384	821	827	393
896	832	384	879	827	393
960	832	384	936	827	393
1023	832	384	992	828	393
0	896	384	284	885	399
64	896	384	288	885	399
128	896	384	304	885	396
192	896	384	330	885	396
256	896	384	365	886	396
320	896	384	406	886	396
384	896	384	451	886	396
448	896	384	500	887	395
512	896	384	551	888	395
576	896	384	605	887	395
640	896	384	657	887	395
704	896	384	713	888	395
768	896	384	770	889	396
832	896	384	827	888	395
896	896	384	884	889	395
960	896	384	941	890	395
1023	896	384	997	890	395
0	960	384	303	947	398
64	960	384	308	947	398
128	960	384	322	948	398
192	960	384	346	948	398
256	960	384	379	948	398
320	960	384	419	948	398
384	960	384	462	949	398
448	960	384	510	949	398
512	960	384	560	950	398
576	960	384	613	949	398
640	960	384	665	949	398
704	960	384	719	951	397
768	960	384	777	951	398
832	960	384	833	951	397
896	960	384	889	951	397
960	960	384	946	952	397
1023	960	384	1001	953	397
0	1023	384	322	1010	400
64	1023	384	326	1010	400
128	1023	384	340	1010	400
192	1023	384	363	1010	400
256	1023	384	394	1010	400
320	1023	384	431	1010	400
384	1023	384	473	1010	400
448	1023	384	520	1011	399
512	1023	384	569	1012	399
576	1023	384	621	1011	399
640	1023	384	672	1012	399
704	1023	384	726	1012	399
768	1023	384	783	1013	399
832	1023	384	839	1014	399
896	1023	384	895	1013	399
960	1023	384	951	1014	398
1023	1023	384	1006	1014	398
0	0	448	97	23	447
64	0	448	111	23	447
128	0	448	152	23	447
192	0	448	204	23	447
256	0	448	261	23	446
320	0	448	319	23	446
384	0	448	378	32	446
448	0	448	437	32	446
512	0	448	495	44	446
576	0	448	554	44	446
640	0	448	615	44	445
704	0	448	673	53	445
768	0	448	732	57	446
832	0	448	795	60	445
896	0	448	853	63	445
960	0	448	913	66	445
1023	0	448	971	72	445
0	64	448	99	66	447
64	64	448	113	66	447
128	64	448	153	66	447
192	64	448	204	66	447
256	64	448	261	66	446
320	64	448	319	72	446
384	64	448	379	72	446
448	64	448	437	72	446
512	64	448	495	75	446
576	64	448	554	77	446
640	64	448	615	80	445
704	64	448	673	82	445
768	64	448	733	85	446
832	64	448	795	87	445
896	64	448	853	89	445
960	64	448	913	91	445
1023	64	448	971	95	445
0	128	448	103	132	447
64	128	448	116	132	447
128	128	448	156	132	447
192	128	448	206	132	447
256	128	448	263	132	446
320	128	448	320	133	446
384	128	448	379	133	446
448	128	448	438	133	446
512	128	448	496	136	446
576	128	448	555	138	446
640	128	448	616	138	446
704	128	448	673	139	446
768	128	448	733	141	446
832	128	448	795	142	445
896	128	448	854	143	445
960	128	448	913	143	445
1023	128	448	971	145	445
0	192	448	111	196	447
64	192	448	123	196	447
128	192	448	160	196	447
192	192	448	210	196	447
256	192	448	265	197	447
320	192	448	322	197	446
384	192	448	381	198	446
448	192	448	439	198	446
512	192	448	497	199	446
576	192	448	556	199	446
640	192	448	617	201	446
704	192	448	674	202	446
768	192	448	734	202	446
832	192	448	796	203	446
896	192	448	854	204	445
960	192	448	914	205	445
1023	192	448	971	206	445
0	256	448	120	261	448
64	256	448	132	261	448
128	256	448	167	261	447
192	256	448	215	262	447
256	256	448	269	262	447
320	256	448	325	262	446
384	256	448	383	263	446
448	256	448	441	263	446
512	256	448	499	264	446
576	256	448	558	265	446
640	256	448	618	265	446
704	256	448	676	266	446
768	256	448	735	266	446
832	256	448	797	266	446
896	256	448	855	267	445
960	256	448	914	267	445
1023	256	448	972	267	445
0	320	448	133	326	449
64	320	448	143	326	449
128	320	448	176	326	449
192	320	448	221	326	449
256	320	448	273	327	448
320	320	448	329	327	447
384	320	448	387	327	447
448	320	448	444	328	447
512	320	448	502	328	447
576	320	448	561	329	447
640	320	448	620	329	447
704	320	448	677	329	447
768	320	448	736	329	447
832	320	448	798	330	446
896	320	448	856	330	446
960	320	448	915	331	446
1023	320	448	972	331	446
0	384	448	147	390	450
64	384	448	157	390	450
128	384	448	186	390	450
192	384	448	229	390	450
256	384	448	279	390	449
320	384	448	334	391	448
384	384	448	390	391	448
448	384	448	447	392	447
512	384	448	504	392	447
576	384	448	563	392	447
640	384	448	622	393	447
704	384	448	679	393	447
768	384	448	738	393	447
832	384	448	799	393	447
896	384	448	858	394	447
960	384	448	916	394	447
1023	384	448	974	395	446
0	448	448	163	451	451
64	448	448	171	451	451
128	448	448	198	451	451
192	448	448	238	451	450
256	448	448	287	452	450
320	448	448	340	452	448
384	448	448	395	452	448
448	448	448	451	453	448
512	448	448	508	453	448
576	448	448	566	453	448
640	448	448	624	453	448
704	448	448	681	454	448
768	448	448	740	454	448
832	448	448	801	454	447
896	448	448	860	455	447
960	448	448	918	455	447
1023	448	448	975	455	447
0	512	448	179	512	451
64	512	448	186	512	451
128	512	448	211	513	451
192	512	448	248	513	451
256	512	448	295	513	449
320	512	448	347	514	449
384	512	448	402	514	449
448	512	448	457	514	449
512	512	448	512	514	449
576	512	448	570	515	449
640	512	448	628	515	449
704	512	448	684	515	448
768	512	448	743	515	449
832	512	448	804	516	448
896	512	448	862	516	448
960	512	448	921	516	448
1023	512	448	977	516	448
0	576	448	195	576	452
64	576	448	202	576	452
128	576	448	225	576	452
192	576	448	261	576	451
256	576	448	305	576	450
320	576	448	355	577	450
384	576	448	408	577	450
448	576	448	462	578	450
512	576	448	517	578	450
576	576	448	574	578	449
640	576	448	631	578	449
704	576	448	688	578	449
768	576	448	746	579	450
832	576	448	807	580	449
896	576	448	865	580	449
960	576	448	923	580	449
1023	576	448	979	580	449
0	640	448	213	637	453
64	640	448	219	637	453
128	640	448	240	637	453
192	640	448	273	637	453
256	640	448	316	637	451
320	640	448	364	638	451
384	640	448	416	638	451
448	640	448	468	638	451
512	640	448	523	639	451
576	640	448	580	639	451
640	640	448	636	639	451
704	640	448	692	639	451
768	640	448	750	640	451
832	640	448	810	640	451
896	640	448	868	640	450
960	640	448	926	641	450
1023	640	448	983	641	450
0	704	448	231	698	453
64	704	448	236	698	453
128	704	448	256	699	453
192	704	448	287	699	452
256	704	448	327	699	452
320	704	448	374	699	452
384	704	448	424	700	452
448	704	448	476	700	452
512	704	448	529	700	452
576	704	448	585	700	452
640	704	448	641	701	452
704	704	448	697	701	452
768	704	448	754	701	452
832	704	448	813	701	451
896	704	448	871	702	451
960	704	448	929	702	451
1023	704	448	986	703	451
0	768	448	249	762	455
64	768	448	255	762	455
128	768	448	272	762	455
192	768	448	301	762	454
256	768	448	340	762	454
320	768	448	385	763	454
384	768	448	433	763	453
448	768	448	483	763	453
512	768	448	536	763	453
576	768	448	592	763	453
640	768	448	646	764	453
704	768	448	702	764	453
768	768	448	759	765	453
832	768	448	818	765	453
896	768	448	875	765	452
960	768	448	933	766	452
1023	768	448	989	767	452
0	832	448	268	825	456
64	832	448	273	825	456
128	832	448	290	825	456
192	832	448	317	825	455
256	832	448	353	825	455
320	832	448	396	825	455
384	832	448	442	825	455
448	832	448	492	826	455
512	832	448	544	827	455
576	832	448	599	826	454
640	832	448	652	827	454
704	832	448	708	827	455
768	832	448	765	828	454
832	832	448	822	828	454
896	832	448	880	828	454
960	832	448	937	829	454
1023	832	448	993	829	454
0	896	448	287	886	459
64	896	448	292	886	459
128	896	448	307	886	457
192	896	448	333	886	457
256	896	448	367	887	457
320	896	448	409	887	457
384	896	448	453	887	457
448	896	448	501	888	456
512	896	448	553	888	456
576	896	448	606	888	456
640	896	448	659	888	456
704	896	448	714	889	456
768	896	448	771	889	456
832	896	448	828	890	456
896	896	448	885	889	455
960	896	448	942	890	455
1023	896	448	998	891	455
0	960	448	307	949	459
64	960	448	310	949	459
128	960	448	325	949	458
192	960	448	349	949	458
256	960	448	382	950	458
320	960	448	421	950	458
384	960	448	464	950	458
448	960	448	511	950	458
512	960	448	561	950	458
576	960	448	614	951	458
640	960	448	666	951	458
704	960	448	721	952	458
768	960	448	778	952	458
832	960	448	834	952	457
896	960	448	890	953	457
960	960	448	947	953	457
1023	960	448	1003	954	457
0	1023	448	325	1011	460
64	1023	448	329	1011	460
128	1023	448	342	1011	460
192	1023	448	365	1011	460
256	1023	448	396	1011	460
320	1023	448	433	1011	460
384	1023	448	475	1012	460
448	1023	448	521	1012	460
512	1023	448	571	1012	460
576	1023	448	622	1012	459
640	1023	448	674	1013	459
704	1023	448	727	1013	459
768	1023	448	785	1014	459
832	1023	448	839	1014	459
896	1023	448	896	1014	458
960	1023	448	952	1015	458
1023	1023	448	1007	1015	458
0	0	512	111	23	510
64	0	512	123	23	510
128	0	512	161	23	510
192	0	512	210	23	509
256	0	512	265	23	508
320	0	512	322	32	508
384	0	512	381	32	508
448	0	512	439	38	508
512	0	512	497	44	508
576	0	512	556	44	508
640	0	512	617	48	507
704	0	512	674	53	507
768	0	512	734	57	507
832	0	512	796	60	507
896	0	512	854	63	507
960	0	512	914	69	507
1023	0	512	972	72	507
0	64	512	111	66	510
64	64	512	125	66	510
128	64	512	161	66	510
192	64	512	210	66	509
256	64	512	265	72	508
320	64	512	322	72	508
384	64	512	381	72	508
448	64	512	439	75	508
512	64	512	498	77	508
576	64	512	556	77	508
640	64	512	617	82	507
704	64	512	675	82	507
768	64	512	734	85	507
832	64	512	796	87	507
896	64	512	855	89	507
960	64	512	914	93	507
1023	64	512	972	95	507
0	128	512	116	132	510
64	128	512	128	132	510
128	128	512	164	132	510
192	128	512	212	132	509
256	128	512	266	133	508
320	128	512	323	133	508
384	128	512	382	133	508
448	128	512	440	136	508
512	128	512	498	136	508
576	128	512	557	138	508
640	128	512	617	138	507
704	128	512	675	139	507
768	128	512	734	141	507
832	128	512	796	142	507
896	128	512	855	143	507
960	128	512	915	145	507
1023	128	512	972	147	507
0	192	512	122	196	510
64	192	512	133	196	510
128	192	512	168	196	510
192	192	512	215	196	509
256	192	512	269	197	509
320	192	512	325	198	508
384	192	512	384	198	508
448	192	512	442	199	508
512	192	512	500	199	508
576	192	512	558	200	508
640	192	512	618	201	507
704	192	512	676	202	507
768	192	512	735	202	507
832	192	512	797	203	507
896	192	512	856	204	507
960	192	512	915	205	507
1023	192	512	972	206	507
0	256	512	132	261	510
64	256	512	142	261	510
128	256	512	174	262	510
192	256	512	220	262	510
256	256	512	272	262	509
320	256	512	328	262	508
384	256	512	386	263	508
448	256	512	443	264	508
512	256	512	501	264	508
576	256	512	560	265	508
640	256	512	620	265	508
704	256	512	677	266	508
768	256	512	736	266	508
832	256	512	798	267	508
896	256	512	856	267	507
960	256	512	916	267	507
1023	256	512	972	269	507
0	320	512	143	326	511
64	320	512	152	326	511
128	320	512	182	326	511
192	320	512	226	327	511
256	320	512	277	327	510
320	320	512	332	327	509
384	320	512	389	327	509
448	320	512	446	328	509
512	320	512	504	328	508
576	320	512	562	329	508
640	320	512	621	329	508
704	320	512	678	330	508
768	320	512	737	330	508
832	320	512	799	331	508
896	320	512	857	331	508
960	320	512	916	331	508
1023	320	512	973	331	507
0	384	512	156	390	512
64	384	512	165	390	512
128	384	512	193	390	512
192	384	512	234	390	512
256	384	512	283	391	511
320	384	512	337	391	509
384	384	512	393	392	509
448	384	512	449	391	509
512	384	512	506	392	509
576	384	512	564	392	509
640	384	512	623	393	508
704	384	512	680	393	508
768	384	512	739	394	508
832	384	512	800	394	508
896	384	512	859	394	508
960	384	512	917	394	508
1023	384	512	974	395	508
0	448	512	171	451	513
64	448	512	179	451	512
128	448	512	204	451	512
192	448	512	243	452	512
256	448	512	291	452	511
320	448	512	343	452	510
384	448	512	398	453	510
448	448	512	453	453	509
512	448	512	510	453	509
576	448	512	567	453	509
640	448	512	626	454	509
704	448	512	683	454	509
768	448	512	741	454	509
832	448	512	802	455	509
896	448	512	861	455	509
960	448	512	919	455	509
1023	448	512	976	456	509
0	512	512	185	513	513
64	512	512	193	513	513
128	512	512	216	513	513
192	512	512	253	513	512
256	512	512	299	513	511
320	512	512	350	514	511
384	512	512	404	514	511
448	512	512	458	514	510
512	512	512	514	515	510
576	512	512	572	515	510
640	512	512	629	515	510
704	512	512	685	515	510
768	512	512	744	516	510
832	512	512	805	516	510
896	512	512	863	516	510
960	512	512	922	517	509
1023	512	512	979	517	509
0	576	512	202	576	514
64	576	512	208	576	514
128	576	512	230	576	513
192	576	512	265	577	513
256	576	512	308	577	511
320	576	512	358	577	511
384	576	512	411	578	511
448	576	512	464	578	511
512	576	512	519	578	511
576	576	512	576	579	511
640	576	512	633	579	511
704	576	512	689	579	510
768	576	512	747	580	511
832	576	512	808	580	511
896	576	512	866	580	510
960	576	512	924	580	510
1023	576	512	981	581	510
0	640	512	218	638	515
64	640	512	225	638	515
128	640	512	245	638	515
192	640	512	277	638	514
256	640	512	319	638	512
320	640	512	367	638	512
384	640	512	418	638	512
448	640	512	470	639	512
512	640	512	525	639	512
576	640	512	581	639	512
640	640	512	637	639	511
704	640	512	693	639	511
768	640	512	751	640	512
832	640	512	811	641	512
896	640	512	869	641	511
960	640	512	927	641	511
1023	640	512	984	642	511
0	704	512	236	699	514
64	704	512	242	699	514
128	704	512	260	699	514
192	704	512	291	699	514
256	704	512	331	699	514
320	704	512	377	700	513
384	704	512	426	700	513
448	704	512	478	700	513
512	704	512	531	701	513
576	704	512	587	701	513
640	704	512	642	702	513
704	704	512	699	702	513
768	704	512	756	702	513
832	704	512	815	702	513
896	704	512	873	703	512
960	704	512	931	703	512
1023	704	512	987	703	512
0	768	512	254	762	516
64	768	512	259	762	516
128	768	512	276	762	516
192	768	512	305	762	514
256	768	512	343	763	514
320	768	512	388	763	515
384	768	512	435	764	514
448	768	512	485	764	514
512	768	512	538	764	514
576	768	512	593	765	514
640	768	512	648	765	514
704	768	512	703	765	514
768	768	512	761	766	514
832	768	512	819	766	514
896	768	512	876	766	513
960	768	512	934	767	513
1023	768	512	990	767	513
0	832	512	272	825	517
64	832	512	277	825	517
128	832	512	293	825	516
192	832	512	320	826	516
256	832	512	356	826	516
320	832	512	399	826	516
384	832	512	445	826	516
448	832	512	494	827	516
512	832	512	546	828	516
576	832	512	601	827	515
640	832	512	653	827	515
704	832	512	709	828	515
768	832	512	767	829	515
832	832	512	824	829	515
896	832	512	881	829	514
960	832	512	939	830	515
1023	832	512	994	830	514
0	896	512	291	887	519
64	896	512	295	887	518
128	896	512	310	887	517
192	896	512	336	887	517
256	896	512	370	887	517
320	896	512	411	888	517
384	896	512	455	888	517
448	896	512	503	888	517
512	896	512	554	888	517
576	896	512	608	889	516
640	896	512	660	889	516
704	896	512	715	890	516
768	896	512	773	890	516
832	896	512	830	891	516
896	896	512	886	890	516
960	896	512	943	891	516
1023	896	512	999	892	516
0	960	512	310	950	519
64	960	512	314	950	519
128	960	512	328	950	519
192	960	512	352	950	519
256	960	512	385	950	519
320	960	512	423	950	519
384	960	512	466	950	518
448	960	512	513	951	518
512	960	512	563	951	518
576	960	512	616	951	518
640	960	512	668	952	518
704	960	512	722	952	518
768	960	512	779	953	518
832	960	512	835	954	518
896	960	512	891	953	517
960	960	512	948	954	518
1023	960	512	1004	955	517
0	1023	512	329	1012	520
64	1023	512	332	1012	520
128	1023	512	346	1012	520
192	1023	512	368	1012	520
256	1023	512	399	1012	520
320	1023	512	436	1012	520
384	1023	512	478	1013	520
448	1023	512	524	1013	520
512	1023	512	573	1013	520
576	1023	512	624	1014	519
640	1023	512	675	1014	519
704	1023	512	728	1014	519
768	1023	512	786	1015	519
832	1023	512	840	1015	519
896	1023	512	897	1015	519
960	1023	512	953	1016	519
1023	1023	512	1008	1016	519
0	0	576	125	23	573
64	0	576	136	23	573
128	0	576	169	23	573
192	0	576	217	23	572
256	0	576	270	32	571
320	0	576	326	32	571
384	0	576	384	32	570
448	0	576	442	38	570
512	0	576	500	44	570
576	0	576	559	44	570
640	0	576	619	53	570
704	0	576	676	57	570
768	0	576	735	57	570
832	0	576	797	60	569
896	0	576	856	66	569
960	0	576	916	72	569
1023	0	576	974	72	569
0	64	576	125	66	573
64	64	576	137	66	573
128	64	576	170	66	573
192	64	576	217	69	572
256	64	576	270	72	571
320	64	576	327	72	571
384	64	576	384	72	571
448	64	576	442	75	570
512	64	576	500	77	570
576	64	576	559	77	570
640	64	576	619	82	570
704	64	576	676	82	570
768	64	576	735	87	570
832	64	576	797	89	569
896	64	576	856	91	569
960	64	576	916	93	570
1023	64	576	974	97	569
0	128	576	129	132	573
64	128	576	139	132	573
128	128	576	173	132	573
192	128	576	219	133	572
256	128	576	271	133	571
320	128	576	327	133	571
384	128	576	385	133	571
448	128	576	443	136	571
512	128	576	501	136	570
576	128	576	559	138	570
640	128	576	619	138	570
704	128	576	677	141	570
768	128	576	736	142	570
832	128	576	798	143	569
896	128	576	856	143	569
960	128	576	916	145	570
1023	128	576	974	147	569
0	192	576	134	196	573
64	192	576	144	196	573
128	192	576	177	196	573
192	192	576	222	197	572
256	192	576	273	198	571
320	192	576	329	198	571
384	192	576	387	198	571
448	192	576	444	199	571
512	192	576	502	199	570
576	192	576	561	201	570
640	192	576	620	202	570
704	192	576	677	202	570
768	192	576	736	202	570
832	192	576	798	203	570
896	192	576	857	204	570
960	192	576	916	206	570
1023	192	576	974	206	569
0	256	576	143	262	573
64	256	576	152	262	573
128	256	576	182	262	573
192	256	576	226	262	573
256	256	576	277	262	572
320	256	576	332	263	571
384	256	576	389	263	571
448	256	576	446	264	571
512	256	576	504	265	571
576	256	576	562	265	570
640	256	576	621	265	570
704	256	576	678	266	570
768	256	576	737	266	570
832	256	576	799	267	570
896	256	576	858	267	570
960	256	576	917	269	570
1023	256	576	974	269	570
0	320	576	152	326	574
64	320	576	162	326	574
128	320	576	190	326	574
192	320	576	232	327	573
256	320	576	282	327	572
320	320	576	335	327	572
384	320	576	392	328	571
448	320	576	448	328	571
512	320	576	506	328	571
576	320	576	564	329	571
640	320	576	623	329	570
704	320	576	680	330	570
768	320	576	739	330	571
832	320	576	800	331	570
896	320	576	859	331	570
960	320	576	917	331	570
1023	320	576	975	332	570
0	384	576	165	390	575
64	384	576	173	390	575
128	384	576	199	390	575
192	384	576	240	390	574
256	384	576	287	390	573
320	384	576	340	391	572
384	384	576	395	391	572
448	384	576	451	392	572
512	384	576	508	392	571
576	384	576	566	393	571
640	384	576	625	393	571
704	384	576	682	393	571
768	384	576	740	394	571
832	384	576	802	394	571
896	384	576	860	394	570
960	384	576	919	395	570
1023	384	576	976	396	570
0	448	576	179	451	575
64	448	576	186	451	575
128	448	576	210	452	575
192	448	576	248	452	574
256	448	576	295	452	573
320	448	576	346	452	573
384	448	576	401	453	572
448	448	576	456	453	572
512	448	576	512	453	572
576	448	576	570	454	572
640	448	576	627	454	572
704	448	576	685	454	571
768	448	576	743	455	572
832	448	576	803	455	571
896	448	576	862	455	571
960	448	576	921	456	571
1023	448	576	978	457	571
0	512	576	193	513	576
64	512	576	199	513	576
128	512	576	222	513	575
192	512	576	258	513	575
256	512	576	303	514	573
320	512	576	353	514	573
384	512	576	407	514	573
448	512	576	461	515	573
512	512	576	516	515	573
576	512	576	573	515	572
640	512	576	631	515	572
704	512	576	687	516	572
768	512	576	746	516	572
832	512	576	806	516	572
896	512	576	864	517	572
960	512	576	923	517	572
1023	512	576	980	518	572
0	576	576	209	577	576
64	576	576	215	577	576
128	576	576	235	577	576
192	576	576	270	577	575
256	576	576	312	577	574
320	576	576	361	578	574
384	576	576	413	578	573
448	576	576	467	579	573
512	576	576	521	579	573
576	576	576	578	579	573
640	576	576	634	579	573
704	576	576	690	579	573
768	576	576	749	580	573
832	576	576	809	581	573
896	576	576	867	581	573
960	576	576	925	581	573
1023	576	576	982	582	573
0	640	576	225	638	578
64	640	576	230	638	578
128	640	576	250	638	577
192	640	576	282	639	577
256	640	576	323	639	575
320	640	576	370	639	575
384	640	576	421	639	575
448	640	576	473	639	574
512	640	576	527	640	574
576	640	576	584	640	574
640	640	576	639	640	574
704	640	576	695	641	574
768	640	576	753	641	574
832	640	576	813	641	574
896	640	576	871	641	573
960	640	576	929	642	573
1023	640	576	985	643	574
0	704	576	242	699	577
64	704	576	247	699	577
128	704	576	265	699	576
192	704	576	295	700	576
256	704	576	334	700	576
320	704	576	380	700	576
384	704	576	429	701	575
448	704	576	480	701	575
512	704	576	533	701	575
576	704	576	589	702	575
640	704	576	644	702	575
704	704	576	700	703	575
768	704	576	758	704	575
832	704	576	817	704	575
896	704	576	874	703	574
960	704	576	932	704	575
1023	704	576	988	704	575
0	768	576	259	763	578
64	768	576	264	763	578
128	768	576	281	763	578
192	768	576	309	763	577
256	768	576	346	764	577
320	768	576	390	764	577
384	768	576	438	764	576
448	768	576	488	765	576
512	768	576	540	765	576
576	768	576	596	766	576
640	768	576	649	766	576
704	768	576	705	767	576
768	768	576	763	767	576
832	768	576	820	767	576
896	768	576	878	767	575
960	768	576	936	768	575
1023	768	576	992	768	575
0	832	576	277	826	579
64	832	576	282	826	579
128	832	576	297	826	578
192	832	576	324	826	578
256	832	576	359	827	578
320	832	576	402	827	578
384	832	576	447	827	578
448	832	576	496	828	578
512	832	576	548	828	578
576	832	576	603	828	577
640	832	576	655	828	577
704	832	576	710	829	577
768	832	576	768	830	577
832	832	576	825	830	577
896	832	576	883	830	577
960	832	576	940	831	577
1023	832	576	996	831	577
0	896	576	295	888	580
64	896	576	300	888	580
128	896	576	314	888	580
192	896	576	340	888	580
256	896	576	373	888	580
320	896	576	413	888	579
384	896	576	458	889	579
448	896	576	505	889	579
512	896	576	556	889	579
576	896	576	610	890	578
640	896	576	662	890	578
704	896	576	717	891	578
768	896	576	774	891	578
832	896	576	831	892	578
896	896	576	887	891	578
960	896	576	945	892	578
1023	896	576	1001	893	578
0	960	576	314	950	581
64	960	576	317	950	581
128	960	576	331	950	581
192	960	576	355	951	581
256	960	576	388	951	581
320	960	576	426	951	581
384	960	576	468	951	580
448	960	576	515	951	580
512	960	576	565	952	580
576	960	576	617	952	580
640	960	576	669	953	580
704	960	576	723	953	580
768	960	576	781	954	580
832	960	576	836	954	580
896	960	576	893	954	579
960	960	576	949	955	579
1023	960	576	1005	955	579
0	1023	576	332	1012	582
64	1023	576	336	1012	582
128	1023	576	349	1013	582
192	1023	576	371	1013	582
256	1023	576	402	1013	582
320	1023	576	438	1013	582
384	1023	576	480	1014	582
448	1023	576	526	1014	582
512	1023	576	575	1014	582
576	1023	576	626	1015	581
640	1023	576	677	1015	581
704	1023	576	730	1015	581
768	1023	576	787	1016	581
832	1023	576	842	1016	580
896	1023	576	898	1017	580
960	1023	576	954	1017	580
1023	1023	576	1009	1017	580
0	0	640	138	23	635
64	0	640	148	23	634
128	0	640	179	32	634
192	0	640	223	32	633
256	0	640	275	32	633
320	0	640	330	32	632
384	0	640	388	38	632
448	0	640	445	44	632
512	0	640	503	44	632
576	0	640	561	48	632
640	0	640	621	53	632
704	0	640	678	57	631
768	0	640	737	60	632
832	0	640	799	63	631
896	0	640	858	66	631
960	0	640	917	72	631
1023	0	640	975	77	631
0	64	640	138	69	635
64	64	640	149	69	634
128	64	640	179	69	634
192	64	640	223	72	633
256	64	640	275	72	633
320	64	640	331	72	632
384	64	640	388	75	632
448	64	640	445	77	632
512	64	640	503	77	632
576	64	640	561	77	632
640	64	640	621	82	632
704	64	640	678	82	631
768	64	640	737	87	632
832	64	640	799	89	631
896	64	640	858	91	631
960	64	640	918	95	631
1023	64	640	975	99	631
0	128	640	142	133	635
64	128	640	151	133	635
128	128	640	181	133	634
192	128	640	225	133	634
256	128	640	276	133	633
320	128	640	331	133	632
384	128	640	389	136	632
448	128	640	446	136	632
512	128	640	503	137	632
576	128	640	562	138	632
640	128	640	621	138	632
704	128	640	678	141	631
768	128	640	738	142	632
832	128	640	799	143	632
896	128	640	858	144	631
960	128	640	918	145	631
1023	128	640	975	148	631
0	192	640	147	197	635
64	192	640	156	197	635
128	192	640	186	197	635
192	192	640	228	198	634
256	192	640	278	198	633
320	192	640	333	198	632
384	192	640	390	199	632
448	192	640	447	199	632
512	192	640	504	200	632
576	192	640	563	201	632
640	192	640	622	202	632
704	192	640	679	202	632
768	192	640	738	203	632
832	192	640	800	204	632
896	192	640	859	206	632
960	192	640	918	206	631
1023	192	640	975	207	631
0	256	640	155	262	636
64	256	640	163	262	636
128	256	640	190	262	635
192	256	640	233	262	635
256	256	640	282	263	634
320	256	640	336	263	633
384	256	640	393	264	633
448	256	640	449	265	633
512	256	640	506	265	632
576	256	640	564	266	632
640	256	640	623	266	632
704	256	640	680	266	632
768	256	640	739	267	632
832	256	640	801	267	632
896	256	640	860	269	632
960	256	640	918	269	631
1023	256	640	976	270	632
0	320	640	163	327	636
64	320	640	172	327	636
128	320	640	198	327	636
192	320	640	238	327	635
256	320	640	286	327	634
320	320	640	340	328	634
384	320	640	395	328	633
448	320	640	451	329	633
512	320	640	508	329	633
576	320	640	567	330	633
640	320	640	625	330	633
704	320	640	682	330	632
768	320	640	741	331	633
832	320	640	802	331	632
896	320	640	860	331	632
960	320	640	919	332	632
1023	320	640	976	333	632
0	384	640	175	391	638
64	384	640	182	391	638
128	384	640	207	391	637
192	384	640	246	391	637
256	384	640	292	392	634
320	384	640	344	392	634
384	384	640	399	392	634
448	384	640	454	393	634
512	384	640	511	393	633
576	384	640	569	393	633
640	384	640	627	394	633
704	384	640	684	394	633
768	384	640	742	394	633
832	384	640	803	395	633
896	384	640	861	395	632
960	384	640	920	395	632
1023	384	640	978	396	632
0	448	640	188	452	638
64	448	640	194	452	637
128	448	640	218	452	637
192	448	640	254	452	637
256	448	640	299	453	634
320	448	640	350	453	634
384	448	640	404	454	634
448	448	640	459	454	634
512	448	640	515	454	634
576	448	640	572	454	633
640	448	640	629	455	633
704	448	640	686	455	633
768	448	640	744	455	633
832	448	640	805	456	633
896	448	640	864	456	633
960	448	640	922	457	633
1023	448	640	979	457	633
0	512	640	201	514	637
64	512	640	207	514	637
128	512	640	229	514	637
192	512	640	264	514	637
256	512	640	308	514	635
320	512	640	357	515	635
384	512	640	410	515	634
448	512	640	464	515	634
512	512	640	519	516	634
576	512	640	576	516	634
640	512	640	633	516	634
704	512	640	689	516	634
768	512	640	747	517	634
832	512	640	808	517	633
896	512	640	866	517	633
960	512	640	925	518	633
1023	512	640	981	518	633
0	576	640	216	578	638
64	576	640	222	578	638
128	576	640	242	578	638
192	576	640	275	578	637
256	576	640	317	578	635
320	576	640	365	578	635
384	576	640	416	579	635
448	576	640	469	579	635
512	576	640	524	580	635
576	576	640	581	580	634
640	576	640	637	580	634
704	576	640	693	580	634
768	576	640	751	581	634
832	576	640	811	581	634
896	576	640	869	581	634
960	576	640	927	582	634
1023	576	640	984	582	634
0	640	640	232	639	639
64	640	640	237	639	639
128	640	640	256	639	639
192	640	640	287	639	639
256	640	640	327	639	636
320	640	640	374	640	636
384	640	640	424	640	636
448	640	640	476	640	636
512	640	640	529	640	635
576	640	640	586	641	635
640	640	640	641	641	635
704	640	640	697	641	635
768	640	640	755	642	635
832	640	640	814	642	635
896	640	640	872	642	635
960	640	640	931	643	635
1023	640	640	987	643	635
0	704	640	248	700	638
64	704	640	253	700	638
128	704	640	270	700	637
192	704	640	300	700	637
256	704	640	339	701	637
320	704	640	384	702	637
384	704	640	432	702	637
448	704	640	483	702	636
512	704	640	536	702	636
576	704	640	591	703	636
640	704	640	646	703	636
704	704	640	702	703	636
768	704	640	760	704	636
832	704	640	818	704	635
896	704	640	876	704	635
960	704	640	933	704	636
1023	704	640	990	705	636
0	768	640	265	764	640
64	768	640	269	764	639
128	768	640	286	764	639
192	768	640	314	764	638
256	768	640	350	764	638
320	768	640	394	765	638
384	768	640	441	765	637
448	768	640	490	765	637
512	768	640	542	766	637
576	768	640	598	766	637
640	768	640	651	766	637
704	768	640	707	767	637
768	768	640	764	767	637
832	768	640	822	767	636
896	768	640	880	768	636
960	768	640	937	768	636
1023	768	640	993	769	636
0	832	640	282	827	640
64	832	640	286	827	640
128	832	640	302	827	639
192	832	640	328	827	639
256	832	640	363	827	639
320	832	640	405	828	638
384	832	640	450	828	638
448	832	640	499	828	638
512	832	640	550	829	638
576	832	640	604	829	638
640	832	640	657	829	638
704	832	640	712	830	638
768	832	640	770	830	638
832	832	640	827	831	638
896	832	640	884	831	638
960	832	640	942	832	638
1023	832	640	997	832	638
0	896	640	300	889	640
64	896	640	304	889	640
128	896	640	319	889	640
192	896	640	344	889	640
256	896	640	377	890	640
320	896	640	417	890	640
384	896	640	461	890	640
448	896	640	508	890	640
512	896	640	559	891	639
576	896	640	613	891	639
640	896	640	665	892	639
704	896	640	719	892	639
768	896	640	776	892	639
832	896	640	832	892	639
896	896	640	889	893	639
960	896	640	946	893	639
1023	896	640	1002	894	639
0	960	640	318	951	641
64	960	640	322	951	641
128	960	640	335	951	641
192	960	640	359	952	641
256	960	640	391	952	641
320	960	640	429	952	641
384	960	640	471	952	641
448	960	640	518	953	641
512	960	640	567	953	641
576	960	640	620	953	640
640	960	640	671	954	640
704	960	640	725	954	640
768	960	640	783	955	640
832	960	640	838	955	640
896	960	640	895	956	640
960	960	640	951	956	640
1023	960	640	1006	956	640
0	1023	640	336	1014	643
64	1023	640	340	1014	643
128	1023	640	353	1014	643
192	1023	640	375	1014	643
256	1023	640	405	1014	642
320	1023	640	442	1015	642
384	1023	640	483	1015	642
448	1023	640	528	1015	642
512	1023	640	577	1016	642
576	1023	640	628	1016	641
640	1023	640	678	1016	641
704	1023	640	732	1017	641
768	1023	640	789	1017	641
832	1023	640	844	1017	641
896	1023	640	899	1017	641
960	1023	640	956	1018	641
1023	1023	640	1011	1019	641
0	0	704	151	32	695
64	0	704	161	32	695
128	0	704	189	32	694
192	0	704	230	32	694
256	0	704	280	32	694
320	0	704	334	38	693
384	0	704	391	38	693
448	0	704	448	44	693
512	0	704	505	48	693
576	0	704	563	53	693
640	0	704	622	53	692
704	0	704	679	57	692
768	0	704	738	60	693
832	0	704	800	63	693
896	0	704	859	66	692
960	0	704	918	72	692
1023	0	704	976	77	692
0	64	704	152	69	695
64	64	704	161	69	695
128	64	704	189	69	694
192	64	704	232	72	694
256	64	704	281	72	694
320	64	704	334	75	693
384	64	704	391	75	693
448	64	704	448	77	693
512	64	704	505	77	693
576	64	704	563	82	693
640	64	704	622	85	692
704	64	704	679	85	692
768	64	704	739	87	693
832	64	704	800	89	693
896	64	704	859	91	692
960	64	704	918	95	692
1023	64	704	976	99	693
0	128	704	155	133	695
64	128	704	164	133	695
128	128	704	192	133	695
192	128	704	232	133	694
256	128	704	282	133	694
320	128	704	336	136	693
384	128	704	392	136	693
448	128	704	448	137	693
512	128	704	506	138	693
576	128	704	564	139	693
640	128	704	623	141	693
704	128	704	680	141	693
768	128	704	739	142	693
832	128	704	800	143	693
896	128	704	859	145	692
960	128	704	918	147	692
1023	128	704	976	149	693
0	192	704	160	197	695
64	192	704	168	197	695
128	192	704	194	198	695
192	192	704	236	198	695
256	192	704	284	198	695
320	192	704	337	198	693
384	192	704	393	199	693
448	192	704	450	200	693
512	192	704	507	201	693
576	192	704	565	201	693
640	192	704	624	202	693
704	192	704	681	202	693
768	192	704	740	203	693
832	192	704	801	204	693
896	192	704	859	206	692
960	192	704	919	206	692
1023	192	704	976	208	693
0	256	704	166	262	696
64	256	704	174	262	696
128	256	704	200	262	696
192	256	704	240	263	696
256	256	704	287	263	695
320	256	704	340	263	694
384	256	704	396	264	694
448	256	704	452	264	693
512	256	704	508	265	693
576	256	704	567	266	693
640	256	704	625	266	693
704	256	704	682	266	693
768	256	704	741	267	693
832	256	704	802	268	693
896	256	704	860	268	693
960	256	704	919	269	692
1023	256	704	977	270	693
0	320	704	175	327	697
64	320	704	182	327	697
128	320	704	207	327	697
192	320	704	245	327	697
256	320	704	291	328	695
320	320	704	344	328	695
384	320	704	399	328	695
448	320	704	454	329	695
512	320	704	511	329	694
576	320	704	569	330	694
640	320	704	627	330	694
704	320	704	683	331	694
768	320	704	742	331	694
832	320	704	803	331	693
896	320	704	861	331	693
960	320	704	920	332	693
1023	320	704	977	333	693
0	384	704	184	391	699
64	384	704	191	391	699
128	384	704	215	391	699
192	384	704	252	391	699
256	384	704	296	392	695
320	384	704	348	392	695
384	384	704	403	393	695
448	384	704	457	393	695
512	384	704	513	393	695
576	384	704	571	393	695
640	384	704	629	394	694
704	384	704	685	394	694
768	384	704	744	395	694
832	384	704	804	395	693
896	384	704	863	395	693
960	384	704	921	395	693
1023	384	704	978	396	694
0	448	704	196	452	699
64	448	704	202	452	699
128	448	704	225	452	699
192	448	704	260	453	699
256	448	704	304	453	695
320	448	704	354	453	695
384	448	704	407	453	695
448	448	704	461	454	695
512	448	704	517	454	695
576	448	704	574	454	695
640	448	704	631	455	695
704	448	704	688	455	694
768	448	704	746	456	694
832	448	704	807	456	694
896	448	704	865	456	694
960	448	704	923	456	693
1023	448	704	980	457	694
0	512	704	209	514	699
64	512	704	215	514	699
128	512	704	236	514	699
192	512	704	270	514	699
256	512	704	312	514	696
320	512	704	361	515	696
384	512	704	413	515	695
448	512	704	466	515	695
512	512	704	521	516	695
576	512	704	578	516	695
640	512	704	635	516	695
704	512	704	691	517	695
768	512	704	749	517	695
832	512	704	809	518	695
896	512	704	867	518	695
960	512	704	925	518	694
1023	512	704	983	519	695
0	576	704	223	578	700
64	576	704	229	578	700
128	576	704	248	578	700
192	576	704	280	578	699
256	576	704	321	578	697
320	576	704	369	579	697
384	576	704	420	579	696
448	576	704	472	579	696
512	576	704	526	580	696
576	576	704	583	580	696
640	576	704	639	581	696
704	576	704	695	581	696
768	576	704	753	582	696
832	576	704	812	582	695
896	576	704	870	582	695
960	576	704	928	582	695
1023	576	704	985	583	695
0	640	704	238	639	701
64	640	704	243	639	701
128	640	704	262	639	701
192	640	704	292	639	698
256	640	704	332	640	697
320	640	704	378	640	697
384	640	704	427	640	697
448	640	704	478	641	697
512	640	704	532	641	697
576	640	704	588	641	697
640	640	704	643	641	697
704	640	704	699	641	697
768	640	704	757	642	697
832	640	704	816	642	696
896	640	704	874	643	696
960	640	704	931	643	696
1023	640	704	987	643	696
0	704	704	253	700	699
64	704	704	259	700	699
128	704	704	276	700	699
192	704	704	305	701	698
256	704	704	343	701	698
320	704	704	387	702	698
384	704	704	435	702	698
448	704	704	485	702	697
512	704	704	538	702	697
576	704	704	593	703	697
640	704	704	647	703	697
704	704	704	703	704	697
768	704	704	761	704	697
832	704	704	819	704	697
896	704	704	877	705	697
960	704	704	935	705	697
1023	704	704	991	706	697
0	768	704	270	764	702
64	768	704	275	764	702
128	768	704	291	765	702
192	768	704	318	765	699
256	768	704	354	765	699
320	768	704	397	765	699
384	768	704	443	765	699
448	768	704	493	765	698
512	768	704	544	766	698
576	768	704	600	766	698
640	768	704	653	767	698
704	768	704	708	767	698
768	768	704	766	768	698
832	768	704	823	768	698
896	768	704	881	768	697
960	768	704	938	768	697
1023	768	704	994	769	698
0	832	704	287	827	701
64	832	704	291	827	701
128	832	704	307	828	700
192	832	704	332	828	700
256	832	704	368	828	700
320	832	704	408	829	700
384	832	704	454	829	700
448	832	704	501	829	699
512	832	704	552	829	700
576	832	704	607	830	700
640	832	704	659	830	699
704	832	704	714	831	699
768	832	704	771	831	699
832	832	704	828	831	699
896	832	704	885	831	699
960	832	704	942	831	699
1023	832	704	998	832	699
0	896	704	305	889	701
64	896	704	309	889	701
128	896	704	323	889	701
192	896	704	347	890	701
256	896	704	381	890	701
320	896	704	420	890	701
384	896	704	463	890	701
448	896	704	511	890	701
512	896	704	561	891	701
576	896	704	614	891	700
640	896	704	665	891	700
704	896	704	720	892	700
768	896	704	777	892	700
832	896	704	833	893	700
896	896	704	890	892	700
960	896	704	947	893	700
1023	896	704	1003	894	700
0	960	704	322	952	703
64	960	704	326	952	703
128	960	704	340	952	703
192	960	704	363	952	703
256	960	704	394	952	703
320	960	704	432	952	702
384	960	704	474	952	702
448	960	704	520	953	702
512	960	704	570	954	702
576	960	704	621	953	701
640	960	704	673	954	702
704	960	704	727	955	702
768	960	704	784	955	702
832	960	704	839	955	701
896	960	704	895	955	701
960	960	704	952	956	701
1023	960	704	1007	957	701
0	1023	704	340	1014	704
64	1023	704	344	1014	704
128	1023	704	357	1014	704
192	1023	704	379	1014	704
256	1023	704	409	1014	704
320	1023	704	444	1015	704
384	1023	704	485	1015	704
448	1023	704	530	1015	703
512	1023	704	579	1016	703
576	1023	704	630	1016	703
640	1023	704	680	1017	703
704	1023	704	733	1017	703
768	1023	704	790	1017	703
832	1023	704	845	1018	702
896	1023	704	901	1018	703
960	1023	704	957	1019	702
1023	1023	704	1012	1019	702
0	0	768	165	32	759
64	0	768	173	32	759
128	0	768	199	32	758
192	0	768	238	32	758
256	0	768	286	38	756
320	0	768	339	44	756
384	0	768	395	44	755
448	0	768	451	44	755
512	0	768	508	48	755
576	0	768	566	53	755
640	0	768	625	57	755
704	0	768	682	60	755
768	0	768	740	60	754
832	0	768	801	63	754
896	0	768	860	72	754
960	0	768	919	77	754
1023	0	768	977	77	754
0	64	768	165	72	759
64	64	768	173	72	759
128	64	768	199	72	759
192	64	768	238	75	758
256	64	768	286	75	756
320	64	768	339	75	756
384	64	768	395	77	755
448	64	768	451	77	755
512	64	768	508	82	755
576	64	768	566	82	755
640	64	768	625	85	755
704	64	768	682	87	755
768	64	768	740	89	754
832	64	768	801	91	754
896	64	768	860	93	754
960	64	768	919	97	754
1023	64	768	977	99	755
0	128	768	167	133	759
64	128	768	175	133	759
128	128	768	202	133	759
192	128	768	240	134	758
256	128	768	288	136	756
320	128	768	340	136	756
384	128	768	396	136	755
448	128	768	452	137	755
512	128	768	508	138	755
576	128	768	567	139	755
640	128	768	625	141	755
704	128	768	682	142	755
768	128	768	741	143	754
832	128	768	802	144	754
896	128	768	861	145	754
960	128	768	920	148	754
1023	128	768	977	149	754
0	192	768	171	198	760
64	192	768	179	198	759
128	192	768	204	198	759
192	192	768	243	198	758
256	192	768	289	198	756
320	192	768	342	199	756
384	192	768	398	199	756
448	192	768	453	201	755
512	192	768	509	201	755
576	192	768	567	202	755
640	192	768	626	202	755
704	192	768	683	202	755
768	192	768	741	204	755
832	192	768	802	205	755
896	192	768	861	206	754
960	192	768	920	207	754
1023	192	768	977	208	755
0	256	768	178	262	760
64	256	768	185	262	760
128	256	768	209	262	759
192	256	768	247	263	758
256	256	768	293	263	756
320	256	768	345	264	756
384	256	768	400	264	756
448	256	768	454	265	755
512	256	768	511	265	755
576	256	768	569	266	755
640	256	768	627	266	755
704	256	768	684	267	755
768	256	768	742	267	755
832	256	768	803	268	755
896	256	768	862	269	754
960	256	768	921	270	754
1023	256	768	978	270	755
0	320	768	186	327	760
64	320	768	193	327	760
128	320	768	215	327	759
192	320	768	252	327	758
256	320	768	296	327	756
320	320	768	348	328	756
384	320	768	402	329	756
448	320	768	457	329	756
512	320	768	513	329	756
576	320	768	571	330	755
640	320	768	628	330	755
704	320	768	686	331	755
768	320	768	743	331	755
832	320	768	804	332	755
896	320	768	863	332	755
960	320	768	922	333	755
1023	320	768	979	334	755
0	384	768	194	390	761
64	384	768	201	390	761
128	384	768	223	391	760
192	384	768	258	391	759
256	384	768	302	392	757
320	384	768	353	392	757
384	384	768	406	393	756
448	384	768	460	393	756
512	384	768	516	393	756
576	384	768	573	394	756
640	384	768	631	394	755
704	384	768	687	394	756
768	384	768	746	395	755
832	384	768	806	395	755
896	384	768	865	395	755
960	384	768	923	397	755
1023	384	768	980	397	755
0	448	768	206	452	761
64	448	768	212	452	761
128	448	768	232	452	760
192	448	768	266	452	759
256	448	768	309	453	757
320	448	768	359	453	757
384	448	768	411	454	757
448	448	768	464	454	756
512	448	768	520	454	756
576	448	768	577	455	756
640	448	768	633	455	756
704	448	768	690	455	756
768	448	768	748	456	756
832	448	768	808	456	756
896	448	768	867	456	755
960	448	768	925	457	756
1023	448	768	982	457	756
0	512	768	218	514	761
64	512	768	223	514	761
128	512	768	243	514	760
192	512	768	276	514	759
256	512	768	317	515	757
320	512	768	365	515	757
384	512	768	417	515	757
448	512	768	469	516	757
512	512	768	524	516	757
576	512	768	581	516	757
640	512	768	637	517	757
704	512	768	693	517	757
768	512	768	751	518	757
832	512	768	811	518	757
896	512	768	869	518	756
960	512	768	928	519	756
1023	512	768	984	519	756
0	576	768	231	578	761
64	576	768	236	578	761
128	576	768	255	578	760
192	576	768	286	578	759
256	576	768	327	579	758
320	576	768	373	579	758
384	576	768	423	580	758
448	576	768	475	580	758
512	576	768	529	580	758
576	576	768	585	580	757
640	576	768	641	581	757
704	576	768	697	581	757
768	576	768	755	582	758
832	576	768	814	582	757
896	576	768	872	582	757
960	576	768	930	583	757
1023	576	768	986	583	757
0	640	768	245	639	762
64	640	768	250	639	762
128	640	768	268	639	761
192	640	768	297	639	759
256	640	768	336	640	759
320	640	768	381	640	759
384	640	768	430	640	759
448	640	768	481	641	759
512	640	768	535	641	759
576	640	768	590	641	758
640	640	768	645	642	758
704	640	768	701	642	758
768	640	768	759	643	758
832	640	768	817	643	758
896	640	768	875	643	758
960	640	768	933	644	758
1023	640	768	990	644	758
0	704	768	261	701	761
64	704	768	266	701	761
128	704	768	282	702	760
192	704	768	310	702	760
256	704	768	348	702	760
320	704	768	391	702	760
384	704	768	439	703	760
448	704	768	488	703	760
512	704	768	540	703	759
576	704	768	596	704	759
640	704	768	650	704	759
704	704	768	705	704	759
768	704	768	763	705	759
832	704	768	821	705	758
896	704	768	879	705	758
960	704	768	936	706	759
1023	704	768	993	707	759
0	768	768	276	765	762
64	768	768	281	765	762
128	768	768	297	765	761
192	768	768	323	765	761
256	768	768	359	766	761
320	768	768	401	766	761
384	768	768	447	766	760
448	768	768	496	766	760
512	768	768	547	767	760
576	768	768	602	767	760
640	768	768	655	767	760
704	768	768	710	767	760
768	768	768	768	768	760
832	768	768	825	768	759
896	768	768	882	769	759
960	768	768	940	769	759
1023	768	768	996	770	759
0	832	768	293	828	762
64	832	768	297	828	762
128	832	768	312	828	762
192	832	768	337	828	762
256	832	768	372	828	762
320	832	768	412	829	762
384	832	768	457	829	762
448	832	768	504	829	762
512	832	768	555	830	761
576	832	768	609	830	761
640	832	768	661	830	761
704	832	768	716	831	761
768	832	768	774	832	761
832	832	768	830	831	761
896	832	768	887	832	761
960	832	768	944	832	761
1023	832	768	1000	833	761
0	896	768	310	890	764
64	896	768	315	890	764
128	896	768	328	890	763
192	896	768	352	890	763
256	896	768	385	891	763
320	896	768	424	891	763
384	896	768	467	891	763
448	896	768	514	892	763
512	896	768	564	892	763
576	896	768	617	892	762
640	896	768	668	892	762
704	896	768	722	893	762
768	896	768	780	893	762
832	896	768	835	893	762
896	896	768	892	893	762
960	896	768	949	894	762
1023	896	768	1004	895	762
0	960	768	328	952	764
64	960	768	331	952	764
128	960	768	344	953	764
192	960	768	367	953	764
256	960	768	398	953	764
320	960	768	435	953	764
384	960	768	477	953	764
448	960	768	523	954	764
512	960	768	573	954	764
576	960	768	624	955	763
640	960	768	675	955	763
704	960	768	728	955	763
768	960	768	786	956	763
832	960	768	841	956	763
896	960	768	897	956	763
960	960	768	953	957	763
1023	960	768	1008	957	763
0	1023	768	345	1014	765
64	1023	768	348	1014	765
128	1023	768	361	1014	765
192	1023	768	382	1015	765
256	1023	768	412	1015	765
320	1023	768	447	1015	765
384	1023	768	488	1015	765
448	1023	768	533	1016	765
512	1023	768	581	1016	764
576	1023	768	632	1017	764
640	1023	768	682	1017	764
704	1023	768	735	1018	764
768	1023	768	792	1018	764
832	1023	768	847	1018	764
896	1023	768	902	1018	764
960	1023	768	958	1019	764
1023	1023	768	1013	1020	764
0	0	832	178	38	821
64	0	832	186	38	821
128	0	832	209	38	821
192	0	832	247	38	821
256	0	832	292	38	820
320	0	832	345	44	820
384	0	832	400	44	820
448	0	832	455	48	820
512	0	832	511	53	820
576	0	832	569	53	819
640	0	832	627	57	819
704	0	832	684	60	819
768	0	832	742	63	819
832	0	832	804	69	819
896	0	832	863	72	818
960	0	832	922	77	819
1023	0	832	979	82	819
0	64	832	179	75	821
64	64	832	186	75	821
128	64	832	209	75	821
192	64	832	247	75	821
256	64	832	293	75	820
320	64	832	345	77	820
384	64	832	400	77	820
448	64	832	455	80	820
512	64	832	512	82	820
576	64	832	569	82	819
640	64	832	627	85	819
704	64	832	685	87	819
768	64	832	743	89	819
832	64	832	804	91	819
896	64	832	863	93	818
960	64	832	922	97	819
1023	64	832	979	101	819
0	128	832	180	136	822
64	128	832	188	136	822
128	128	832	212	136	822
192	128	832	248	136	821
256	128	832	294	136	820
320	128	832	346	137	820
384	128	832	401	137	820
448	128	832	456	138	820
512	128	832	512	138	820
576	128	832	570	141	819
640	128	832	628	141	819
704	128	832	685	142	819
768	128	832	743	143	819
832	128	832	804	144	819
896	128	832	863	145	819
960	128	832	922	148	819
1023	128	832	979	150	819
0	192	832	184	198	822
64	192	832	191	198	822
128	192	832	215	198	822
192	192	832	251	199	822
256	192	832	296	199	820
320	192	832	348	199	820
384	192	832	402	201	820
448	192	832	457	201	820
512	192	832	513	202	820
576	192	832	571	202	819
640	192	832	629	203	819
704	192	832	686	204	819
768	192	832	744	205	819
832	192	832	805	206	819
896	192	832	864	207	819
960	192	832	922	207	819
1023	192	832	979	208	819
0	256	832	189	263	824
64	256	832	196	263	824
128	256	832	219	263	823
192	256	832	255	263	823
256	256	832	299	264	821
320	256	832	350	265	821
384	256	832	405	265	820
448	256	832	459	265	820
512	256	832	515	266	820
576	256	832	572	266	820
640	256	832	630	267	819
704	256	832	687	267	820
768	256	832	745	269	819
832	256	832	806	269	819
896	256	832	865	270	819
960	256	832	923	270	819
1023	256	832	980	271	819
0	320	832	197	327	823
64	320	832	203	327	823
128	320	832	225	328	823
192	320	832	259	328	823
256	320	832	303	329	821
320	320	832	354	329	821
384	320	832	407	329	821
448	320	832	461	330	821
512	320	832	517	330	820
576	320	832	574	330	820
640	320	832	631	331	820
704	320	832	688	331	820
768	320	832	746	332	820
832	320	832	807	332	819
896	320	832	866	333	820
960	320	832	924	333	819
1023	320	832	980	334	819
0	384	832	206	392	827
64	384	832	212	392	827
128	384	832	232	392	827
192	384	832	266	392	826
256	384	832	308	393	821
320	384	832	358	393	821
384	384	832	411	393	821
448	384	832	464	394	821
512	384	832	519	394	821
576	384	832	577	394	820
640	384	832	633	395	820
704	384	832	690	395	820
768	384	832	749	396	820
832	384	832	809	396	820
896	384	832	867	397	820
960	384	832	925	397	820
1023	384	832	982	397	819
0	448	832	215	453	826
64	448	832	222	453	826
128	448	832	242	453	825
192	448	832	274	454	825
256	448	832	316	454	821
320	448	832	364	454	821
384	448	832	415	454	821
448	448	832	468	455	821
512	448	832	523	455	821
576	448	832	580	456	820
640	448	832	636	456	820
704	448	832	693	456	820
768	448	832	751	457	820
832	448	832	811	457	820
896	448	832	869	457	820
960	448	832	927	458	820
1023	448	832	984	458	820
0	512	832	228	515	825
64	512	832	233	515	825
128	512	832	252	515	825
192	512	832	283	515	825
256	512	832	323	515	822
320	512	832	370	516	822
384	512	832	421	516	821
448	512	832	473	517	821
512	512	832	527	517	821
576	512	832	584	517	821
640	512	832	639	517	821
704	512	832	696	518	821
768	512	832	754	518	821
832	512	832	813	518	820
896	512	832	871	519	820
960	512	832	929	519	820
1023	512	832	986	520	820
0	576	832	240	578	826
64	576	832	245	578	826
128	576	832	262	579	826
192	576	832	292	579	822
256	576	832	332	580	822
320	576	832	378	580	822
384	576	832	427	580	822
448	576	832	479	581	822
512	576	832	532	581	822
576	576	832	588	582	822
640	576	832	643	582	821
704	576	832	699	582	821
768	576	832	757	582	821
832	576	832	816	582	821
896	576	832	874	583	821
960	576	832	932	583	821
1023	576	832	988	584	821
0	640	832	253	640	827
64	640	832	259	640	827
128	640	832	275	640	827
192	640	832	304	641	823
256	640	832	342	641	823
320	640	832	386	641	823
384	640	832	435	641	823
448	640	832	485	642	823
512	640	832	538	642	823
576	640	832	593	642	822
640	640	832	647	642	822
704	640	832	703	643	822
768	640	832	762	644	822
832	640	832	820	644	822
896	640	832	878	644	822
960	640	832	935	644	822
1023	640	832	991	645	822
0	704	832	267	701	824
64	704	832	272	701	824
128	704	832	288	702	824
192	704	832	316	702	824
256	704	832	353	702	824
320	704	832	396	703	824
384	704	832	443	703	823
448	704	832	492	704	823
512	704	832	544	704	823
576	704	832	599	704	823
640	704	832	652	704	823
704	704	832	708	705	823
768	704	832	766	706	823
832	704	832	824	706	823
896	704	832	881	706	822
960	704	832	938	707	822
1023	704	832	994	707	822
0	768	832	283	765	827
64	768	832	287	765	827
128	768	832	303	766	824
192	768	832	328	766	824
256	768	832	364	766	824
320	768	832	406	767	824
384	768	832	451	767	824
448	768	832	499	767	824
512	768	832	551	768	824
576	768	832	605	768	824
640	768	832	658	768	823
704	768	832	713	769	823
768	768	832	771	769	823
832	768	832	827	770	823
896	768	832	885	770	823
960	768	832	942	770	823
1023	768	832	998	770	823
0	832	832	299	829	826
64	832	832	304	829	826
128	832	832	318	829	826
192	832	832	343	830	826
256	832	832	377	830	826
320	832	832	416	830	825
384	832	832	460	830	825
448	832	832	508	831	825
512	832	832	558	831	825
576	832	832	612	832	825
640	832	832	664	831	825
704	832	832	718	832	825
768	832	832	776	832	825
832	832	832	832	833	825
896	832	832	889	833	824
960	832	832	946	833	824
1023	832	832	1002	834	824
0	896	832	316	891	827
64	896	832	320	891	827
128	896	832	334	891	827
192	896	832	357	891	827
256	896	832	389	892	827
320	896	832	427	892	826
384	896	832	470	892	826
448	896	832	517	892	826
512	896	832	567	892	826
576	896	832	619	893	825
640	896	832	671	893	825
704	896	832	725	894	825
768	896	832	782	895	826
832	896	832	838	895	825
896	896	832	894	895	826
960	896	832	951	895	825
1023	896	832	1006	896	825
0	960	832	333	954	828
64	960	832	337	954	828
128	960	832	350	954	828
192	960	832	372	954	828
256	960	832	403	954	828
320	960	832	439	954	828
384	960	832	481	954	828
448	960	832	526	955	827
512	960	832	575	955	827
576	960	832	626	956	827
640	960	832	678	956	827
704	960	832	731	956	827
768	960	832	788	957	827
832	960	832	843	957	826
896	960	832	899	957	827
960	960	832	956	958	827
1023	960	832	1011	959	826
0	1023	832	350	1016	829
64	1023	832	354	1016	829
128	1023	832	366	1016	829
192	1023	832	388	1016	829
256	1023	832	416	1017	829
320	1023	832	452	1017	829
384	1023	832	492	1017	829
448	1023	832	536	1017	829
512	1023	832	585	1017	828
576	1023	832	634	1018	828
640	1023	832	685	1018	828
704	1023	832	738	1019	828
768	1023	832	795	1019	827
832	1023	832	849	1019	827
896	1023	832	905	1020	827
960	1023	832	960	1020	827
1023	1023	832	1016	1021	827
0	0	896	191	44	884
64	0	896	198	44	884
128	0	896	220	44	884
192	0	896	255	44	883
256	0	896	300	44	882
320	0	896	350	44	882
384	0	896	405	44	882
448	0	896	460	53	881
512	0	896	515	53	881
576	0	896	573	57	881
640	0	896	630	60	881
704	0	896	687	60	880
768	0	896	746	66	881
832	0	896	806	69	880
896	0	896	865	72	880
960	0	896	924	77	880
1023	0	896	981	82	880
0	64	896	192	75	884
64	64	896	198	75	884
128	64	896	221	75	884
192	64	896	256	75	883
256	64	896	300	77	882
320	64	896	351	77	882
384	64	896	405	80	882
448	64	896	460	82	881
512	64	896	515	82	881
576	64	896	573	85	881
640	64	896	630	87	881
704	64	896	687	89	881
768	64	896	746	91	881
832	64	896	806	93	880
896	64	896	866	95	880
960	64	896	924	99	880
1023	64	896	981	101	880
0	128	896	193	136	885
64	128	896	200	136	885
128	128	896	222	136	884
192	128	896	257	136	883
256	128	896	301	137	882
320	128	896	352	137	882
384	128	896	406	138	882
448	128	896	460	138	881
512	128	896	516	139	881
576	128	896	573	141	881
640	128	896	631	142	881
704	128	896	688	143	881
768	128	896	746	144	881
832	128	896	807	145	880
896	128	896	866	148	880
960	128	896	924	149	880
1023	128	896	981	150	880
0	192	896	197	199	885
64	192	896	203	199	885
128	192	896	225	199	885
192	192	896	260	199	884
256	192	896	303	200	882
320	192	896	354	201	882
384	192	896	407	201	882
448	192	896	461	202	882
512	192	896	517	202	881
576	192	896	574	202	881
640	192	896	632	203	881
704	192	896	688	204	881
768	192	896	747	206	881
832	192	896	807	206	880
896	192	896	866	207	880
960	192	896	925	209	880
1023	192	896	982	209	880
0	256	896	202	263	886
64	256	896	208	263	886
128	256	896	229	264	886
192	256	896	263	264	885
256	256	896	306	265	883
320	256	896	356	266	882
384	256	896	409	266	882
448	256	896	463	266	882
512	256	896	518	266	881
576	256	896	576	267	881
640	256	896	633	267	881
704	256	896	690	268	881
768	256	896	748	269	881
832	256	896	808	270	881
896	256	896	866	270	880
960	256	896	925	270	880
1023	256	896	982	272	880
0	320	896	208	328	886
64	320	896	214	328	885
128	320	896	235	328	885
192	320	896	267	329	884
256	320	896	310	329	882
320	320	896	360	330	882
384	320	896	412	330	882
448	320	896	465	330	882
512	320	896	520	331	881
576	320	896	578	331	881
640	320	896	635	332	881
704	320	896	691	332	881
768	320	896	749	332	881
832	320	896	809	333	881
896	320	896	868	333	880
960	320	896	926	334	881
1023	320	896	983	334	881
0	384	896	216	393	888
64	384	896	222	393	888
128	384	896	242	393	887
192	384	896	274	393	887
256	384	896	315	393	883
320	384	896	364	394	883
384	384	896	415	394	882
448	384	896	468	394	882
512	384	896	523	394	881
576	384	896	580	395	881
640	384	896	637	395	881
704	384	896	693	396	881
768	384	896	751	396	881
832	384	896	811	397	881
896	384	896	869	397	881
960	384	896	928	398	881
1023	384	896	985	398	881
0	448	896	226	454	887
64	448	896	232	454	887
128	448	896	250	454	886
192	448	896	281	454	886
256	448	896	322	455	883
320	448	896	369	455	883
384	448	896	420	455	882
448	448	896	472	455	882
512	448	896	527	456	882
576	448	896	584	456	881
640	448	896	639	457	881
704	448	896	695	457	881
768	448	896	754	457	881
832	448	896	813	457	881
896	448	896	871	458	881
960	448	896	929	458	881
1023	448	896	986	459	881
0	512	896	237	515	886
64	512	896	242	515	886
128	512	896	259	515	886
192	512	896	289	516	883
256	512	896	329	516	883
320	512	896	376	516	883
384	512	896	426	517	883
448	512	896	477	517	882
512	512	896	531	517	882
576	512	896	587	518	882
640	512	896	642	518	882
704	512	896	698	518	882
768	512	896	756	519	882
832	512	896	815	519	882
896	512	896	874	519	882
960	512	896	932	520	882
1023	512	896	988	520	882
0	576	896	248	579	887
64	576	896	253	579	887
128	576	896	270	580	886
192	576	896	299	580	884
256	576	896	338	580	883
320	576	896	383	580	883
384	576	896	432	581	883
448	576	896	483	581	883
512	576	896	536	582	883
576	576	896	592	582	883
640	576	896	646	582	882
704	576	896	702	582	882
768	576	896	760	583	883
832	576	896	818	583	882
896	576	896	876	584	882
960	576	896	935	584	883
1023	576	896	990	584	882
0	640	896	262	640	888
64	640	896	266	640	888
128	640	896	282	641	887
192	640	896	310	641	884
256	640	896	348	641	884
320	640	896	392	642	884
384	640	896	439	642	884
448	640	896	489	642	883
512	640	896	541	643	884
576	640	896	597	643	883
640	640	896	650	643	883
704	640	896	706	644	883
768	640	896	764	644	883
832	640	896	822	644	883
896	640	896	880	645	883
960	640	896	938	645	883
1023	640	896	993	645	883
0	704	896	275	703	886
64	704	896	280	703	886
128	704	896	295	703	885
192	704	896	322	703	885
256	704	896	358	704	885
320	704	896	401	704	885
384	704	896	447	704	885
448	704	896	496	704	884
512	704	896	547	705	884
576	704	896	602	705	884
640	704	896	655	705	884
704	704	896	710	706	884
768	704	896	768	706	884
832	704	896	825	706	884
896	704	896	883	707	884
960	704	896	940	707	884
1023	704	896	996	708	884
0	768	896	290	767	886
64	768	896	294	767	886
128	768	896	309	767	886
192	768	896	335	767	886
256	768	896	370	767	886
320	768	896	410	768	886
384	768	896	455	768	885
448	768	896	503	768	885
512	768	896	554	768	885
576	768	896	608	769	885
640	768	896	660	769	885
704	768	896	716	770	885
768	768	896	773	770	885
832	768	896	830	770	885
896	768	896	887	771	885
960	768	896	944	771	884
1023	768	896	1000	772	884
0	832	896	306	830	886
64	832	896	310	830	886
128	832	896	324	830	886
192	832	896	348	830	886
256	832	896	382	830	886
320	832	896	421	830	886
384	832	896	464	831	886
448	832	896	511	831	886
512	832	896	562	832	886
576	832	896	615	832	886
640	832	896	667	832	886
704	832	896	721	833	886
768	832	896	779	834	886
832	832	896	835	834	886
896	832	896	892	834	886
960	832	896	949	834	886
1023	832	896	1004	835	886
0	896	896	322	892	888
64	896	896	326	892	888
128	896	896	340	892	888
192	896	896	363	892	888
256	896	896	395	893	888
320	896	896	432	893	887
384	896	896	474	893	887
448	896	896	520	893	887
512	896	896	570	894	887
576	896	896	622	894	887
640	896	896	674	895	887
704	896	896	727	895	887
768	896	896	785	895	887
832	896	896	840	895	887
896	896	896	896	896	886
960	896	896	953	896	886
1023	896	896	1008	897	886
0	960	896	339	954	889
64	960	896	343	954	889
128	960	896	355	954	889
192	960	896	377	955	889
256	960	896	407	955	889
320	960	896	443	955	889
384	960	896	485	956	888
448	960	896	530	956	888
512	960	896	579	956	888
576	960	896	629	956	888
640	960	896	680	957	888
704	960	896	734	957	888
768	960	896	791	957	888
832	960	896	845	958	887
896	960	896	901	958	887
960	960	896	957	959	888
1023	960	896	1013	959	888
0	1023	896	356	1017	890
64	1023	896	359	1017	890
128	1023	896	372	1017	890
192	1023	896	393	1017	890
256	1023	896	421	1018	889
320	1023	896	456	1018	889
384	1023	896	496	1018	889
448	1023	896	540	1019	889
512	1023	896	588	1019	889
576	1023	896	637	1019	889
640	1023	896	687	1019	889
704	1023	896	741	1020	889
768	1023	896	797	1020	889
832	1023	896	851	1020	888
896	1023	896	907	1020	888
960	1023	896	962	1022	888
1023	1023	896	1018	1022	888
0	0	960	203	44	946
64	0	960	209	44	946
128	0	960	230	44	946
192	0	960	264	44	945
256	0	960	307	44	944
320	0	960	356	44	943
384	0	960	409	53	943
448	0	960	463	53	943
512	0	960	519	57	943
576	0	960	576	57	942
640	0	960	633	60	942
704	0	960	690	66	942
768	0	960	748	69	942
832	0	960	808	72	942
896	0	960	867	75	942
960	0	960	926	80	942
1023	0	960	983	85	942
0	64	960	204	77	946
64	64	960	210	77	946
128	64	960	230	77	946
192	64	960	264	77	945
256	64	960	307	77	944
320	64	960	357	80	943
384	64	960	409	82	943
448	64	960	463	82	943
512	64	960	519	82	943
576	64	960	576	87	942
640	64	960	633	87	942
704	64	960	690	89	942
768	64	960	748	91	942
832	64	960	809	95	942
896	64	960	867	95	942
960	64	960	926	99	942
1023	64	960	983	103	942
0	128	960	206	136	947
64	128	960	212	136	946
128	128	960	232	136	946
192	128	960	265	138	945
256	128	960	308	138	944
320	128	960	357	138	944
384	128	960	410	138	943
448	128	960	464	139	943
512	128	960	519	141	943
576	128	960	577	142	942
640	128	960	634	142	942
704	128	960	690	143	942
768	128	960	749	144	942
832	128	960	809	145	942
896	128	960	867	148	942
960	128	960	926	149	942
1023	128	960	983	151	942
0	192	960	209	199	947
64	192	960	215	199	947
128	192	960	235	199	946
192	192	960	267	200	946
256	192	960	310	201	944
320	192	960	359	201	944
384	192	960	411	202	943
448	192	960	465	202	943
512	192	960	520	203	943
576	192	960	578	203	943
640	192	960	634	204	942
704	192	960	691	205	942
768	192	960	749	206	942
832	192	960	809	207	942
896	192	960	868	208	942
960	192	960	927	209	942
1023	192	960	983	209	942
0	256	960	213	263	948
64	256	960	219	264	948
128	256	960	240	264	947
192	256	960	271	265	946
256	256	960	313	265	944
320	256	960	362	266	944
384	256	960	414	266	943
448	256	960	467	266	943
512	256	960	522	267	943
576	256	960	579	267	943
640	256	960	635	268	942
704	256	960	692	269	942
768	256	960	750	270	942
832	256	960	810	270	942
896	256	960	869	270	942
960	256	960	927	271	942
1023	256	960	984	272	942
0	320	960	219	328	947
64	320	960	225	328	947
128	320	960	244	328	946
192	320	960	276	329	945
256	320	960	317	330	944
320	320	960	365	330	944
384	320	960	417	330	943
448	320	960	469	331	943
512	320	960	524	331	943
576	320	960	581	332	943
640	320	960	637	332	942
704	320	960	694	332	942
768	320	960	752	333	943
832	320	960	811	333	942
896	320	960	870	333	942
960	320	960	928	334	942
1023	320	960	985	335	943
0	384	960	227	393	949
64	384	960	232	393	949
128	384	960	251	393	948
192	384	960	281	393	947
256	384	960	322	394	944
320	384	960	370	394	944
384	384	960	420	394	943
448	384	960	472	395	943
512	384	960	527	395	943
576	384	960	584	395	943
640	384	960	639	396	943
704	384	960	696	396	943
768	384	960	754	397	943
832	384	960	813	397	943
896	384	960	871	397	942
960	384	960	929	398	942
1023	384	960	987	398	943
0	448	960	236	454	948
64	448	960	241	454	948
128	448	960	258	454	947
192	448	960	288	454	944
256	448	960	328	455	944
320	448	960	375	455	944
384	448	960	425	455	944
448	448	960	476	456	943
512	448	960	530	456	943
576	448	960	587	457	943
640	448	960	642	457	943
704	448	960	698	457	943
768	448	960	756	457	943
832	448	960	815	458	943
896	448	960	873	458	943
960	448	960	932	459	943
1023	448	960	988	460	943
0	512	960	246	516	947
64	512	960	251	516	947
128	512	960	268	516	947
192	512	960	297	516	944
256	512	960	336	516	944
320	512	960	381	517	944
384	512	960	431	517	944
448	512	960	481	517	944
512	512	960	535	518	944
576	512	960	591	518	944
640	512	960	645	519	944
704	512	960	701	519	944
768	512	960	759	519	944
832	512	960	818	519	944
896	512	960	876	520	943
960	512	960	934	520	944
1023	512	960	990	521	944
0	576	960	257	580	948
64	576	960	262	580	948
128	576	960	279	580	947
192	576	960	307	580	945
256	576	960	344	580	945
320	576	960	389	581	945
384	576	960	436	581	945
448	576	960	486	582	945
512	576	960	539	582	945
576	576	960	595	582	945
640	576	960	649	582	944
704	576	960	705	583	945
768	576	960	763	584	945
832	576	960	821	583	944
896	576	960	879	584	944
960	576	960	936	584	944
1023	576	960	992	585	944
0	640	960	270	641	949
64	640	960	274	641	949
128	640	960	290	641	946
192	640	960	317	642	946
256	640	960	354	642	946
320	640	960	397	642	946
384	640	960	443	643	946
448	640	960	493	643	945
512	640	960	545	643	945
576	640	960	600	643	945
640	640	960	653	644	945
704	640	960	709	644	945
768	640	960	767	645	945
832	640	960	824	645	945
896	640	960	882	645	945
960	640	960	939	645	945
1023	640	960	995	646	945
0	704	960	283	704	947
64	704	960	288	704	947
128	704	960	303	704	947
192	704	960	329	704	947
256	704	960	364	704	946
320	704	960	406	704	946
384	704	960	451	704	946
448	704	960	499	705	946
512	704	960	551	705	946
576	704	960	606	706	946
640	704	960	658	706	946
704	704	960	713	706	946
768	704	960	771	707	946
832	704	960	827	707	946
896	704	960	885	707	945
960	704	960	942	708	946
1023	704	960	998	708	946
0	768	960	298	767	947
64	768	960	302	767	947
128	768	960	317	767	947
192	768	960	341	767	947
256	768	960	375	768	947
320	768	960	415	768	947
384	768	960	459	768	947
448	768	960	507	769	947
512	768	960	557	769	947
576	768	960	611	769	947
640	768	960	663	770	946
704	768	960	718	770	946
768	768	960	776	771	946
832	768	960	832	771	946
896	768	960	889	771	946
960	768	960	946	771	946
1023	768	960	1002	772	946
0	832	960	313	830	948
64	832	960	317	830	948
128	832	960	331	831	948
192	832	960	355	831	948
256	832	960	387	831	948
320	832	960	425	831	948
384	832	960	468	832	948
448	832	960	515	832	948
512	832	960	565	832	948
576	832	960	618	832	948
640	832	960	670	833	948
704	832	960	724	833	948
768	832	960	781	834	947
832	832	960	837	834	948
896	832	960	894	834	947
960	832	960	950	835	947
1023	832	960	1006	835	947
0	896	960	329	892	949
64	896	960	333	892	949
128	896	960	346	892	949
192	896	960	368	892	949
256	896	960	400	893	949
320	896	960	436	893	949
384	896	960	478	893	949
448	896	960	524	894	949
512	896	960	574	894	949
576	896	960	625	895	949
640	896	960	676	895	948
704	896	960	730	895	948
768	896	960	787	895	948
832	896	960	842	896	948
896	896	960	898	896	948
960	896	960	955	897	948
1023	896	960	1010	897	948
0	960	960	345	955	951
64	960	960	349	955	951
128	960	960	361	955	951
192	960	960	383	955	951
256	960	960	412	955	950
320	960	960	448	956	950
384	960	960	488	956	950
448	960	960	533	956	950
512	960	960	582	956	950
576	960	960	632	957	949
640	960	960	683	957	950
704	960	960	736	958	949
768	960	960	793	958	949
832	960	960	847	958	949
896	960	960	903	959	949
960	960	960	959	960	949
1023	960	960	1015	960	949
0	1023	960	362	1018	952
64	1023	960	365	1018	952
128	1023	960	377	1018	951
192	1023	960	398	1018	951
256	1023	960	425	1018	951
320	1023	960	460	1018	951
384	1023	960	499	1018	951
448	1023	960	543	1019	951
512	1023	960	591	1019	951
576	1023	960	640	1019	950
640	1023	960	690	1020	950
704	1023	960	743	1020	950
768	1023	960	799	1021	950
832	1023	960	853	1021	950
896	1023	960	909	1021	950
960	1023	960	964	1022	950
1023	1023	960	1019	1022	950
0	0	1023	216	44	1007
64	0	1023	221	44	1007
128	0	1023	241	44	1006
192	0	1023	273	44	1005
256	0	1023	315	53	1004
320	0	1023	363	53	1004
384	0	1023	415	53	1004
448	0	1023	468	57	1004
512	0	1023	523	57	1003
576	0	1023	580	60	1003
640	0	1023	636	66	1003
704	0	1023	693	66	1003
768	0	1023	751	69	1003
832	0	1023	811	72	1003
896	0	1023	870	77	1002
960	0	1023	928	82	1002
1023	0	1023	985	85	1002
0	64	1023	216	77	1007
64	64	1023	222	77	1007
128	64	1023	241	77	1006
192	64	1023	273	80	1005
256	64	1023	315	82	1004
320	64	1023	363	82	1004
384	64	1023	415	82	1004
448	64	1023	468	85	1004
512	64	1023	523	85	1003
576	64	1023	580	87	1003
640	64	1023	637	89	1003
704	64	1023	693	91	1003
768	64	1023	751	93	1003
832	64	1023	811	95	1003
896	64	1023	870	99	1003
960	64	1023	928	101	1002
1023	64	1023	985	103	1002
0	128	1023	218	137	1007
64	128	1023	223	137	1007
128	128	1023	243	137	1007
192	128	1023	274	138	1006
256	128	1023	316	138	1005
320	128	1023	364	138	1004
384	128	1023	416	139	1004
448	128	1023	469	141	1004
512	128	1023	524	141	1003
576	128	1023	581	142	1003
640	128	1023	637	143	1003
704	128	1023	693	144	1003
768	128	1023	752	145	1003
832	128	1023	811	147	1003
896	128	1023	870	149	1003
960	128	1023	928	150	1002
1023	128	1023	985	151	1002
0	192	1023	221	201	1008
64	192	1023	226	201	1008
128	192	1023	245	201	1007
192	192	1023	276	201	1006
256	192	1023	317	201	1005
320	192	1023	366	202	1004
384	192	1023	417	202	1004
448	192	1023	470	203	1004
512	192	1023	524	203	1003
576	192	1023	582	204	1003
640	192	1023	638	205	1003
704	192	1023	694	205	1003
768	192	1023	752	206	1003
832	192	1023	812	207	1003
896	192	1023	871	208	1003
960	192	1023	929	209	1002
1023	192	1023	985	210	1003
0	256	1023	225	264	1009
64	256	1023	230	264	1008
128	256	1023	248	265	1008
192	256	1023	279	265	1007
256	256	1023	320	265	1005
320	256	1023	368	266	1005
384	256	1023	419	266	1004
448	256	1023	471	267	1004
512	256	1023	526	267	1003
576	256	1023	583	269	1003
640	256	1023	639	269	1003
704	256	1023	695	269	1003
768	256	1023	753	269	1003
832	256	1023	813	270	1003
896	256	1023	871	271	1003
960	256	1023	929	271	1003
1023	256	1023	986	272	1003
0	320	1023	230	329	1007
64	320	1023	236	329	1007
128	320	1023	253	329	1007
192	320	1023	283	330	1006
256	320	1023	324	330	1004
320	320	1023	372	330	1004
384	320	1023	421	331	1004
448	320	1023	474	331	1003
512	320	1023	528	331	1003
576	320	1023	585	332	1003
640	320	1023	640	332	1003
704	320	1023	697	333	1003
768	320	1023	755	333	1003
832	320	1023	814	334	1003
896	320	1023	872	334	1003
960	320	1023	930	334	1003
1023	320	1023	987	335	1003
0	384	1023	237	393	1010
64	384	1023	242	393	1009
128	384	1023	259	393	1009
192	384	1023	289	393	1005
256	384	1023	329	394	1005
320	384	1023	376	394	1004
384	384	1023	425	395	1004
448	384	1023	477	395	1004
512	384	1023	531	395	1003
576	384	1023	587	396	1003
640	384	1023	642	395	1003
704	384	1023	698	396	1003
768	384	1023	756	397	1003
832	384	1023	816	397	1003
896	384	1023	874	397	1003
960	384	1023	932	398	1003
1023	384	1023	988	398	1003
0	448	1023	245	454	1008
64	448	1023	251	455	1008
128	448	1023	267	455	1008
192	448	1023	296	455	1005
256	448	1023	335	455	1005
320	448	1023	381	455	1004
384	448	1023	430	456	1004
448	448	1023	481	456	1004
512	448	1023	534	457	1004
576	448	1023	590	457	1004
640	448	1023	645	457	1003
704	448	1023	701	457	1003
768	448	1023	759	458	1004
832	448	1023	817	458	1003
896	448	1023	876	459	1003
960	448	1023	934	459	1003
1023	448	1023	990	460	1004
0	512	1023	256	516	1008
64	512	1023	261	516	1008
128	512	1023	276	517	1007
192	512	1023	305	517	1005
256	512	1023	343	517	1005
320	512	1023	387	517	1005
384	512	1023	435	517	1005
448	512	1023	486	518	1004
512	512	1023	538	518	1004
576	512	1023	594	518	1004
640	512	1023	648	519	1004
704	512	1023	704	519	1004
768	512	1023	762	519	1004
832	512	1023	820	520	1004
896	512	1023	878	520	1004
960	512	1023	936	520	1004
1023	512	1023	992	521	1004
0	576	1023	266	580	1008
64	576	1023	271	580	1008
128	576	1023	286	581	1006
192	576	1023	314	581	1005
256	576	1023	350	581	1005
320	576	1023	394	581	1005
384	576	1023	441	582	1005
448	576	1023	491	582	1005
512	576	1023	543	582	1005
576	576	1023	598	582	1005
640	576	1023	652	583	1005
704	576	1023	707	583	1005
768	576	1023	765	584	1005
832	576	1023	823	584	1005
896	576	1023	881	584	1004
960	576	1023	938	584	1004
1023	576	1023	994	585	1005
0	640	1023	277	642	1009
64	640	1023	282	642	1009
128	640	1023	298	642	1006
192	640	1023	324	642	1006
256	640	1023	360	642	1006
320	640	1023	402	643	1006
384	640	1023	448	643	1006
448	640	1023	497	643	1005
512	640	1023	548	643	1005
576	640	1023	603	644	1005
640	640	1023	656	644	1005
704	640	1023	711	644	1005
768	640	1023	769	645	1005
832	640	1023	826	645	1005
896	640	1023	884	645	1005
960	640	1023	941	645	1005
1023	640	1023	998	646	1005
0	704	1023	291	703	1007
64	704	1023	295	703	1007
128	704	1023	310	704	1007
192	704	1023	336	704	1007
256	704	1023	370	704	1007
320	704	1023	411	705	1006
384	704	1023	456	705	1006
448	704	1023	504	705	1006
512	704	1023	555	706	1006
576	704	1023	609	706	1006
640	704	1023	661	706	1006
704	704	1023	716	707	1006
768	704	1023	774	707	1006
832	704	1023	830	707	1006
896	704	1023	887	708	1006
960	704	1023	944	708	1006
1023	704	1023	1000	708	1006
0	768	1023	305	767	1007
64	768	1023	309	767	1007
128	768	1023	323	767	1007
192	768	1023	348	767	1007
256	768	1023	381	768	1007
320	768	1023	420	768	1007
384	768	1023	463	768	1007
448	768	1023	510	769	1007
512	768	1023	561	769	1007
576	768	1023	614	769	1006
640	768	1023	666	770	1006
704	768	1023	721	770	1006
768	768	1023	778	770	1006
832	768	1023	834	771	1006
896	768	1023	891	771	1006
960	768	1023	948	772	1006
1023	768	1023	1004	772	1006
0	832	1023	320	830	1009
64	832	1023	324	830	1009
128	832	1023	337	831	1009
192	832	1023	361	831	1009
256	832	1023	393	831	1008
320	832	1023	430	832	1008
384	832	1023	473	832	1008
448	832	1023	519	832	1008
512	832	1023	569	833	1008
576	832	1023	620	833	1008
640	832	1023	672	833	1008
704	832	1023	726	834	1008
768	832	1023	784	834	1008
832	832	1023	839	834	1008
896	832	1023	895	834	1007
960	832	1023	952	835	1008
1023	832	1023	1008	835	1008
0	896	1023	336	893	1010
64	896	1023	340	893	1010
128	896	1023	352	893	1010
192	896	1023	375	893	1010
256	896	1023	405	893	1009
320	896	1023	441	893	1009
384	896	1023	482	894	1009
448	896	1023	527	894	1009
512	896	1023	577	894	1009
576	896	1023	628	895	1008
640	896	1023	679	895	1008
704	896	1023	732	896	1008
768	896	1023	790	896	1009
832	896	1023	844	896	1008
896	896	1023	900	896	1008
960	896	1023	957	897	1008
1023	896	1023	1012	897	1008
0	960	1023	352	956	1011
64	960	1023	355	956	1011
128	960	1023	367	956	1011
192	960	1023	389	956	1011
256	960	1023	417	956	1011
320	960	1023	452	956	1011
384	960	1023	492	956	1010
448	960	1023	537	957	1010
512	960	1023	586	957	1010
576	960	1023	635	958	1010
640	960	1023	686	958	1010
704	960	1023	739	959	1010
768	960	1023	796	959	1009
832	960	1023	850	959	1009
896	960	1023	906	960	1009
960	960	1023	962	960	1009
1023	960	1023	1017	961	1009
0	1023	1023	368	1018	1012
64	1023	1023	371	1018	1012
128	1023	1023	383	1018	1012
192	1023	1023	403	1018	1011
256	1023	1023	431	1019	1011
320	1023	1023	464	1019	1011
384	1023	1023	503	1019	1011
448	1023	1023	547	1019	1011
512	1023	1023	595	1020	1011
576	1023	1023	643	1020	1011
640	1023	1023	693	1021	1011
704	1023	1023	745	1021	1011
768	1023	1023	802	1022	1011
832	1023	1023	856	1022	1010
896	1023	1023	910	1022	1010
960	1023	1023	966	1023	1010
1023	1023	1023	1021	1023	1010
