0	0	0	0	0	0
64	0	0	60	0	0
128	0	0	125	0	0
192	0	0	186	0	0
256	0	0	248	0	0
320	0	0	309	23	0
384	0	0	370	32	0
448	0	0	431	32	0
512	0	0	490	38	0
576	0	0	549	44	0
640	0	0	611	48	0
704	0	0	669	53	0
768	0	0	729	53	0
832	0	0	793	60	0
896	0	0	852	66	0
960	0	0	912	72	0
1023	0	0	971	72	0
0	64	0	23	63	0
64	64	0	63	63	0
128	64	0	125	63	0
192	64	0	188	66	0
256	64	0	248	66	0
320	64	0	310	66	0
384	64	0	370	69	0
448	64	0	431	72	0
512	64	0	490	72	0
576	64	0	550	75	0
640	64	0	611	77	0
704	64	0	670	80	0
768	64	0	729	82	0
832	64	0	793	87	0
896	64	0	852	89	0
960	64	0	912	91	0
1023	64	0	971	95	0
0	128	0	38	130	0
64	128	0	72	130	0
128	128	0	129	130	0
192	128	0	189	130	0
256	128	0	250	130	0
320	128	0	311	130	0
384	128	0	371	132	0
448	128	0	431	133	0
512	128	0	491	133	0
576	128	0	550	136	0
640	128	0	611	136	0
704	128	0	670	138	0
768	128	0	730	138	0
832	128	0	793	141	0
896	128	0	852	143	0
960	128	0	912	144	0
1023	128	0	972	145	0
0	192	0	57	194	23
64	192	0	82	194	23
128	192	0	134	194	23
192	192	0	192	194	23
256	192	0	252	194	23
320	192	0	313	196	23
384	192	0	373	196	23
448	192	0	433	196	23
512	192	0	492	198	23
576	192	0	552	198	23
640	192	0	613	199	0
704	192	0	672	199	0
768	192	0	731	201	0
832	192	0	794	202	0
896	192	0	853	202	0
960	192	0	914	204	0
1023	192	0	973	205	0
0	256	0	77	259	32
64	256	0	97	259	32
128	256	0	143	259	32
192	256	0	198	259	32
256	256	0	256	259	32
320	256	0	316	260	32
384	256	0	376	261	32
448	256	0	435	261	32
512	256	0	494	262	23
576	256	0	554	263	23
640	256	0	615	263	23
704	256	0	673	263	23
768	256	0	733	264	23
832	256	0	796	265	23
896	256	0	855	265	23
960	256	0	915	266	23
1023	256	0	974	267	0
0	320	0	99	323	44
64	320	0	113	323	44
128	320	0	152	323	44
192	320	0	204	323	44
256	320	0	261	324	44
320	320	0	319	324	44
384	320	0	379	325	44
448	320	0	438	325	44
512	320	0	497	326	38
576	320	0	557	327	32
640	320	0	617	327	38
704	320	0	675	327	32
768	320	0	735	327	32
832	320	0	797	328	32
896	320	0	857	328	32
960	320	0	917	328	32
1023	320	0	975	329	32
0	384	0	116	387	44
64	384	0	128	387	44
128	384	0	164	387	44
192	384	0	213	388	44
256	384	0	267	388	48
320	384	0	325	388	48
384	384	0	383	389	48
448	384	0	442	389	44
512	384	0	500	389	44
576	384	0	559	390	48
640	384	0	619	389	48
704	384	0	677	390	44
768	384	0	737	390	44
832	384	0	799	391	44
896	384	0	858	391	44
960	384	0	918	392	44
1023	384	0	976	393	44
0	448	0	137	449	57
64	448	0	147	449	57
128	448	0	179	449	57
192	448	0	223	449	57
256	448	0	275	449	57
320	448	0	331	449	57
384	448	0	388	450	57
448	448	0	446	450	57
512	448	0	503	450	53
576	448	0	562	451	53
640	448	0	621	451	53
704	448	0	680	451	53
768	448	0	739	451	53
832	448	0	801	451	53
896	448	0	860	452	53
960	448	0	919	452	53
1023	448	0	977	452	53
0	512	0	156	510	63
64	512	0	165	510	63
128	512	0	193	510	63
192	512	0	234	510	63
256	512	0	284	511	63
320	512	0	338	511	63
384	512	0	394	510	63
448	512	0	450	511	60
512	512	0	508	511	60
576	512	0	566	511	60
640	512	0	625	511	60
704	512	0	683	512	60
768	512	0	742	512	60
832	512	0	803	512	60
896	512	0	863	513	60
960	512	0	921	513	60
1023	512	0	979	513	60
0	576	0	175	573	72
64	576	0	183	573	72
128	576	0	209	573	72
192	576	0	247	573	72
256	576	0	294	574	72
320	576	0	346	574	72
384	576	0	401	574	72
448	576	0	456	574	72
512	576	0	512	575	72
576	576	0	570	575	72
640	576	0	629	575	72
704	576	0	686	575	69
768	576	0	745	576	69
832	576	0	806	576	66
896	576	0	865	576	66
960	576	0	923	576	66
1023	576	0	981	576	66
0	640	0	194	634	77
64	640	0	201	634	77
128	640	0	225	634	77
192	640	0	261	634	77
256	640	0	305	635	77
320	640	0	355	635	77
384	640	0	408	635	77
448	640	0	462	635	77
512	640	0	518	635	77
576	640	0	576	636	77
640	640	0	633	636	77
704	640	0	690	637	77
768	640	0	749	637	77
832	640	0	809	637	77
896	640	0	868	637	77
960	640	0	926	637	75
1023	640	0	984	637	75
0	704	0	215	696	87
64	704	0	221	696	87
128	704	0	242	696	87
192	704	0	275	696	87
256	704	0	317	697	87
320	704	0	366	697	87
384	704	0	417	697	85
448	704	0	470	697	85
512	704	0	525	697	85
576	704	0	581	697	85
640	704	0	638	697	87
704	704	0	694	697	85
768	704	0	753	698	85
832	704	0	813	698	85
896	704	0	871	698	82
960	704	0	930	698	82
1023	704	0	987	699	82
0	768	0	234	759	95
64	768	0	240	759	95
128	768	0	259	759	95
192	768	0	290	759	95
256	768	0	330	759	95
320	768	0	376	759	95
384	768	0	426	759	95
448	768	0	477	759	95
512	768	0	531	760	95
576	768	0	588	760	93
640	768	0	643	760	93
704	768	0	699	760	93
768	768	0	757	761	93
832	768	0	817	761	93
896	768	0	875	761	91
960	768	0	933	761	91
1023	768	0	990	762	91
0	832	0	255	822	101
64	832	0	259	822	101
128	832	0	277	822	101
192	832	0	306	822	101
256	832	0	343	822	101
320	832	0	388	823	101
384	832	0	436	822	101
448	832	0	486	822	101
512	832	0	539	823	101
576	832	0	595	823	101
640	832	0	649	824	101
704	832	0	705	824	101
768	832	0	763	824	99
832	832	0	822	824	99
896	832	0	880	824	99
960	832	0	937	825	99
1023	832	0	994	825	99
0	896	0	274	884	109
64	896	0	279	884	109
128	896	0	295	884	109
192	896	0	322	884	109
256	896	0	358	884	109
320	896	0	400	885	109
384	896	0	447	885	109
448	896	0	496	885	109
512	896	0	548	885	109
576	896	0	603	886	109
640	896	0	656	885	109
704	896	0	711	885	109
768	896	0	769	886	109
832	896	0	827	886	109
896	896	0	885	886	106
960	896	0	942	887	106
1023	896	0	998	887	108
0	960	0	294	946	117
64	960	0	299	946	117
128	960	0	314	946	117
192	960	0	339	946	117
256	960	0	372	946	117
320	960	0	413	946	117
384	960	0	458	946	117
448	960	0	506	946	116
512	960	0	556	946	116
576	960	0	610	946	116
640	960	0	663	946	116
704	960	0	718	947	116
768	960	0	776	947	116
832	960	0	832	948	116
896	960	0	890	948	116
960	960	0	946	948	116
1023	960	0	1003	948	114
0	1023	0	314	1007	125
64	1023	0	317	1007	125
128	1023	0	332	1007	125
192	1023	0	355	1007	125
256	1023	0	388	1007	125
320	1023	0	426	1008	125
384	1023	0	469	1008	125
448	1023	0	516	1008	125
512	1023	0	566	1008	125
576	1023	0	619	1008	125
640	1023	0	670	1009	125
704	1023	0	725	1009	125
768	1023	0	782	1009	125
832	1023	0	838	1009	123
896	1023	0	895	1009	122
960	1023	0	952	1010	122
1023	1023	0	1007	1011	122
0	0	64	0	0	63
64	0	64	63	0	63
128	0	64	125	0	63
192	0	64	186	0	63
256	0	64	248	0	63
320	0	64	310	23	66
384	0	64	370	32	66
448	0	64	431	32	66
512	0	64	490	38	66
576	0	64	549	44	63
640	0	64	611	48	60
704	0	64	669	53	60
768	0	64	729	53	60
832	0	64	793	60	63
896	0	64	852	66	60
960	0	64	912	72	60
1023	0	64	971	72	60
0	64	64	23	63	66
64	64	64	63	63	66
128	64	64	125	63	66
192	64	64	188	66	66
256	64	64	248	66	66
320	64	64	310	66	66
384	64	64	370	69	66
448	64	64	431	72	66
512	64	64	490	72	66
576	64	64	550	75	66
640	64	64	611	77	63
704	64	64	670	80	60
768	64	64	730	82	60
832	64	64	793	87	63
896	64	64	852	89	60
960	64	64	912	91	60
1023	64	64	971	95	60
0	128	64	38	130	66
64	128	64	72	130	66
128	128	64	129	130	66
192	128	64	189	130	66
256	128	64	250	130	66
320	128	64	311	130	66
384	128	64	372	132	66
448	128	64	431	133	66
512	128	64	491	133	66
576	128	64	550	136	66
640	128	64	611	136	66
704	128	64	670	138	66
768	128	64	730	138	66
832	128	64	793	141	60
896	128	64	853	143	60
960	128	64	912	144	60
1023	128	64	972	145	60
0	192	64	60	194	66
64	192	64	85	194	66
128	192	64	134	194	66
192	192	64	193	194	66
256	192	64	252	194	66
320	192	64	313	196	66
384	192	64	373	196	66
448	192	64	433	196	66
512	192	64	492	198	66
576	192	64	552	198	66
640	192	64	613	199	66
704	192	64	671	199	66
768	192	64	731	201	66
832	192	64	794	202	66
896	192	64	853	202	66
960	192	64	914	204	66
1023	192	64	973	205	63
0	256	64	80	259	72
64	256	64	97	259	72
128	256	64	143	259	72
192	256	64	198	259	72
256	256	64	256	259	69
320	256	64	316	260	69
384	256	64	375	261	66
448	256	64	435	261	66
512	256	64	494	262	66
576	256	64	554	263	66
640	256	64	615	263	66
704	256	64	673	263	66
768	256	64	733	264	66
832	256	64	796	265	69
896	256	64	855	265	66
960	256	64	915	266	66
1023	256	64	974	267	66
0	320	64	99	323	75
64	320	64	113	323	75
128	320	64	152	323	75
192	320	64	205	324	75
256	320	64	261	324	75
320	320	64	319	324	75
384	320	64	379	325	72
448	320	64	438	325	72
512	320	64	497	326	72
576	320	64	557	327	72
640	320	64	617	327	72
704	320	64	675	327	72
768	320	64	735	327	72
832	320	64	797	328	72
896	320	64	857	328	72
960	320	64	917	328	72
1023	320	64	975	329	69
0	384	64	116	387	77
64	384	64	128	387	77
128	384	64	165	387	77
192	384	64	213	388	77
256	384	64	267	388	77
320	384	64	325	388	77
384	384	64	383	389	77
448	384	64	442	389	77
512	384	64	500	389	77
576	384	64	559	390	77
640	384	64	619	390	77
704	384	64	677	390	77
768	384	64	737	390	75
832	384	64	799	391	75
896	384	64	858	391	75
960	384	64	918	392	75
1023	384	64	976	393	75
0	448	64	137	449	82
64	448	64	147	449	82
128	448	64	179	449	82
192	448	64	223	449	82
256	448	64	275	449	82
320	448	64	331	450	82
384	448	64	388	450	82
448	448	64	446	450	82
512	448	64	503	450	82
576	448	64	562	451	80
640	448	64	621	451	80
704	448	64	679	451	80
768	448	64	739	451	80
832	448	64	801	451	80
896	448	64	860	452	80
960	448	64	919	452	77
1023	448	64	977	453	77
0	512	64	157	510	87
64	512	64	165	510	87
128	512	64	193	510	87
192	512	64	234	510	87
256	512	64	285	511	87
320	512	64	338	511	87
384	512	64	394	511	87
448	512	64	451	511	87
512	512	64	508	511	87
576	512	64	566	511	87
640	512	64	625	511	87
704	512	64	683	512	87
768	512	64	742	512	87
832	512	64	803	512	87
896	512	64	863	513	87
960	512	64	921	513	85
1023	512	64	979	513	85
0	576	64	176	573	91
64	576	64	183	573	91
128	576	64	209	573	93
192	576	64	247	574	93
256	576	64	294	574	93
320	576	64	346	574	93
384	576	64	401	574	91
448	576	64	456	575	91
512	576	64	512	575	91
576	576	64	571	575	91
640	576	64	629	575	91
704	576	64	686	575	91
768	576	64	745	576	91
832	576	64	806	576	91
896	576	64	865	576	91
960	576	64	923	576	91
1023	576	64	981	576	91
0	640	64	194	634	99
64	640	64	202	634	99
128	640	64	225	635	99
192	640	64	261	635	99
256	640	64	305	635	97
320	640	64	355	635	99
384	640	64	409	635	99
448	640	64	462	635	97
512	640	64	518	635	97
576	640	64	576	636	97
640	640	64	633	636	97
704	640	64	690	637	95
768	640	64	749	637	95
832	640	64	809	637	97
896	640	64	868	637	95
960	640	64	926	637	95
1023	640	64	984	637	95
0	704	64	215	696	104
64	704	64	221	696	104
128	704	64	242	696	104
192	704	64	275	696	104
256	704	64	317	697	104
320	704	64	366	697	104
384	704	64	417	697	104
448	704	64	470	697	104
512	704	64	525	697	104
576	704	64	581	697	104
640	704	64	638	697	103
704	704	64	694	697	103
768	704	64	753	698	103
832	704	64	813	698	103
896	704	64	871	698	103
960	704	64	929	699	103
1023	704	64	987	699	103
0	768	64	234	759	111
64	768	64	240	759	109
128	768	64	259	759	109
192	768	64	290	759	109
256	768	64	330	759	109
320	768	64	376	759	109
384	768	64	426	759	109
448	768	64	477	759	109
512	768	64	531	760	109
576	768	64	588	760	109
640	768	64	643	760	109
704	768	64	699	760	109
768	768	64	757	761	109
832	768	64	817	761	109
896	768	64	875	761	109
960	768	64	933	761	109
1023	768	64	990	762	108
0	832	64	255	822	117
64	832	64	259	822	117
128	832	64	277	822	116
192	832	64	306	822	116
256	832	64	344	823	116
320	832	64	388	823	116
384	832	64	436	823	116
448	832	64	486	822	116
512	832	64	539	823	116
576	832	64	595	823	116
640	832	64	649	824	116
704	832	64	705	824	116
768	832	64	763	824	116
832	832	64	821	825	116
896	832	64	880	825	116
960	832	64	937	825	116
1023	832	64	994	825	116
0	896	64	274	884	123
64	896	64	280	884	123
128	896	64	295	884	123
192	896	64	322	884	123
256	896	64	358	884	123
320	896	64	401	885	123
384	896	64	447	885	123
448	896	64	496	885	123
512	896	64	548	885	123
576	896	64	603	886	123
640	896	64	656	885	123
704	896	64	711	885	123
768	896	64	769	886	122
832	896	64	827	886	122
896	896	64	885	886	122
960	896	64	942	887	122
1023	896	64	998	887	122
0	960	64	294	946	130
64	960	64	299	946	130
128	960	64	314	946	130
192	960	64	339	946	130
256	960	64	373	946	130
320	960	64	413	946	130
384	960	64	458	946	130
448	960	64	506	946	130
512	960	64	557	947	130
576	960	64	611	947	130
640	960	64	663	947	130
704	960	64	718	947	130
768	960	64	776	948	130
832	960	64	832	948	130
896	960	64	890	948	130
960	960	64	946	948	129
1023	960	64	1002	948	128
0	1023	64	314	1007	138
64	1023	64	318	1007	138
128	1023	64	332	1007	138
192	1023	64	355	1007	138
256	1023	64	388	1007	138
320	1023	64	426	1008	138
384	1023	64	469	1008	138
448	1023	64	516	1008	136
512	1023	64	566	1008	136
576	1023	64	619	1008	137
640	1023	64	670	1009	136
704	1023	64	725	1009	137
768	1023	64	782	1009	136
832	1023	64	838	1009	136
896	1023	64	895	1009	136
960	1023	64	952	1010	136
1023	1023	64	1007	1011	136
0	0	128	23	0	128
64	0	128	66	0	128
128	0	128	125	0	128
192	0	128	188	0	128
256	0	128	248	23	128
320	0	128	310	23	128
384	0	128	371	32	128
448	0	128	431	32	128
512	0	128	490	38	128
576	0	128	550	44	128
640	0	128	611	48	128
704	0	128	669	53	128
768	0	128	729	53	128
832	0	128	793	60	128
896	0	128	852	66	128
960	0	128	912	72	128
1023	0	128	971	72	126
0	64	128	32	63	129
64	64	128	66	63	129
128	64	128	128	63	129
192	64	128	188	66	129
256	64	128	249	66	128
320	64	128	310	66	128
384	64	128	371	69	128
448	64	128	431	72	128
512	64	128	490	72	128
576	64	128	550	75	128
640	64	128	611	77	128
704	64	128	670	82	128
768	64	128	730	82	128
832	64	128	793	87	128
896	64	128	852	89	128
960	64	128	912	91	128
1023	64	128	971	95	128
0	128	128	44	130	129
64	128	128	77	130	129
128	128	128	130	130	129
192	128	128	190	130	129
256	128	128	251	130	128
320	128	128	312	130	128
384	128	128	372	132	128
448	128	128	432	133	128
512	128	128	491	133	128
576	128	128	551	136	128
640	128	128	612	137	128
704	128	128	670	138	128
768	128	128	730	138	128
832	128	128	793	141	128
896	128	128	853	143	128
960	128	128	912	144	128
1023	128	128	971	145	128
0	192	128	63	194	130
64	192	128	87	194	130
128	192	128	136	194	130
192	192	128	193	194	130
256	192	128	253	194	130
320	192	128	314	196	130
384	192	128	373	196	130
448	192	128	433	197	129
512	192	128	492	198	128
576	192	128	552	198	128
640	192	128	613	199	128
704	192	128	671	199	128
768	192	128	731	201	128
832	192	128	794	202	128
896	192	128	853	202	128
960	192	128	913	204	128
1023	192	128	972	206	128
0	256	128	82	259	130
64	256	128	99	259	130
128	256	128	144	259	130
192	256	128	198	259	130
256	256	128	257	259	130
320	256	128	316	261	130
384	256	128	376	261	130
448	256	128	435	261	130
512	256	128	494	262	130
576	256	128	554	263	130
640	256	128	615	263	130
704	256	128	673	263	130
768	256	128	733	265	130
832	256	128	796	265	130
896	256	128	855	265	129
960	256	128	915	266	128
1023	256	128	974	267	128
0	320	128	99	323	133
64	320	128	113	323	133
128	320	128	155	323	133
192	320	128	206	324	133
256	320	128	262	324	133
320	320	128	320	324	133
384	320	128	379	325	133
448	320	128	438	326	132
512	320	128	497	326	132
576	320	128	557	327	132
640	320	128	617	327	133
704	320	128	675	327	133
768	320	128	735	328	133
832	320	128	797	328	133
896	320	128	856	328	133
960	320	128	916	329	132
1023	320	128	975	330	130
0	384	128	119	387	136
64	384	128	130	387	136
128	384	128	165	388	136
192	384	128	213	388	136
256	384	128	268	388	136
320	384	128	325	388	134
384	384	128	384	389	134
448	384	128	442	390	134
512	384	128	500	390	134
576	384	128	559	390	134
640	384	128	619	390	134
704	384	128	677	390	133
768	384	128	736	391	133
832	384	128	799	392	133
896	384	128	858	392	133
960	384	128	918	392	133
1023	384	128	976	393	133
0	448	128	138	449	138
64	448	128	148	449	138
128	448	128	179	449	138
192	448	128	225	449	137
256	448	128	276	450	137
320	448	128	331	450	137
384	448	128	388	450	137
448	448	128	446	450	137
512	448	128	503	451	136
576	448	128	562	451	136
640	448	128	621	451	136
704	448	128	680	451	136
768	448	128	739	452	136
832	448	128	801	452	136
896	448	128	860	452	136
960	448	128	919	452	136
1023	448	128	977	453	136
0	512	128	157	510	141
64	512	128	166	510	141
128	512	128	194	510	141
192	512	128	236	511	141
256	512	128	285	511	141
320	512	128	339	511	141
384	512	128	394	511	141
448	512	128	451	511	139
512	512	128	508	511	139
576	512	128	566	512	138
640	512	128	625	512	138
704	512	128	683	512	138
768	512	128	742	512	138
832	512	128	803	513	138
896	512	128	863	513	138
960	512	128	921	513	138
1023	512	128	979	514	138
0	576	128	177	574	143
64	576	128	184	574	143
128	576	128	209	574	143
192	576	128	248	574	143
256	576	128	295	574	143
320	576	128	346	574	143
384	576	128	401	575	143
448	576	128	457	575	143
512	576	128	513	575	143
576	576	128	571	575	143
640	576	128	629	575	143
704	576	128	686	576	143
768	576	128	745	576	142
832	576	128	806	576	143
896	576	128	865	576	143
960	576	128	923	577	142
1023	576	128	981	577	141
0	640	128	196	635	148
64	640	128	202	635	148
128	640	128	225	635	148
192	640	128	262	635	148
256	640	128	306	635	147
320	640	128	355	635	147
384	640	128	409	636	147
448	640	128	463	636	147
512	640	128	518	636	147
576	640	128	576	636	145
640	640	128	633	637	145
704	640	128	690	637	145
768	640	128	749	637	145
832	640	128	809	637	145
896	640	128	868	637	145
960	640	128	926	638	145
1023	640	128	983	638	145
0	704	128	215	696	150
64	704	128	222	696	150
128	704	128	242	697	150
192	704	128	276	697	150
256	704	128	318	697	150
320	704	128	366	697	150
384	704	128	417	697	150
448	704	128	470	697	150
512	704	128	525	698	150
576	704	128	582	698	150
640	704	128	638	697	150
704	704	128	694	698	150
768	704	128	753	698	150
832	704	128	813	699	150
896	704	128	871	698	150
960	704	128	929	699	150
1023	704	128	986	699	149
0	768	128	235	759	155
64	768	128	241	759	155
128	768	128	259	759	155
192	768	128	290	760	155
256	768	128	331	760	155
320	768	128	376	760	155
384	768	128	426	760	155
448	768	128	477	760	155
512	768	128	532	760	155
576	768	128	588	760	155
640	768	128	643	760	155
704	768	128	699	761	155
768	768	128	757	761	155
832	768	128	817	762	153
896	768	128	875	762	153
960	768	128	932	762	152
1023	768	128	990	763	152
0	832	128	255	822	159
64	832	128	261	823	159
128	832	128	277	823	159
192	832	128	307	823	159
256	832	128	344	823	159
320	832	128	388	823	159
384	832	128	436	823	159
448	832	128	486	823	159
512	832	128	539	823	159
576	832	128	595	824	159
640	832	128	649	824	159
704	832	128	705	825	159
768	832	128	763	825	159
832	832	128	821	825	158
896	832	128	880	825	158
960	832	128	937	825	158
1023	832	128	993	826	159
0	896	128	274	884	164
64	896	128	280	884	164
128	896	128	295	884	163
192	896	128	323	884	163
256	896	128	358	885	163
320	896	128	401	885	163
384	896	128	447	885	163
448	896	128	496	885	163
512	896	128	548	886	163
576	896	128	603	886	163
640	896	128	656	886	163
704	896	128	711	886	163
768	896	128	769	886	163
832	896	128	826	886	163
896	896	128	885	887	163
960	896	128	942	887	163
1023	896	128	998	888	163
0	960	128	295	946	169
64	960	128	299	946	169
128	960	128	314	946	169
192	960	128	339	946	169
256	960	128	373	946	169
320	960	128	413	946	169
384	960	128	458	947	169
448	960	128	506	947	169
512	960	128	557	947	168
576	960	128	611	947	169
640	960	128	663	947	169
704	960	128	718	948	169
768	960	128	775	948	168
832	960	128	832	948	169
896	960	128	890	949	168
960	960	128	946	949	167
1023	960	128	1002	949	167
0	1023	128	315	1007	174
64	1023	128	318	1007	174
128	1023	128	332	1007	174
192	1023	128	355	1008	174
256	1023	128	388	1008	174
320	1023	128	426	1008	174
384	1023	128	469	1008	174
448	1023	128	516	1008	174
512	1023	128	566	1009	174
576	1023	128	619	1009	174
640	1023	128	670	1009	173
704	1023	128	725	1010	174
768	1023	128	782	1010	173
832	1023	128	838	1010	173
896	1023	128	895	1010	173
960	1023	128	951	1011	173
1023	1023	128	1007	1011	173
0	0	192	38	0	191
64	0	192	72	0	191
128	0	192	128	0	191
192	0	192	189	0	191
256	0	192	250	23	192
320	0	192	311	23	192
384	0	192	371	32	191
448	0	192	431	32	191
512	0	192	491	38	191
576	0	192	550	44	191
640	0	192	611	48	191
704	0	192	670	53	191
768	0	192	730	53	192
832	0	192	792	60	192
896	0	192	852	66	192
960	0	192	912	72	191
1023	0	192	971	72	191
0	64	192	44	63	193
64	64	192	72	63	193
128	64	192	130	63	193
192	64	192	189	66	193
256	64	192	250	66	193
320	64	192	311	66	192
384	64	192	372	69	192
448	64	192	431	72	191
512	64	192	491	72	191
576	64	192	550	75	191
640	64	192	611	80	191
704	64	192	670	82	191
768	64	192	730	85	192
832	64	192	793	87	192
896	64	192	852	89	192
960	64	192	912	93	191
1023	64	192	971	95	191
0	128	192	53	130	193
64	128	192	82	130	193
128	128	192	133	130	193
192	128	192	193	130	193
256	128	192	252	130	193
320	128	192	313	130	193
384	128	192	373	133	193
448	128	192	432	133	193
512	128	192	491	134	193
576	128	192	551	136	192
640	128	192	612	137	192
704	128	192	670	138	191
768	128	192	730	141	192
832	128	192	793	142	192
896	128	192	853	143	192
960	128	192	912	144	192
1023	128	192	971	147	192
0	192	192	69	194	193
64	192	192	91	194	193
128	192	192	138	194	193
192	192	192	195	194	193
256	192	192	255	195	193
320	192	192	315	196	193
384	192	192	374	196	193
448	192	192	434	198	193
512	192	192	492	198	193
576	192	192	553	199	193
640	192	192	613	199	193
704	192	192	671	200	193
768	192	192	732	201	193
832	192	192	794	202	193
896	192	192	853	202	193
960	192	192	913	204	192
1023	192	192	972	206	192
0	256	192	87	259	193
64	256	192	103	259	193
128	256	192	147	259	193
192	256	192	200	259	193
256	256	192	258	260	193
320	256	192	317	261	193
384	256	192	376	261	193
448	256	192	436	262	193
512	256	192	495	262	193
576	256	192	554	263	193
640	256	192	615	263	193
704	256	192	673	264	193
768	256	192	733	265	193
832	256	192	795	266	193
896	256	192	855	266	193
960	256	192	915	266	193
1023	256	192	973	267	193
0	320	192	103	324	195
64	320	192	117	324	195
128	320	192	157	324	195
192	320	192	207	324	194
256	320	192	263	325	194
320	320	192	321	325	194
384	320	192	380	326	194
448	320	192	438	326	194
512	320	192	497	327	194
576	320	192	557	327	194
640	320	192	617	327	194
704	320	192	675	327	194
768	320	192	735	328	194
832	320	192	797	329	194
896	320	192	856	329	193
960	320	192	916	329	193
1023	320	192	974	330	194
0	384	192	122	388	197
64	384	192	133	388	197
128	384	192	168	388	197
192	384	192	215	388	197
256	384	192	269	388	197
320	384	192	326	389	196
384	384	192	384	390	196
448	384	192	442	390	196
512	384	192	500	390	196
576	384	192	559	390	196
640	384	192	619	390	195
704	384	192	677	391	195
768	384	192	736	391	196
832	384	192	798	392	196
896	384	192	858	392	196
960	384	192	917	393	194
1023	384	192	975	393	195
0	448	192	141	449	198
64	448	192	150	449	198
128	448	192	181	450	198
192	448	192	225	450	198
256	448	192	277	450	198
320	448	192	332	450	198
384	448	192	389	451	198
448	448	192	446	451	198
512	448	192	504	451	198
576	448	192	562	451	198
640	448	192	622	452	198
704	448	192	680	452	198
768	448	192	739	452	198
832	448	192	800	453	198
896	448	192	860	453	198
960	448	192	918	453	197
1023	448	192	976	454	197
0	512	192	159	511	201
64	512	192	168	511	201
128	512	192	196	511	201
192	512	192	237	511	200
256	512	192	286	511	200
320	512	192	339	512	199
384	512	192	395	512	199
448	512	192	451	512	199
512	512	192	508	512	199
576	512	192	566	512	199
640	512	192	625	513	199
704	512	192	683	513	199
768	512	192	741	513	199
832	512	192	802	513	199
896	512	192	862	514	199
960	512	192	920	514	198
1023	512	192	978	515	198
0	576	192	179	574	202
64	576	192	186	574	202
128	576	192	211	574	202
192	576	192	249	575	202
256	576	192	296	575	202
320	576	192	347	575	202
384	576	192	402	575	202
448	576	192	457	575	202
512	576	192	513	576	202
576	576	192	571	576	202
640	576	192	629	576	201
704	576	192	686	576	201
768	576	192	744	577	201
832	576	192	805	577	202
896	576	192	864	577	201
960	576	192	923	577	201
1023	576	192	980	578	201
0	640	192	198	635	206
64	640	192	204	635	206
128	640	192	228	635	206
192	640	192	263	636	206
256	640	192	307	636	205
320	640	192	356	636	205
384	640	192	409	636	204
448	640	192	463	636	204
512	640	192	518	637	204
576	640	192	576	637	204
640	640	192	633	637	204
704	640	192	690	638	204
768	640	192	748	638	204
832	640	192	809	638	204
896	640	192	868	638	204
960	640	192	926	638	203
1023	640	192	983	639	203
0	704	192	217	697	207
64	704	192	223	697	207
128	704	192	243	697	207
192	704	192	277	698	207
256	704	192	319	698	207
320	704	192	366	698	207
384	704	192	418	698	207
448	704	192	471	698	207
512	704	192	525	698	207
576	704	192	582	698	207
640	704	192	638	698	207
704	704	192	694	699	206
768	704	192	753	699	207
832	704	192	813	700	207
896	704	192	871	699	206
960	704	192	928	700	206
1023	704	192	986	700	206
0	768	192	237	760	210
64	768	192	242	760	210
128	768	192	261	760	210
192	768	192	292	760	210
256	768	192	331	760	210
320	768	192	377	760	210
384	768	192	427	761	210
448	768	192	478	761	209
512	768	192	532	761	210
576	768	192	588	761	209
640	768	192	643	761	209
704	768	192	699	762	209
768	768	192	757	762	209
832	768	192	816	762	209
896	768	192	875	762	209
960	768	192	932	763	209
1023	768	192	989	763	209
0	832	192	256	823	213
64	832	192	262	823	213
128	832	192	279	823	213
192	832	192	307	824	213
256	832	192	345	824	213
320	832	192	389	824	213
384	832	192	436	824	213
448	832	192	486	824	213
512	832	192	539	824	212
576	832	192	595	824	213
640	832	192	649	825	212
704	832	192	705	825	212
768	832	192	763	825	212
832	832	192	821	826	212
896	832	192	879	826	212
960	832	192	936	826	212
1023	832	192	993	827	212
0	896	192	276	885	218
64	896	192	281	885	218
128	896	192	296	885	217
192	896	192	323	885	216
256	896	192	359	885	216
320	896	192	401	886	216
384	896	192	447	886	216
448	896	192	496	886	216
512	896	192	548	886	216
576	896	192	603	887	216
640	896	192	656	886	216
704	896	192	711	886	216
768	896	192	769	887	216
832	896	192	826	887	216
896	896	192	884	888	216
960	896	192	941	888	216
1023	896	192	998	889	216
0	960	192	296	947	221
64	960	192	300	947	221
128	960	192	315	947	221
192	960	192	340	947	221
256	960	192	373	947	221
320	960	192	414	947	221
384	960	192	458	948	221
448	960	192	506	948	221
512	960	192	557	948	221
576	960	192	611	948	221
640	960	192	663	948	221
704	960	192	718	949	221
768	960	192	775	949	220
832	960	192	832	949	219
896	960	192	889	950	219
960	960	192	946	950	219
1023	960	192	1001	950	219
0	1023	192	316	1008	224
64	1023	192	319	1008	224
128	1023	192	333	1008	224
192	1023	192	356	1008	224
256	1023	192	388	1008	224
320	1023	192	427	1009	224
384	1023	192	469	1009	224
448	1023	192	516	1009	223
512	1023	192	566	1010	223
576	1023	192	619	1010	223
640	1023	192	670	1010	223
704	1023	192	725	1011	223
768	1023	192	782	1011	223
832	1023	192	838	1011	223
896	1023	192	895	1011	223
960	1023	192	951	1012	223
1023	1023	192	1006	1012	223
0	0	256	53	0	255
64	0	256	82	0	255
128	0	256	133	0	255
192	0	256	192	0	255
256	0	256	252	23	255
320	0	256	313	23	255
384	0	256	372	32	255
448	0	256	432	32	255
512	0	256	491	38	255
576	0	256	551	44	255
640	0	256	611	48	255
704	0	256	670	53	255
768	0	256	730	57	256
832	0	256	792	63	256
896	0	256	852	66	255
960	0	256	912	72	255
1023	0	256	970	75	255
0	64	256	57	63	255
64	64	256	82	63	255
128	64	256	134	63	255
192	64	256	193	66	255
256	64	256	252	66	255
320	64	256	313	66	255
384	64	256	373	72	255
448	64	256	432	72	255
512	64	256	491	75	255
576	64	256	551	77	255
640	64	256	611	80	255
704	64	256	670	82	255
768	64	256	730	85	256
832	64	256	793	89	256
896	64	256	853	91	255
960	64	256	912	95	255
1023	64	256	970	97	255
0	128	256	66	130	255
64	128	256	89	130	255
128	128	256	137	130	255
192	128	256	194	130	255
256	128	256	253	132	255
320	128	256	314	132	255
384	128	256	373	133	255
448	128	256	433	133	256
512	128	256	492	136	255
576	128	256	552	136	255
640	128	256	612	137	255
704	128	256	670	138	255
768	128	256	730	141	255
832	128	256	793	143	256
896	128	256	853	143	256
960	128	256	912	145	256
1023	128	256	971	148	255
0	192	256	77	195	255
64	192	256	97	194	255
128	192	256	143	194	255
192	192	256	198	195	255
256	192	256	256	196	255
320	192	256	316	196	255
384	192	256	375	198	255
448	192	256	434	198	256
512	192	256	493	198	256
576	192	256	553	199	256
640	192	256	613	201	256
704	192	256	672	201	256
768	192	256	732	202	256
832	192	256	794	202	256
896	192	256	854	204	256
960	192	256	913	206	256
1023	192	256	971	206	255
0	256	256	93	260	256
64	256	256	109	260	256
128	256	256	150	260	256
192	256	256	202	261	256
256	256	256	260	261	256
320	256	256	318	261	256
384	256	256	377	262	256
448	256	256	436	262	256
512	256	256	495	263	256
576	256	256	554	264	256
640	256	256	615	264	256
704	256	256	673	265	256
768	256	256	733	265	256
832	256	256	795	266	256
896	256	256	855	267	256
960	256	256	914	267	256
1023	256	256	972	269	256
0	320	256	109	325	258
64	320	256	122	325	258
128	320	256	159	325	258
192	320	256	209	325	258
256	320	256	265	325	258
320	320	256	322	325	258
384	320	256	381	326	258
448	320	256	439	327	258
512	320	256	497	327	258
576	320	256	557	327	258
640	320	256	617	328	258
704	320	256	675	328	258
768	320	256	734	329	258
832	320	256	796	330	258
896	320	256	856	330	257
960	320	256	915	330	258
1023	320	256	973	331	258
0	384	256	125	389	260
64	384	256	138	389	260
128	384	256	171	389	259
192	384	256	218	389	259
256	384	256	271	389	259
320	384	256	327	390	259
384	384	256	385	390	259
448	384	256	443	390	259
512	384	256	501	390	259
576	384	256	559	391	258
640	384	256	619	391	258
704	384	256	677	392	258
768	384	256	736	393	259
832	384	256	798	393	259
896	384	256	857	393	258
960	384	256	916	394	258
1023	384	256	974	394	258
0	448	256	144	450	261
64	448	256	153	450	261
128	448	256	184	450	261
192	448	256	228	451	261
256	448	256	279	451	261
320	448	256	333	451	260
384	448	256	390	451	260
448	448	256	447	451	260
512	448	256	504	452	260
576	448	256	563	452	260
640	448	256	622	452	260
704	448	256	680	453	260
768	448	256	738	453	261
832	448	256	800	454	259
896	448	256	859	454	259
960	448	256	917	454	259
1023	448	256	975	455	259
0	512	256	163	512	263
64	512	256	171	512	263
128	512	256	198	512	263
192	512	256	238	512	262
256	512	256	288	512	262
320	512	256	340	512	262
384	512	256	396	513	262
448	512	256	452	513	262
512	512	256	509	513	262
576	512	256	567	513	262
640	512	256	625	514	262
704	512	256	683	514	262
768	512	256	741	514	261
832	512	256	802	514	262
896	512	256	861	515	262
960	512	256	919	515	261
1023	512	256	977	516	261
0	576	256	180	575	264
64	576	256	189	575	264
128	576	256	213	575	264
192	576	256	251	575	264
256	576	256	298	576	264
320	576	256	348	576	263
384	576	256	403	576	263
448	576	256	457	576	263
512	576	256	513	577	263
576	576	256	571	576	263
640	576	256	629	577	263
704	576	256	686	577	263
768	576	256	744	578	263
832	576	256	805	578	263
896	576	256	864	578	263
960	576	256	922	578	263
1023	576	256	979	579	263
0	640	256	200	636	266
64	640	256	207	636	266
128	640	256	230	637	266
192	640	256	264	637	266
256	640	256	308	637	266
320	640	256	357	637	265
384	640	256	410	637	265
448	640	256	464	637	265
512	640	256	519	638	265
576	640	256	576	638	265
640	640	256	633	638	265
704	640	256	690	639	265
768	640	256	748	639	265
832	640	256	808	639	265
896	640	256	867	639	265
960	640	256	925	640	265
1023	640	256	982	640	265
0	704	256	219	698	267
64	704	256	225	698	267
128	704	256	246	698	267
192	704	256	279	698	267
256	704	256	320	698	267
320	704	256	367	699	267
384	704	256	418	699	267
448	704	256	471	699	267
512	704	256	526	699	267
576	704	256	582	699	267
640	704	256	638	699	267
704	704	256	694	700	267
768	704	256	753	701	267
832	704	256	813	702	267
896	704	256	870	700	266
960	704	256	928	701	266
1023	704	256	985	702	267
0	768	256	238	761	270
64	768	256	243	761	270
128	768	256	262	761	270
192	768	256	293	761	270
256	768	256	333	761	270
320	768	256	378	762	270
384	768	256	427	762	270
448	768	256	479	762	270
512	768	256	532	762	270
576	768	256	588	762	270
640	768	256	643	762	270
704	768	256	699	763	269
768	768	256	757	763	269
832	768	256	816	763	269
896	768	256	874	764	269
960	768	256	931	764	269
1023	768	256	988	764	269
0	832	256	258	824	272
64	832	256	263	824	272
128	832	256	280	824	272
192	832	256	308	825	272
256	832	256	346	825	272
320	832	256	390	825	272
384	832	256	437	825	272
448	832	256	487	825	272
512	832	256	539	825	271
576	832	256	595	825	271
640	832	256	649	826	271
704	832	256	705	826	271
768	832	256	762	827	272
832	832	256	820	827	272
896	832	256	879	827	272
960	832	256	935	827	271
1023	832	256	992	828	271
0	896	256	277	885	276
64	896	256	282	885	276
128	896	256	297	885	275
192	896	256	325	885	275
256	896	256	360	886	275
320	896	256	402	886	275
384	896	256	447	886	275
448	896	256	497	887	274
512	896	256	548	887	274
576	896	256	603	888	274
640	896	256	655	888	274
704	896	256	711	888	274
768	896	256	769	889	274
832	896	256	826	889	274
896	896	256	884	889	274
960	896	256	940	889	274
1023	896	256	997	890	274
0	960	256	297	947	277
64	960	256	301	947	277
128	960	256	316	947	277
192	960	256	340	948	277
256	960	256	375	948	277
320	960	256	415	948	277
384	960	256	459	949	277
448	960	256	506	949	277
512	960	256	557	949	277
576	960	256	611	949	277
640	960	256	663	950	277
704	960	256	718	950	277
768	960	256	775	950	277
832	960	256	831	950	277
896	960	256	889	951	277
960	960	256	945	951	277
1023	960	256	1001	951	277
0	1023	256	317	1009	281
64	1023	256	320	1009	281
128	1023	256	334	1009	281
192	1023	256	357	1009	281
256	1023	256	389	1010	281
320	1023	256	427	1010	281
384	1023	256	470	1010	281
448	1023	256	516	1010	280
512	1023	256	566	1011	280
576	1023	256	619	1011	280
640	1023	256	670	1012	280
704	1023	256	725	1012	280
768	1023	256	781	1012	280
832	1023	256	837	1013	280
896	1023	256	894	1013	280
960	1023	256	950	1013	280
1023	1023	256	1006	1014	280
0	0	320	72	0	318
64	0	320	91	0	317
128	0	320	138	0	317
192	0	320	195	23	320
256	0	320	255	23	319
320	0	320	315	23	319
384	0	320	373	32	319
448	0	320	433	32	319
512	0	320	492	38	319
576	0	320	552	44	319
640	0	320	612	48	319
704	0	320	670	53	319
768	0	320	730	60	319
832	0	320	793	63	319
896	0	320	853	66	319
960	0	320	912	72	319
1023	0	320	970	77	319
0	64	320	72	63	320
64	64	320	91	66	320
128	64	320	139	66	320
192	64	320	196	66	320
256	64	320	255	66	319
320	64	320	315	66	319
384	64	320	374	72	319
448	64	320	434	72	319
512	64	320	492	75	319
576	64	320	552	77	319
640	64	320	612	80	319
704	64	320	671	82	319
768	64	320	730	87	319
832	64	320	793	89	319
896	64	320	853	91	319
960	64	320	912	95	319
1023	64	320	970	99	319
0	128	320	77	130	321
64	128	320	97	130	321
128	128	320	142	132	320
192	128	320	198	132	320
256	128	320	256	132	320
320	128	320	316	132	319
384	128	320	375	133	319
448	128	320	434	134	319
512	128	320	493	136	319
576	128	320	553	136	319
640	128	320	613	138	319
704	128	320	671	138	319
768	128	320	731	141	319
832	128	320	793	143	319
896	128	320	853	143	319
960	128	320	912	145	319
1023	128	320	970	148	319
0	192	320	89	196	321
64	192	320	104	196	321
128	192	320	148	196	321
192	192	320	201	196	320
256	192	320	258	197	320
320	192	320	317	197	320
384	192	320	376	198	319
448	192	320	436	198	319
512	192	320	494	198	319
576	192	320	553	199	319
640	192	320	614	201	319
704	192	320	672	201	319
768	192	320	732	202	319
832	192	320	794	204	320
896	192	320	854	205	319
960	192	320	913	206	319
1023	192	320	971	206	319
0	256	320	103	261	321
64	256	320	116	261	321
128	256	320	155	261	321
192	256	320	206	261	321
256	256	320	262	261	320
320	256	320	320	262	320
384	256	320	379	262	320
448	256	320	438	263	320
512	256	320	496	263	320
576	256	320	555	264	320
640	256	320	615	265	320
704	256	320	673	265	320
768	256	320	733	266	320
832	256	320	795	267	320
896	256	320	855	267	320
960	256	320	913	268	320
1023	256	320	972	269	319
0	320	320	116	326	322
64	320	320	128	326	322
128	320	320	163	325	322
192	320	320	212	326	322
256	320	320	266	326	321
320	320	320	324	327	321
384	320	320	382	327	321
448	320	320	440	327	321
512	320	320	498	327	321
576	320	320	557	328	321
640	320	320	617	328	321
704	320	320	675	329	321
768	320	320	734	330	321
832	320	320	796	330	321
896	320	320	856	330	321
960	320	320	914	331	321
1023	320	320	972	332	321
0	384	320	132	389	323
64	384	320	143	389	323
128	384	320	175	389	323
192	384	320	221	390	323
256	384	320	273	390	322
320	384	320	329	390	322
384	384	320	386	390	322
448	384	320	443	391	322
512	384	320	501	391	322
576	384	320	560	392	322
640	384	320	620	392	322
704	384	320	677	393	322
768	384	320	736	393	322
832	384	320	798	393	321
896	384	320	857	394	322
960	384	320	916	394	321
1023	384	320	974	395	321
0	448	320	149	451	324
64	448	320	159	451	324
128	448	320	188	451	324
192	448	320	230	451	324
256	448	320	281	451	323
320	448	320	334	451	323
384	448	320	391	452	323
448	448	320	447	452	323
512	448	320	505	452	323
576	448	320	563	453	323
640	448	320	623	453	323
704	448	320	680	454	323
768	448	320	738	454	323
832	448	320	800	454	322
896	448	320	859	455	322
960	448	320	917	455	322
1023	448	320	975	456	322
0	512	320	167	512	326
64	512	320	175	512	326
128	512	320	201	512	325
192	512	320	242	512	325
256	512	320	290	513	324
320	512	320	342	513	324
384	512	320	398	514	324
448	512	320	453	514	324
512	512	320	509	514	324
576	512	320	567	514	324
640	512	320	626	514	324
704	512	320	683	515	324
768	512	320	741	515	324
832	512	320	802	515	324
896	512	320	861	516	324
960	512	320	919	516	324
1023	512	320	977	516	323
0	576	320	184	576	327
64	576	320	193	576	327
128	576	320	216	576	327
192	576	320	254	576	327
256	576	320	299	576	326
320	576	320	350	577	326
384	576	320	404	577	326
448	576	320	458	577	326
512	576	320	514	577	325
576	576	320	571	577	325
640	576	320	629	578	325
704	576	320	686	578	325
768	576	320	744	578	325
832	576	320	805	579	325
896	576	320	864	579	325
960	576	320	922	579	325
1023	576	320	979	580	325
0	640	320	203	637	328
64	640	320	210	637	328
128	640	320	232	637	328
192	640	320	266	637	327
256	640	320	310	637	327
320	640	320	359	638	327
384	640	320	411	638	327
448	640	320	465	638	327
512	640	320	519	638	327
576	640	320	577	639	327
640	640	320	634	639	327
704	640	320	690	639	327
768	640	320	748	640	327
832	640	320	808	640	327
896	640	320	867	640	327
960	640	320	925	641	326
1023	640	320	982	641	326
0	704	320	222	699	329
64	704	320	228	699	329
128	704	320	248	699	329
192	704	320	281	699	328
256	704	320	322	699	328
320	704	320	369	699	328
384	704	320	419	699	328
448	704	320	472	700	328
512	704	320	526	700	328
576	704	320	582	700	328
640	704	320	638	700	328
704	704	320	695	701	328
768	704	320	753	702	328
832	704	320	813	702	328
896	704	320	870	702	328
960	704	320	927	702	327
1023	704	320	985	703	327
0	768	320	241	762	331
64	768	320	247	762	331
128	768	320	264	762	331
192	768	320	295	762	330
256	768	320	334	762	330
320	768	320	379	762	330
384	768	320	429	762	330
448	768	320	479	763	330
512	768	320	533	763	330
576	768	320	589	763	330
640	768	320	643	763	329
704	768	320	699	764	329
768	768	320	757	764	330
832	768	320	816	764	329
896	768	320	874	765	329
960	768	320	931	765	329
1023	768	320	988	765	329
0	832	320	261	825	333
64	832	320	265	825	333
128	832	320	282	825	333
192	832	320	311	825	333
256	832	320	347	825	332
320	832	320	391	825	332
384	832	320	438	826	332
448	832	320	488	826	332
512	832	320	540	826	332
576	832	320	595	826	332
640	832	320	649	826	331
704	832	320	705	827	332
768	832	320	763	827	332
832	832	320	821	828	332
896	832	320	879	828	332
960	832	320	935	828	331
1023	832	320	992	829	331
0	896	320	280	886	335
64	896	320	284	886	335
128	896	320	300	886	334
192	896	320	326	886	334
256	896	320	361	886	334
320	896	320	403	887	334
384	896	320	449	887	334
448	896	320	497	888	334
512	896	320	549	888	334
576	896	320	603	888	334
640	896	320	656	888	334
704	896	320	711	889	334
768	896	320	769	890	334
832	896	320	826	889	334
896	896	320	884	890	334
960	896	320	940	890	334
1023	896	320	997	891	333
0	960	320	299	948	336
64	960	320	303	948	336
128	960	320	317	948	336
192	960	320	342	948	336
256	960	320	376	949	336
320	960	320	416	949	336
384	960	320	460	950	336
448	960	320	507	950	336
512	960	320	558	950	336
576	960	320	611	950	336
640	960	320	663	950	336
704	960	320	718	951	336
768	960	320	775	951	336
832	960	320	831	951	336
896	960	320	889	952	335
960	960	320	945	952	336
1023	960	320	1001	952	335
0	1023	320	318	1010	339
64	1023	320	322	1010	339
128	1023	320	335	1010	339
192	1023	320	359	1010	339
256	1023	320	390	1010	339
320	1023	320	428	1011	338
384	1023	320	471	1011	338
448	1023	320	517	1011	338
512	1023	320	567	1012	338
576	1023	320	619	1012	338
640	1023	320	671	1013	338
704	1023	320	725	1013	338
768	1023	320	782	1013	338
832	1023	320	838	1014	338
896	1023	320	894	1014	337
960	1023	320	950	1014	337
1023	1023	320	1006	1015	337
0	0	384	85	0	381
64	0	384	101	0	381
128	0	384	145	23	382
192	0	384	199	23	382
256	0	384	258	23	382
320	0	384	317	23	381
384	0	384	376	32	381
448	0	384	435	38	381
512	0	384	494	44	381
576	0	384	553	44	381
640	0	384	614	48	381
704	0	384	672	53	382
768	0	384	731	60	382
832	0	384	794	63	382
896	0	384	854	66	381
960	0	384	913	72	381
1023	0	384	971	77	381
0	64	384	87	66	382
64	64	384	103	66	382
128	64	384	145	66	382
192	64	384	201	66	382
256	64	384	258	66	382
320	64	384	317	69	381
384	64	384	376	72	381
448	64	384	435	72	381
512	64	384	494	77	381
576	64	384	553	77	381
640	64	384	614	80	381
704	64	384	672	82	382
768	64	384	731	87	382
832	64	384	794	89	382
896	64	384	854	91	381
960	64	384	913	95	381
1023	64	384	971	99	381
0	128	384	91	132	382
64	128	384	106	132	382
128	128	384	150	132	382
192	128	384	202	132	382
256	128	384	259	132	382
320	128	384	318	133	381
384	128	384	377	133	381
448	128	384	436	134	381
512	128	384	494	136	381
576	128	384	554	137	382
640	128	384	614	138	382
704	128	384	672	138	382
768	128	384	732	141	382
832	128	384	794	143	382
896	128	384	854	143	382
960	128	384	913	145	381
1023	128	384	971	148	381
0	192	384	99	196	382
64	192	384	113	196	382
128	192	384	155	196	382
192	192	384	206	196	382
256	192	384	262	197	382
320	192	384	320	197	382
384	192	384	379	198	382
448	192	384	437	198	381
512	192	384	495	199	382
576	192	384	555	200	382
640	192	384	615	201	382
704	192	384	673	202	382
768	192	384	733	202	382
832	192	384	795	204	382
896	192	384	854	204	382
960	192	384	913	206	381
1023	192	384	972	207	381
0	256	384	109	261	383
64	256	384	123	261	382
128	256	384	161	261	382
192	256	384	210	261	382
256	256	384	265	262	382
320	256	384	322	262	382
384	256	384	381	263	382
448	256	384	439	263	382
512	256	384	497	264	382
576	256	384	557	265	382
640	256	384	617	265	382
704	256	384	675	266	382
768	256	384	734	266	382
832	256	384	796	267	382
896	256	384	855	267	382
960	256	384	914	269	382
1023	256	384	972	269	382
0	320	384	125	326	385
64	320	384	136	326	384
128	320	384	169	326	384
192	320	384	216	326	384
256	320	384	270	326	384
320	320	384	327	327	383
384	320	384	384	327	383
448	320	384	442	327	383
512	320	384	500	328	384
576	320	384	559	329	383
640	320	384	619	329	383
704	320	384	676	329	383
768	320	384	736	330	383
832	320	384	797	330	383
896	320	384	856	331	383
960	320	384	915	331	383
1023	320	384	973	332	383
0	384	384	138	390	386
64	384	384	150	390	386
128	384	384	179	390	385
192	384	384	225	390	385
256	384	384	276	390	385
320	384	384	331	390	384
384	384	384	388	391	384
448	384	384	445	391	384
512	384	384	502	392	384
576	384	384	561	393	384
640	384	384	621	393	384
704	384	384	678	393	384
768	384	384	737	394	384
832	384	384	799	394	384
896	384	384	858	395	383
960	384	384	916	395	383
1023	384	384	974	395	383
0	448	384	156	451	386
64	448	384	164	451	386
128	448	384	193	451	386
192	448	384	234	451	386
256	448	384	284	452	386
320	448	384	337	452	385
384	448	384	393	453	385
448	448	384	449	453	385
512	448	384	506	453	385
576	448	384	565	454	385
640	448	384	623	454	385
704	448	384	680	454	385
768	448	384	739	454	385
832	448	384	800	455	385
896	448	384	859	455	384
960	448	384	918	455	384
1023	448	384	975	456	384
0	512	384	172	513	387
64	512	384	180	513	387
128	512	384	206	513	387
192	512	384	245	513	387
256	512	384	292	513	387
320	512	384	344	513	386
384	512	384	400	514	386
448	512	384	454	514	386
512	512	384	510	514	385
576	512	384	568	514	385
640	512	384	626	514	385
704	512	384	683	515	385
768	512	384	742	515	385
832	512	384	803	516	385
896	512	384	862	516	385
960	512	384	920	516	385
1023	512	384	977	516	385
0	576	384	189	576	388
64	576	384	196	576	388
128	576	384	219	576	388
192	576	384	256	576	388
256	576	384	301	576	387
320	576	384	352	577	387
384	576	384	405	577	387
448	576	384	460	577	387
512	576	384	515	577	387
576	576	384	573	578	386
640	576	384	630	578	386
704	576	384	687	578	386
768	576	384	745	579	386
832	576	384	806	579	386
896	576	384	865	580	386
960	576	384	923	580	386
1023	576	384	979	580	386
0	640	384	207	637	390
64	640	384	213	637	390
128	640	384	235	637	390
192	640	384	269	637	390
256	640	384	312	637	388
320	640	384	361	638	388
384	640	384	413	638	388
448	640	384	466	638	388
512	640	384	521	639	388
576	640	384	578	639	388
640	640	384	635	639	388
704	640	384	691	640	388
768	640	384	749	640	388
832	640	384	809	641	388
896	640	384	868	641	388
960	640	384	925	641	388
1023	640	384	982	641	387
0	704	384	226	699	390
64	704	384	232	699	390
128	704	384	251	699	390
192	704	384	283	699	390
256	704	384	324	699	389
320	704	384	371	699	389
384	704	384	421	700	390
448	704	384	473	700	390
512	704	384	527	700	389
576	704	384	583	700	389
640	704	384	639	701	389
704	704	384	695	701	389
768	704	384	753	702	389
832	704	384	813	702	389
896	704	384	871	702	389
960	704	384	929	703	389
1023	704	384	986	704	389
0	768	384	244	762	392
64	768	384	250	762	392
128	768	384	267	762	392
192	768	384	297	762	391
256	768	384	336	762	391
320	768	384	381	763	391
384	768	384	430	763	390
448	768	384	481	763	390
512	768	384	534	763	390
576	768	384	590	763	390
640	768	384	644	764	390
704	768	384	700	764	390
768	768	384	758	765	390
832	768	384	816	765	390
896	768	384	875	766	390
960	768	384	932	766	390
1023	768	384	989	766	390
0	832	384	263	826	394
64	832	384	269	826	394
128	832	384	285	826	394
192	832	384	313	826	393
256	832	384	350	826	393
320	832	384	393	826	393
384	832	384	439	826	392
448	832	384	489	826	392
512	832	384	541	826	392
576	832	384	597	827	392
640	832	384	650	827	392
704	832	384	706	827	392
768	832	384	764	828	392
832	832	384	821	828	392
896	832	384	879	828	392
960	832	384	936	829	392
1023	832	384	992	829	392
0	896	384	282	887	397
64	896	384	286	887	397
128	896	384	302	887	394
192	896	384	328	887	394
256	896	384	363	887	394
320	896	384	405	887	394
384	896	384	450	888	394
448	896	384	498	888	394
512	896	384	550	889	394
576	896	384	604	889	394
640	896	384	657	889	393
704	896	384	712	889	394
768	896	384	770	890	394
832	896	384	826	890	394
896	896	384	884	891	393
960	896	384	941	891	393
1023	896	384	997	892	393
0	960	384	301	948	396
64	960	384	305	948	396
128	960	384	320	948	396
192	960	384	344	949	396
256	960	384	377	949	396
320	960	384	417	950	396
384	960	384	461	950	396
448	960	384	509	950	396
512	960	384	559	951	396
576	960	384	612	950	396
640	960	384	664	950	396
704	960	384	718	951	396
768	960	384	776	952	396
832	960	384	832	952	395
896	960	384	889	952	395
960	960	384	945	953	395
1023	960	384	1001	953	395
0	1023	384	320	1011	398
64	1023	384	324	1011	398
128	1023	384	337	1011	398
192	1023	384	360	1011	398
256	1023	384	392	1011	398
320	1023	384	430	1011	398
384	1023	384	472	1011	398
448	1023	384	518	1012	398
512	1023	384	568	1012	398
576	1023	384	620	1012	398
640	1023	384	672	1013	398
704	1023	384	725	1014	398
768	1023	384	783	1014	398
832	1023	384	838	1015	398
896	1023	384	894	1014	398
960	1023	384	951	1015	397
1023	1023	384	1006	1015	397
0	0	448	97	23	446
64	0	448	113	23	445
128	0	448	152	23	445
192	0	448	205	23	445
256	0	448	262	23	444
320	0	448	320	32	444
384	0	448	379	32	444
448	0	448	437	38	444
512	0	448	495	44	444
576	0	448	554	44	444
640	0	448	615	48	444
704	0	448	673	53	444
768	0	448	733	60	444
832	0	448	795	63	444
896	0	448	854	66	444
960	0	448	914	72	444
1023	0	448	972	77	444
0	64	448	99	66	446
64	64	448	113	66	446
128	64	448	155	66	445
192	64	448	205	66	445
256	64	448	262	66	444
320	64	448	320	72	444
384	64	448	379	72	444
448	64	448	437	72	444
512	64	448	496	77	444
576	64	448	555	80	444
640	64	448	615	82	444
704	64	448	673	82	444
768	64	448	733	87	444
832	64	448	795	89	444
896	64	448	854	91	444
960	64	448	914	95	444
1023	64	448	972	99	444
0	128	448	103	132	446
64	128	448	117	132	446
128	128	448	157	132	445
192	128	448	207	132	445
256	128	448	263	132	445
320	128	448	321	133	444
384	128	448	379	133	444
448	128	448	438	134	444
512	128	448	496	136	444
576	128	448	555	138	444
640	128	448	616	138	444
704	128	448	674	141	444
768	128	448	733	141	444
832	128	448	796	143	444
896	128	448	855	144	444
960	128	448	914	145	444
1023	128	448	972	148	444
0	192	448	109	196	446
64	192	448	125	196	446
128	192	448	161	196	446
192	192	448	210	196	446
256	192	448	265	197	445
320	192	448	323	198	445
384	192	448	381	198	445
448	192	448	439	199	444
512	192	448	497	199	444
576	192	448	556	200	444
640	192	448	617	201	444
704	192	448	675	202	444
768	192	448	734	202	444
832	192	448	796	204	444
896	192	448	855	205	444
960	192	448	914	206	444
1023	192	448	972	207	444
0	256	448	120	261	446
64	256	448	133	261	446
128	256	448	167	261	446
192	256	448	215	262	446
256	256	448	269	262	446
320	256	448	325	262	445
384	256	448	383	263	445
448	256	448	441	263	445
512	256	448	499	264	445
576	256	448	559	265	445
640	256	448	618	265	444
704	256	448	676	266	444
768	256	448	735	266	444
832	256	448	797	267	445
896	256	448	856	268	444
960	256	448	915	269	444
1023	256	448	973	269	444
0	320	448	133	326	447
64	320	448	143	326	447
128	320	448	176	326	447
192	320	448	221	326	447
256	320	448	273	327	447
320	320	448	329	327	446
384	320	448	386	327	446
448	320	448	444	328	446
512	320	448	502	328	446
576	320	448	561	329	446
640	320	448	620	330	446
704	320	448	677	330	445
768	320	448	736	330	446
832	320	448	798	331	445
896	320	448	857	331	445
960	320	448	916	332	445
1023	320	448	973	332	445
0	384	448	147	390	449
64	384	448	157	390	449
128	384	448	186	390	448
192	384	448	229	390	448
256	384	448	280	391	448
320	384	448	334	391	447
384	384	448	390	391	447
448	384	448	447	392	446
512	384	448	504	392	446
576	384	448	563	393	446
640	384	448	622	393	446
704	384	448	679	393	446
768	384	448	738	394	446
832	384	448	799	394	446
896	384	448	858	395	446
960	384	448	917	395	446
1023	384	448	974	396	445
0	448	448	162	452	449
64	448	448	170	452	449
128	448	448	198	452	449
192	448	448	238	452	449
256	448	448	287	452	448
320	448	448	340	452	447
384	448	448	395	453	447
448	448	448	451	453	447
512	448	448	508	453	447
576	448	448	566	454	447
640	448	448	624	454	446
704	448	448	682	454	446
768	448	448	740	455	447
832	448	448	802	455	447
896	448	448	860	456	446
960	448	448	919	456	446
1023	448	448	976	456	446
0	512	448	179	513	449
64	512	448	186	513	449
128	512	448	210	513	449
192	512	448	248	513	449
256	512	448	295	513	447
320	512	448	346	514	448
384	512	448	401	514	448
448	512	448	456	514	447
512	512	448	512	514	447
576	512	448	570	515	447
640	512	448	627	515	447
704	512	448	684	515	447
768	512	448	743	516	447
832	512	448	804	516	447
896	512	448	863	517	447
960	512	448	921	517	447
1023	512	448	978	517	447
0	576	448	194	576	451
64	576	448	201	576	450
128	576	448	224	576	450
192	576	448	260	576	450
256	576	448	304	576	449
320	576	448	354	577	449
384	576	448	407	577	449
448	576	448	461	577	449
512	576	448	517	578	448
576	576	448	574	578	448
640	576	448	631	578	448
704	576	448	688	578	448
768	576	448	746	579	448
832	576	448	807	580	448
896	576	448	866	580	448
960	576	448	923	580	448
1023	576	448	980	580	447
0	640	448	212	638	451
64	640	448	218	638	451
128	640	448	239	638	451
192	640	448	272	638	451
256	640	448	315	638	449
320	640	448	363	638	449
384	640	448	415	639	449
448	640	448	468	639	449
512	640	448	523	639	449
576	640	448	579	640	449
640	640	448	636	640	449
704	640	448	692	640	449
768	640	448	750	640	449
832	640	448	810	641	449
896	640	448	869	641	449
960	640	448	926	642	449
1023	640	448	983	642	449
0	704	448	230	699	451
64	704	448	236	699	451
128	704	448	255	699	451
192	704	448	286	700	451
256	704	448	327	700	451
320	704	448	373	700	451
384	704	448	423	700	451
448	704	448	475	701	451
512	704	448	529	701	451
576	704	448	585	701	450
640	704	448	640	701	451
704	704	448	697	702	451
768	704	448	754	702	451
832	704	448	813	702	450
896	704	448	872	703	450
960	704	448	929	703	450
1023	704	448	986	704	450
0	768	448	248	762	454
64	768	448	253	762	454
128	768	448	271	763	454
192	768	448	300	763	452
256	768	448	339	763	452
320	768	448	384	763	452
384	768	448	432	763	452
448	768	448	483	763	452
512	768	448	536	764	452
576	768	448	591	764	451
640	768	448	646	765	451
704	768	448	701	765	451
768	768	448	759	766	452
832	768	448	818	766	452
896	768	448	876	766	451
960	768	448	933	766	451
1023	768	448	990	767	451
0	832	448	266	826	454
64	832	448	272	826	454
128	832	448	288	826	454
192	832	448	316	826	454
256	832	448	352	826	454
320	832	448	395	826	454
384	832	448	441	826	453
448	832	448	491	827	454
512	832	448	543	827	454
576	832	448	598	827	453
640	832	448	652	828	453
704	832	448	707	828	453
768	832	448	765	829	453
832	832	448	822	829	453
896	832	448	880	829	452
960	832	448	937	830	453
1023	832	448	994	830	452
0	896	448	285	887	457
64	896	448	290	887	457
128	896	448	305	888	455
192	896	448	331	888	455
256	896	448	366	888	455
320	896	448	407	888	455
384	896	448	452	889	455
448	896	448	500	889	455
512	896	448	552	889	455
576	896	448	606	889	455
640	896	448	658	890	454
704	896	448	713	890	454
768	896	448	771	891	454
832	896	448	827	891	454
896	896	448	885	891	454
960	896	448	942	892	454
1023	896	448	998	892	454
0	960	448	304	950	457
64	960	448	308	950	457
128	960	448	323	950	457
192	960	448	347	950	457
256	960	448	380	950	457
320	960	448	419	950	457
384	960	448	463	950	457
448	960	448	510	951	457
512	960	448	560	951	456
576	960	448	613	951	456
640	960	448	665	951	456
704	960	448	720	952	456
768	960	448	777	953	457
832	960	448	833	953	456
896	960	448	890	953	456
960	960	448	946	953	456
1023	960	448	1002	954	456
0	1023	448	323	1011	458
64	1023	448	327	1011	458
128	1023	448	340	1011	458
192	1023	448	363	1012	458
256	1023	448	394	1012	458
320	1023	448	432	1012	458
384	1023	448	474	1012	458
448	1023	448	520	1013	458
512	1023	448	570	1013	458
576	1023	448	621	1013	458
640	1023	448	673	1014	458
704	1023	448	726	1014	458
768	1023	448	784	1015	458
832	1023	448	839	1015	457
896	1023	448	895	1015	457
960	1023	448	952	1016	457
1023	1023	448	1007	1016	457
0	0	512	111	23	508
64	0	512	125	23	508
128	0	512	161	23	508
192	0	512	210	23	508
256	0	512	265	23	507
320	0	512	323	32	507
384	0	512	382	32	507
448	0	512	439	44	507
512	0	512	498	44	506
576	0	512	557	48	506
640	0	512	617	53	506
704	0	512	675	57	506
768	0	512	734	60	506
832	0	512	796	63	506
896	0	512	855	66	506
960	0	512	915	72	506
1023	0	512	973	77	506
0	64	512	113	66	508
64	64	512	125	66	508
128	64	512	162	66	508
192	64	512	211	66	508
256	64	512	266	72	507
320	64	512	323	72	507
384	64	512	382	72	507
448	64	512	440	75	507
512	64	512	498	77	506
576	64	512	557	80	506
640	64	512	617	82	506
704	64	512	675	82	506
768	64	512	734	87	506
832	64	512	796	89	506
896	64	512	855	91	506
960	64	512	915	95	506
1023	64	512	973	99	506
0	128	512	116	132	508
64	128	512	128	132	508
128	128	512	165	132	508
192	128	512	212	132	508
256	128	512	267	133	507
320	128	512	324	133	507
384	128	512	382	133	507
448	128	512	440	136	507
512	128	512	498	137	506
576	128	512	557	138	506
640	128	512	618	139	506
704	128	512	675	141	506
768	128	512	735	141	506
832	128	512	797	143	506
896	128	512	856	144	506
960	128	512	915	147	506
1023	128	512	974	148	506
0	192	512	122	196	509
64	192	512	133	196	509
128	192	512	169	197	508
192	192	512	216	197	508
256	192	512	270	198	508
320	192	512	326	198	507
384	192	512	384	198	507
448	192	512	442	199	507
512	192	512	500	200	507
576	192	512	558	201	506
640	192	512	618	201	506
704	192	512	676	202	506
768	192	512	735	203	506
832	192	512	797	204	506
896	192	512	856	206	506
960	192	512	916	206	506
1023	192	512	974	208	506
0	256	512	130	262	509
64	256	512	143	262	509
128	256	512	175	262	509
192	256	512	221	262	509
256	256	512	272	262	508
320	256	512	328	263	507
384	256	512	386	263	507
448	256	512	443	264	507
512	256	512	501	264	507
576	256	512	560	265	506
640	256	512	620	265	506
704	256	512	677	266	506
768	256	512	736	267	506
832	256	512	798	268	507
896	256	512	857	269	506
960	256	512	916	269	506
1023	256	512	974	270	506
0	320	512	143	326	510
64	320	512	152	326	510
128	320	512	182	326	510
192	320	512	226	327	509
256	320	512	277	327	509
320	320	512	332	327	508
384	320	512	389	328	508
448	320	512	446	328	508
512	320	512	503	329	507
576	320	512	562	329	507
640	320	512	621	330	507
704	320	512	679	330	507
768	320	512	738	331	507
832	320	512	799	331	507
896	320	512	858	332	507
960	320	512	917	332	507
1023	320	512	974	332	506
0	384	512	156	390	511
64	384	512	165	390	511
128	384	512	193	390	511
192	384	512	234	391	510
256	384	512	283	391	510
320	384	512	337	391	509
384	384	512	393	392	508
448	384	512	449	392	508
512	384	512	506	392	508
576	384	512	564	393	508
640	384	512	623	393	508
704	384	512	680	393	507
768	384	512	739	394	508
832	384	512	801	395	508
896	384	512	860	395	507
960	384	512	918	395	507
1023	384	512	975	396	507
0	448	512	170	452	511
64	448	512	178	452	511
128	448	512	204	452	511
192	448	512	243	452	511
256	448	512	290	452	510
320	448	512	342	453	509
384	448	512	398	453	509
448	448	512	453	453	508
512	448	512	509	453	508
576	448	512	567	454	508
640	448	512	626	454	508
704	448	512	683	454	508
768	448	512	742	455	508
832	448	512	803	455	508
896	448	512	861	456	508
960	448	512	919	456	508
1023	448	512	977	457	508
0	512	512	184	513	512
64	512	512	193	513	512
128	512	512	216	513	511
192	512	512	253	513	511
256	512	512	298	513	509
320	512	512	350	514	510
384	512	512	404	514	510
448	512	512	458	514	509
512	512	512	514	515	509
576	512	512	571	515	509
640	512	512	629	515	509
704	512	512	686	515	509
768	512	512	744	516	509
832	512	512	805	517	509
896	512	512	864	517	509
960	512	512	922	517	509
1023	512	512	979	518	509
0	576	512	201	576	512
64	576	512	207	576	512
128	576	512	229	576	512
192	576	512	264	577	511
256	576	512	308	577	510
320	576	512	357	577	510
384	576	512	410	578	510
448	576	512	463	578	510
512	576	512	519	578	510
576	576	512	576	578	510
640	576	512	633	579	510
704	576	512	689	579	509
768	576	512	748	580	510
832	576	512	808	580	510
896	576	512	867	580	510
960	576	512	924	581	509
1023	576	512	981	581	510
0	640	512	218	638	513
64	640	512	223	638	513
128	640	512	243	638	513
192	640	512	276	638	513
256	640	512	318	639	511
320	640	512	366	639	511
384	640	512	417	639	511
448	640	512	470	639	511
512	640	512	525	640	511
576	640	512	581	640	511
640	640	512	637	640	511
704	640	512	693	640	510
768	640	512	751	641	511
832	640	512	811	641	511
896	640	512	870	642	510
960	640	512	927	642	510
1023	640	512	984	643	510
0	704	512	236	700	513
64	704	512	241	700	513
128	704	512	259	700	513
192	704	512	290	700	512
256	704	512	330	700	512
320	704	512	376	700	512
384	704	512	425	701	512
448	704	512	477	701	512
512	704	512	531	702	512
576	704	512	586	702	512
640	704	512	642	702	512
704	704	512	698	703	512
768	704	512	756	703	512
832	704	512	815	703	512
896	704	512	873	704	511
960	704	512	930	704	511
1023	704	512	987	704	511
0	768	512	252	763	515
64	768	512	258	763	515
128	768	512	275	763	514
192	768	512	304	763	513
256	768	512	342	763	513
320	768	512	386	764	513
384	768	512	434	764	513
448	768	512	484	764	513
512	768	512	537	764	513
576	768	512	593	765	513
640	768	512	647	766	513
704	768	512	703	766	513
768	768	512	761	767	513
832	768	512	819	767	513
896	768	512	877	767	512
960	768	512	934	767	512
1023	768	512	991	768	512
0	832	512	271	826	515
64	832	512	275	826	515
128	832	512	292	826	515
192	832	512	319	826	515
256	832	512	355	827	515
320	832	512	398	827	515
384	832	512	444	827	515
448	832	512	493	828	515
512	832	512	545	829	515
576	832	512	600	828	514
640	832	512	653	828	514
704	832	512	708	829	514
768	832	512	766	830	514
832	832	512	823	830	514
896	832	512	881	830	514
960	832	512	938	831	514
1023	832	512	995	831	514
0	896	512	289	888	518
64	896	512	293	888	517
128	896	512	309	888	516
192	896	512	334	889	516
256	896	512	368	889	516
320	896	512	409	889	516
384	896	512	454	889	516
448	896	512	502	889	516
512	896	512	553	890	516
576	896	512	607	890	515
640	896	512	660	890	515
704	896	512	715	891	515
768	896	512	772	892	515
832	896	512	829	892	515
896	896	512	886	892	515
960	896	512	943	893	515
1023	896	512	999	893	515
0	960	512	308	950	518
64	960	512	312	950	518
128	960	512	326	950	518
192	960	512	350	951	518
256	960	512	382	951	518
320	960	512	421	951	517
384	960	512	465	951	517
448	960	512	511	951	517
512	960	512	562	952	517
576	960	512	615	952	517
640	960	512	667	952	517
704	960	512	721	953	517
768	960	512	779	954	517
832	960	512	835	954	517
896	960	512	891	954	517
960	960	512	948	955	517
1023	960	512	1004	955	517
0	1023	512	327	1012	519
64	1023	512	330	1012	519
128	1023	512	343	1012	519
192	1023	512	366	1013	519
256	1023	512	397	1013	519
320	1023	512	434	1013	519
384	1023	512	476	1014	519
448	1023	512	522	1014	519
512	1023	512	571	1014	519
576	1023	512	623	1014	518
640	1023	512	674	1015	518
704	1023	512	727	1015	518
768	1023	512	785	1016	518
832	1023	512	840	1015	518
896	1023	512	897	1016	518
960	1023	512	953	1017	518
1023	1023	512	1008	1017	518
0	0	576	125	23	571
64	0	576	136	23	571
128	0	576	170	23	571
192	0	576	218	32	571
256	0	576	270	32	570
320	0	576	327	32	570
384	0	576	385	38	569
448	0	576	442	44	569
512	0	576	500	44	569
576	0	576	559	48	569
640	0	576	619	53	569
704	0	576	677	60	568
768	0	576	735	60	569
832	0	576	798	66	568
896	0	576	857	69	569
960	0	576	917	75	568
1023	0	576	975	77	568
0	64	576	126	66	571
64	64	576	138	66	571
128	64	576	171	66	571
192	64	576	218	72	571
256	64	576	271	72	570
320	64	576	327	72	570
384	64	576	385	72	570
448	64	576	443	77	569
512	64	576	500	77	569
576	64	576	559	80	569
640	64	576	619	82	569
704	64	576	677	85	569
768	64	576	735	87	569
832	64	576	798	91	568
896	64	576	857	93	568
960	64	576	917	95	569
1023	64	576	975	99	568
0	128	576	130	133	571
64	128	576	141	133	571
128	128	576	173	133	571
192	128	576	219	133	571
256	128	576	272	133	570
320	128	576	328	133	570
384	128	576	385	134	570
448	128	576	443	136	569
512	128	576	501	137	569
576	128	576	560	138	569
640	128	576	620	139	569
704	128	576	677	141	569
768	128	576	736	143	569
832	128	576	798	144	568
896	128	576	857	145	568
960	128	576	917	147	569
1023	128	576	975	148	568
0	192	576	136	197	572
64	192	576	145	197	572
128	192	576	177	197	571
192	192	576	222	198	571
256	192	576	274	198	570
320	192	576	330	198	570
384	192	576	387	199	570
448	192	576	444	199	569
512	192	576	502	200	569
576	192	576	561	201	569
640	192	576	620	202	569
704	192	576	678	202	569
768	192	576	737	204	569
832	192	576	798	204	569
896	192	576	858	206	569
960	192	576	917	206	569
1023	192	576	975	208	568
0	256	576	143	262	572
64	256	576	152	262	572
128	256	576	182	262	572
192	256	576	226	262	571
256	256	576	277	262	570
320	256	576	332	263	570
384	256	576	389	264	570
448	256	576	446	264	570
512	256	576	504	265	569
576	256	576	562	265	569
640	256	576	621	265	569
704	256	576	679	266	569
768	256	576	738	267	569
832	256	576	800	268	569
896	256	576	859	269	569
960	256	576	917	270	569
1023	256	576	975	270	569
0	320	576	152	327	573
64	320	576	162	327	573
128	320	576	190	327	573
192	320	576	232	327	572
256	320	576	282	327	571
320	320	576	335	327	570
384	320	576	392	328	570
448	320	576	448	328	570
512	320	576	505	329	570
576	320	576	564	329	570
640	320	576	623	330	569
704	320	576	680	330	569
768	320	576	739	331	570
832	320	576	801	332	570
896	320	576	860	332	569
960	320	576	918	332	569
1023	320	576	975	334	569
0	384	576	164	390	574
64	384	576	173	390	574
128	384	576	199	390	573
192	384	576	240	390	573
256	384	576	287	391	572
320	384	576	340	391	571
384	384	576	395	392	571
448	384	576	451	392	570
512	384	576	508	393	570
576	384	576	566	393	570
640	384	576	625	393	570
704	384	576	682	394	570
768	384	576	741	395	570
832	384	576	802	395	570
896	384	576	861	395	570
960	384	576	919	396	570
1023	384	576	977	397	570
0	448	576	179	452	574
64	448	576	186	452	574
128	448	576	210	452	573
192	448	576	247	452	573
256	448	576	294	452	571
320	448	576	346	453	571
384	448	576	400	453	571
448	448	576	455	454	571
512	448	576	512	454	571
576	448	576	569	454	570
640	448	576	628	454	570
704	448	576	685	455	570
768	448	576	743	456	570
832	448	576	804	456	570
896	448	576	863	456	570
960	448	576	921	457	570
1023	448	576	979	457	570
0	512	576	193	513	574
64	512	576	199	513	574
128	512	576	222	513	574
192	512	576	258	514	573
256	512	576	302	514	572
320	512	576	353	514	572
384	512	576	406	515	572
448	512	576	460	515	572
512	512	576	516	515	571
576	512	576	573	516	571
640	512	576	631	516	571
704	512	576	687	516	571
768	512	576	746	517	571
832	512	576	806	517	571
896	512	576	865	517	571
960	512	576	923	518	571
1023	512	576	980	518	571
0	576	576	207	577	575
64	576	576	214	577	575
128	576	576	234	577	574
192	576	576	269	577	574
256	576	576	312	577	573
320	576	576	361	578	573
384	576	576	413	578	573
448	576	576	466	578	573
512	576	576	521	579	572
576	576	576	578	579	572
640	576	576	635	579	572
704	576	576	691	579	572
768	576	576	749	580	572
832	576	576	809	581	572
896	576	576	868	581	572
960	576	576	926	581	572
1023	576	576	983	582	572
0	640	576	223	639	576
64	640	576	229	639	576
128	640	576	250	639	576
192	640	576	282	639	575
256	640	576	322	639	573
320	640	576	369	639	573
384	640	576	420	640	573
448	640	576	472	640	573
512	640	576	527	640	573
576	640	576	583	641	573
640	640	576	639	641	573
704	640	576	695	641	573
768	640	576	753	642	573
832	640	576	813	642	573
896	640	576	871	642	573
960	640	576	929	643	573
1023	640	576	986	643	573
0	704	576	240	700	575
64	704	576	246	700	575
128	704	576	264	700	575
192	704	576	294	700	575
256	704	576	333	700	574
320	704	576	379	701	574
384	704	576	428	701	574
448	704	576	479	702	574
512	704	576	533	702	574
576	704	576	589	702	574
640	704	576	644	703	574
704	704	576	700	704	574
768	704	576	758	704	574
832	704	576	817	704	574
896	704	576	874	704	573
960	704	576	931	704	574
1023	704	576	989	705	574
0	768	576	258	763	577
64	768	576	263	763	577
128	768	576	280	764	576
192	768	576	308	764	575
256	768	576	346	764	575
320	768	576	389	764	575
384	768	576	437	765	575
448	768	576	487	765	575
512	768	576	539	765	575
576	768	576	595	766	575
640	768	576	649	767	575
704	768	576	705	767	575
768	768	576	763	767	575
832	768	576	820	767	575
896	768	576	878	767	574
960	768	576	936	768	575
1023	768	576	992	769	575
0	832	576	275	827	578
64	832	576	280	827	578
128	832	576	296	827	577
192	832	576	323	827	577
256	832	576	358	828	577
320	832	576	401	828	577
384	832	576	447	828	577
448	832	576	495	829	576
512	832	576	547	829	576
576	832	576	602	829	576
640	832	576	654	829	576
704	832	576	710	830	576
768	832	576	768	830	576
832	832	576	825	831	576
896	832	576	883	831	576
960	832	576	940	831	575
1023	832	576	996	832	576
0	896	576	293	889	579
64	896	576	298	889	578
128	896	576	313	889	578
192	896	576	337	889	578
256	896	576	372	889	578
320	896	576	412	889	578
384	896	576	457	890	578
448	896	576	504	890	577
512	896	576	555	890	577
576	896	576	609	891	577
640	896	576	662	891	577
704	896	576	716	892	577
768	896	576	774	893	577
832	896	576	830	893	577
896	896	576	887	892	577
960	896	576	944	893	577
1023	896	576	1001	895	577
0	960	576	312	951	579
64	960	576	316	951	579
128	960	576	329	951	579
192	960	576	353	951	579
256	960	576	385	951	579
320	960	576	424	951	579
384	960	576	467	951	579
448	960	576	514	952	579
512	960	576	564	952	579
576	960	576	617	953	578
640	960	576	668	953	579
704	960	576	723	954	578
768	960	576	780	955	579
832	960	576	836	955	578
896	960	576	892	955	578
960	960	576	949	956	578
1023	960	576	1005	956	578
0	1023	576	330	1013	581
64	1023	576	334	1013	581
128	1023	576	346	1013	581
192	1023	576	369	1013	581
256	1023	576	400	1014	581
320	1023	576	437	1014	580
384	1023	576	479	1015	581
448	1023	576	524	1015	580
512	1023	576	573	1015	580
576	1023	576	624	1015	580
640	1023	576	676	1015	580
704	1023	576	729	1016	580
768	1023	576	787	1017	580
832	1023	576	841	1016	579
896	1023	576	898	1017	579
960	1023	576	954	1017	579
1023	1023	576	1009	1018	579
0	0	640	138	32	633
64	0	640	148	32	633
128	0	640	179	32	633
192	0	640	224	32	632
256	0	640	275	32	632
320	0	640	331	32	631
384	0	640	388	44	631
448	0	640	445	44	631
512	0	640	503	44	631
576	0	640	561	53	631
640	0	640	621	53	631
704	0	640	678	60	630
768	0	640	738	60	631
832	0	640	799	66	631
896	0	640	859	72	630
960	0	640	918	77	630
1023	0	640	976	80	630
0	64	640	139	72	633
64	64	640	150	72	633
128	64	640	180	72	633
192	64	640	225	72	632
256	64	640	276	72	632
320	64	640	331	72	631
384	64	640	388	77	631
448	64	640	445	77	631
512	64	640	503	77	631
576	64	640	561	80	631
640	64	640	621	82	631
704	64	640	679	85	631
768	64	640	738	89	631
832	64	640	799	91	631
896	64	640	859	93	630
960	64	640	918	97	630
1023	64	640	976	101	630
0	128	640	143	133	633
64	128	640	152	133	633
128	128	640	182	133	633
192	128	640	226	133	633
256	128	640	277	133	632
320	128	640	332	134	631
384	128	640	389	136	631
448	128	640	446	137	631
512	128	640	503	138	631
576	128	640	562	138	631
640	128	640	621	139	631
704	128	640	679	141	631
768	128	640	738	143	631
832	128	640	800	144	631
896	128	640	859	145	630
960	128	640	918	148	630
1023	128	640	976	150	630
0	192	640	148	198	634
64	192	640	157	198	634
128	192	640	186	198	633
192	192	640	229	198	633
256	192	640	279	198	632
320	192	640	334	198	631
384	192	640	390	199	631
448	192	640	447	199	631
512	192	640	504	201	631
576	192	640	563	201	631
640	192	640	622	202	631
704	192	640	680	203	631
768	192	640	739	204	631
832	192	640	800	206	631
896	192	640	860	206	631
960	192	640	918	207	630
1023	192	640	976	209	631
0	256	640	155	262	634
64	256	640	163	262	634
128	256	640	191	262	634
192	256	640	233	262	633
256	256	640	282	263	633
320	256	640	336	263	632
384	256	640	393	264	632
448	256	640	449	265	631
512	256	640	506	265	631
576	256	640	564	266	631
640	256	640	624	266	631
704	256	640	681	267	631
768	256	640	740	267	631
832	256	640	801	269	631
896	256	640	860	270	631
960	256	640	919	270	630
1023	256	640	976	271	631
0	320	640	163	327	635
64	320	640	171	327	635
128	320	640	198	327	635
192	320	640	238	327	634
256	320	640	286	327	633
320	320	640	340	328	633
384	320	640	395	328	633
448	320	640	451	329	632
512	320	640	508	330	632
576	320	640	567	330	632
640	320	640	625	330	632
704	320	640	682	331	632
768	320	640	741	331	632
832	320	640	802	332	632
896	320	640	861	333	631
960	320	640	919	333	631
1023	320	640	977	334	631
0	384	640	175	391	636
64	384	640	182	391	636
128	384	640	207	391	636
192	384	640	246	391	635
256	384	640	292	392	633
320	384	640	344	392	633
384	384	640	399	392	633
448	384	640	454	393	633
512	384	640	511	393	632
576	384	640	569	394	632
640	384	640	627	394	632
704	384	640	684	395	632
768	384	640	743	395	632
832	384	640	804	396	632
896	384	640	862	396	631
960	384	640	921	397	631
1023	384	640	978	397	632
0	448	640	187	452	636
64	448	640	194	452	636
128	448	640	218	452	636
192	448	640	253	453	635
256	448	640	299	453	633
320	448	640	350	454	633
384	448	640	404	454	633
448	448	640	459	454	633
512	448	640	514	454	633
576	448	640	572	455	633
640	448	640	630	455	633
704	448	640	686	455	632
768	448	640	745	456	632
832	448	640	805	457	632
896	448	640	864	457	632
960	448	640	922	457	632
1023	448	640	980	458	632
0	512	640	201	514	636
64	512	640	207	514	636
128	512	640	229	514	636
192	512	640	264	514	635
256	512	640	307	514	634
320	512	640	357	515	634
384	512	640	410	515	634
448	512	640	464	516	634
512	512	640	519	516	633
576	512	640	576	516	633
640	512	640	633	516	633
704	512	640	689	517	633
768	512	640	747	517	633
832	512	640	808	518	633
896	512	640	867	518	633
960	512	640	925	518	633
1023	512	640	982	519	633
0	576	640	215	578	637
64	576	640	221	578	637
128	576	640	241	578	637
192	576	640	274	578	636
256	576	640	317	578	635
320	576	640	364	578	634
384	576	640	416	579	634
448	576	640	469	579	634
512	576	640	524	579	634
576	576	640	580	580	634
640	576	640	637	580	634
704	576	640	693	580	634
768	576	640	751	581	634
832	576	640	811	581	634
896	576	640	870	582	633
960	576	640	927	582	633
1023	576	640	985	583	633
0	640	640	230	639	638
64	640	640	236	640	638
128	640	640	255	640	638
192	640	640	286	640	637
256	640	640	327	640	635
320	640	640	373	640	635
384	640	640	423	640	635
448	640	640	475	641	635
512	640	640	529	641	635
576	640	640	585	641	635
640	640	640	641	642	635
704	640	640	697	642	634
768	640	640	755	643	634
832	640	640	814	643	634
896	640	640	873	643	634
960	640	640	930	643	634
1023	640	640	987	644	634
0	704	640	247	700	637
64	704	640	252	701	637
128	704	640	270	701	636
192	704	640	299	701	636
256	704	640	337	702	636
320	704	640	382	702	636
384	704	640	431	702	636
448	704	640	482	703	635
512	704	640	535	703	635
576	704	640	591	703	635
640	704	640	646	703	635
704	704	640	702	704	635
768	704	640	760	705	635
832	704	640	818	705	635
896	704	640	876	705	635
960	704	640	933	705	635
1023	704	640	990	706	635
0	768	640	263	764	639
64	768	640	268	764	638
128	768	640	285	765	638
192	768	640	312	765	637
256	768	640	349	765	637
320	768	640	393	765	637
384	768	640	440	766	636
448	768	640	489	766	636
512	768	640	542	766	636
576	768	640	597	766	636
640	768	640	651	767	636
704	768	640	706	767	636
768	768	640	764	767	636
832	768	640	822	768	636
896	768	640	880	769	636
960	768	640	937	769	636
1023	768	640	993	769	636
0	832	640	281	828	639
64	832	640	285	828	639
128	832	640	300	828	638
192	832	640	327	828	638
256	832	640	362	828	638
320	832	640	404	828	637
384	832	640	449	829	637
448	832	640	498	829	637
512	832	640	549	829	637
576	832	640	604	829	637
640	832	640	657	830	637
704	832	640	712	831	637
768	832	640	770	831	637
832	832	640	827	832	637
896	832	640	885	832	637
960	832	640	941	832	637
1023	832	640	997	833	637
0	896	640	298	890	639
64	896	640	302	890	639
128	896	640	317	890	639
192	896	640	342	890	639
256	896	640	375	890	639
320	896	640	415	891	639
384	896	640	460	891	639
448	896	640	507	891	639
512	896	640	558	892	638
576	896	640	611	892	639
640	896	640	664	893	638
704	896	640	718	893	638
768	896	640	776	893	638
832	896	640	832	893	638
896	896	640	889	893	638
960	896	640	946	894	638
1023	896	640	1002	895	638
0	960	640	317	952	640
64	960	640	320	952	640
128	960	640	334	952	640
192	960	640	357	952	640
256	960	640	389	952	640
320	960	640	427	953	640
384	960	640	470	953	640
448	960	640	517	953	640
512	960	640	567	954	640
576	960	640	619	954	639
640	960	640	670	954	639
704	960	640	724	955	639
768	960	640	782	955	639
832	960	640	837	955	639
896	960	640	895	956	639
960	960	640	950	956	639
1023	960	640	1006	956	639
0	1023	640	334	1014	642
64	1023	640	337	1014	642
128	1023	640	350	1014	642
192	1023	640	373	1014	642
256	1023	640	403	1014	641
320	1023	640	440	1015	641
384	1023	640	481	1015	641
448	1023	640	527	1016	641
512	1023	640	576	1016	641
576	1023	640	627	1016	641
640	1023	640	678	1016	640
704	1023	640	731	1017	641
768	1023	640	789	1018	641
832	1023	640	843	1018	640
896	1023	640	899	1018	640
960	1023	640	955	1019	640
1023	1023	640	1011	1019	641
0	0	704	152	32	694
64	0	704	161	32	694
128	0	704	189	32	694
192	0	704	232	32	694
256	0	704	282	32	693
320	0	704	335	44	693
384	0	704	392	44	693
448	0	704	448	44	693
512	0	704	505	53	693
576	0	704	564	53	693
640	0	704	623	53	692
704	0	704	680	60	692
768	0	704	739	63	693
832	0	704	801	66	692
896	0	704	860	72	692
960	0	704	919	77	692
1023	0	704	977	82	692
0	64	704	152	72	694
64	64	704	162	72	694
128	64	704	190	72	694
192	64	704	232	72	694
256	64	704	282	72	693
320	64	704	335	77	693
384	64	704	392	77	693
448	64	704	448	77	693
512	64	704	505	80	693
576	64	704	564	82	693
640	64	704	623	87	692
704	64	704	680	87	692
768	64	704	740	89	693
832	64	704	801	91	692
896	64	704	860	95	692
960	64	704	919	99	692
1023	64	704	977	101	692
0	128	704	155	133	694
64	128	704	165	133	694
128	128	704	193	133	694
192	128	704	233	133	694
256	128	704	283	133	694
320	128	704	336	136	693
384	128	704	393	136	693
448	128	704	449	138	693
512	128	704	506	138	693
576	128	704	564	141	693
640	128	704	623	141	692
704	128	704	681	142	692
768	128	704	740	143	693
832	128	704	801	145	692
896	128	704	860	147	692
960	128	704	919	148	692
1023	128	704	977	150	692
0	192	704	161	198	695
64	192	704	169	198	694
128	192	704	195	198	694
192	192	704	236	198	694
256	192	704	285	199	694
320	192	704	338	199	693
384	192	704	394	200	693
448	192	704	450	201	693
512	192	704	507	201	693
576	192	704	565	202	693
640	192	704	624	202	692
704	192	704	681	203	693
768	192	704	740	204	693
832	192	704	802	206	693
896	192	704	861	206	692
960	192	704	919	208	692
1023	192	704	977	209	692
0	256	704	167	262	695
64	256	704	175	262	695
128	256	704	201	263	695
192	256	704	240	263	695
256	256	704	288	263	694
320	256	704	340	264	693
384	256	704	396	265	693
448	256	704	452	265	693
512	256	704	509	266	693
576	256	704	567	266	693
640	256	704	625	266	693
704	256	704	682	267	693
768	256	704	741	268	693
832	256	704	802	269	693
896	256	704	861	270	692
960	256	704	920	271	692
1023	256	704	977	271	693
0	320	704	175	327	696
64	320	704	182	327	696
128	320	704	207	327	696
192	320	704	245	327	696
256	320	704	292	328	695
320	320	704	344	328	695
384	320	704	399	328	695
448	320	704	454	329	694
512	320	704	511	330	694
576	320	704	569	330	694
640	320	704	627	331	693
704	320	704	684	331	693
768	320	704	743	332	693
832	320	704	803	332	693
896	320	704	862	333	693
960	320	704	921	333	693
1023	320	704	978	334	693
0	384	704	184	391	699
64	384	704	191	391	699
128	384	704	215	392	698
192	384	704	252	392	698
256	384	704	297	392	695
320	384	704	348	392	695
384	384	704	402	393	695
448	384	704	457	393	695
512	384	704	513	393	694
576	384	704	571	394	694
640	384	704	629	395	694
704	384	704	686	395	693
768	384	704	744	395	693
832	384	704	805	395	693
896	384	704	864	396	693
960	384	704	921	397	693
1023	384	704	979	397	693
0	448	704	196	453	698
64	448	704	202	453	698
128	448	704	225	453	698
192	448	704	260	453	698
256	448	704	304	453	695
320	448	704	354	454	695
384	448	704	407	454	695
448	448	704	461	454	694
512	448	704	517	454	694
576	448	704	574	455	694
640	448	704	631	455	694
704	448	704	688	456	694
768	448	704	746	456	694
832	448	704	807	457	694
896	448	704	866	457	694
960	448	704	923	457	693
1023	448	704	981	458	694
0	512	704	209	514	698
64	512	704	215	514	698
128	512	704	236	514	698
192	512	704	269	514	698
256	512	704	312	515	695
320	512	704	360	515	695
384	512	704	413	515	695
448	512	704	466	516	695
512	512	704	521	516	695
576	512	704	578	516	694
640	512	704	635	517	695
704	512	704	691	517	695
768	512	704	750	518	695
832	512	704	810	518	695
896	512	704	868	518	694
960	512	704	926	519	694
1023	512	704	983	520	695
0	576	704	223	578	699
64	576	704	228	578	699
128	576	704	248	578	699
192	576	704	280	578	699
256	576	704	321	578	696
320	576	704	368	579	696
384	576	704	419	579	696
448	576	704	472	579	696
512	576	704	526	580	696
576	576	704	583	580	695
640	576	704	639	581	695
704	576	704	695	581	695
768	576	704	753	582	696
832	576	704	813	582	695
896	576	704	871	582	695
960	576	704	928	582	695
1023	576	704	986	583	695
0	640	704	238	640	700
64	640	704	243	640	700
128	640	704	261	640	700
192	640	704	291	640	698
256	640	704	331	640	697
320	640	704	377	641	697
384	640	704	427	641	697
448	640	704	478	641	697
512	640	704	532	642	696
576	640	704	588	642	696
640	640	704	643	642	696
704	640	704	699	642	696
768	640	704	757	643	696
832	640	704	816	643	696
896	640	704	874	643	696
960	640	704	931	644	695
1023	640	704	988	644	696
0	704	704	253	701	698
64	704	704	258	701	698
128	704	704	275	701	698
192	704	704	304	702	698
256	704	704	341	702	698
320	704	704	386	702	697
384	704	704	434	702	697
448	704	704	485	703	697
512	704	704	537	703	697
576	704	704	593	703	697
640	704	704	647	704	697
704	704	704	703	704	697
768	704	704	761	705	697
832	704	704	819	705	697
896	704	704	877	705	696
960	704	704	935	706	697
1023	704	704	991	706	697
0	768	704	269	765	701
64	768	704	274	765	701
128	768	704	290	765	701
192	768	704	317	765	699
256	768	704	353	766	699
320	768	704	396	766	699
384	768	704	443	766	698
448	768	704	492	766	698
512	768	704	544	767	698
576	768	704	599	767	698
640	768	704	653	767	698
704	768	704	708	768	698
768	768	704	766	768	698
832	768	704	824	769	698
896	768	704	881	769	697
960	768	704	938	769	697
1023	768	704	995	770	698
0	832	704	286	828	700
64	832	704	290	829	700
128	832	704	306	829	700
192	832	704	331	829	700
256	832	704	366	829	700
320	832	704	407	829	700
384	832	704	453	830	700
448	832	704	501	830	699
512	832	704	552	830	699
576	832	704	607	831	699
640	832	704	659	831	699
704	832	704	714	832	699
768	832	704	771	831	699
832	832	704	828	832	698
896	832	704	886	832	698
960	832	704	942	832	698
1023	832	704	998	833	699
0	896	704	303	890	701
64	896	704	307	890	701
128	896	704	321	890	701
192	896	704	346	891	700
256	896	704	379	891	700
320	896	704	419	891	701
384	896	704	462	891	700
448	896	704	510	891	700
512	896	704	560	892	700
576	896	704	613	891	700
640	896	704	665	892	699
704	896	704	719	893	700
768	896	704	777	893	699
832	896	704	833	894	699
896	896	704	890	894	699
960	896	704	946	894	699
1023	896	704	1002	895	699
0	960	704	320	952	702
64	960	704	324	952	702
128	960	704	338	952	702
192	960	704	361	952	702
256	960	704	393	952	702
320	960	704	430	953	701
384	960	704	473	953	701
448	960	704	519	954	701
512	960	704	569	954	701
576	960	704	621	954	701
640	960	704	672	955	701
704	960	704	726	955	701
768	960	704	784	956	701
832	960	704	839	956	701
896	960	704	895	955	701
960	960	704	951	956	700
1023	960	704	1007	957	701
0	1023	704	338	1015	703
64	1023	704	342	1015	703
128	1023	704	355	1015	703
192	1023	704	376	1015	703
256	1023	704	407	1015	703
320	1023	704	443	1015	703
384	1023	704	484	1016	703
448	1023	704	529	1016	703
512	1023	704	578	1016	703
576	1023	704	629	1017	703
640	1023	704	679	1017	702
704	1023	704	733	1017	702
768	1023	704	790	1018	702
832	1023	704	845	1018	702
896	1023	704	901	1019	702
960	1023	704	957	1019	702
1023	1023	704	1012	1019	702
0	0	768	165	32	759
64	0	768	173	32	758
128	0	768	199	32	758
192	0	768	240	32	757
256	0	768	287	44	756
320	0	768	340	44	755
384	0	768	395	44	755
448	0	768	451	48	755
512	0	768	508	53	755
576	0	768	566	53	755
640	0	768	625	60	755
704	0	768	682	63	755
768	0	768	741	66	754
832	0	768	802	66	755
896	0	768	861	75	754
960	0	768	920	80	754
1023	0	768	978	82	754
0	64	768	165	72	759
64	64	768	174	72	758
128	64	768	200	72	758
192	64	768	240	77	757
256	64	768	287	77	756
320	64	768	340	77	755
384	64	768	395	77	755
448	64	768	451	77	755
512	64	768	508	82	755
576	64	768	566	82	755
640	64	768	625	87	755
704	64	768	683	87	755
768	64	768	741	91	754
832	64	768	802	95	755
896	64	768	861	95	754
960	64	768	920	99	754
1023	64	768	978	103	754
0	128	768	168	134	759
64	128	768	176	134	758
128	128	768	202	134	758
192	128	768	241	136	757
256	128	768	288	136	756
320	128	768	340	136	755
384	128	768	396	136	755
448	128	768	452	138	755
512	128	768	509	139	755
576	128	768	567	141	755
640	128	768	626	141	755
704	128	768	683	143	755
768	128	768	741	144	755
832	128	768	803	145	755
896	128	768	862	148	754
960	128	768	920	150	754
1023	128	768	978	150	754
0	192	768	171	198	759
64	192	768	180	198	759
128	192	768	205	198	758
192	192	768	243	198	757
256	192	768	290	199	756
320	192	768	342	199	755
384	192	768	398	200	755
448	192	768	453	201	755
512	192	768	510	201	755
576	192	768	568	202	755
640	192	768	626	203	755
704	192	768	684	204	755
768	192	768	742	205	755
832	192	768	803	206	755
896	192	768	862	207	754
960	192	768	921	209	754
1023	192	768	978	209	754
0	256	768	179	263	759
64	256	768	186	263	759
128	256	768	209	263	758
192	256	768	247	263	758
256	256	768	293	263	756
320	256	768	345	264	756
384	256	768	400	265	755
448	256	768	455	265	755
512	256	768	511	265	755
576	256	768	569	266	755
640	256	768	627	267	755
704	256	768	685	267	755
768	256	768	743	269	755
832	256	768	804	269	755
896	256	768	863	270	754
960	256	768	921	271	754
1023	256	768	979	271	755
0	320	768	186	327	759
64	320	768	193	327	759
128	320	768	215	327	759
192	320	768	252	327	758
256	320	768	297	328	756
320	320	768	348	328	756
384	320	768	402	329	756
448	320	768	457	329	756
512	320	768	513	330	755
576	320	768	571	330	755
640	320	768	629	331	755
704	320	768	686	331	755
768	320	768	744	332	755
832	320	768	805	333	755
896	320	768	864	333	755
960	320	768	922	334	755
1023	320	768	980	334	755
0	384	768	194	391	760
64	384	768	201	391	760
128	384	768	223	391	759
192	384	768	258	392	758
256	384	768	302	392	757
320	384	768	353	393	756
384	384	768	406	393	756
448	384	768	460	393	756
512	384	768	516	393	756
576	384	768	573	394	756
640	384	768	631	395	755
704	384	768	688	395	756
768	384	768	746	395	755
832	384	768	806	396	755
896	384	768	866	397	755
960	384	768	924	398	755
1023	384	768	981	398	755
0	448	768	206	453	760
64	448	768	212	453	760
128	448	768	232	453	759
192	448	768	266	453	759
256	448	768	309	454	757
320	448	768	358	454	757
384	448	768	411	454	756
448	448	768	464	454	756
512	448	768	520	455	756
576	448	768	577	455	756
640	448	768	633	456	756
704	448	768	690	456	756
768	448	768	748	457	756
832	448	768	809	457	756
896	448	768	867	457	756
960	448	768	925	458	756
1023	448	768	983	458	756
0	512	768	218	514	760
64	512	768	223	514	760
128	512	768	243	514	760
192	512	768	275	515	759
256	512	768	317	515	757
320	512	768	365	515	757
384	512	768	416	516	757
448	512	768	469	516	757
512	512	768	524	516	757
576	512	768	581	516	756
640	512	768	637	517	756
704	512	768	693	517	756
768	512	768	751	518	756
832	512	768	811	518	757
896	512	768	870	518	756
960	512	768	928	519	757
1023	512	768	985	520	756
0	576	768	230	578	761
64	576	768	236	578	761
128	576	768	255	578	760
192	576	768	285	578	759
256	576	768	326	579	758
320	576	768	373	579	758
384	576	768	423	580	758
448	576	768	475	580	758
512	576	768	529	580	757
576	576	768	585	580	757
640	576	768	641	581	757
704	576	768	697	581	757
768	576	768	755	582	757
832	576	768	814	582	757
896	576	768	873	582	757
960	576	768	930	583	757
1023	576	768	987	583	757
0	640	768	245	640	761
64	640	768	250	640	761
128	640	768	267	640	760
192	640	768	297	640	759
256	640	768	335	640	759
320	640	768	381	640	758
384	640	768	430	641	758
448	640	768	481	641	758
512	640	768	534	641	758
576	640	768	590	642	758
640	640	768	645	642	758
704	640	768	701	643	758
768	640	768	759	643	758
832	640	768	818	644	758
896	640	768	876	644	758
960	640	768	933	645	758
1023	640	768	990	645	758
0	704	768	260	702	761
64	704	768	265	702	761
128	704	768	281	702	760
192	704	768	309	702	760
256	704	768	346	702	760
320	704	768	390	703	760
384	704	768	438	703	759
448	704	768	488	703	759
512	704	768	540	704	759
576	704	768	596	704	759
640	704	768	650	704	759
704	704	768	705	705	758
768	704	768	763	705	759
832	704	768	821	705	758
896	704	768	879	706	758
960	704	768	937	707	759
1023	704	768	993	707	758
0	768	768	275	765	762
64	768	768	280	765	762
128	768	768	295	765	761
192	768	768	322	766	760
256	768	768	358	766	760
320	768	768	400	766	760
384	768	768	446	767	760
448	768	768	495	767	760
512	768	768	547	767	760
576	768	768	602	767	760
640	768	768	655	768	759
704	768	768	710	768	759
768	768	768	768	768	759
832	768	768	825	769	759
896	768	768	883	769	759
960	768	768	940	770	759
1023	768	768	996	770	759
0	832	768	292	829	762
64	832	768	296	829	761
128	832	768	311	829	761
192	832	768	336	829	761
256	832	768	370	829	761
320	832	768	411	829	761
384	832	768	455	830	761
448	832	768	503	830	761
512	832	768	554	830	761
576	832	768	609	831	761
640	832	768	661	831	761
704	832	768	716	831	761
768	832	768	773	832	761
832	832	768	830	832	761
896	832	768	888	833	760
960	832	768	944	833	760
1023	832	768	1000	834	761
0	896	768	308	891	763
64	896	768	313	891	763
128	896	768	327	891	763
192	896	768	350	891	763
256	896	768	383	892	763
320	896	768	422	892	763
384	896	768	465	892	762
448	896	768	512	892	762
512	896	768	563	893	762
576	896	768	616	893	762
640	896	768	667	893	762
704	896	768	722	894	762
768	896	768	780	894	762
832	896	768	835	894	762
896	896	768	892	894	761
960	896	768	948	895	761
1023	896	768	1005	896	761
0	960	768	326	953	764
64	960	768	329	953	764
128	960	768	342	953	764
192	960	768	366	953	764
256	960	768	397	953	764
320	960	768	434	954	764
384	960	768	476	954	763
448	960	768	522	954	763
512	960	768	572	955	763
576	960	768	623	955	763
640	960	768	674	955	763
704	960	768	728	955	763
768	960	768	785	956	763
832	960	768	841	956	763
896	960	768	897	957	763
960	960	768	953	957	763
1023	960	768	1009	957	762
0	1023	768	343	1015	765
64	1023	768	346	1015	765
128	1023	768	359	1015	765
192	1023	768	381	1015	765
256	1023	768	410	1015	764
320	1023	768	446	1015	764
384	1023	768	486	1016	764
448	1023	768	532	1016	764
512	1023	768	580	1016	764
576	1023	768	630	1017	764
640	1023	768	682	1017	764
704	1023	768	735	1018	764
768	1023	768	791	1018	764
832	1023	768	846	1018	764
896	1023	768	902	1019	763
960	1023	768	958	1020	763
1023	1023	768	1013	1020	763
0	0	832	179	38	820
64	0	832	186	38	820
128	0	832	210	44	820
192	0	832	247	44	820
256	0	832	293	44	820
320	0	832	346	44	820
384	0	832	400	48	820
448	0	832	455	53	819
512	0	832	512	53	819
576	0	832	570	53	819
640	0	832	628	60	819
704	0	832	685	63	818
768	0	832	743	66	818
832	0	832	805	72	818
896	0	832	864	75	818
960	0	832	922	80	818
1023	0	832	980	85	818
0	64	832	179	77	821
64	64	832	187	77	821
128	64	832	210	77	820
192	64	832	248	77	820
256	64	832	294	77	820
320	64	832	346	77	820
384	64	832	400	77	820
448	64	832	456	82	819
512	64	832	512	82	819
576	64	832	570	85	819
640	64	832	628	87	819
704	64	832	685	87	818
768	64	832	743	91	818
832	64	832	805	95	819
896	64	832	864	95	818
960	64	832	922	99	818
1023	64	832	980	103	818
0	128	832	180	136	821
64	128	832	188	136	821
128	128	832	212	136	821
192	128	832	249	136	820
256	128	832	295	136	820
320	128	832	346	138	820
384	128	832	401	138	819
448	128	832	456	138	819
512	128	832	512	139	819
576	128	832	570	141	819
640	128	832	628	141	819
704	128	832	685	143	818
768	128	832	744	145	818
832	128	832	805	145	819
896	128	832	864	148	818
960	128	832	923	150	818
1023	128	832	980	152	818
0	192	832	184	198	822
64	192	832	191	198	822
128	192	832	215	199	821
192	192	832	252	199	821
256	192	832	297	199	820
320	192	832	348	199	820
384	192	832	402	201	820
448	192	832	457	202	820
512	192	832	513	202	819
576	192	832	571	202	819
640	192	832	629	204	819
704	192	832	686	204	819
768	192	832	744	206	818
832	192	832	805	207	819
896	192	832	865	208	819
960	192	832	923	209	818
1023	192	832	980	209	818
0	256	832	189	263	822
64	256	832	196	263	822
128	256	832	219	263	822
192	256	832	255	264	822
256	256	832	299	264	820
320	256	832	350	265	820
384	256	832	405	265	820
448	256	832	459	266	820
512	256	832	515	266	819
576	256	832	572	266	819
640	256	832	630	267	819
704	256	832	687	268	819
768	256	832	745	269	819
832	256	832	806	270	819
896	256	832	865	271	819
960	256	832	923	271	818
1023	256	832	980	272	819
0	320	832	197	328	823
64	320	832	203	328	823
128	320	832	225	328	822
192	320	832	259	328	822
256	320	832	303	329	821
320	320	832	354	329	821
384	320	832	407	329	820
448	320	832	461	330	820
512	320	832	517	330	820
576	320	832	574	330	819
640	320	832	631	331	819
704	320	832	688	331	819
768	320	832	747	333	820
832	320	832	808	333	819
896	320	832	867	334	819
960	320	832	924	334	819
1023	320	832	981	335	819
0	384	832	206	392	826
64	384	832	212	392	826
128	384	832	232	392	825
192	384	832	265	393	825
256	384	832	308	393	821
320	384	832	358	393	821
384	384	832	411	393	821
448	384	832	464	394	821
512	384	832	519	394	820
576	384	832	577	394	820
640	384	832	633	395	820
704	384	832	690	396	819
768	384	832	749	397	820
832	384	832	809	397	820
896	384	832	868	398	819
960	384	832	925	398	819
1023	384	832	983	398	819
0	448	832	215	454	825
64	448	832	221	454	825
128	448	832	241	454	825
192	448	832	274	454	824
256	448	832	316	454	821
320	448	832	363	454	821
384	448	832	415	455	820
448	448	832	468	455	820
512	448	832	523	455	820
576	448	832	580	456	820
640	448	832	636	456	820
704	448	832	693	457	820
768	448	832	751	457	820
832	448	832	811	457	820
896	448	832	870	458	820
960	448	832	927	458	819
1023	448	832	985	459	820
0	512	832	227	515	824
64	512	832	232	515	824
128	512	832	251	515	824
192	512	832	282	515	824
256	512	832	323	515	821
320	512	832	370	516	821
384	512	832	420	516	821
448	512	832	473	516	821
512	512	832	527	517	821
576	512	832	584	517	820
640	512	832	639	517	820
704	512	832	696	518	820
768	512	832	754	518	820
832	512	832	813	519	820
896	512	832	872	519	820
960	512	832	929	519	820
1023	512	832	987	520	820
0	576	832	240	578	825
64	576	832	245	578	825
128	576	832	262	578	825
192	576	832	292	579	822
256	576	832	332	579	822
320	576	832	377	580	822
384	576	832	427	580	821
448	576	832	478	580	821
512	576	832	532	581	821
576	576	832	588	581	821
640	576	832	643	582	821
704	576	832	699	581	821
768	576	832	757	582	821
832	576	832	816	582	821
896	576	832	874	583	820
960	576	832	932	583	821
1023	576	832	989	584	821
0	640	832	253	640	826
64	640	832	258	640	826
128	640	832	274	641	826
192	640	832	303	641	822
256	640	832	341	641	822
320	640	832	386	641	822
384	640	832	434	642	822
448	640	832	485	642	822
512	640	832	538	642	822
576	640	832	593	642	822
640	640	832	647	643	822
704	640	832	703	643	821
768	640	832	762	644	822
832	640	832	820	644	822
896	640	832	878	645	821
960	640	832	935	645	821
1023	640	832	992	645	821
0	704	832	267	702	823
64	704	832	271	702	823
128	704	832	287	702	823
192	704	832	315	702	823
256	704	832	351	703	823
320	704	832	395	703	823
384	704	832	442	703	823
448	704	832	491	704	822
512	704	832	543	704	822
576	704	832	598	704	822
640	704	832	652	705	822
704	704	832	708	705	822
768	704	832	766	706	823
832	704	832	824	707	822
896	704	832	881	707	822
960	704	832	938	707	822
1023	704	832	994	707	822
0	768	832	282	765	826
64	768	832	286	766	826
128	768	832	301	766	823
192	768	832	327	766	823
256	768	832	363	766	823
320	768	832	405	767	823
384	768	832	450	767	823
448	768	832	498	767	823
512	768	832	550	768	823
576	768	832	605	768	823
640	768	832	657	768	823
704	768	832	713	769	823
768	768	832	770	769	823
832	768	832	827	770	823
896	768	832	885	770	823
960	768	832	942	770	823
1023	768	832	998	771	823
0	832	832	298	830	825
64	832	832	302	830	825
128	832	832	317	830	825
192	832	832	341	830	825
256	832	832	376	830	825
320	832	832	415	830	825
384	832	832	460	831	825
448	832	832	507	831	825
512	832	832	558	831	825
576	832	832	611	832	824
640	832	832	663	832	824
704	832	832	718	832	824
768	832	832	775	832	824
832	832	832	832	833	824
896	832	832	889	833	824
960	832	832	946	834	824
1023	832	832	1002	834	824
0	896	832	315	892	826
64	896	832	318	892	826
128	896	832	332	892	826
192	896	832	355	892	826
256	896	832	388	892	826
320	896	832	426	892	826
384	896	832	469	892	825
448	896	832	515	893	825
512	896	832	566	893	825
576	896	832	618	893	825
640	896	832	670	894	825
704	896	832	724	894	825
768	896	832	782	895	825
832	896	832	838	896	825
896	896	832	894	895	825
960	896	832	950	896	825
1023	896	832	1006	896	825
0	960	832	331	953	827
64	960	832	334	953	827
128	960	832	348	954	827
192	960	832	370	954	827
256	960	832	401	954	827
320	960	832	438	954	827
384	960	832	479	954	827
448	960	832	525	955	826
512	960	832	574	955	826
576	960	832	626	956	826
640	960	832	677	956	826
704	960	832	730	956	826
768	960	832	788	957	826
832	960	832	843	957	826
896	960	832	899	957	826
960	960	832	955	958	826
1023	960	832	1011	959	826
0	1023	832	348	1016	828
64	1023	832	352	1016	828
128	1023	832	364	1016	828
192	1023	832	385	1017	828
256	1023	832	415	1017	828
320	1023	832	450	1017	828
384	1023	832	490	1017	828
448	1023	832	535	1017	828
512	1023	832	583	1017	827
576	1023	832	633	1018	828
640	1023	832	684	1018	827
704	1023	832	737	1019	827
768	1023	832	794	1019	827
832	1023	832	849	1019	827
896	1023	832	905	1020	826
960	1023	832	959	1020	827
1023	1023	832	1015	1021	826
0	0	896	191	44	883
64	0	896	198	44	883
128	0	896	221	44	883
192	0	896	256	44	882
256	0	896	300	44	882
320	0	896	351	48	881
384	0	896	405	48	881
448	0	896	460	53	881
512	0	896	515	53	881
576	0	896	573	60	881
640	0	896	631	63	881
704	0	896	688	66	880
768	0	896	746	69	881
832	0	896	807	72	880
896	0	896	866	77	880
960	0	896	924	82	880
1023	0	896	982	87	880
0	64	896	193	77	884
64	64	896	199	77	883
128	64	896	221	77	883
192	64	896	257	77	883
256	64	896	301	77	882
320	64	896	351	77	881
384	64	896	405	82	881
448	64	896	460	82	881
512	64	896	516	82	881
576	64	896	573	87	881
640	64	896	631	89	881
704	64	896	688	91	880
768	64	896	746	93	881
832	64	896	807	95	880
896	64	896	866	99	880
960	64	896	924	103	880
1023	64	896	982	103	880
0	128	896	194	136	884
64	128	896	201	136	884
128	128	896	223	136	883
192	128	896	258	136	883
256	128	896	302	138	882
320	128	896	352	138	881
384	128	896	406	138	881
448	128	896	461	139	881
512	128	896	516	141	881
576	128	896	574	142	881
640	128	896	631	143	881
704	128	896	688	144	880
768	128	896	747	145	881
832	128	896	807	148	880
896	128	896	867	149	880
960	128	896	925	150	880
1023	128	896	982	152	880
0	192	896	198	199	884
64	192	896	204	199	884
128	192	896	225	199	884
192	192	896	261	199	883
256	192	896	304	201	882
320	192	896	354	201	882
384	192	896	407	201	881
448	192	896	462	202	881
512	192	896	517	202	881
576	192	896	575	203	881
640	192	896	632	204	881
704	192	896	689	205	880
768	192	896	747	206	881
832	192	896	808	207	880
896	192	896	867	209	880
960	192	896	925	209	880
1023	192	896	983	211	880
0	256	896	202	264	885
64	256	896	209	264	885
128	256	896	229	264	885
192	256	896	263	264	884
256	256	896	306	265	882
320	256	896	356	265	882
384	256	896	409	266	881
448	256	896	463	266	881
512	256	896	518	267	881
576	256	896	576	267	881
640	256	896	633	268	881
704	256	896	690	269	881
768	256	896	748	270	881
832	256	896	809	270	881
896	256	896	867	271	880
960	256	896	925	272	880
1023	256	896	983	273	880
0	320	896	209	328	885
64	320	896	215	329	885
128	320	896	236	329	884
192	320	896	267	329	884
256	320	896	310	329	882
320	320	896	359	330	882
384	320	896	412	330	882
448	320	896	465	330	881
512	320	896	520	331	881
576	320	896	578	331	881
640	320	896	635	332	881
704	320	896	691	333	881
768	320	896	750	333	881
832	320	896	810	334	881
896	320	896	868	334	880
960	320	896	926	334	880
1023	320	896	984	335	880
0	384	896	216	393	887
64	384	896	222	393	887
128	384	896	242	393	887
192	384	896	274	393	886
256	384	896	316	394	883
320	384	896	363	394	882
384	384	896	415	394	882
448	384	896	468	394	882
512	384	896	523	395	881
576	384	896	580	395	881
640	384	896	637	396	881
704	384	896	693	396	881
768	384	896	752	397	881
832	384	896	811	397	881
896	384	896	870	398	880
960	384	896	928	398	880
1023	384	896	985	399	881
0	448	896	226	454	886
64	448	896	232	454	886
128	448	896	250	454	886
192	448	896	281	455	885
256	448	896	322	455	883
320	448	896	369	455	882
384	448	896	420	455	882
448	448	896	472	456	882
512	448	896	527	456	881
576	448	896	583	457	881
640	448	896	639	457	881
704	448	896	695	457	881
768	448	896	754	458	881
832	448	896	813	458	881
896	448	896	872	459	881
960	448	896	929	459	881
1023	448	896	986	460	881
0	512	896	236	515	886
64	512	896	242	515	886
128	512	896	259	515	885
192	512	896	289	516	883
256	512	896	329	516	883
320	512	896	375	516	883
384	512	896	425	517	882
448	512	896	477	517	882
512	512	896	531	517	882
576	512	896	587	517	881
640	512	896	642	518	881
704	512	896	698	518	881
768	512	896	756	519	882
832	512	896	816	519	881
896	512	896	874	520	881
960	512	896	931	520	881
1023	512	896	988	521	881
0	576	896	248	579	886
64	576	896	253	579	886
128	576	896	270	579	886
192	576	896	299	580	883
256	576	896	337	580	883
320	576	896	382	580	883
384	576	896	431	580	883
448	576	896	482	581	882
512	576	896	536	581	882
576	576	896	591	581	882
640	576	896	646	582	882
704	576	896	702	582	882
768	576	896	760	582	882
832	576	896	819	583	882
896	576	896	877	583	882
960	576	896	934	584	882
1023	576	896	991	584	882
0	640	896	261	641	887
64	640	896	265	641	887
128	640	896	282	641	886
192	640	896	309	641	884
256	640	896	347	641	883
320	640	896	390	642	883
384	640	896	438	642	883
448	640	896	488	642	883
512	640	896	541	643	883
576	640	896	597	643	883
640	640	896	650	643	883
704	640	896	706	644	883
768	640	896	764	645	883
832	640	896	822	645	883
896	640	896	880	645	883
960	640	896	937	646	883
1023	640	896	994	646	882
0	704	896	274	703	885
64	704	896	279	703	885
128	704	896	294	704	885
192	704	896	322	704	885
256	704	896	357	704	885
320	704	896	400	704	884
384	704	896	446	704	884
448	704	896	495	704	884
512	704	896	547	705	883
576	704	896	602	705	883
640	704	896	655	705	883
704	704	896	710	706	883
768	704	896	768	706	883
832	704	896	825	706	883
896	704	896	883	707	883
960	704	896	940	708	883
1023	704	896	997	708	883
0	768	896	289	767	886
64	768	896	293	767	885
128	768	896	308	767	885
192	768	896	334	767	885
256	768	896	368	767	885
320	768	896	409	767	885
384	768	896	454	768	885
448	768	896	502	768	884
512	768	896	553	768	884
576	768	896	608	769	884
640	768	896	660	769	884
704	768	896	715	769	884
768	768	896	773	770	884
832	768	896	830	770	884
896	768	896	888	771	884
960	768	896	944	771	884
1023	768	896	1000	772	884
0	832	896	305	830	886
64	832	896	309	830	886
128	832	896	323	831	886
192	832	896	347	830	886
256	832	896	380	831	886
320	832	896	419	831	886
384	832	896	463	831	886
448	832	896	511	831	885
512	832	896	561	832	885
576	832	896	614	832	885
640	832	896	666	833	885
704	832	896	721	833	886
768	832	896	779	834	886
832	832	896	835	834	885
896	832	896	892	834	885
960	832	896	948	835	885
1023	832	896	1004	835	885
0	896	896	321	892	887
64	896	896	325	893	887
128	896	896	338	893	887
192	896	896	361	893	887
256	896	896	393	893	887
320	896	896	431	893	887
384	896	896	473	894	887
448	896	896	519	894	886
512	896	896	569	894	886
576	896	896	621	895	886
640	896	896	673	895	886
704	896	896	727	895	886
768	896	896	784	896	886
832	896	896	840	896	886
896	896	896	896	896	886
960	896	896	953	897	886
1023	896	896	1008	897	886
0	960	896	337	954	888
64	960	896	340	954	888
128	960	896	353	955	888
192	960	896	376	955	888
256	960	896	406	955	888
320	960	896	442	955	888
384	960	896	483	955	888
448	960	896	529	956	888
512	960	896	578	956	888
576	960	896	628	956	887
640	960	896	679	956	887
704	960	896	733	957	887
768	960	896	790	957	887
832	960	896	845	958	887
896	960	896	901	958	887
960	960	896	957	959	887
1023	960	896	1013	959	887
0	1023	896	354	1017	889
64	1023	896	357	1017	889
128	1023	896	370	1017	889
192	1023	896	390	1017	889
256	1023	896	419	1018	889
320	1023	896	454	1018	888
384	1023	896	494	1018	888
448	1023	896	538	1019	888
512	1023	896	587	1019	888
576	1023	896	636	1019	888
640	1023	896	687	1019	888
704	1023	896	740	1020	888
768	1023	896	797	1020	888
832	1023	896	851	1020	888
896	1023	896	906	1021	888
960	1023	896	962	1021	888
1023	1023	896	1017	1022	888
0	0	960	204	44	946
64	0	960	210	44	946
128	0	960	232	44	945
192	0	960	265	48	945
256	0	960	308	48	944
320	0	960	357	48	943
384	0	960	409	53	943
448	0	960	464	53	943
512	0	960	519	60	943
576	0	960	577	60	942
640	0	960	634	63	942
704	0	960	691	66	942
768	0	960	749	72	942
832	0	960	809	77	942
896	0	960	868	77	942
960	0	960	927	82	942
1023	0	960	984	87	942
0	64	960	204	77	946
64	64	960	211	77	946
128	64	960	232	77	945
192	64	960	265	80	945
256	64	960	308	80	944
320	64	960	357	82	943
384	64	960	410	82	943
448	64	960	464	82	943
512	64	960	520	85	943
576	64	960	577	87	942
640	64	960	634	89	942
704	64	960	691	91	942
768	64	960	749	95	942
832	64	960	809	97	942
896	64	960	868	99	942
960	64	960	927	103	942
1023	64	960	984	106	942
0	128	960	206	136	946
64	128	960	212	136	946
128	128	960	233	137	946
192	128	960	266	138	945
256	128	960	309	138	944
320	128	960	358	138	943
384	128	960	411	139	943
448	128	960	465	141	943
512	128	960	520	141	943
576	128	960	578	143	942
640	128	960	634	143	942
704	128	960	691	144	942
768	128	960	750	145	942
832	128	960	810	148	942
896	128	960	868	149	942
960	128	960	927	151	942
1023	128	960	984	153	942
0	192	960	209	199	947
64	192	960	215	199	947
128	192	960	236	200	946
192	192	960	268	201	945
256	192	960	311	201	944
320	192	960	359	201	944
384	192	960	412	202	943
448	192	960	465	202	943
512	192	960	521	204	943
576	192	960	578	204	943
640	192	960	635	205	942
704	192	960	692	206	942
768	192	960	750	207	942
832	192	960	810	209	942
896	192	960	869	209	942
960	192	960	927	210	942
1023	192	960	984	211	942
0	256	960	214	264	947
64	256	960	219	264	947
128	256	960	240	265	947
192	256	960	272	265	946
256	256	960	314	265	944
320	256	960	362	266	944
384	256	960	414	266	943
448	256	960	467	267	943
512	256	960	523	267	943
576	256	960	580	268	943
640	256	960	636	269	942
704	256	960	693	270	942
768	256	960	751	270	942
832	256	960	811	271	942
896	256	960	870	271	942
960	256	960	928	272	942
1023	256	960	985	273	942
0	320	960	220	329	947
64	320	960	225	329	947
128	320	960	245	329	946
192	320	960	276	329	945
256	320	960	317	330	944
320	320	960	366	330	944
384	320	960	417	330	943
448	320	960	469	331	943
512	320	960	525	331	943
576	320	960	581	332	943
640	320	960	638	332	942
704	320	960	694	333	942
768	320	960	752	334	943
832	320	960	812	334	943
896	320	960	871	334	942
960	320	960	929	335	942
1023	320	960	986	336	943
0	384	960	227	393	948
64	384	960	232	393	948
128	384	960	251	393	948
192	384	960	281	393	947
256	384	960	322	394	944
320	384	960	370	394	944
384	384	960	420	394	943
448	384	960	472	395	943
512	384	960	527	395	943
576	384	960	584	395	943
640	384	960	640	396	943
704	384	960	696	397	943
768	384	960	755	398	943
832	384	960	814	398	943
896	384	960	872	398	942
960	384	960	930	398	942
1023	384	960	988	400	943
0	448	960	236	454	947
64	448	960	241	454	947
128	448	960	258	454	947
192	448	960	288	455	944
256	448	960	328	455	944
320	448	960	375	455	944
384	448	960	425	456	943
448	448	960	476	456	943
512	448	960	530	456	943
576	448	960	587	457	943
640	448	960	643	457	943
704	448	960	699	458	943
768	448	960	757	458	943
832	448	960	816	459	943
896	448	960	874	458	943
960	448	960	932	460	943
1023	448	960	989	460	943
0	512	960	246	516	947
64	512	960	251	516	947
128	512	960	268	516	946
192	512	960	296	516	944
256	512	960	335	516	944
320	512	960	381	517	944
384	512	960	430	517	944
448	512	960	481	518	944
512	512	960	535	518	944
576	512	960	591	518	944
640	512	960	646	519	944
704	512	960	702	519	944
768	512	960	760	520	944
832	512	960	818	520	944
896	512	960	876	520	943
960	512	960	934	521	944
1023	512	960	991	521	943
0	576	960	257	580	947
64	576	960	262	580	947
128	576	960	278	580	947
192	576	960	306	580	945
256	576	960	344	580	945
320	576	960	388	581	945
384	576	960	436	581	945
448	576	960	486	582	945
512	576	960	539	582	945
576	576	960	595	582	944
640	576	960	649	582	944
704	576	960	705	583	945
768	576	960	763	584	945
832	576	960	821	583	944
896	576	960	879	584	944
960	576	960	937	585	944
1023	576	960	993	585	944
0	640	960	270	642	949
64	640	960	274	642	948
128	640	960	290	642	946
192	640	960	317	642	946
256	640	960	354	642	946
320	640	960	397	643	946
384	640	960	443	643	945
448	640	960	492	643	945
512	640	960	545	643	945
576	640	960	600	644	945
640	640	960	653	644	945
704	640	960	709	645	945
768	640	960	767	645	945
832	640	960	824	645	945
896	640	960	883	646	945
960	640	960	939	646	945
1023	640	960	996	646	945
0	704	960	283	704	947
64	704	960	287	704	947
128	704	960	302	704	946
192	704	960	328	704	946
256	704	960	363	704	946
320	704	960	405	704	946
384	704	960	451	705	946
448	704	960	499	705	946
512	704	960	550	705	945
576	704	960	606	706	945
640	704	960	658	706	945
704	704	960	713	707	946
768	704	960	771	707	946
832	704	960	828	707	945
896	704	960	886	708	945
960	704	960	943	708	945
1023	704	960	999	709	946
0	768	960	297	767	947
64	768	960	301	767	947
128	768	960	316	767	947
192	768	960	340	768	947
256	768	960	374	768	947
320	768	960	414	768	947
384	768	960	458	768	947
448	768	960	506	769	946
512	768	960	557	769	946
576	768	960	611	769	946
640	768	960	663	770	946
704	768	960	718	770	946
768	768	960	776	771	946
832	768	960	832	771	946
896	768	960	889	771	946
960	768	960	946	772	946
1023	768	960	1002	772	946
0	832	960	312	831	948
64	832	960	316	831	948
128	832	960	330	831	948
192	832	960	354	831	948
256	832	960	386	831	948
320	832	960	424	832	948
384	832	960	468	832	948
448	832	960	514	832	947
512	832	960	565	832	947
576	832	960	617	833	947
640	832	960	669	833	947
704	832	960	724	834	947
768	832	960	781	834	947
832	832	960	837	834	947
896	832	960	894	835	947
960	832	960	950	835	947
1023	832	960	1006	836	947
0	896	960	327	893	949
64	896	960	331	893	949
128	896	960	345	893	949
192	896	960	367	893	949
256	896	960	398	893	949
320	896	960	435	894	949
384	896	960	477	894	949
448	896	960	523	894	948
512	896	960	573	895	948
576	896	960	624	895	948
640	896	960	676	895	948
704	896	960	729	896	948
768	896	960	787	896	948
832	896	960	842	897	948
896	896	960	899	897	948
960	896	960	954	897	948
1023	896	960	1010	898	948
0	960	960	343	955	950
64	960	960	347	955	950
128	960	960	359	955	950
192	960	960	381	955	950
256	960	960	411	955	950
320	960	960	447	956	950
384	960	960	487	956	949
448	960	960	532	956	949
512	960	960	581	957	949
576	960	960	632	957	949
640	960	960	683	958	949
704	960	960	736	958	949
768	960	960	793	958	949
832	960	960	847	958	949
896	960	960	903	959	949
960	960	960	960	960	949
1023	960	960	1015	960	949
0	1023	960	360	1018	951
64	1023	960	363	1018	951
128	1023	960	375	1018	951
192	1023	960	396	1018	951
256	1023	960	424	1018	951
320	1023	960	458	1018	951
384	1023	960	498	1018	950
448	1023	960	542	1019	950
512	1023	960	590	1019	950
576	1023	960	639	1019	950
640	1023	960	689	1020	950
704	1023	960	742	1020	950
768	1023	960	799	1021	950
832	1023	960	853	1021	950
896	1023	960	908	1021	950
960	1023	960	964	1022	949
1023	1023	960	1019	1022	949
0	0	1023	217	48	1007
64	0	1023	222	48	1007
128	0	1023	242	48	1006
192	0	1023	274	48	1005
256	0	1023	316	53	1004
320	0	1023	363	53	1004
384	0	1023	415	53	1004
448	0	1023	468	60	1004
512	0	1023	523	60	1003
576	0	1023	581	63	1003
640	0	1023	637	69	1003
704	0	1023	693	72	1003
768	0	1023	752	72	1003
832	0	1023	812	77	1003
896	0	1023	870	82	1002
960	0	1023	928	85	1002
1023	0	1023	985	89	1002
0	64	1023	217	80	1007
64	64	1023	223	80	1007
128	64	1023	242	80	1006
192	64	1023	274	82	1005
256	64	1023	316	82	1004
320	64	1023	364	82	1004
384	64	1023	415	82	1004
448	64	1023	468	87	1004
512	64	1023	523	87	1003
576	64	1023	581	89	1003
640	64	1023	637	91	1003
704	64	1023	694	95	1003
768	64	1023	752	95	1003
832	64	1023	812	99	1003
896	64	1023	871	101	1003
960	64	1023	928	104	1002
1023	64	1023	985	106	1002
0	128	1023	218	138	1007
64	128	1023	224	138	1007
128	128	1023	243	138	1007
192	128	1023	275	138	1006
256	128	1023	317	139	1005
320	128	1023	365	139	1004
384	128	1023	416	141	1004
448	128	1023	469	141	1004
512	128	1023	524	142	1003
576	128	1023	581	143	1003
640	128	1023	637	144	1003
704	128	1023	694	145	1003
768	128	1023	752	148	1003
832	128	1023	812	148	1003
896	128	1023	871	150	1003
960	128	1023	928	152	1002
1023	128	1023	986	155	1002
0	192	1023	221	201	1008
64	192	1023	226	201	1007
128	192	1023	246	201	1007
192	192	1023	276	201	1006
256	192	1023	318	201	1005
320	192	1023	366	202	1004
384	192	1023	417	202	1004
448	192	1023	470	204	1004
512	192	1023	525	204	1003
576	192	1023	582	204	1003
640	192	1023	638	206	1003
704	192	1023	695	206	1003
768	192	1023	753	207	1003
832	192	1023	813	209	1003
896	192	1023	871	209	1003
960	192	1023	929	210	1002
1023	192	1023	986	212	1002
0	256	1023	225	265	1008
64	256	1023	230	265	1008
128	256	1023	248	265	1008
192	256	1023	280	265	1007
256	256	1023	320	265	1005
320	256	1023	368	266	1005
384	256	1023	419	267	1004
448	256	1023	471	267	1004
512	256	1023	526	267	1003
576	256	1023	583	269	1004
640	256	1023	639	269	1003
704	256	1023	696	270	1003
768	256	1023	754	270	1003
832	256	1023	813	271	1003
896	256	1023	872	272	1003
960	256	1023	929	272	1003
1023	256	1023	987	274	1003
0	320	1023	230	329	1007
64	320	1023	236	329	1007
128	320	1023	253	329	1007
192	320	1023	284	330	1006
256	320	1023	325	330	1004
320	320	1023	372	330	1004
384	320	1023	421	331	1004
448	320	1023	474	331	1004
512	320	1023	528	331	1003
576	320	1023	585	332	1003
640	320	1023	641	333	1003
704	320	1023	697	333	1003
768	320	1023	755	334	1003
832	320	1023	814	334	1003
896	320	1023	873	335	1003
960	320	1023	931	335	1003
1023	320	1023	988	336	1003
0	384	1023	237	393	1009
64	384	1023	242	393	1009
128	384	1023	259	393	1009
192	384	1023	289	393	1005
256	384	1023	329	394	1005
320	384	1023	376	394	1005
384	384	1023	425	395	1004
448	384	1023	477	395	1004
512	384	1023	531	395	1004
576	384	1023	587	396	1003
640	384	1023	643	396	1003
704	384	1023	699	397	1003
768	384	1023	757	397	1003
832	384	1023	816	398	1003
896	384	1023	874	398	1003
960	384	1023	932	399	1003
1023	384	1023	989	399	1003
0	448	1023	245	455	1008
64	448	1023	251	455	1008
128	448	1023	267	455	1008
192	448	1023	296	455	1005
256	448	1023	335	455	1005
320	448	1023	381	455	1004
384	448	1023	429	456	1004
448	448	1023	481	457	1004
512	448	1023	534	457	1004
576	448	1023	590	457	1003
640	448	1023	645	457	1003
704	448	1023	701	458	1003
768	448	1023	759	458	1004
832	448	1023	818	459	1003
896	448	1023	876	459	1003
960	448	1023	934	460	1003
1023	448	1023	991	460	1003
0	512	1023	256	516	1008
64	512	1023	261	516	1008
128	512	1023	276	517	1007
192	512	1023	305	517	1005
256	512	1023	343	517	1005
320	512	1023	387	517	1005
384	512	1023	435	517	1005
448	512	1023	485	518	1004
512	512	1023	538	518	1004
576	512	1023	594	518	1004
640	512	1023	648	519	1004
704	512	1023	704	519	1004
768	512	1023	762	520	1004
832	512	1023	820	520	1004
896	512	1023	879	520	1004
960	512	1023	936	521	1004
1023	512	1023	993	521	1004
0	576	1023	266	580	1008
64	576	1023	270	580	1008
128	576	1023	286	580	1006
192	576	1023	314	580	1005
256	576	1023	350	581	1005
320	576	1023	394	581	1005
384	576	1023	441	581	1005
448	576	1023	490	582	1005
512	576	1023	543	582	1005
576	576	1023	598	582	1005
640	576	1023	652	583	1005
704	576	1023	708	583	1005
768	576	1023	766	583	1005
832	576	1023	823	584	1005
896	576	1023	881	584	1005
960	576	1023	938	584	1004
1023	576	1023	995	585	1005
0	640	1023	277	642	1009
64	640	1023	282	642	1009
128	640	1023	297	642	1006
192	640	1023	324	642	1006
256	640	1023	359	642	1006
320	640	1023	402	643	1006
384	640	1023	447	643	1006
448	640	1023	497	643	1005
512	640	1023	548	643	1005
576	640	1023	603	644	1005
640	640	1023	656	644	1005
704	640	1023	711	645	1005
768	640	1023	769	645	1005
832	640	1023	827	645	1005
896	640	1023	884	645	1005
960	640	1023	941	646	1005
1023	640	1023	998	646	1005
0	704	1023	290	704	1007
64	704	1023	294	704	1007
128	704	1023	309	704	1007
192	704	1023	335	704	1007
256	704	1023	369	704	1006
320	704	1023	410	705	1006
384	704	1023	455	705	1006
448	704	1023	503	705	1006
512	704	1023	554	706	1006
576	704	1023	608	706	1006
640	704	1023	661	706	1006
704	704	1023	716	707	1006
768	704	1023	774	707	1006
832	704	1023	830	708	1006
896	704	1023	888	708	1006
960	704	1023	945	708	1006
1023	704	1023	1001	709	1006
0	768	1023	304	767	1007
64	768	1023	308	767	1007
128	768	1023	322	767	1007
192	768	1023	346	767	1007
256	768	1023	379	768	1007
320	768	1023	419	768	1007
384	768	1023	463	768	1007
448	768	1023	510	769	1007
512	768	1023	561	769	1006
576	768	1023	614	769	1006
640	768	1023	666	770	1006
704	768	1023	721	770	1006
768	768	1023	778	771	1006
832	768	1023	834	771	1006
896	768	1023	892	771	1006
960	768	1023	948	772	1006
1023	768	1023	1004	772	1006
0	832	1023	319	831	1008
64	832	1023	323	831	1008
128	832	1023	336	831	1008
192	832	1023	359	831	1008
256	832	1023	391	831	1008
320	832	1023	429	832	1008
384	832	1023	472	832	1008
448	832	1023	518	832	1008
512	832	1023	568	833	1008
576	832	1023	620	833	1007
640	832	1023	672	833	1007
704	832	1023	726	834	1008
768	832	1023	784	834	1008
832	832	1023	839	834	1008
896	832	1023	896	834	1007
960	832	1023	952	835	1007
1023	832	1023	1008	836	1007
0	896	1023	334	893	1010
64	896	1023	338	893	1009
128	896	1023	351	893	1009
192	896	1023	373	893	1009
256	896	1023	403	893	1009
320	896	1023	440	894	1009
384	896	1023	481	894	1009
448	896	1023	527	894	1009
512	896	1023	576	895	1008
576	896	1023	627	895	1008
640	896	1023	678	896	1008
704	896	1023	732	896	1008
768	896	1023	790	896	1008
832	896	1023	844	897	1008
896	896	1023	900	897	1008
960	896	1023	957	897	1008
1023	896	1023	1012	898	1008
0	960	1023	350	956	1010
64	960	1023	354	956	1010
128	960	1023	366	956	1010
192	960	1023	388	956	1010
256	960	1023	416	956	1010
320	960	1023	451	956	1010
384	960	1023	491	956	1010
448	960	1023	536	956	1010
512	960	1023	585	957	1010
576	960	1023	634	957	1009
640	960	1023	685	958	1010
704	960	1023	738	958	1009
768	960	1023	795	959	1009
832	960	1023	850	959	1009
896	960	1023	905	959	1009
960	960	1023	961	960	1009
1023	960	1023	1017	960	1009
0	1023	1023	366	1018	1011
64	1023	1023	370	1018	1011
128	1023	1023	381	1018	1011
192	1023	1023	401	1018	1011
256	1023	1023	429	1019	1011
320	1023	1023	463	1019	1011
384	1023	1023	502	1019	1011
448	1023	1023	545	1019	1011
512	1023	1023	593	1020	1011
576	1023	1023	642	1020	1010
640	1023	1023	693	1021	1010
704	1023	1023	745	1021	1010
768	1023	1023	801	1021	1010
832	1023	1023	855	1021	1010
896	1023	1023	910	1021	1010
960	1023	1023	966	1022	1010
1023	1023	1023	1021	1023	1010
