0	0	0	0	0	0
64	0	0	60	0	0
128	0	0	123	0	0
192	0	0	185	0	0
256	0	0	247	0	0
320	0	0	308	23	0
384	0	0	370	23	0
448	0	0	431	32	0
512	0	0	490	32	0
576	0	0	550	38	0
640	0	0	611	44	0
704	0	0	669	44	0
768	0	0	729	48	0
832	0	0	792	53	0
896	0	0	852	57	0
960	0	0	912	63	0
1023	0	0	971	66	0
0	64	0	23	63	0
64	64	0	63	63	0
128	64	0	123	63	0
192	64	0	187	63	0
256	64	0	248	66	0
320	64	0	309	66	0
384	64	0	371	66	0
448	64	0	431	69	0
512	64	0	490	69	0
576	64	0	550	72	0
640	64	0	611	75	0
704	64	0	669	77	0
768	64	0	730	77	0
832	64	0	793	80	0
896	64	0	852	85	0
960	64	0	912	87	0
1023	64	0	971	89	0
0	128	0	38	129	0
64	128	0	69	129	0
128	128	0	129	129	0
192	128	0	188	129	0
256	128	0	249	130	0
320	128	0	310	130	0
384	128	0	372	130	0
448	128	0	432	132	0
512	128	0	491	132	0
576	128	0	551	133	0
640	128	0	612	134	0
704	128	0	670	136	0
768	128	0	730	136	0
832	128	0	793	137	0
896	128	0	852	139	0
960	128	0	913	141	0
1023	128	0	971	142	0
0	192	0	57	193	23
64	192	0	85	193	23
128	192	0	134	193	23
192	192	0	192	193	23
256	192	0	252	193	23
320	192	0	313	195	23
384	192	0	373	195	23
448	192	0	433	195	23
512	192	0	492	196	23
576	192	0	552	197	23
640	192	0	613	197	0
704	192	0	672	198	0
768	192	0	731	198	0
832	192	0	794	199	0
896	192	0	853	199	0
960	192	0	914	201	0
1023	192	0	972	202	0
0	256	0	80	258	32
64	256	0	97	258	32
128	256	0	143	258	32
192	256	0	198	258	32
256	256	0	256	258	32
320	256	0	316	259	32
384	256	0	376	259	32
448	256	0	436	260	23
512	256	0	495	261	23
576	256	0	554	261	23
640	256	0	615	261	23
704	256	0	673	261	23
768	256	0	733	262	23
832	256	0	796	262	23
896	256	0	855	262	23
960	256	0	915	262	23
1023	256	0	974	263	0
0	320	0	99	321	44
64	320	0	113	322	44
128	320	0	152	322	44
192	320	0	205	322	44
256	320	0	261	322	44
320	320	0	320	323	44
384	320	0	380	324	44
448	320	0	439	324	44
512	320	0	497	324	38
576	320	0	557	324	38
640	320	0	618	325	38
704	320	0	675	325	38
768	320	0	735	326	38
832	320	0	798	326	38
896	320	0	856	325	38
960	320	0	917	326	38
1023	320	0	975	326	32
0	384	0	117	386	48
64	384	0	129	386	48
128	384	0	165	386	48
192	384	0	213	386	48
256	384	0	267	386	48
320	384	0	325	386	48
384	384	0	384	387	48
448	384	0	443	388	48
512	384	0	501	388	48
576	384	0	560	388	48
640	384	0	620	388	48
704	384	0	678	388	44
768	384	0	737	389	44
832	384	0	799	389	44
896	384	0	858	388	44
960	384	0	918	389	44
1023	384	0	976	389	44
0	448	0	138	447	57
64	448	0	148	447	57
128	448	0	179	447	57
192	448	0	224	447	57
256	448	0	276	447	57
320	448	0	331	447	57
384	448	0	389	448	57
448	448	0	447	448	57
512	448	0	504	448	53
576	448	0	563	449	53
640	448	0	623	449	53
704	448	0	680	449	53
768	448	0	740	449	53
832	448	0	801	449	53
896	448	0	860	449	53
960	448	0	920	449	53
1023	448	0	977	449	48
0	512	0	158	508	63
64	512	0	166	508	63
128	512	0	194	508	63
192	512	0	236	509	63
256	512	0	285	509	63
320	512	0	339	509	63
384	512	0	395	509	63
448	512	0	452	510	60
512	512	0	509	510	60
576	512	0	567	510	60
640	512	0	626	510	60
704	512	0	683	510	60
768	512	0	743	510	60
832	512	0	804	510	60
896	512	0	862	510	60
960	512	0	922	510	60
1023	512	0	979	510	57
0	576	0	178	572	72
64	576	0	185	572	72
128	576	0	210	572	72
192	576	0	248	572	72
256	576	0	296	573	72
320	576	0	348	573	72
384	576	0	403	574	72
448	576	0	458	574	72
512	576	0	514	574	72
576	576	0	572	574	72
640	576	0	630	574	72
704	576	0	687	574	69
768	576	0	746	574	69
832	576	0	807	574	69
896	576	0	865	574	69
960	576	0	925	574	69
1023	576	0	981	574	69
0	640	0	197	632	80
64	640	0	204	632	80
128	640	0	227	632	80
192	640	0	263	632	80
256	640	0	308	633	80
320	640	0	358	633	77
384	640	0	411	634	77
448	640	0	465	634	77
512	640	0	520	634	77
576	640	0	578	634	77
640	640	0	635	634	77
704	640	0	692	634	77
768	640	0	750	634	77
832	640	0	811	634	77
896	640	0	869	634	77
960	640	0	928	634	75
1023	640	0	984	634	75
0	704	0	218	694	87
64	704	0	224	694	87
128	704	0	245	694	87
192	704	0	278	695	85
256	704	0	320	695	85
320	704	0	368	695	85
384	704	0	420	695	85
448	704	0	472	694	85
512	704	0	527	695	85
576	704	0	583	695	85
640	704	0	640	695	85
704	704	0	696	695	85
768	704	0	754	695	85
832	704	0	814	695	85
896	704	0	872	695	85
960	704	0	931	695	82
1023	704	0	988	696	82
0	768	0	238	757	95
64	768	0	243	757	95
128	768	0	262	757	95
192	768	0	293	757	95
256	768	0	333	757	95
320	768	0	379	757	95
384	768	0	429	758	95
448	768	0	481	758	95
512	768	0	534	758	95
576	768	0	590	758	93
640	768	0	645	757	93
704	768	0	701	757	93
768	768	0	759	758	93
832	768	0	818	758	93
896	768	0	876	758	93
960	768	0	935	758	93
1023	768	0	991	760	91
0	832	0	259	820	101
64	832	0	263	820	101
128	832	0	281	820	101
192	832	0	309	820	101
256	832	0	347	820	101
320	832	0	392	820	101
384	832	0	439	820	101
448	832	0	490	820	101
512	832	0	542	820	101
576	832	0	598	820	101
640	832	0	652	821	101
704	832	0	708	821	101
768	832	0	765	821	101
832	832	0	823	821	101
896	832	0	881	821	99
960	832	0	940	821	99
1023	832	0	995	822	99
0	896	0	279	881	109
64	896	0	283	881	109
128	896	0	300	881	109
192	896	0	327	881	109
256	896	0	362	881	109
320	896	0	405	882	109
384	896	0	451	882	109
448	896	0	500	882	109
512	896	0	551	882	109
576	896	0	606	882	109
640	896	0	659	881	109
704	896	0	714	882	109
768	896	0	772	883	109
832	896	0	830	882	109
896	896	0	887	882	108
960	896	0	945	883	108
1023	896	0	1000	883	108
0	960	0	299	943	117
64	960	0	304	943	117
128	960	0	318	943	117
192	960	0	343	943	117
256	960	0	377	943	117
320	960	0	418	944	117
384	960	0	462	944	117
448	960	0	510	944	116
512	960	0	561	944	116
576	960	0	614	944	116
640	960	0	666	944	116
704	960	0	721	945	116
768	960	0	779	945	116
832	960	0	835	945	116
896	960	0	892	945	116
960	960	0	949	945	116
1023	960	0	1004	946	114
0	1023	0	319	1004	125
64	1023	0	323	1004	125
128	1023	0	337	1004	125
192	1023	0	361	1005	125
256	1023	0	393	1005	125
320	1023	0	431	1005	125
384	1023	0	473	1005	125
448	1023	0	520	1006	125
512	1023	0	570	1006	125
576	1023	0	622	1006	125
640	1023	0	674	1006	125
704	1023	0	728	1006	125
768	1023	0	785	1007	125
832	1023	0	841	1007	123
896	1023	0	898	1007	122
960	1023	0	954	1007	122
1023	1023	0	1009	1008	122
0	0	64	0	0	63
64	0	64	63	0	63
128	0	64	123	0	63
192	0	64	185	0	63
256	0	64	248	0	63
320	0	64	308	23	66
384	0	64	370	23	66
448	0	64	431	32	66
512	0	64	490	32	66
576	0	64	550	38	63
640	0	64	611	44	63
704	0	64	669	44	63
768	0	64	729	48	63
832	0	64	792	53	63
896	0	64	852	57	63
960	0	64	912	63	63
1023	0	64	971	66	63
0	64	64	23	63	66
64	64	64	63	63	66
128	64	64	125	63	66
192	64	64	187	63	66
256	64	64	248	66	66
320	64	64	309	66	66
384	64	64	370	66	66
448	64	64	431	69	66
512	64	64	490	69	66
576	64	64	550	72	66
640	64	64	611	75	63
704	64	64	669	77	63
768	64	64	730	77	63
832	64	64	793	80	63
896	64	64	852	85	63
960	64	64	912	87	63
1023	64	64	971	89	63
0	128	64	38	129	66
64	128	64	72	129	66
128	128	64	129	129	66
192	128	64	188	129	66
256	128	64	250	130	66
320	128	64	310	130	66
384	128	64	372	130	66
448	128	64	432	132	66
512	128	64	491	132	66
576	128	64	551	133	66
640	128	64	612	134	66
704	128	64	670	136	66
768	128	64	730	136	66
832	128	64	793	137	63
896	128	64	852	139	63
960	128	64	913	141	63
1023	128	64	971	142	63
0	192	64	60	193	69
64	192	64	85	193	69
128	192	64	134	193	69
192	192	64	193	193	69
256	192	64	252	193	69
320	192	64	313	195	69
384	192	64	373	195	69
448	192	64	433	195	69
512	192	64	492	196	66
576	192	64	552	197	66
640	192	64	613	197	66
704	192	64	671	198	66
768	192	64	731	198	66
832	192	64	794	199	66
896	192	64	853	199	66
960	192	64	914	201	66
1023	192	64	972	202	63
0	256	64	80	258	72
64	256	64	97	258	72
128	256	64	143	258	72
192	256	64	198	258	72
256	256	64	256	259	69
320	256	64	316	259	69
384	256	64	376	260	69
448	256	64	436	260	69
512	256	64	495	261	69
576	256	64	554	261	69
640	256	64	615	261	69
704	256	64	673	262	69
768	256	64	733	262	69
832	256	64	796	262	69
896	256	64	855	262	69
960	256	64	915	263	66
1023	256	64	974	263	66
0	320	64	99	322	75
64	320	64	113	322	75
128	320	64	153	322	75
192	320	64	205	322	75
256	320	64	261	323	75
320	320	64	320	323	75
384	320	64	380	324	72
448	320	64	439	324	72
512	320	64	497	324	72
576	320	64	557	324	72
640	320	64	618	325	72
704	320	64	675	325	72
768	320	64	735	326	72
832	320	64	797	326	72
896	320	64	856	325	72
960	320	64	917	326	69
1023	320	64	975	326	69
0	384	64	117	386	77
64	384	64	129	386	77
128	384	64	165	386	77
192	384	64	213	386	77
256	384	64	268	386	77
320	384	64	325	386	77
384	384	64	384	388	77
448	384	64	443	388	77
512	384	64	501	388	77
576	384	64	560	388	77
640	384	64	620	388	75
704	384	64	678	389	75
768	384	64	737	389	75
832	384	64	799	389	75
896	384	64	858	388	75
960	384	64	918	389	75
1023	384	64	976	389	75
0	448	64	138	447	85
64	448	64	148	447	85
128	448	64	179	447	85
192	448	64	224	447	85
256	448	64	276	447	82
320	448	64	331	448	82
384	448	64	389	448	80
448	448	64	447	448	80
512	448	64	504	448	80
576	448	64	563	449	80
640	448	64	622	449	80
704	448	64	680	449	80
768	448	64	740	449	80
832	448	64	801	449	80
896	448	64	860	449	80
960	448	64	919	449	77
1023	448	64	977	449	77
0	512	64	158	508	89
64	512	64	166	508	89
128	512	64	194	508	89
192	512	64	236	509	89
256	512	64	286	509	89
320	512	64	339	509	87
384	512	64	395	510	87
448	512	64	452	510	87
512	512	64	509	510	87
576	512	64	567	510	87
640	512	64	626	510	87
704	512	64	683	510	87
768	512	64	742	510	87
832	512	64	803	510	87
896	512	64	862	510	87
960	512	64	922	510	85
1023	512	64	979	510	85
0	576	64	178	572	93
64	576	64	185	572	93
128	576	64	210	572	93
192	576	64	248	573	93
256	576	64	296	573	93
320	576	64	348	573	93
384	576	64	403	574	93
448	576	64	458	574	93
512	576	64	514	574	93
576	576	64	572	574	91
640	576	64	630	574	91
704	576	64	687	574	91
768	576	64	746	574	91
832	576	64	807	574	91
896	576	64	865	574	91
960	576	64	925	574	91
1023	576	64	981	574	91
0	640	64	198	632	99
64	640	64	204	632	99
128	640	64	228	633	99
192	640	64	263	633	97
256	640	64	308	633	97
320	640	64	358	633	97
384	640	64	411	634	97
448	640	64	465	634	97
512	640	64	520	634	97
576	640	64	578	634	97
640	640	64	635	634	97
704	640	64	692	635	97
768	640	64	750	634	97
832	640	64	810	634	97
896	640	64	869	634	95
960	640	64	928	634	95
1023	640	64	984	634	95
0	704	64	218	694	104
64	704	64	224	694	104
128	704	64	245	694	104
192	704	64	278	695	104
256	704	64	320	695	104
320	704	64	368	695	104
384	704	64	420	695	104
448	704	64	472	695	104
512	704	64	527	695	104
576	704	64	583	695	104
640	704	64	640	695	104
704	704	64	697	695	104
768	704	64	754	695	104
832	704	64	814	695	104
896	704	64	872	695	103
960	704	64	931	695	103
1023	704	64	988	696	103
0	768	64	238	757	113
64	768	64	244	757	111
128	768	64	262	757	111
192	768	64	293	757	111
256	768	64	333	757	111
320	768	64	379	758	111
384	768	64	429	758	111
448	768	64	481	758	109
512	768	64	534	758	109
576	768	64	590	758	109
640	768	64	645	758	109
704	768	64	701	758	109
768	768	64	759	758	109
832	768	64	818	758	109
896	768	64	876	758	109
960	768	64	935	759	109
1023	768	64	991	760	108
0	832	64	259	820	117
64	832	64	264	820	117
128	832	64	281	820	117
192	832	64	309	820	117
256	832	64	348	820	117
320	832	64	392	820	117
384	832	64	439	820	117
448	832	64	489	820	117
512	832	64	542	820	117
576	832	64	597	821	117
640	832	64	652	821	117
704	832	64	708	821	117
768	832	64	765	821	117
832	832	64	823	821	116
896	832	64	881	821	116
960	832	64	940	822	116
1023	832	64	995	822	116
0	896	64	279	881	123
64	896	64	284	881	123
128	896	64	300	881	123
192	896	64	327	881	123
256	896	64	363	881	123
320	896	64	405	882	123
384	896	64	451	882	123
448	896	64	500	882	123
512	896	64	552	882	123
576	896	64	606	882	123
640	896	64	659	881	123
704	896	64	714	882	123
768	896	64	772	883	123
832	896	64	829	882	122
896	896	64	887	882	122
960	896	64	945	883	122
1023	896	64	1000	883	122
0	960	64	299	943	132
64	960	64	304	943	132
128	960	64	318	943	132
192	960	64	343	943	132
256	960	64	378	943	132
320	960	64	418	944	130
384	960	64	462	944	130
448	960	64	510	944	130
512	960	64	561	945	130
576	960	64	614	944	130
640	960	64	666	944	130
704	960	64	721	945	130
768	960	64	779	945	130
832	960	64	835	945	130
896	960	64	892	945	130
960	960	64	949	946	129
1023	960	64	1004	946	129
0	1023	64	320	1005	138
64	1023	64	323	1005	138
128	1023	64	337	1005	138
192	1023	64	361	1005	138
256	1023	64	393	1005	138
320	1023	64	431	1005	138
384	1023	64	473	1005	138
448	1023	64	520	1006	137
512	1023	64	570	1006	137
576	1023	64	622	1006	137
640	1023	64	674	1006	137
704	1023	64	728	1006	137
768	1023	64	785	1007	136
832	1023	64	841	1007	136
896	1023	64	897	1007	136
960	1023	64	954	1007	136
1023	1023	64	1009	1008	136
0	0	128	23	0	129
64	0	128	66	0	129
128	0	128	125	0	129
192	0	128	186	0	129
256	0	128	248	23	129
320	0	128	309	23	129
384	0	128	370	23	129
448	0	128	431	32	129
512	0	128	490	32	128
576	0	128	550	38	128
640	0	128	611	44	128
704	0	128	669	44	128
768	0	128	729	48	128
832	0	128	792	53	128
896	0	128	852	57	128
960	0	128	912	63	128
1023	0	128	971	66	126
0	64	128	32	63	130
64	64	128	66	63	130
128	64	128	126	63	130
192	64	128	187	63	130
256	64	128	248	66	129
320	64	128	309	66	129
384	64	128	371	66	129
448	64	128	431	69	129
512	64	128	490	69	129
576	64	128	550	72	128
640	64	128	611	75	128
704	64	128	669	77	128
768	64	128	730	80	128
832	64	128	792	82	128
896	64	128	852	85	128
960	64	128	912	87	128
1023	64	128	971	89	128
0	128	128	44	129	130
64	128	128	75	129	130
128	128	128	130	129	130
192	128	128	189	129	130
256	128	128	250	130	129
320	128	128	311	130	129
384	128	128	372	130	129
448	128	128	432	132	129
512	128	128	491	132	129
576	128	128	551	133	129
640	128	128	612	136	129
704	128	128	670	136	129
768	128	128	730	136	128
832	128	128	793	138	128
896	128	128	852	139	128
960	128	128	913	141	128
1023	128	128	971	142	128
0	192	128	63	193	132
64	192	128	87	193	132
128	192	128	137	193	132
192	192	128	193	193	132
256	192	128	253	194	130
320	192	128	313	195	130
384	192	128	374	195	130
448	192	128	433	196	129
512	192	128	493	196	129
576	192	128	553	197	129
640	192	128	613	198	129
704	192	128	671	198	129
768	192	128	731	198	129
832	192	128	794	199	129
896	192	128	853	199	129
960	192	128	913	201	129
1023	192	128	972	202	128
0	256	128	82	258	132
64	256	128	101	258	132
128	256	128	144	258	132
192	256	128	198	258	132
256	256	128	257	259	130
320	256	128	316	260	130
384	256	128	376	260	130
448	256	128	436	260	130
512	256	128	495	261	130
576	256	128	554	261	130
640	256	128	615	262	130
704	256	128	673	262	130
768	256	128	733	262	130
832	256	128	796	263	130
896	256	128	854	262	129
960	256	128	915	263	129
1023	256	128	973	264	129
0	320	128	101	322	134
64	320	128	114	322	134
128	320	128	155	322	134
192	320	128	206	322	133
256	320	128	262	323	133
320	320	128	320	323	133
384	320	128	380	324	133
448	320	128	439	324	133
512	320	128	497	325	133
576	320	128	557	325	133
640	320	128	618	325	133
704	320	128	675	326	133
768	320	128	735	326	133
832	320	128	797	326	133
896	320	128	856	326	133
960	320	128	916	326	132
1023	320	128	974	327	132
0	384	128	119	386	136
64	384	128	133	386	136
128	384	128	166	386	136
192	384	128	214	386	136
256	384	128	269	387	136
320	384	128	326	387	136
384	384	128	384	388	136
448	384	128	443	388	136
512	384	128	501	388	136
576	384	128	560	389	134
640	384	128	620	389	134
704	384	128	678	389	134
768	384	128	737	389	134
832	384	128	799	389	134
896	384	128	858	389	134
960	384	128	918	389	134
1023	384	128	975	390	134
0	448	128	139	447	139
64	448	128	149	448	139
128	448	128	180	448	139
192	448	128	225	448	137
256	448	128	276	448	137
320	448	128	332	448	137
384	448	128	389	449	137
448	448	128	447	449	137
512	448	128	504	449	137
576	448	128	563	449	137
640	448	128	622	449	137
704	448	128	680	449	137
768	448	128	740	450	137
832	448	128	801	450	137
896	448	128	860	450	137
960	448	128	919	449	136
1023	448	128	976	450	136
0	512	128	159	509	141
64	512	128	168	509	141
128	512	128	195	509	141
192	512	128	236	509	141
256	512	128	286	509	141
320	512	128	340	510	141
384	512	128	396	510	141
448	512	128	452	510	139
512	512	128	509	510	139
576	512	128	567	511	139
640	512	128	626	511	139
704	512	128	683	510	139
768	512	128	742	511	139
832	512	128	803	510	139
896	512	128	862	511	138
960	512	128	921	511	138
1023	512	128	978	511	138
0	576	128	179	572	144
64	576	128	186	572	144
128	576	128	211	573	144
192	576	128	249	573	144
256	576	128	297	573	144
320	576	128	348	574	144
384	576	128	403	574	144
448	576	128	458	574	144
512	576	128	515	575	143
576	576	128	572	575	143
640	576	128	630	575	143
704	576	128	687	575	143
768	576	128	745	575	143
832	576	128	806	575	143
896	576	128	865	575	143
960	576	128	924	575	143
1023	576	128	980	575	142
0	640	128	198	633	148
64	640	128	205	633	148
128	640	128	228	633	148
192	640	128	263	633	148
256	640	128	308	633	147
320	640	128	358	634	147
384	640	128	411	634	147
448	640	128	465	634	147
512	640	128	520	634	147
576	640	128	578	635	147
640	640	128	635	635	147
704	640	128	692	635	147
768	640	128	750	635	147
832	640	128	810	635	147
896	640	128	868	634	145
960	640	128	928	635	145
1023	640	128	984	635	145
0	704	128	218	695	151
64	704	128	225	695	151
128	704	128	245	695	151
192	704	128	279	695	151
256	704	128	321	695	151
320	704	128	368	695	151
384	704	128	420	695	151
448	704	128	472	695	151
512	704	128	527	695	151
576	704	128	583	695	151
640	704	128	640	695	151
704	704	128	696	696	151
768	704	128	754	696	151
832	704	128	814	696	150
896	704	128	872	695	150
960	704	128	931	696	150
1023	704	128	987	697	149
0	768	128	238	757	157
64	768	128	244	757	157
128	768	128	263	757	157
192	768	128	293	757	156
256	768	128	334	758	156
320	768	128	380	758	155
384	768	128	429	758	155
448	768	128	481	758	155
512	768	128	534	758	155
576	768	128	590	759	155
640	768	128	645	758	155
704	768	128	701	758	155
768	768	128	759	759	155
832	768	128	818	759	155
896	768	128	876	759	155
960	768	128	934	759	153
1023	768	128	990	760	153
0	832	128	259	820	160
64	832	128	265	820	160
128	832	128	281	820	160
192	832	128	310	821	160
256	832	128	348	821	160
320	832	128	392	821	160
384	832	128	439	821	160
448	832	128	489	821	160
512	832	128	542	821	160
576	832	128	597	821	160
640	832	128	652	821	160
704	832	128	708	822	160
768	832	128	765	822	159
832	832	128	823	821	158
896	832	128	881	822	158
960	832	128	939	822	159
1023	832	128	994	822	159
0	896	128	279	881	165
64	896	128	284	881	165
128	896	128	300	881	164
192	896	128	327	881	164
256	896	128	363	882	164
320	896	128	405	882	164
384	896	128	451	882	164
448	896	128	500	882	164
512	896	128	551	883	164
576	896	128	606	883	164
640	896	128	659	882	164
704	896	128	714	882	164
768	896	128	772	883	163
832	896	128	829	883	163
896	896	128	886	883	163
960	896	128	944	883	163
1023	896	128	1000	884	163
0	960	128	300	943	169
64	960	128	304	943	169
128	960	128	319	943	169
192	960	128	343	944	169
256	960	128	378	944	169
320	960	128	418	944	169
384	960	128	462	944	169
448	960	128	510	945	169
512	960	128	561	945	169
576	960	128	614	945	169
640	960	128	666	944	169
704	960	128	721	945	169
768	960	128	779	946	169
832	960	128	834	946	169
896	960	128	892	946	168
960	960	128	949	946	168
1023	960	128	1004	946	168
0	1023	128	320	1005	175
64	1023	128	324	1005	175
128	1023	128	337	1005	175
192	1023	128	361	1005	175
256	1023	128	393	1006	175
320	1023	128	431	1006	175
384	1023	128	473	1006	175
448	1023	128	520	1006	175
512	1023	128	570	1007	175
576	1023	128	622	1007	175
640	1023	128	674	1007	174
704	1023	128	728	1007	175
768	1023	128	785	1008	173
832	1023	128	841	1008	173
896	1023	128	897	1008	173
960	1023	128	954	1008	173
1023	1023	128	1009	1009	173
0	0	192	38	0	193
64	0	192	72	0	193
128	0	192	128	0	192
192	0	192	188	0	192
256	0	192	249	23	193
320	0	192	310	23	193
384	0	192	371	23	193
448	0	192	431	32	193
512	0	192	491	32	193
576	0	192	550	38	193
640	0	192	611	44	193
704	0	192	669	44	193
768	0	192	729	48	193
832	0	192	792	53	193
896	0	192	852	60	193
960	0	192	912	63	192
1023	0	192	970	66	192
0	64	192	44	63	194
64	64	192	72	63	193
128	64	192	129	63	193
192	64	192	188	66	193
256	64	192	249	66	193
320	64	192	310	66	193
384	64	192	372	66	193
448	64	192	431	69	193
512	64	192	491	69	193
576	64	192	551	72	193
640	64	192	611	77	193
704	64	192	670	77	193
768	64	192	730	82	193
832	64	192	792	85	193
896	64	192	852	85	193
960	64	192	912	87	192
1023	64	192	970	89	192
0	128	192	53	129	194
64	128	192	82	129	194
128	128	192	133	129	193
192	128	192	192	130	193
256	128	192	251	130	193
320	128	192	312	130	193
384	128	192	372	132	193
448	128	192	432	133	193
512	128	192	492	133	193
576	128	192	551	134	193
640	128	192	612	136	193
704	128	192	670	137	193
768	128	192	730	138	193
832	128	192	793	139	193
896	128	192	852	139	193
960	128	192	912	141	193
1023	128	192	971	142	193
0	192	192	69	193	194
64	192	192	91	193	194
128	192	192	139	194	193
192	192	192	195	194	193
256	192	192	254	194	193
320	192	192	314	196	193
384	192	192	375	196	193
448	192	192	434	197	193
512	192	192	493	197	193
576	192	192	553	198	193
640	192	192	613	198	193
704	192	192	671	198	193
768	192	192	731	199	193
832	192	192	794	200	193
896	192	192	853	200	193
960	192	192	913	202	193
1023	192	192	971	202	193
0	256	192	87	259	195
64	256	192	104	259	195
128	256	192	147	259	195
192	256	192	200	259	194
256	256	192	258	259	194
320	256	192	317	261	194
384	256	192	377	261	194
448	256	192	436	261	194
512	256	192	495	261	194
576	256	192	555	262	194
640	256	192	615	262	194
704	256	192	673	262	194
768	256	192	733	263	193
832	256	192	795	263	193
896	256	192	854	263	193
960	256	192	914	263	193
1023	256	192	972	265	193
0	320	192	104	323	197
64	320	192	117	323	197
128	320	192	157	323	197
192	320	192	207	323	196
256	320	192	263	324	196
320	320	192	321	324	196
384	320	192	381	325	196
448	320	192	439	325	196
512	320	192	498	325	196
576	320	192	557	326	195
640	320	192	617	326	195
704	320	192	675	326	195
768	320	192	735	327	196
832	320	192	797	327	195
896	320	192	855	327	194
960	320	192	916	327	194
1023	320	192	973	327	195
0	384	192	122	387	198
64	384	192	136	387	198
128	384	192	169	387	198
192	384	192	215	387	198
256	384	192	270	388	198
320	384	192	327	388	197
384	384	192	385	389	197
448	384	192	443	389	197
512	384	192	501	389	197
576	384	192	560	389	197
640	384	192	619	389	196
704	384	192	677	389	196
768	384	192	737	390	197
832	384	192	798	390	197
896	384	192	857	390	197
960	384	192	917	390	195
1023	384	192	974	390	196
0	448	192	142	448	199
64	448	192	151	448	199
128	448	192	182	448	199
192	448	192	226	448	199
256	448	192	277	449	199
320	448	192	333	449	198
384	448	192	390	449	198
448	448	192	447	449	198
512	448	192	505	450	198
576	448	192	563	450	198
640	448	192	622	450	198
704	448	192	680	450	198
768	448	192	739	451	198
832	448	192	800	451	198
896	448	192	859	450	198
960	448	192	918	450	198
1023	448	192	975	451	198
0	512	192	161	509	202
64	512	192	170	509	202
128	512	192	197	509	202
192	512	192	238	510	201
256	512	192	287	510	201
320	512	192	340	511	201
384	512	192	397	511	201
448	512	192	452	511	201
512	512	192	509	511	201
576	512	192	567	511	201
640	512	192	626	511	201
704	512	192	683	512	201
768	512	192	742	511	200
832	512	192	803	511	199
896	512	192	861	512	199
960	512	192	920	511	199
1023	512	192	977	512	199
0	576	192	179	573	203
64	576	192	188	573	203
128	576	192	212	573	203
192	576	192	250	574	203
256	576	192	298	574	202
320	576	192	349	574	202
384	576	192	404	575	202
448	576	192	458	575	202
512	576	192	515	575	202
576	576	192	572	575	202
640	576	192	630	575	202
704	576	192	687	575	202
768	576	192	745	575	202
832	576	192	806	576	202
896	576	192	864	575	202
960	576	192	923	576	202
1023	576	192	980	576	202
0	640	192	200	634	206
64	640	192	206	634	206
128	640	192	230	634	206
192	640	192	265	634	206
256	640	192	309	634	206
320	640	192	359	635	206
384	640	192	412	635	206
448	640	192	465	635	206
512	640	192	520	635	205
576	640	192	578	635	205
640	640	192	635	636	205
704	640	192	691	636	205
768	640	192	749	636	204
832	640	192	810	636	204
896	640	192	868	635	204
960	640	192	927	636	204
1023	640	192	983	636	204
0	704	192	220	696	209
64	704	192	227	696	209
128	704	192	247	696	209
192	704	192	280	696	208
256	704	192	322	696	208
320	704	192	369	696	208
384	704	192	420	696	208
448	704	192	473	696	208
512	704	192	527	696	208
576	704	192	583	696	208
640	704	192	639	696	208
704	704	192	696	696	207
768	704	192	754	697	207
832	704	192	813	697	207
896	704	192	871	697	207
960	704	192	930	697	207
1023	704	192	986	698	207
0	768	192	240	758	212
64	768	192	245	758	212
128	768	192	263	758	211
192	768	192	295	758	211
256	768	192	334	758	211
320	768	192	380	759	211
384	768	192	429	759	211
448	768	192	481	759	210
512	768	192	534	759	211
576	768	192	590	760	210
640	768	192	645	759	210
704	768	192	701	759	210
768	768	192	758	760	210
832	768	192	817	760	209
896	768	192	875	760	209
960	768	192	934	760	209
1023	768	192	989	761	209
0	832	192	261	821	215
64	832	192	265	821	215
128	832	192	282	821	215
192	832	192	311	821	215
256	832	192	348	821	215
320	832	192	392	822	215
384	832	192	439	821	214
448	832	192	489	821	214
512	832	192	542	822	214
576	832	192	597	822	214
640	832	192	651	822	213
704	832	192	707	823	213
768	832	192	764	823	213
832	832	192	822	822	213
896	832	192	880	823	213
960	832	192	938	823	213
1023	832	192	993	824	213
0	896	192	281	882	218
64	896	192	285	882	218
128	896	192	301	882	218
192	896	192	327	882	218
256	896	192	363	882	218
320	896	192	406	883	218
384	896	192	451	883	218
448	896	192	500	883	218
512	896	192	551	884	218
576	896	192	606	884	218
640	896	192	658	883	217
704	896	192	714	883	217
768	896	192	771	884	217
832	896	192	828	884	217
896	896	192	886	884	217
960	896	192	943	885	217
1023	896	192	999	885	217
0	960	192	300	944	221
64	960	192	305	944	221
128	960	192	319	944	221
192	960	192	344	944	221
256	960	192	378	945	221
320	960	192	418	945	221
384	960	192	462	945	221
448	960	192	510	946	221
512	960	192	561	946	221
576	960	192	614	946	221
640	960	192	665	946	221
704	960	192	721	947	221
768	960	192	778	947	221
832	960	192	834	947	220
896	960	192	891	947	220
960	960	192	948	948	220
1023	960	192	1003	948	220
0	1023	192	321	1006	225
64	1023	192	324	1006	225
128	1023	192	338	1006	225
192	1023	192	361	1006	225
256	1023	192	393	1007	225
320	1023	192	431	1007	225
384	1023	192	474	1007	225
448	1023	192	520	1008	225
512	1023	192	570	1008	225
576	1023	192	622	1008	224
640	1023	192	673	1008	224
704	1023	192	727	1009	224
768	1023	192	785	1009	224
832	1023	192	840	1009	224
896	1023	192	896	1009	224
960	1023	192	953	1009	224
1023	1023	192	1008	1010	223
0	0	256	53	0	256
64	0	256	82	0	256
128	0	256	132	0	256
192	0	256	191	0	256
256	0	256	251	23	256
320	0	256	311	23	256
384	0	256	372	23	256
448	0	256	432	32	256
512	0	256	491	32	256
576	0	256	551	38	256
640	0	256	611	44	256
704	0	256	669	48	256
768	0	256	729	48	257
832	0	256	792	57	256
896	0	256	852	60	256
960	0	256	911	63	256
1023	0	256	969	66	256
0	64	256	57	63	256
64	64	256	82	63	256
128	64	256	134	63	256
192	64	256	191	66	256
256	64	256	251	66	256
320	64	256	311	66	256
384	64	256	372	69	256
448	64	256	432	69	256
512	64	256	492	75	256
576	64	256	551	75	256
640	64	256	611	77	256
704	64	256	670	80	256
768	64	256	730	82	257
832	64	256	792	85	256
896	64	256	852	87	256
960	64	256	911	89	256
1023	64	256	969	91	256
0	128	256	66	129	257
64	128	256	89	129	257
128	128	256	137	129	257
192	128	256	193	130	257
256	128	256	253	132	257
320	128	256	313	132	257
384	128	256	373	133	257
448	128	256	433	133	257
512	128	256	492	134	256
576	128	256	552	134	256
640	128	256	612	136	256
704	128	256	670	137	256
768	128	256	730	138	256
832	128	256	793	139	256
896	128	256	852	141	256
960	128	256	912	142	256
1023	128	256	970	143	256
0	192	256	77	194	257
64	192	256	97	194	257
128	192	256	143	194	257
192	192	256	198	195	257
256	192	256	255	196	257
320	192	256	315	196	257
384	192	256	375	197	256
448	192	256	434	198	257
512	192	256	494	198	257
576	192	256	553	198	257
640	192	256	613	199	257
704	192	256	671	199	257
768	192	256	731	200	257
832	192	256	794	201	256
896	192	256	853	201	256
960	192	256	912	202	256
1023	192	256	970	203	256
0	256	256	93	259	258
64	256	256	109	259	258
128	256	256	150	259	258
192	256	256	202	260	258
256	256	256	260	260	258
320	256	256	318	261	257
384	256	256	378	262	257
448	256	256	437	262	258
512	256	256	496	262	258
576	256	256	555	263	258
640	256	256	615	263	258
704	256	256	673	263	257
768	256	256	732	264	257
832	256	256	795	264	257
896	256	256	853	264	257
960	256	256	913	265	257
1023	256	256	971	265	257
0	320	256	109	324	260
64	320	256	122	324	260
128	320	256	160	324	260
192	320	256	209	324	260
256	320	256	265	325	260
320	320	256	322	325	259
384	320	256	381	326	259
448	320	256	440	326	259
512	320	256	498	327	259
576	320	256	557	327	259
640	320	256	617	327	259
704	320	256	675	327	259
768	320	256	734	327	259
832	320	256	796	328	259
896	320	256	854	327	258
960	320	256	915	328	259
1023	320	256	972	329	259
0	384	256	126	388	262
64	384	256	139	388	262
128	384	256	172	388	261
192	384	256	218	388	261
256	384	256	271	389	261
320	384	256	328	389	260
384	384	256	385	389	260
448	384	256	443	390	260
512	384	256	501	390	260
576	384	256	560	390	260
640	384	256	619	390	260
704	384	256	677	390	259
768	384	256	736	391	260
832	384	256	798	391	260
896	384	256	856	391	259
960	384	256	916	392	259
1023	384	256	973	392	259
0	448	256	145	449	263
64	448	256	155	449	263
128	448	256	185	449	263
192	448	256	228	450	262
256	448	256	279	450	262
320	448	256	334	450	262
384	448	256	391	451	262
448	448	256	448	451	262
512	448	256	505	451	262
576	448	256	563	451	261
640	448	256	622	451	261
704	448	256	680	452	261
768	448	256	739	452	261
832	448	256	800	452	261
896	448	256	858	452	261
960	448	256	917	451	261
1023	448	256	974	452	261
0	512	256	164	510	264
64	512	256	173	510	264
128	512	256	199	510	264
192	512	256	240	511	264
256	512	256	289	511	263
320	512	256	342	512	263
384	512	256	397	512	263
448	512	256	453	512	263
512	512	256	509	512	263
576	512	256	567	512	263
640	512	256	626	513	263
704	512	256	683	513	262
768	512	256	741	513	262
832	512	256	802	513	262
896	512	256	860	513	262
960	512	256	919	513	262
1023	512	256	976	513	262
0	576	256	182	574	266
64	576	256	191	574	266
128	576	256	215	575	265
192	576	256	252	575	265
256	576	256	299	575	265
320	576	256	350	576	265
384	576	256	404	576	265
448	576	256	459	576	265
512	576	256	514	576	265
576	576	256	572	576	265
640	576	256	629	576	264
704	576	256	686	577	264
768	576	256	744	577	264
832	576	256	805	577	264
896	576	256	863	577	263
960	576	256	922	577	263
1023	576	256	979	578	263
0	640	256	202	635	268
64	640	256	209	635	268
128	640	256	232	635	268
192	640	256	266	635	268
256	640	256	310	636	267
320	640	256	359	636	267
384	640	256	412	636	267
448	640	256	466	636	267
512	640	256	520	636	266
576	640	256	578	636	266
640	640	256	634	637	266
704	640	256	691	637	266
768	640	256	749	637	266
832	640	256	809	637	266
896	640	256	867	637	266
960	640	256	926	637	266
1023	640	256	982	638	266
0	704	256	222	697	269
64	704	256	228	697	269
128	704	256	248	697	269
192	704	256	281	697	269
256	704	256	323	697	269
320	704	256	370	697	269
384	704	256	420	697	269
448	704	256	473	697	269
512	704	256	527	697	269
576	704	256	583	697	269
640	704	256	639	697	268
704	704	256	695	698	268
768	704	256	753	698	268
832	704	256	813	699	268
896	704	256	870	698	267
960	704	256	929	698	267
1023	704	256	985	699	268
0	768	256	242	759	272
64	768	256	247	759	272
128	768	256	265	759	271
192	768	256	296	759	271
256	768	256	335	760	271
320	768	256	381	760	271
384	768	256	429	760	271
448	768	256	481	760	271
512	768	256	534	761	271
576	768	256	590	761	271
640	768	256	644	761	270
704	768	256	700	761	270
768	768	256	758	762	270
832	768	256	816	761	270
896	768	256	874	762	270
960	768	256	932	762	270
1023	768	256	988	762	270
0	832	256	262	822	274
64	832	256	267	822	274
128	832	256	283	822	274
192	832	256	312	822	274
256	832	256	349	822	274
320	832	256	393	823	274
384	832	256	439	823	274
448	832	256	489	823	273
512	832	256	542	823	272
576	832	256	597	823	272
640	832	256	651	823	272
704	832	256	706	824	272
768	832	256	764	824	272
832	832	256	821	824	272
896	832	256	879	824	272
960	832	256	937	825	272
1023	832	256	992	825	272
0	896	256	282	883	278
64	896	256	286	883	278
128	896	256	302	883	276
192	896	256	328	883	276
256	896	256	364	883	276
320	896	256	406	884	276
384	896	256	451	884	276
448	896	256	500	885	276
512	896	256	551	885	275
576	896	256	606	885	275
640	896	256	658	885	275
704	896	256	713	885	275
768	896	256	771	886	275
832	896	256	827	885	275
896	896	256	885	886	275
960	896	256	942	887	275
1023	896	256	997	887	275
0	960	256	301	945	279
64	960	256	306	945	279
128	960	256	320	945	279
192	960	256	345	946	279
256	960	256	379	946	279
320	960	256	419	947	279
384	960	256	462	947	279
448	960	256	510	947	279
512	960	256	560	948	279
576	960	256	613	947	279
640	960	256	665	948	279
704	960	256	720	949	278
768	960	256	777	949	278
832	960	256	832	948	278
896	960	256	890	949	278
960	960	256	947	949	278
1023	960	256	1001	950	278
0	1023	256	322	1008	282
64	1023	256	325	1008	282
128	1023	256	339	1008	282
192	1023	256	362	1008	282
256	1023	256	394	1009	282
320	1023	256	431	1009	282
384	1023	256	474	1009	282
448	1023	256	520	1009	281
512	1023	256	570	1009	281
576	1023	256	622	1010	281
640	1023	256	673	1010	281
704	1023	256	727	1011	281
768	1023	256	784	1011	281
832	1023	256	839	1011	281
896	1023	256	895	1011	281
960	1023	256	951	1011	281
1023	1023	256	1006	1012	280
0	0	320	69	0	321
64	0	320	91	0	320
128	0	320	138	0	320
192	0	320	194	23	322
256	0	320	253	23	322
320	0	320	313	23	322
384	0	320	373	23	321
448	0	320	433	32	321
512	0	320	492	32	321
576	0	320	552	38	321
640	0	320	612	44	321
704	0	320	670	48	321
768	0	320	730	53	321
832	0	320	792	57	321
896	0	320	852	60	321
960	0	320	911	63	321
1023	0	320	969	66	321
0	64	320	69	63	323
64	64	320	91	66	323
128	64	320	139	66	323
192	64	320	194	66	322
256	64	320	254	66	322
320	64	320	313	66	322
384	64	320	374	72	321
448	64	320	433	72	321
512	64	320	493	75	321
576	64	320	552	75	321
640	64	320	612	77	321
704	64	320	670	80	321
768	64	320	730	82	322
832	64	320	792	85	321
896	64	320	852	87	321
960	64	320	911	89	321
1023	64	320	969	91	321
0	128	320	77	130	323
64	128	320	97	130	323
128	128	320	142	132	323
192	128	320	197	132	322
256	128	320	255	132	322
320	128	320	315	132	322
384	128	320	375	133	321
448	128	320	434	133	321
512	128	320	493	134	321
576	128	320	553	134	321
640	128	320	613	136	321
704	128	320	670	137	321
768	128	320	730	138	321
832	128	320	793	139	321
896	128	320	852	141	321
960	128	320	912	142	321
1023	128	320	969	143	321
0	192	320	89	195	323
64	192	320	104	195	323
128	192	320	148	195	323
192	192	320	200	195	323
256	192	320	258	197	322
320	192	320	317	197	322
384	192	320	376	197	322
448	192	320	436	198	322
512	192	320	494	198	322
576	192	320	554	198	322
640	192	320	614	200	322
704	192	320	671	200	321
768	192	320	731	200	321
832	192	320	794	202	321
896	192	320	852	202	321
960	192	320	912	202	321
1023	192	320	970	203	321
0	256	320	103	260	324
64	256	320	116	260	324
128	256	320	155	261	324
192	256	320	206	261	323
256	256	320	262	262	323
320	256	320	320	262	322
384	256	320	379	262	322
448	256	320	438	263	322
512	256	320	496	263	322
576	256	320	555	263	322
640	256	320	615	264	322
704	256	320	673	264	322
768	256	320	733	265	322
832	256	320	795	265	322
896	256	320	853	265	322
960	256	320	913	266	322
1023	256	320	970	266	321
0	320	320	116	325	325
64	320	320	129	325	325
128	320	320	164	325	325
192	320	320	212	325	324
256	320	320	267	326	324
320	320	320	324	327	323
384	320	320	382	327	323
448	320	320	441	327	323
512	320	320	499	327	323
576	320	320	558	328	323
640	320	320	617	328	322
704	320	320	675	328	322
768	320	320	734	328	323
832	320	320	796	329	322
896	320	320	854	328	322
960	320	320	914	329	322
1023	320	320	971	330	322
0	384	320	133	389	326
64	384	320	144	389	326
128	384	320	175	389	326
192	384	320	221	389	325
256	384	320	274	389	325
320	384	320	329	390	324
384	384	320	386	390	324
448	384	320	444	391	324
512	384	320	502	391	324
576	384	320	560	391	324
640	384	320	620	392	323
704	384	320	677	392	323
768	384	320	736	392	324
832	384	320	797	392	323
896	384	320	856	392	323
960	384	320	915	392	323
1023	384	320	972	393	323
0	448	320	150	450	327
64	448	320	159	450	327
128	448	320	188	450	327
192	448	320	231	451	326
256	448	320	281	451	326
320	448	320	335	451	325
384	448	320	392	451	325
448	448	320	448	451	325
512	448	320	506	452	325
576	448	320	564	452	325
640	448	320	623	452	324
704	448	320	680	453	324
768	448	320	738	453	324
832	448	320	799	453	324
896	448	320	858	453	324
960	448	320	916	452	324
1023	448	320	973	453	324
0	512	320	169	511	328
64	512	320	177	511	328
128	512	320	202	512	327
192	512	320	243	512	327
256	512	320	290	512	327
320	512	320	343	512	326
384	512	320	398	513	326
448	512	320	453	513	326
512	512	320	510	513	326
576	512	320	567	513	326
640	512	320	626	514	326
704	512	320	683	514	326
768	512	320	741	514	326
832	512	320	802	514	325
896	512	320	860	514	325
960	512	320	919	514	325
1023	512	320	975	515	325
0	576	320	186	575	329
64	576	320	194	575	329
128	576	320	218	575	329
192	576	320	255	576	328
256	576	320	300	576	327
320	576	320	351	576	327
384	576	320	405	577	327
448	576	320	459	577	327
512	576	320	515	577	327
576	576	320	572	577	327
640	576	320	629	577	327
704	576	320	686	578	327
768	576	320	744	578	327
832	576	320	805	578	327
896	576	320	862	578	326
960	576	320	922	578	327
1023	576	320	978	579	327
0	640	320	206	636	331
64	640	320	212	636	331
128	640	320	234	636	331
192	640	320	268	636	330
256	640	320	311	636	329
320	640	320	361	637	329
384	640	320	413	637	329
448	640	320	466	637	329
512	640	320	521	637	328
576	640	320	578	637	328
640	640	320	634	638	328
704	640	320	691	638	328
768	640	320	748	638	328
832	640	320	808	638	328
896	640	320	866	638	328
960	640	320	925	638	328
1023	640	320	981	639	328
0	704	320	224	697	332
64	704	320	231	697	332
128	704	320	250	698	331
192	704	320	283	698	331
256	704	320	324	698	331
320	704	320	371	698	331
384	704	320	421	698	331
448	704	320	473	698	330
512	704	320	527	698	330
576	704	320	583	698	330
640	704	320	639	698	330
704	704	320	695	699	330
768	704	320	753	699	330
832	704	320	812	700	330
896	704	320	870	699	330
960	704	320	928	699	329
1023	704	320	984	700	329
0	768	320	244	760	334
64	768	320	249	760	334
128	768	320	267	760	333
192	768	320	298	760	332
256	768	320	336	761	332
320	768	320	382	761	332
384	768	320	431	761	332
448	768	320	481	761	332
512	768	320	534	762	332
576	768	320	590	762	332
640	768	320	645	762	331
704	768	320	700	762	331
768	768	320	758	763	331
832	768	320	816	762	331
896	768	320	874	763	331
960	768	320	932	763	331
1023	768	320	987	764	331
0	832	320	264	823	335
64	832	320	269	823	335
128	832	320	285	823	335
192	832	320	314	823	335
256	832	320	350	823	334
320	832	320	394	823	334
384	832	320	441	824	334
448	832	320	490	824	334
512	832	320	542	824	334
576	832	320	597	824	334
640	832	320	651	825	334
704	832	320	706	825	334
768	832	320	764	826	334
832	832	320	821	825	334
896	832	320	879	826	334
960	832	320	936	826	333
1023	832	320	991	826	333
0	896	320	283	883	338
64	896	320	288	883	338
128	896	320	303	883	337
192	896	320	330	884	336
256	896	320	365	884	336
320	896	320	407	885	336
384	896	320	452	885	336
448	896	320	500	885	336
512	896	320	551	886	336
576	896	320	606	886	336
640	896	320	658	886	336
704	896	320	713	886	336
768	896	320	770	887	336
832	896	320	827	886	336
896	896	320	884	887	336
960	896	320	942	888	335
1023	896	320	997	888	335
0	960	320	303	946	339
64	960	320	308	946	339
128	960	320	322	946	339
192	960	320	346	947	339
256	960	320	380	947	339
320	960	320	419	947	339
384	960	320	462	948	339
448	960	320	510	948	339
512	960	320	561	949	339
576	960	320	613	948	338
640	960	320	665	949	338
704	960	320	720	950	338
768	960	320	777	950	338
832	960	320	832	949	338
896	960	320	889	950	337
960	960	320	946	951	338
1023	960	320	1001	951	338
0	1023	320	323	1008	341
64	1023	320	327	1008	341
128	1023	320	340	1009	341
192	1023	320	363	1009	341
256	1023	320	395	1009	341
320	1023	320	432	1009	341
384	1023	320	474	1009	341
448	1023	320	520	1010	340
512	1023	320	570	1010	340
576	1023	320	622	1011	340
640	1023	320	673	1011	340
704	1023	320	727	1012	340
768	1023	320	784	1012	340
832	1023	320	839	1012	340
896	1023	320	895	1012	340
960	1023	320	951	1013	340
1023	1023	320	1006	1013	339
0	0	384	85	0	385
64	0	384	101	0	385
128	0	384	145	23	385
192	0	384	198	23	385
256	0	384	256	23	385
320	0	384	316	23	385
384	0	384	376	32	385
448	0	384	435	32	385
512	0	384	494	38	385
576	0	384	553	38	385
640	0	384	613	44	385
704	0	384	671	48	385
768	0	384	731	53	385
832	0	384	793	57	384
896	0	384	852	60	384
960	0	384	912	63	384
1023	0	384	969	66	384
0	64	384	87	66	385
64	64	384	103	66	385
128	64	384	145	66	385
192	64	384	199	66	385
256	64	384	257	66	385
320	64	384	316	66	385
384	64	384	376	72	385
448	64	384	435	72	385
512	64	384	494	75	385
576	64	384	553	75	385
640	64	384	613	77	385
704	64	384	671	80	385
768	64	384	731	82	385
832	64	384	793	85	384
896	64	384	852	87	384
960	64	384	912	89	384
1023	64	384	969	93	384
0	128	384	91	132	386
64	128	384	106	132	386
128	128	384	149	132	386
192	128	384	201	132	386
256	128	384	258	132	385
320	128	384	317	132	385
384	128	384	377	133	385
448	128	384	436	133	385
512	128	384	494	134	385
576	128	384	554	136	385
640	128	384	614	137	385
704	128	384	672	137	385
768	128	384	731	138	385
832	128	384	794	139	385
896	128	384	852	141	384
960	128	384	912	142	384
1023	128	384	970	144	384
0	192	384	99	195	386
64	192	384	113	195	386
128	192	384	153	195	386
192	192	384	205	196	386
256	192	384	261	197	386
320	192	384	319	197	385
384	192	384	378	198	385
448	192	384	437	198	385
512	192	384	495	199	385
576	192	384	555	199	385
640	192	384	615	200	385
704	192	384	673	201	385
768	192	384	732	202	385
832	192	384	794	202	385
896	192	384	853	202	384
960	192	384	913	203	384
1023	192	384	970	204	384
0	256	384	111	260	387
64	256	384	123	260	386
128	256	384	160	261	386
192	256	384	210	261	386
256	256	384	265	262	386
320	256	384	322	262	385
384	256	384	381	262	385
448	256	384	439	263	385
512	256	384	498	263	385
576	256	384	557	264	385
640	256	384	617	265	385
704	256	384	674	265	385
768	256	384	734	265	385
832	256	384	795	266	385
896	256	384	853	266	385
960	256	384	913	266	385
1023	256	384	971	266	385
0	320	384	125	325	388
64	320	384	136	325	388
128	320	384	169	325	388
192	320	384	217	325	388
256	320	384	270	326	388
320	320	384	327	327	387
384	320	384	384	327	387
448	320	384	442	327	387
512	320	384	500	327	387
576	320	384	559	328	386
640	320	384	619	329	386
704	320	384	676	328	386
768	320	384	735	329	386
832	320	384	797	329	386
896	320	384	855	329	386
960	320	384	914	329	386
1023	320	384	971	330	386
0	384	384	139	389	390
64	384	384	150	389	390
128	384	384	180	389	389
192	384	384	225	389	389
256	384	384	276	390	389
320	384	384	331	390	388
384	384	384	389	391	388
448	384	384	446	391	387
512	384	384	503	391	387
576	384	384	562	392	387
640	384	384	621	392	387
704	384	384	678	392	387
768	384	384	737	392	387
832	384	384	798	392	386
896	384	384	856	393	386
960	384	384	915	393	386
1023	384	384	972	393	386
0	448	384	157	451	390
64	448	384	165	451	390
128	448	384	193	451	390
192	448	384	235	451	390
256	448	384	284	451	390
320	448	384	337	451	388
384	448	384	394	452	388
448	448	384	450	452	388
512	448	384	507	452	388
576	448	384	565	453	388
640	448	384	623	453	388
704	448	384	680	453	388
768	448	384	739	453	388
832	448	384	800	453	387
896	448	384	858	453	387
960	448	384	917	453	387
1023	448	384	974	454	387
0	512	384	174	512	391
64	512	384	181	512	391
128	512	384	207	512	391
192	512	384	245	512	391
256	512	384	293	512	390
320	512	384	345	512	389
384	512	384	400	513	389
448	512	384	454	513	389
512	512	384	511	513	389
576	512	384	569	514	389
640	512	384	627	514	388
704	512	384	683	514	388
768	512	384	741	514	388
832	512	384	803	515	388
896	512	384	860	514	388
960	512	384	919	515	388
1023	512	384	975	515	388
0	576	384	191	575	392
64	576	384	198	575	392
128	576	384	221	575	392
192	576	384	258	576	391
256	576	384	302	576	390
320	576	384	353	576	390
384	576	384	407	577	390
448	576	384	460	577	390
512	576	384	516	577	390
576	576	384	573	578	390
640	576	384	630	578	390
704	576	384	687	578	390
768	576	384	745	578	389
832	576	384	806	579	389
896	576	384	863	578	389
960	576	384	923	579	389
1023	576	384	978	579	389
0	640	384	209	636	394
64	640	384	216	636	394
128	640	384	237	636	394
192	640	384	270	636	393
256	640	384	314	636	391
320	640	384	363	637	392
384	640	384	415	637	392
448	640	384	467	637	392
512	640	384	522	638	391
576	640	384	579	638	391
640	640	384	635	638	391
704	640	384	691	638	391
768	640	384	749	638	391
832	640	384	809	638	390
896	640	384	867	638	390
960	640	384	925	639	390
1023	640	384	981	639	390
0	704	384	228	697	393
64	704	384	234	697	393
128	704	384	253	697	393
192	704	384	285	697	393
256	704	384	326	697	393
320	704	384	373	698	393
384	704	384	423	698	393
448	704	384	475	699	393
512	704	384	528	699	392
576	704	384	584	699	392
640	704	384	640	699	392
704	704	384	696	699	392
768	704	384	753	700	392
832	704	384	812	700	392
896	704	384	870	700	392
960	704	384	929	700	392
1023	704	384	984	701	391
0	768	384	247	760	396
64	768	384	252	760	396
128	768	384	270	760	396
192	768	384	300	761	394
256	768	384	338	761	394
320	768	384	383	761	394
384	768	384	432	761	394
448	768	384	482	761	394
512	768	384	535	762	394
576	768	384	591	762	394
640	768	384	645	762	394
704	768	384	700	763	393
768	768	384	758	763	393
832	768	384	816	763	393
896	768	384	874	763	393
960	768	384	932	764	393
1023	768	384	988	765	393
0	832	384	266	823	397
64	832	384	271	823	397
128	832	384	288	823	397
192	832	384	316	823	396
256	832	384	352	824	396
320	832	384	395	824	396
384	832	384	442	824	396
448	832	384	492	825	395
512	832	384	543	825	395
576	832	384	598	825	395
640	832	384	652	826	395
704	832	384	707	825	395
768	832	384	765	826	395
832	832	384	821	826	395
896	832	384	879	826	395
960	832	384	937	826	394
1023	832	384	992	827	394
0	896	384	286	884	401
64	896	384	290	884	401
128	896	384	306	884	398
192	896	384	332	884	398
256	896	384	366	884	398
320	896	384	408	885	398
384	896	384	453	885	398
448	896	384	501	886	397
512	896	384	552	886	397
576	896	384	606	886	397
640	896	384	658	886	397
704	896	384	713	886	397
768	896	384	771	887	398
832	896	384	827	887	397
896	896	384	884	888	397
960	896	384	942	888	396
1023	896	384	997	889	397
0	960	384	306	947	400
64	960	384	309	947	400
128	960	384	324	947	400
192	960	384	348	947	400
256	960	384	381	947	400
320	960	384	420	947	400
384	960	384	464	948	400
448	960	384	511	948	400
512	960	384	561	949	400
576	960	384	614	949	399
640	960	384	666	949	399
704	960	384	720	950	399
768	960	384	777	950	399
832	960	384	833	950	398
896	960	384	889	950	398
960	960	384	946	951	399
1023	960	384	1002	952	399
0	1023	384	325	1009	402
64	1023	384	328	1009	402
128	1023	384	342	1009	402
192	1023	384	365	1009	401
256	1023	384	396	1009	401
320	1023	384	433	1009	402
384	1023	384	475	1009	402
448	1023	384	521	1010	401
512	1023	384	570	1011	401
576	1023	384	622	1010	401
640	1023	384	673	1011	401
704	1023	384	727	1011	401
768	1023	384	784	1012	401
832	1023	384	839	1013	401
896	1023	384	895	1013	400
960	1023	384	952	1013	400
1023	1023	384	1006	1014	400
0	0	448	97	23	449
64	0	448	111	23	449
128	0	448	152	23	449
192	0	448	203	23	448
256	0	448	261	23	448
320	0	448	318	23	447
384	0	448	378	32	447
448	0	448	437	32	447
512	0	448	495	38	447
576	0	448	554	38	447
640	0	448	615	44	447
704	0	448	672	48	447
768	0	448	732	53	447
832	0	448	794	57	447
896	0	448	853	60	446
960	0	448	913	63	446
1023	0	448	970	69	446
0	64	448	99	66	449
64	64	448	113	66	449
128	64	448	153	66	449
192	64	448	204	66	448
256	64	448	261	66	448
320	64	448	319	72	447
384	64	448	378	72	447
448	64	448	437	72	447
512	64	448	495	75	447
576	64	448	554	77	447
640	64	448	615	77	447
704	64	448	672	80	447
768	64	448	732	82	447
832	64	448	794	85	447
896	64	448	853	87	446
960	64	448	913	89	446
1023	64	448	970	93	446
0	128	448	103	132	449
64	128	448	116	132	449
128	128	448	156	132	449
192	128	448	206	132	448
256	128	448	262	132	448
320	128	448	320	133	447
384	128	448	379	133	447
448	128	448	438	133	447
512	128	448	496	136	447
576	128	448	555	137	447
640	128	448	615	137	447
704	128	448	673	138	447
768	128	448	732	139	447
832	128	448	795	141	447
896	128	448	853	141	446
960	128	448	913	142	446
1023	128	448	970	144	446
0	192	448	111	196	449
64	192	448	123	196	449
128	192	448	160	196	449
192	192	448	209	196	449
256	192	448	265	197	448
320	192	448	322	197	448
384	192	448	381	198	448
448	192	448	439	198	447
512	192	448	497	199	447
576	192	448	556	199	447
640	192	448	617	200	447
704	192	448	674	201	447
768	192	448	733	202	447
832	192	448	795	202	447
896	192	448	854	202	447
960	192	448	913	203	447
1023	192	448	971	204	446
0	256	448	120	260	450
64	256	448	132	261	450
128	256	448	167	261	449
192	256	448	214	261	449
256	256	448	268	262	449
320	256	448	325	262	448
384	256	448	383	263	448
448	256	448	441	263	447
512	256	448	499	264	447
576	256	448	558	265	447
640	256	448	618	265	447
704	256	448	675	265	447
768	256	448	734	265	447
832	256	448	796	266	447
896	256	448	854	266	447
960	256	448	914	266	447
1023	256	448	971	266	447
0	320	448	133	325	451
64	320	448	143	325	451
128	320	448	176	325	451
192	320	448	221	326	450
256	320	448	273	326	449
320	320	448	329	327	448
384	320	448	387	327	448
448	320	448	444	328	448
512	320	448	502	328	448
576	320	448	561	328	448
640	320	448	620	329	448
704	320	448	677	329	448
768	320	448	736	329	448
832	320	448	797	329	447
896	320	448	855	329	447
960	320	448	915	330	447
1023	320	448	971	330	447
0	384	448	147	389	452
64	384	448	157	389	452
128	384	448	186	389	452
192	384	448	229	390	451
256	384	448	279	390	451
320	384	448	334	390	449
384	384	448	390	391	449
448	384	448	447	391	449
512	384	448	504	392	449
576	384	448	563	392	449
640	384	448	622	392	448
704	384	448	679	392	448
768	384	448	737	393	448
832	384	448	798	393	448
896	384	448	857	393	448
960	384	448	916	393	448
1023	384	448	973	393	447
0	448	448	163	451	453
64	448	448	171	451	452
128	448	448	198	451	452
192	448	448	238	451	452
256	448	448	287	452	451
320	448	448	340	452	450
384	448	448	396	452	450
448	448	448	451	452	449
512	448	448	508	452	449
576	448	448	566	453	449
640	448	448	624	453	449
704	448	448	681	453	449
768	448	448	740	453	449
832	448	448	801	453	449
896	448	448	859	454	449
960	448	448	918	454	448
1023	448	448	975	454	448
0	512	448	179	512	453
64	512	448	187	512	453
128	512	448	212	512	452
192	512	448	249	512	452
256	512	448	296	513	451
320	512	448	347	513	451
384	512	448	402	514	451
448	512	448	457	514	450
512	512	448	512	514	450
576	512	448	570	514	450
640	512	448	628	514	450
704	512	448	684	514	450
768	512	448	743	515	450
832	512	448	803	515	450
896	512	448	861	515	450
960	512	448	920	515	449
1023	512	448	977	516	449
0	576	448	196	576	454
64	576	448	202	576	454
128	576	448	225	576	454
192	576	448	261	576	453
256	576	448	305	576	451
320	576	448	355	577	451
384	576	448	409	577	451
448	576	448	462	578	451
512	576	448	517	578	451
576	576	448	575	578	451
640	576	448	632	578	451
704	576	448	688	578	451
768	576	448	746	579	451
832	576	448	806	579	451
896	576	448	865	579	450
960	576	448	923	580	450
1023	576	448	979	580	450
0	640	448	214	637	455
64	640	448	221	637	455
128	640	448	241	637	455
192	640	448	274	637	454
256	640	448	317	637	452
320	640	448	365	637	452
384	640	448	416	638	452
448	640	448	469	638	452
512	640	448	524	638	452
576	640	448	580	638	452
640	640	448	636	638	452
704	640	448	692	638	452
768	640	448	750	639	452
832	640	448	810	639	452
896	640	448	868	639	451
960	640	448	926	640	451
1023	640	448	982	640	451
0	704	448	232	698	454
64	704	448	238	698	454
128	704	448	257	698	454
192	704	448	288	698	454
256	704	448	328	698	454
320	704	448	375	699	454
384	704	448	425	699	454
448	704	448	477	700	454
512	704	448	530	700	453
576	704	448	586	700	453
640	704	448	641	700	453
704	704	448	697	701	453
768	704	448	755	701	453
832	704	448	814	700	452
896	704	448	871	701	452
960	704	448	930	701	452
1023	704	448	985	702	452
0	768	448	250	761	457
64	768	448	256	761	457
128	768	448	274	761	457
192	768	448	303	762	455
256	768	448	341	762	455
320	768	448	386	762	455
384	768	448	434	762	454
448	768	448	484	762	454
512	768	448	537	763	454
576	768	448	592	763	454
640	768	448	646	763	454
704	768	448	702	764	454
768	768	448	760	765	454
832	768	448	818	764	454
896	768	448	875	764	454
960	768	448	933	765	453
1023	768	448	989	766	454
0	832	448	270	824	457
64	832	448	275	824	457
128	832	448	291	824	457
192	832	448	318	824	456
256	832	448	355	824	456
320	832	448	397	824	456
384	832	448	443	825	456
448	832	448	493	825	456
512	832	448	545	826	456
576	832	448	600	826	456
640	832	448	653	826	456
704	832	448	708	826	456
768	832	448	766	827	456
832	832	448	822	827	455
896	832	448	880	827	455
960	832	448	938	827	455
1023	832	448	993	828	455
0	896	448	289	885	461
64	896	448	294	885	460
128	896	448	308	885	458
192	896	448	334	885	458
256	896	448	369	885	458
320	896	448	410	886	458
384	896	448	455	886	458
448	896	448	503	886	457
512	896	448	553	887	457
576	896	448	607	887	457
640	896	448	659	887	457
704	896	448	714	888	457
768	896	448	772	888	457
832	896	448	829	889	457
896	896	448	885	888	456
960	896	448	943	889	457
1023	896	448	998	890	457
0	960	448	308	948	460
64	960	448	312	948	460
128	960	448	327	948	460
192	960	448	351	948	460
256	960	448	384	949	460
320	960	448	422	949	460
384	960	448	466	949	459
448	960	448	512	949	459
512	960	448	562	950	459
576	960	448	616	950	459
640	960	448	667	951	459
704	960	448	721	951	459
768	960	448	779	952	459
832	960	448	834	952	458
896	960	448	891	952	458
960	960	448	947	952	458
1023	960	448	1003	953	458
0	1023	448	327	1010	461
64	1023	448	331	1010	461
128	1023	448	344	1010	461
192	1023	448	367	1010	461
256	1023	448	398	1010	461
320	1023	448	435	1010	461
384	1023	448	477	1011	461
448	1023	448	523	1011	461
512	1023	448	572	1012	461
576	1023	448	623	1012	460
640	1023	448	675	1012	460
704	1023	448	728	1013	460
768	1023	448	785	1014	460
832	1023	448	840	1013	460
896	1023	448	896	1014	460
960	1023	448	953	1015	459
1023	1023	448	1007	1015	459
0	0	512	111	23	511
64	0	512	123	23	511
128	0	512	161	23	511
192	0	512	209	23	510
256	0	512	264	23	509
320	0	512	322	32	509
384	0	512	381	32	509
448	0	512	439	38	509
512	0	512	497	38	509
576	0	512	556	44	509
640	0	512	616	44	508
704	0	512	674	48	508
768	0	512	733	53	508
832	0	512	795	57	508
896	0	512	854	60	508
960	0	512	914	66	508
1023	0	512	971	69	508
0	64	512	111	66	511
64	64	512	125	66	511
128	64	512	161	66	511
192	64	512	210	66	510
256	64	512	265	72	509
320	64	512	322	72	509
384	64	512	381	72	509
448	64	512	439	75	509
512	64	512	497	75	509
576	64	512	556	77	509
640	64	512	616	80	508
704	64	512	674	80	508
768	64	512	733	82	508
832	64	512	796	85	508
896	64	512	854	87	508
960	64	512	914	91	508
1023	64	512	971	93	508
0	128	512	116	132	511
64	128	512	128	132	511
128	128	512	164	132	511
192	128	512	212	132	510
256	128	512	266	133	510
320	128	512	323	133	509
384	128	512	382	133	509
448	128	512	440	136	509
512	128	512	498	136	509
576	128	512	557	137	509
640	128	512	617	138	508
704	128	512	674	138	508
768	128	512	734	139	508
832	128	512	796	141	508
896	128	512	854	141	508
960	128	512	914	143	508
1023	128	512	971	144	508
0	192	512	122	196	512
64	192	512	133	196	512
128	192	512	168	196	511
192	192	512	215	196	511
256	192	512	269	197	510
320	192	512	325	198	509
384	192	512	384	198	509
448	192	512	441	198	509
512	192	512	499	199	509
576	192	512	558	200	509
640	192	512	618	200	508
704	192	512	675	201	508
768	192	512	734	202	508
832	192	512	796	202	508
896	192	512	855	202	508
960	192	512	914	203	508
1023	192	512	971	205	508
0	256	512	132	261	512
64	256	512	142	261	512
128	256	512	174	261	512
192	256	512	220	261	511
256	256	512	272	262	510
320	256	512	328	262	509
384	256	512	386	263	509
448	256	512	443	263	509
512	256	512	501	264	509
576	256	512	560	264	509
640	256	512	620	265	509
704	256	512	677	265	509
768	256	512	736	266	509
832	256	512	798	266	509
896	256	512	855	266	508
960	256	512	915	266	508
1023	256	512	971	267	508
0	320	512	143	325	513
64	320	512	152	325	513
128	320	512	182	325	512
192	320	512	226	326	512
256	320	512	277	327	511
320	320	512	332	327	510
384	320	512	389	327	510
448	320	512	446	328	509
512	320	512	504	328	509
576	320	512	562	328	509
640	320	512	621	329	509
704	320	512	678	329	509
768	320	512	737	330	509
832	320	512	798	330	509
896	320	512	857	330	509
960	320	512	916	330	508
1023	320	512	972	330	508
0	384	512	156	390	514
64	384	512	165	390	514
128	384	512	193	390	514
192	384	512	234	390	513
256	384	512	283	390	512
320	384	512	337	390	510
384	384	512	393	391	510
448	384	512	449	391	510
512	384	512	506	392	510
576	384	512	564	392	510
640	384	512	623	392	509
704	384	512	680	392	509
768	384	512	739	393	509
832	384	512	800	393	509
896	384	512	858	393	509
960	384	512	916	393	509
1023	384	512	974	394	509
0	448	512	171	451	514
64	448	512	179	451	514
128	448	512	204	451	514
192	448	512	243	451	513
256	448	512	291	452	512
320	448	512	343	452	511
384	448	512	398	452	511
448	448	512	453	452	510
512	448	512	510	453	510
576	448	512	567	453	510
640	448	512	626	453	510
704	448	512	682	453	510
768	448	512	741	454	510
832	448	512	802	454	510
896	448	512	860	454	510
960	448	512	919	454	510
1023	448	512	976	455	510
0	512	512	186	512	515
64	512	512	193	512	515
128	512	512	217	512	514
192	512	512	254	513	514
256	512	512	299	513	512
320	512	512	350	514	512
384	512	512	405	514	512
448	512	512	459	514	511
512	512	512	515	515	511
576	512	512	572	515	511
640	512	512	629	515	511
704	512	512	685	515	510
768	512	512	744	515	511
832	512	512	804	515	510
896	512	512	863	516	511
960	512	512	921	516	510
1023	512	512	978	516	510
0	576	512	202	576	515
64	576	512	209	576	515
128	576	512	230	576	515
192	576	512	265	577	514
256	576	512	309	577	512
320	576	512	359	578	512
384	576	512	411	578	512
448	576	512	465	578	512
512	576	512	519	578	512
576	576	512	576	579	512
640	576	512	633	579	511
704	576	512	689	579	511
768	576	512	747	580	512
832	576	512	808	580	511
896	576	512	866	580	511
960	576	512	924	580	511
1023	576	512	980	580	511
0	640	512	219	637	517
64	640	512	226	637	516
128	640	512	245	637	516
192	640	512	278	637	516
256	640	512	320	638	514
320	640	512	368	638	513
384	640	512	418	638	513
448	640	512	471	638	513
512	640	512	526	639	513
576	640	512	582	639	513
640	640	512	637	639	512
704	640	512	693	639	512
768	640	512	751	640	513
832	640	512	811	640	512
896	640	512	869	640	512
960	640	512	927	640	512
1023	640	512	983	641	512
0	704	512	238	698	516
64	704	512	243	698	516
128	704	512	261	698	515
192	704	512	292	699	515
256	704	512	332	699	515
320	704	512	378	699	514
384	704	512	427	700	514
448	704	512	479	700	514
512	704	512	532	700	514
576	704	512	588	701	514
640	704	512	643	701	514
704	704	512	699	702	514
768	704	512	756	702	514
832	704	512	815	702	514
896	704	512	873	702	513
960	704	512	931	702	513
1023	704	512	986	703	513
0	768	512	255	762	517
64	768	512	260	762	517
128	768	512	277	762	517
192	768	512	306	762	516
256	768	512	344	762	516
320	768	512	389	763	516
384	768	512	436	763	516
448	768	512	486	763	515
512	768	512	538	764	515
576	768	512	594	764	515
640	768	512	648	764	515
704	768	512	704	765	515
768	768	512	761	766	515
832	768	512	819	766	515
896	768	512	876	765	514
960	768	512	935	766	514
1023	768	512	990	767	514
0	832	512	274	824	518
64	832	512	279	824	518
128	832	512	295	825	517
192	832	512	322	825	517
256	832	512	357	825	517
320	832	512	400	825	517
384	832	512	446	825	517
448	832	512	495	826	517
512	832	512	547	827	517
576	832	512	601	827	516
640	832	512	654	826	516
704	832	512	709	827	516
768	832	512	767	828	516
832	832	512	824	828	516
896	832	512	881	828	515
960	832	512	939	829	515
1023	832	512	994	830	515
0	896	512	293	886	521
64	896	512	297	886	519
128	896	512	312	886	519
192	896	512	337	886	519
256	896	512	372	886	518
320	896	512	412	886	518
384	896	512	457	887	518
448	896	512	504	887	518
512	896	512	555	887	518
576	896	512	609	888	517
640	896	512	661	888	517
704	896	512	716	889	517
768	896	512	773	889	517
832	896	512	830	890	517
896	896	512	886	889	517
960	896	512	944	890	517
1023	896	512	999	891	517
0	960	512	312	949	520
64	960	512	316	949	520
128	960	512	330	949	520
192	960	512	354	950	520
256	960	512	386	950	520
320	960	512	425	950	520
384	960	512	468	949	520
448	960	512	514	950	519
512	960	512	564	950	519
576	960	512	617	951	519
640	960	512	669	952	519
704	960	512	722	952	519
768	960	512	780	953	519
832	960	512	836	953	519
896	960	512	892	953	518
960	960	512	948	954	519
1023	960	512	1004	954	518
0	1023	512	331	1011	521
64	1023	512	334	1011	521
128	1023	512	348	1011	521
192	1023	512	370	1011	521
256	1023	512	401	1011	521
320	1023	512	438	1012	521
384	1023	512	479	1012	521
448	1023	512	525	1013	521
512	1023	512	574	1013	521
576	1023	512	625	1013	520
640	1023	512	676	1014	520
704	1023	512	729	1014	520
768	1023	512	787	1015	520
832	1023	512	841	1014	520
896	1023	512	897	1015	520
960	1023	512	954	1016	519
1023	1023	512	1008	1016	519
0	0	576	125	23	574
64	0	576	136	23	574
128	0	576	169	23	574
192	0	576	216	23	573
256	0	576	269	32	572
320	0	576	326	32	572
384	0	576	384	32	572
448	0	576	442	38	572
512	0	576	500	38	571
576	0	576	558	44	571
640	0	576	618	48	571
704	0	576	675	53	571
768	0	576	735	53	571
832	0	576	797	57	570
896	0	576	855	63	570
960	0	576	915	66	570
1023	0	576	973	69	570
0	64	576	125	66	574
64	64	576	137	66	574
128	64	576	170	66	574
192	64	576	216	69	573
256	64	576	269	72	572
320	64	576	326	72	572
384	64	576	384	72	572
448	64	576	442	75	572
512	64	576	500	77	571
576	64	576	558	77	571
640	64	576	618	80	571
704	64	576	676	82	571
768	64	576	735	85	571
832	64	576	797	87	570
896	64	576	855	89	570
960	64	576	915	91	570
1023	64	576	973	93	570
0	128	576	129	132	574
64	128	576	139	132	574
128	128	576	172	132	574
192	128	576	218	133	573
256	128	576	270	133	572
320	128	576	327	133	572
384	128	576	385	133	572
448	128	576	443	136	572
512	128	576	500	136	572
576	128	576	559	137	571
640	128	576	619	138	571
704	128	576	676	139	571
768	128	576	735	141	571
832	128	576	797	142	570
896	128	576	855	142	570
960	128	576	915	143	570
1023	128	576	973	144	570
0	192	576	134	196	575
64	192	576	144	196	575
128	192	576	177	196	574
192	192	576	221	197	573
256	192	576	272	198	573
320	192	576	329	198	572
384	192	576	386	198	572
448	192	576	444	199	572
512	192	576	502	199	572
576	192	576	560	200	571
640	192	576	620	201	571
704	192	576	677	201	571
768	192	576	736	202	571
832	192	576	798	202	571
896	192	576	856	202	570
960	192	576	916	204	570
1023	192	576	973	205	570
0	256	576	143	261	575
64	256	576	152	261	575
128	256	576	182	261	575
192	256	576	226	262	574
256	256	576	276	262	573
320	256	576	331	263	572
384	256	576	389	263	572
448	256	576	446	263	572
512	256	576	504	264	572
576	256	576	562	265	572
640	256	576	621	265	571
704	256	576	678	265	571
768	256	576	737	266	571
832	256	576	799	266	571
896	256	576	857	266	570
960	256	576	916	267	571
1023	256	576	973	267	570
0	320	576	152	326	576
64	320	576	162	326	576
128	320	576	190	326	575
192	320	576	232	326	575
256	320	576	281	327	573
320	320	576	335	327	573
384	320	576	392	328	573
448	320	576	448	328	572
512	320	576	506	328	572
576	320	576	564	328	572
640	320	576	623	329	571
704	320	576	680	329	571
768	320	576	738	330	572
832	320	576	800	330	571
896	320	576	858	330	571
960	320	576	917	330	571
1023	320	576	974	331	571
0	384	576	165	390	577
64	384	576	173	390	577
128	384	576	199	390	577
192	384	576	240	390	576
256	384	576	287	390	575
320	384	576	340	391	573
384	384	576	396	391	573
448	384	576	451	391	573
512	384	576	508	392	572
576	384	576	566	392	572
640	384	576	624	392	572
704	384	576	681	393	572
768	384	576	740	393	572
832	384	576	801	393	572
896	384	576	859	393	571
960	384	576	918	394	571
1023	384	576	975	395	571
0	448	576	179	451	577
64	448	576	187	451	577
128	448	576	210	451	577
192	448	576	248	452	576
256	448	576	295	452	574
320	448	576	346	452	574
384	448	576	401	453	573
448	448	576	456	453	573
512	448	576	512	453	573
576	448	576	570	453	573
640	448	576	627	453	573
704	448	576	684	454	573
768	448	576	742	454	573
832	448	576	803	454	572
896	448	576	861	454	572
960	448	576	920	455	572
1023	448	576	977	456	572
0	512	576	193	512	577
64	512	576	200	513	577
128	512	576	223	513	577
192	512	576	259	513	576
256	512	576	303	514	574
320	512	576	354	514	574
384	512	576	407	514	574
448	512	576	461	515	574
512	512	576	517	515	574
576	512	576	574	515	573
640	512	576	631	515	573
704	512	576	687	515	573
768	512	576	745	516	573
832	512	576	806	516	573
896	512	576	864	516	573
960	512	576	923	516	573
1023	512	576	979	517	573
0	576	576	209	577	578
64	576	576	215	577	578
128	576	576	236	577	578
192	576	576	270	577	577
256	576	576	313	577	575
320	576	576	362	578	575
384	576	576	414	578	575
448	576	576	467	579	575
512	576	576	521	579	575
576	576	576	578	579	574
640	576	576	634	579	574
704	576	576	690	579	574
768	576	576	749	580	574
832	576	576	809	580	574
896	576	576	867	580	573
960	576	576	925	580	573
1023	576	576	982	581	574
0	640	576	225	637	579
64	640	576	231	637	579
128	640	576	251	638	579
192	640	576	283	638	578
256	640	576	323	638	576
320	640	576	371	638	576
384	640	576	421	639	576
448	640	576	473	639	575
512	640	576	528	639	576
576	640	576	584	640	575
640	640	576	639	640	575
704	640	576	695	640	575
768	640	576	753	641	575
832	640	576	813	641	575
896	640	576	870	641	574
960	640	576	929	641	574
1023	640	576	985	642	575
0	704	576	243	699	578
64	704	576	248	699	578
128	704	576	266	699	578
192	704	576	296	699	577
256	704	576	335	700	577
320	704	576	381	700	577
384	704	576	430	700	577
448	704	576	481	700	576
512	704	576	534	701	576
576	704	576	590	701	576
640	704	576	644	701	576
704	704	576	700	702	576
768	704	576	758	703	576
832	704	576	817	703	576
896	704	576	874	703	575
960	704	576	932	703	575
1023	704	576	988	704	576
0	768	576	261	762	580
64	768	576	265	762	580
128	768	576	282	763	579
192	768	576	310	763	578
256	768	576	348	763	578
320	768	576	392	764	578
384	768	576	439	764	578
448	768	576	489	764	578
512	768	576	541	764	577
576	768	576	596	765	577
640	768	576	650	765	577
704	768	576	705	766	577
768	768	576	763	766	577
832	768	576	821	766	577
896	768	576	878	766	576
960	768	576	936	767	576
1023	768	576	991	768	576
0	832	576	279	825	580
64	832	576	283	825	580
128	832	576	298	825	579
192	832	576	326	825	579
256	832	576	361	826	579
320	832	576	403	826	579
384	832	576	449	827	579
448	832	576	497	827	579
512	832	576	549	827	579
576	832	576	603	828	579
640	832	576	655	827	578
704	832	576	711	828	578
768	832	576	769	829	578
832	832	576	826	829	578
896	832	576	882	829	578
960	832	576	940	830	578
1023	832	576	996	830	578
0	896	576	297	887	581
64	896	576	302	887	581
128	896	576	316	887	581
192	896	576	341	887	581
256	896	576	375	887	581
320	896	576	415	888	580
384	896	576	459	888	580
448	896	576	506	888	580
512	896	576	557	888	580
576	896	576	611	889	580
640	896	576	663	889	580
704	896	576	717	890	579
768	896	576	775	890	579
832	896	576	831	890	579
896	896	576	888	890	579
960	896	576	945	891	579
1023	896	576	1001	892	579
0	960	576	316	950	582
64	960	576	320	950	582
128	960	576	333	950	582
192	960	576	357	950	582
256	960	576	389	950	582
320	960	576	428	950	582
384	960	576	470	950	582
448	960	576	516	951	582
512	960	576	566	952	581
576	960	576	618	952	581
640	960	576	670	952	581
704	960	576	724	953	581
768	960	576	781	954	581
832	960	576	837	954	581
896	960	576	893	954	580
960	960	576	950	955	580
1023	960	576	1005	955	580
0	1023	576	334	1012	583
64	1023	576	338	1012	583
128	1023	576	351	1012	583
192	1023	576	373	1012	583
256	1023	576	404	1012	583
320	1023	576	440	1013	583
384	1023	576	482	1013	583
448	1023	576	527	1014	583
512	1023	576	576	1014	583
576	1023	576	627	1014	582
640	1023	576	678	1015	582
704	1023	576	731	1015	582
768	1023	576	788	1015	582
832	1023	576	842	1015	582
896	1023	576	899	1016	582
960	1023	576	955	1017	582
1023	1023	576	1009	1017	581
0	0	640	138	23	636
64	0	640	148	23	636
128	0	640	178	32	635
192	0	640	223	32	635
256	0	640	274	32	634
320	0	640	330	32	633
384	0	640	388	38	633
448	0	640	445	38	633
512	0	640	502	44	633
576	0	640	561	44	633
640	0	640	620	48	633
704	0	640	677	53	632
768	0	640	737	57	633
832	0	640	798	60	632
896	0	640	857	63	632
960	0	640	917	69	632
1023	0	640	975	72	632
0	64	640	138	69	636
64	64	640	149	69	636
128	64	640	179	69	635
192	64	640	223	72	635
256	64	640	274	72	634
320	64	640	330	72	633
384	64	640	388	75	633
448	64	640	445	75	633
512	64	640	503	77	633
576	64	640	561	77	633
640	64	640	620	80	633
704	64	640	678	82	632
768	64	640	737	85	633
832	64	640	798	87	632
896	64	640	857	89	632
960	64	640	917	91	632
1023	64	640	974	95	632
0	128	640	142	133	636
64	128	640	151	133	636
128	128	640	180	133	636
192	128	640	225	133	635
256	128	640	275	133	634
320	128	640	331	133	633
384	128	640	389	136	633
448	128	640	446	136	633
512	128	640	503	137	633
576	128	640	562	137	633
640	128	640	621	138	633
704	128	640	678	139	632
768	128	640	737	141	633
832	128	640	799	142	632
896	128	640	858	143	632
960	128	640	917	144	632
1023	128	640	975	147	632
0	192	640	147	197	637
64	192	640	156	197	636
128	192	640	185	197	636
192	192	640	228	198	635
256	192	640	277	198	634
320	192	640	333	198	633
384	192	640	390	198	633
448	192	640	447	199	633
512	192	640	504	199	633
576	192	640	563	200	633
640	192	640	622	201	633
704	192	640	679	202	632
768	192	640	738	202	633
832	192	640	799	203	632
896	192	640	858	204	632
960	192	640	917	205	632
1023	192	640	975	206	632
0	256	640	155	262	637
64	256	640	163	262	637
128	256	640	190	262	637
192	256	640	232	262	636
256	256	640	281	263	635
320	256	640	336	263	634
384	256	640	393	264	634
448	256	640	449	265	634
512	256	640	506	265	633
576	256	640	564	265	633
640	256	640	623	266	633
704	256	640	680	266	633
768	256	640	739	266	633
832	256	640	800	266	632
896	256	640	859	267	632
960	256	640	918	267	632
1023	256	640	975	268	632
0	320	640	163	326	637
64	320	640	172	326	637
128	320	640	198	327	637
192	320	640	238	327	636
256	320	640	286	327	635
320	320	640	340	328	635
384	320	640	396	328	634
448	320	640	451	329	634
512	320	640	508	329	634
576	320	640	566	329	634
640	320	640	625	329	633
704	320	640	681	330	633
768	320	640	740	330	633
832	320	640	802	331	633
896	320	640	860	331	632
960	320	640	919	331	633
1023	320	640	976	331	633
0	384	640	175	390	639
64	384	640	182	390	639
128	384	640	207	390	639
192	384	640	246	391	638
256	384	640	292	392	635
320	384	640	344	392	635
384	384	640	400	392	635
448	384	640	454	392	635
512	384	640	511	393	634
576	384	640	569	393	634
640	384	640	627	393	634
704	384	640	683	394	633
768	384	640	742	394	633
832	384	640	803	394	633
896	384	640	861	394	633
960	384	640	920	395	633
1023	384	640	977	395	633
0	448	640	188	452	639
64	448	640	195	452	639
128	448	640	218	452	638
192	448	640	254	452	638
256	448	640	300	453	635
320	448	640	350	453	635
384	448	640	405	453	635
448	448	640	459	454	635
512	448	640	515	454	635
576	448	640	572	454	634
640	448	640	629	454	634
704	448	640	686	454	634
768	448	640	744	455	634
832	448	640	805	455	634
896	448	640	863	455	633
960	448	640	922	456	633
1023	448	640	979	456	634
0	512	640	202	513	639
64	512	640	208	513	639
128	512	640	230	514	638
192	512	640	265	514	638
256	512	640	308	514	636
320	512	640	358	514	636
384	512	640	411	515	635
448	512	640	464	515	635
512	512	640	519	515	635
576	512	640	576	516	635
640	512	640	633	516	635
704	512	640	689	516	634
768	512	640	747	517	634
832	512	640	808	517	634
896	512	640	866	517	634
960	512	640	925	517	634
1023	512	640	981	518	634
0	576	640	217	578	640
64	576	640	223	578	639
128	576	640	242	578	639
192	576	640	275	578	639
256	576	640	317	578	636
320	576	640	365	579	636
384	576	640	417	579	636
448	576	640	469	579	636
512	576	640	524	580	635
576	576	640	581	580	635
640	576	640	637	580	635
704	576	640	693	580	635
768	576	640	751	581	635
832	576	640	811	581	635
896	576	640	868	581	635
960	576	640	927	582	634
1023	576	640	983	582	635
0	640	640	232	638	641
64	640	640	238	638	641
128	640	640	257	639	640
192	640	640	288	639	640
256	640	640	328	639	637
320	640	640	375	639	637
384	640	640	425	640	637
448	640	640	476	640	637
512	640	640	530	640	636
576	640	640	586	640	636
640	640	640	641	641	636
704	640	640	697	641	636
768	640	640	755	641	636
832	640	640	814	641	636
896	640	640	872	641	635
960	640	640	931	642	636
1023	640	640	986	643	636
0	704	640	249	699	639
64	704	640	254	699	639
128	704	640	271	700	638
192	704	640	301	700	638
256	704	640	340	700	638
320	704	640	385	701	638
384	704	640	433	701	638
448	704	640	484	702	637
512	704	640	536	702	637
576	704	640	592	702	637
640	704	640	646	702	637
704	704	640	702	702	637
768	704	640	760	703	636
832	704	640	817	703	636
896	704	640	875	703	636
960	704	640	933	704	636
1023	704	640	989	705	637
0	768	640	266	763	641
64	768	640	270	763	641
128	768	640	287	763	640
192	768	640	315	764	639
256	768	640	351	764	639
320	768	640	395	764	638
384	768	640	442	764	638
448	768	640	491	765	638
512	768	640	543	765	638
576	768	640	598	766	638
640	768	640	652	766	638
704	768	640	707	767	637
768	768	640	764	767	637
832	768	640	822	767	637
896	768	640	879	767	637
960	768	640	937	767	637
1023	768	640	993	768	637
0	832	640	284	827	641
64	832	640	288	827	641
128	832	640	304	827	640
192	832	640	330	827	640
256	832	640	365	827	640
320	832	640	406	827	639
384	832	640	451	827	639
448	832	640	500	827	639
512	832	640	551	828	639
576	832	640	605	828	639
640	832	640	658	829	639
704	832	640	713	829	639
768	832	640	770	830	639
832	832	640	827	830	638
896	832	640	884	830	638
960	832	640	942	831	638
1023	832	640	997	831	638
0	896	640	302	888	641
64	896	640	306	888	641
128	896	640	321	888	641
192	896	640	346	888	641
256	896	640	379	889	641
320	896	640	419	890	641
384	896	640	462	889	641
448	896	640	509	889	641
512	896	640	560	890	641
576	896	640	614	890	640
640	896	640	665	891	640
704	896	640	719	891	640
768	896	640	777	891	640
832	896	640	832	891	639
896	896	640	889	892	639
960	896	640	946	892	639
1023	896	640	1002	893	640
0	960	640	320	951	642
64	960	640	324	951	642
128	960	640	337	951	642
192	960	640	361	951	642
256	960	640	393	952	642
320	960	640	431	952	642
384	960	640	473	952	642
448	960	640	519	952	642
512	960	640	569	953	642
576	960	640	621	953	641
640	960	640	672	954	641
704	960	640	726	954	641
768	960	640	783	955	641
832	960	640	838	955	641
896	960	640	895	955	641
960	960	640	951	955	641
1023	960	640	1006	956	641
0	1023	640	339	1013	644
64	1023	640	342	1013	644
128	1023	640	355	1014	644
192	1023	640	377	1014	644
256	1023	640	408	1014	643
320	1023	640	443	1015	643
384	1023	640	485	1015	643
448	1023	640	530	1015	643
512	1023	640	578	1015	643
576	1023	640	629	1015	642
640	1023	640	679	1015	642
704	1023	640	733	1016	642
768	1023	640	790	1016	642
832	1023	640	844	1017	641
896	1023	640	899	1016	641
960	1023	640	956	1017	641
1023	1023	640	1011	1018	642
0	0	704	150	32	695
64	0	704	160	32	695
128	0	704	188	32	695
192	0	704	230	32	695
256	0	704	279	32	694
320	0	704	334	38	694
384	0	704	390	38	694
448	0	704	447	38	693
512	0	704	504	44	693
576	0	704	563	48	693
640	0	704	621	48	693
704	0	704	678	53	693
768	0	704	738	57	693
832	0	704	799	60	693
896	0	704	857	63	692
960	0	704	917	69	693
1023	0	704	975	75	693
0	64	704	151	69	695
64	64	704	161	69	695
128	64	704	188	69	695
192	64	704	230	72	695
256	64	704	280	72	694
320	64	704	334	75	694
384	64	704	391	75	694
448	64	704	447	77	693
512	64	704	505	77	693
576	64	704	563	80	693
640	64	704	621	82	693
704	64	704	678	82	693
768	64	704	738	85	693
832	64	704	800	87	693
896	64	704	857	89	692
960	64	704	917	93	693
1023	64	704	975	95	693
0	128	704	153	133	695
64	128	704	163	133	695
128	128	704	191	133	695
192	128	704	232	133	695
256	128	704	281	133	695
320	128	704	335	134	694
384	128	704	392	134	694
448	128	704	448	137	693
512	128	704	505	137	693
576	128	704	563	138	693
640	128	704	622	139	693
704	128	704	679	139	693
768	128	704	738	141	693
832	128	704	800	142	693
896	128	704	858	143	692
960	128	704	918	145	693
1023	128	704	975	147	693
0	192	704	160	197	696
64	192	704	168	197	696
128	192	704	194	198	696
192	192	704	235	198	696
256	192	704	283	198	695
320	192	704	337	198	694
384	192	704	393	199	694
448	192	704	449	199	693
512	192	704	506	200	693
576	192	704	564	200	693
640	192	704	623	201	693
704	192	704	680	202	693
768	192	704	739	202	693
832	192	704	800	203	693
896	192	704	858	204	693
960	192	704	918	205	693
1023	192	704	975	206	693
0	256	704	166	262	697
64	256	704	174	262	697
128	256	704	200	262	697
192	256	704	239	262	697
256	256	704	286	263	696
320	256	704	340	263	694
384	256	704	395	264	694
448	256	704	452	264	694
512	256	704	508	265	694
576	256	704	566	265	693
640	256	704	625	266	693
704	256	704	681	266	693
768	256	704	740	266	693
832	256	704	801	267	693
896	256	704	859	267	693
960	256	704	919	268	692
1023	256	704	976	268	693
0	320	704	175	326	698
64	320	704	182	326	698
128	320	704	207	326	697
192	320	704	245	327	697
256	320	704	291	327	695
320	320	704	343	328	695
384	320	704	399	328	695
448	320	704	454	329	695
512	320	704	510	329	695
576	320	704	568	329	694
640	320	704	626	330	694
704	320	704	683	330	694
768	320	704	741	331	694
832	320	704	802	331	693
896	320	704	860	331	693
960	320	704	920	331	693
1023	320	704	976	331	693
0	384	704	184	390	700
64	384	704	191	390	700
128	384	704	215	390	700
192	384	704	252	391	700
256	384	704	296	391	696
320	384	704	348	392	696
384	384	704	403	393	695
448	384	704	457	392	695
512	384	704	513	393	695
576	384	704	571	393	695
640	384	704	629	394	694
704	384	704	685	394	694
768	384	704	743	394	694
832	384	704	803	394	694
896	384	704	862	394	693
960	384	704	920	394	694
1023	384	704	978	395	694
0	448	704	196	451	700
64	448	704	203	451	700
128	448	704	225	451	700
192	448	704	260	452	699
256	448	704	304	452	696
320	448	704	354	453	696
384	448	704	408	453	696
448	448	704	461	453	695
512	448	704	517	453	695
576	448	704	574	454	695
640	448	704	631	454	695
704	448	704	687	454	695
768	448	704	746	455	694
832	448	704	806	455	694
896	448	704	864	455	694
960	448	704	923	455	693
1023	448	704	980	456	694
0	512	704	209	513	700
64	512	704	215	513	700
128	512	704	236	513	700
192	512	704	270	514	699
256	512	704	312	514	696
320	512	704	361	514	696
384	512	704	413	515	696
448	512	704	467	515	696
512	512	704	521	515	695
576	512	704	578	516	695
640	512	704	635	516	695
704	512	704	691	516	695
768	512	704	749	517	695
832	512	704	809	517	695
896	512	704	867	517	695
960	512	704	925	517	694
1023	512	704	982	518	695
0	576	704	224	578	700
64	576	704	230	578	700
128	576	704	249	578	700
192	576	704	281	578	700
256	576	704	322	579	697
320	576	704	369	579	697
384	576	704	420	579	697
448	576	704	472	580	697
512	576	704	526	580	697
576	576	704	583	580	696
640	576	704	639	581	696
704	576	704	695	581	696
768	576	704	753	581	696
832	576	704	812	581	695
896	576	704	870	582	695
960	576	704	928	582	695
1023	576	704	984	582	695
0	640	704	239	638	702
64	640	704	244	638	702
128	640	704	262	638	702
192	640	704	293	639	698
256	640	704	332	639	698
320	640	704	378	640	698
384	640	704	428	640	698
448	640	704	479	640	698
512	640	704	532	641	697
576	640	704	588	641	697
640	640	704	643	641	697
704	640	704	699	641	697
768	640	704	757	642	697
832	640	704	816	642	697
896	640	704	873	642	696
960	640	704	931	642	696
1023	640	704	987	643	696
0	704	704	255	700	699
64	704	704	260	700	699
128	704	704	277	700	699
192	704	704	306	700	699
256	704	704	343	701	699
320	704	704	388	702	699
384	704	704	436	702	699
448	704	704	486	702	698
512	704	704	538	702	698
576	704	704	594	702	698
640	704	704	648	702	698
704	704	704	703	703	698
768	704	704	761	704	698
832	704	704	819	703	697
896	704	704	876	704	697
960	704	704	935	704	697
1023	704	704	990	705	697
0	768	704	271	764	703
64	768	704	276	764	703
128	768	704	292	764	703
192	768	704	319	764	700
256	768	704	355	764	700
320	768	704	398	765	700
384	768	704	444	765	699
448	768	704	493	765	699
512	768	704	545	765	699
576	768	704	600	766	699
640	768	704	653	766	698
704	768	704	708	767	698
768	768	704	766	767	698
832	768	704	823	767	698
896	768	704	880	767	698
960	768	704	938	768	697
1023	768	704	994	769	698
0	832	704	289	826	702
64	832	704	293	827	702
128	832	704	308	827	701
192	832	704	334	827	701
256	832	704	369	827	701
320	832	704	409	828	700
384	832	704	454	828	700
448	832	704	502	828	700
512	832	704	553	828	700
576	832	704	607	829	700
640	832	704	659	829	700
704	832	704	714	830	700
768	832	704	771	830	699
832	832	704	827	830	699
896	832	704	885	830	699
960	832	704	942	830	699
1023	832	704	998	832	699
0	896	704	306	888	702
64	896	704	310	888	702
128	896	704	325	888	702
192	896	704	349	888	701
256	896	704	382	889	701
320	896	704	421	889	702
384	896	704	465	889	701
448	896	704	512	890	702
512	896	704	562	890	701
576	896	704	615	890	701
640	896	704	666	890	700
704	896	704	720	891	700
768	896	704	778	891	701
832	896	704	833	891	700
896	896	704	890	891	700
960	896	704	947	892	700
1023	896	704	1003	893	700
0	960	704	324	951	704
64	960	704	328	951	704
128	960	704	342	951	704
192	960	704	365	951	703
256	960	704	396	952	703
320	960	704	433	952	703
384	960	704	475	952	703
448	960	704	521	953	702
512	960	704	570	953	702
576	960	704	622	953	702
640	960	704	673	954	702
704	960	704	727	954	702
768	960	704	785	955	702
832	960	704	839	955	702
896	960	704	895	955	701
960	960	704	952	956	702
1023	960	704	1007	956	702
0	1023	704	343	1014	704
64	1023	704	346	1014	704
128	1023	704	359	1014	704
192	1023	704	381	1014	704
256	1023	704	410	1014	704
320	1023	704	446	1014	704
384	1023	704	487	1015	704
448	1023	704	531	1015	704
512	1023	704	580	1015	704
576	1023	704	631	1016	704
640	1023	704	681	1016	704
704	1023	704	734	1016	703
768	1023	704	791	1017	703
832	1023	704	846	1018	703
896	1023	704	901	1018	703
960	1023	704	957	1018	702
1023	1023	704	1012	1019	703
0	0	768	164	32	760
64	0	768	172	32	760
128	0	768	198	32	759
192	0	768	238	32	758
256	0	768	285	38	756
320	0	768	338	38	756
384	0	768	395	38	756
448	0	768	451	44	755
512	0	768	507	44	755
576	0	768	565	48	755
640	0	768	624	53	755
704	0	768	681	57	755
768	0	768	739	57	754
832	0	768	801	60	754
896	0	768	859	69	754
960	0	768	919	72	754
1023	0	768	976	75	755
0	64	768	164	69	760
64	64	768	173	69	760
128	64	768	198	69	759
192	64	768	238	75	758
256	64	768	285	75	756
320	64	768	339	75	756
384	64	768	395	77	756
448	64	768	451	77	755
512	64	768	508	80	755
576	64	768	565	80	755
640	64	768	624	82	755
704	64	768	681	85	755
768	64	768	739	87	754
832	64	768	801	89	754
896	64	768	859	91	754
960	64	768	919	93	754
1023	64	768	976	95	755
0	128	768	167	133	760
64	128	768	175	133	760
128	128	768	201	133	759
192	128	768	240	134	758
256	128	768	286	134	756
320	128	768	340	134	756
384	128	768	396	134	756
448	128	768	451	137	755
512	128	768	508	138	755
576	128	768	566	138	755
640	128	768	625	139	755
704	128	768	682	141	755
768	128	768	740	142	754
832	128	768	801	143	754
896	128	768	859	144	754
960	128	768	919	145	754
1023	128	768	976	147	755
0	192	768	171	197	760
64	192	768	179	197	760
128	192	768	204	197	760
192	192	768	242	198	758
256	192	768	289	198	757
320	192	768	341	199	756
384	192	768	397	199	756
448	192	768	453	200	755
512	192	768	509	200	755
576	192	768	567	201	755
640	192	768	625	202	755
704	192	768	683	202	755
768	192	768	740	202	755
832	192	768	802	203	754
896	192	768	860	204	754
960	192	768	920	206	754
1023	192	768	977	206	755
0	256	768	178	262	761
64	256	768	185	262	760
128	256	768	209	262	760
192	256	768	247	262	759
256	256	768	292	263	756
320	256	768	344	263	756
384	256	768	400	264	756
448	256	768	454	265	756
512	256	768	511	265	755
576	256	768	568	265	755
640	256	768	627	265	755
704	256	768	684	266	755
768	256	768	741	266	755
832	256	768	802	267	755
896	256	768	861	267	754
960	256	768	920	269	754
1023	256	768	977	269	755
0	320	768	186	326	761
64	320	768	193	326	760
128	320	768	215	327	760
192	320	768	252	327	759
256	320	768	296	327	756
320	320	768	348	327	756
384	320	768	402	328	756
448	320	768	457	328	756
512	320	768	513	329	756
576	320	768	570	329	755
640	320	768	628	330	755
704	320	768	685	330	755
768	320	768	743	331	755
832	320	768	804	331	755
896	320	768	862	331	755
960	320	768	921	331	755
1023	320	768	978	332	755
0	384	768	194	390	761
64	384	768	201	390	761
128	384	768	223	390	761
192	384	768	258	391	759
256	384	768	302	391	757
320	384	768	353	392	757
384	384	768	406	392	757
448	384	768	460	392	756
512	384	768	516	393	756
576	384	768	573	393	756
640	384	768	630	393	755
704	384	768	687	394	756
768	384	768	745	394	755
832	384	768	805	394	755
896	384	768	864	395	755
960	384	768	923	395	755
1023	384	768	979	396	755
0	448	768	206	451	762
64	448	768	212	452	761
128	448	768	232	452	761
192	448	768	266	452	760
256	448	768	309	452	757
320	448	768	359	453	757
384	448	768	411	453	757
448	448	768	465	454	757
512	448	768	520	454	757
576	448	768	576	454	756
640	448	768	633	454	756
704	448	768	689	455	756
768	448	768	748	455	756
832	448	768	808	455	756
896	448	768	866	455	755
960	448	768	925	456	756
1023	448	768	981	457	756
0	512	768	218	513	761
64	512	768	224	513	761
128	512	768	243	513	760
192	512	768	276	514	759
256	512	768	317	514	757
320	512	768	365	515	757
384	512	768	417	515	757
448	512	768	469	515	757
512	512	768	524	516	757
576	512	768	580	516	757
640	512	768	637	516	757
704	512	768	692	517	757
768	512	768	751	517	757
832	512	768	810	517	757
896	512	768	868	517	756
960	512	768	927	518	756
1023	512	768	983	518	756
0	576	768	232	578	762
64	576	768	237	578	762
128	576	768	255	578	761
192	576	768	286	578	760
256	576	768	327	579	759
320	576	768	373	579	759
384	576	768	423	580	758
448	576	768	475	579	758
512	576	768	529	580	758
576	576	768	585	580	758
640	576	768	641	581	758
704	576	768	696	581	758
768	576	768	754	582	758
832	576	768	813	582	757
896	576	768	871	582	757
960	576	768	930	582	757
1023	576	768	985	583	757
0	640	768	246	638	762
64	640	768	251	638	762
128	640	768	269	639	762
192	640	768	298	639	759
256	640	768	337	639	759
320	640	768	382	640	759
384	640	768	431	640	759
448	640	768	482	640	759
512	640	768	535	641	759
576	640	768	591	641	759
640	640	768	645	641	759
704	640	768	701	642	759
768	640	768	759	642	759
832	640	768	817	642	758
896	640	768	875	643	758
960	640	768	933	643	758
1023	640	768	989	644	758
0	704	768	262	701	762
64	704	768	267	701	762
128	704	768	283	701	761
192	704	768	311	702	760
256	704	768	348	702	761
320	704	768	392	702	761
384	704	768	439	702	760
448	704	768	489	702	760
512	704	768	541	702	760
576	704	768	596	703	760
640	704	768	650	703	759
704	704	768	705	704	759
768	704	768	763	704	759
832	704	768	820	704	759
896	704	768	878	704	758
960	704	768	936	705	759
1023	704	768	992	706	759
0	768	768	277	764	763
64	768	768	282	764	763
128	768	768	298	764	762
192	768	768	324	765	761
256	768	768	360	765	761
320	768	768	402	766	761
384	768	768	448	766	761
448	768	768	496	766	761
512	768	768	547	766	760
576	768	768	603	767	760
640	768	768	655	767	760
704	768	768	710	767	760
768	768	768	768	768	760
832	768	768	824	767	759
896	768	768	882	768	759
960	768	768	940	769	759
1023	768	768	996	770	760
0	832	768	294	827	762
64	832	768	298	827	762
128	832	768	313	827	762
192	832	768	339	827	762
256	832	768	373	828	762
320	832	768	413	828	762
384	832	768	457	829	762
448	832	768	505	829	762
512	832	768	556	829	762
576	832	768	610	829	762
640	832	768	661	830	762
704	832	768	716	830	762
768	832	768	774	831	762
832	832	768	829	830	761
896	832	768	887	831	761
960	832	768	944	832	761
1023	832	768	1000	832	761
0	896	768	312	889	764
64	896	768	316	889	764
128	896	768	330	889	764
192	896	768	354	890	764
256	896	768	386	890	764
320	896	768	425	890	764
384	896	768	468	890	764
448	896	768	515	891	763
512	896	768	565	891	763
576	896	768	617	891	763
640	896	768	668	891	763
704	896	768	723	892	763
768	896	768	780	892	762
832	896	768	836	893	762
896	896	768	892	892	762
960	896	768	949	893	762
1023	896	768	1004	894	762
0	960	768	330	952	765
64	960	768	333	952	765
128	960	768	346	952	765
192	960	768	369	952	765
256	960	768	400	953	765
320	960	768	437	953	764
384	960	768	479	953	764
448	960	768	524	953	764
512	960	768	573	954	764
576	960	768	625	954	764
640	960	768	675	954	763
704	960	768	729	955	764
768	960	768	786	956	764
832	960	768	841	956	763
896	960	768	897	956	763
960	960	768	953	956	763
1023	960	768	1008	957	763
0	1023	768	347	1014	766
64	1023	768	350	1014	766
128	1023	768	363	1014	766
192	1023	768	385	1014	766
256	1023	768	414	1015	766
320	1023	768	449	1015	765
384	1023	768	489	1015	765
448	1023	768	534	1016	765
512	1023	768	582	1016	765
576	1023	768	633	1016	765
640	1023	768	683	1017	765
704	1023	768	736	1018	765
768	1023	768	793	1018	764
832	1023	768	847	1018	764
896	1023	768	902	1018	764
960	1023	768	958	1019	764
1023	1023	768	1014	1019	764
0	0	832	178	38	822
64	0	832	185	38	822
128	0	832	209	38	822
192	0	832	246	38	822
256	0	832	292	38	821
320	0	832	344	38	821
384	0	832	400	44	821
448	0	832	455	44	820
512	0	832	511	48	820
576	0	832	569	48	819
640	0	832	627	53	820
704	0	832	684	57	820
768	0	832	742	60	819
832	0	832	803	66	819
896	0	832	862	69	819
960	0	832	921	72	819
1023	0	832	978	77	819
0	64	832	178	75	822
64	64	832	186	75	822
128	64	832	209	75	822
192	64	832	247	75	822
256	64	832	292	75	821
320	64	832	345	77	821
384	64	832	400	77	821
448	64	832	455	77	820
512	64	832	511	80	820
576	64	832	569	82	820
640	64	832	627	82	820
704	64	832	684	85	820
768	64	832	742	87	819
832	64	832	803	89	819
896	64	832	862	91	819
960	64	832	921	93	819
1023	64	832	978	97	819
0	128	832	180	134	823
64	128	832	188	134	823
128	128	832	211	134	822
192	128	832	248	134	822
256	128	832	293	136	821
320	128	832	346	137	821
384	128	832	401	137	820
448	128	832	456	137	820
512	128	832	512	138	820
576	128	832	570	139	820
640	128	832	627	139	820
704	128	832	685	141	820
768	128	832	742	142	819
832	128	832	804	143	819
896	128	832	862	144	819
960	128	832	922	145	819
1023	128	832	978	148	819
0	192	832	183	198	823
64	192	832	190	198	823
128	192	832	214	198	823
192	192	832	250	198	823
256	192	832	296	199	821
320	192	832	347	199	821
384	192	832	402	201	821
448	192	832	457	201	821
512	192	832	513	202	820
576	192	832	570	202	820
640	192	832	628	202	820
704	192	832	685	203	820
768	192	832	743	204	820
832	192	832	804	205	819
896	192	832	863	206	819
960	192	832	922	206	819
1023	192	832	979	206	819
0	256	832	189	262	825
64	256	832	196	262	825
128	256	832	218	263	824
192	256	832	255	263	824
256	256	832	299	264	821
320	256	832	350	265	821
384	256	832	405	265	821
448	256	832	459	265	821
512	256	832	514	265	820
576	256	832	572	266	820
640	256	832	629	266	820
704	256	832	686	267	820
768	256	832	744	267	820
832	256	832	805	268	820
896	256	832	864	269	819
960	256	832	923	269	819
1023	256	832	979	269	819
0	320	832	197	327	824
64	320	832	203	327	824
128	320	832	225	327	824
192	320	832	259	327	823
256	320	832	303	329	822
320	320	832	354	329	821
384	320	832	407	329	821
448	320	832	461	330	821
512	320	832	517	330	821
576	320	832	574	330	820
640	320	832	631	331	820
704	320	832	688	331	820
768	320	832	746	331	820
832	320	832	807	331	820
896	320	832	865	332	820
960	320	832	924	332	819
1023	320	832	980	333	820
0	384	832	206	391	828
64	384	832	212	391	828
128	384	832	232	392	828
192	384	832	266	392	827
256	384	832	308	393	822
320	384	832	358	393	822
384	384	832	411	393	821
448	384	832	465	394	821
512	384	832	519	394	821
576	384	832	577	394	821
640	384	832	633	394	820
704	384	832	690	395	820
768	384	832	748	395	820
832	384	832	808	395	820
896	384	832	867	396	820
960	384	832	925	396	820
1023	384	832	981	396	819
0	448	832	215	453	827
64	448	832	222	453	826
128	448	832	242	453	826
192	448	832	274	453	826
256	448	832	316	454	822
320	448	832	364	454	822
384	448	832	415	454	821
448	448	832	469	455	821
512	448	832	523	455	821
576	448	832	580	455	821
640	448	832	636	455	820
704	448	832	692	456	820
768	448	832	751	456	821
832	448	832	810	456	820
896	448	832	869	457	820
960	448	832	927	457	820
1023	448	832	983	457	820
0	512	832	228	515	826
64	512	832	233	515	826
128	512	832	252	515	826
192	512	832	283	515	826
256	512	832	323	515	822
320	512	832	371	516	822
384	512	832	421	516	822
448	512	832	473	517	822
512	512	832	527	517	822
576	512	832	584	517	821
640	512	832	639	517	821
704	512	832	696	518	821
768	512	832	754	518	821
832	512	832	813	518	821
896	512	832	871	519	821
960	512	832	929	519	821
1023	512	832	985	519	821
0	576	832	240	579	827
64	576	832	245	579	827
128	576	832	263	579	826
192	576	832	293	579	823
256	576	832	333	580	823
320	576	832	379	580	823
384	576	832	428	581	823
448	576	832	479	581	823
512	576	832	532	581	822
576	576	832	589	582	822
640	576	832	643	582	822
704	576	832	699	582	822
768	576	832	757	582	822
832	576	832	816	582	821
896	576	832	874	583	821
960	576	832	932	583	821
1023	576	832	988	584	821
0	640	832	254	640	828
64	640	832	259	640	828
128	640	832	276	640	828
192	640	832	304	640	824
256	640	832	343	640	824
320	640	832	387	641	824
384	640	832	435	641	824
448	640	832	486	642	823
512	640	832	538	642	823
576	640	832	594	642	823
640	640	832	648	642	823
704	640	832	703	642	822
768	640	832	762	643	822
832	640	832	819	643	822
896	640	832	877	643	822
960	640	832	935	644	822
1023	640	832	991	645	822
0	704	832	269	701	824
64	704	832	273	701	824
128	704	832	289	701	824
192	704	832	317	702	825
256	704	832	353	702	825
320	704	832	397	703	825
384	704	832	443	703	824
448	704	832	492	704	824
512	704	832	544	704	824
576	704	832	600	704	824
640	704	832	653	704	823
704	704	832	708	705	823
768	704	832	766	705	824
832	704	832	824	706	823
896	704	832	880	706	823
960	704	832	939	706	823
1023	704	832	993	706	823
0	768	832	284	765	828
64	768	832	288	765	828
128	768	832	304	766	825
192	768	832	330	766	825
256	768	832	365	766	825
320	768	832	407	767	825
384	768	832	452	767	825
448	768	832	500	767	824
512	768	832	551	768	824
576	768	832	606	768	824
640	768	832	658	768	824
704	768	832	713	769	824
768	768	832	771	769	824
832	768	832	828	770	824
896	768	832	885	770	824
960	768	832	942	770	824
1023	768	832	997	770	824
0	832	832	301	829	826
64	832	832	305	829	826
128	832	832	320	829	826
192	832	832	344	829	826
256	832	832	378	829	826
320	832	832	417	830	826
384	832	832	461	830	826
448	832	832	509	830	826
512	832	832	559	831	826
576	832	832	613	831	825
640	832	832	664	831	825
704	832	832	719	832	826
768	832	832	777	832	825
832	832	832	833	832	825
896	832	832	889	832	824
960	832	832	946	833	825
1023	832	832	1002	834	825
0	896	832	318	891	827
64	896	832	322	891	827
128	896	832	336	891	827
192	896	832	359	891	827
256	896	832	391	891	827
320	896	832	429	891	827
384	896	832	471	891	826
448	896	832	518	891	826
512	896	832	567	892	827
576	896	832	620	892	826
640	896	832	671	893	826
704	896	832	725	893	826
768	896	832	783	894	826
832	896	832	839	895	826
896	896	832	895	895	826
960	896	832	951	895	826
1023	896	832	1006	895	826
0	960	832	335	954	830
64	960	832	339	954	830
128	960	832	352	954	830
192	960	832	374	954	830
256	960	832	405	955	829
320	960	832	441	955	829
384	960	832	482	954	829
448	960	832	527	955	828
512	960	832	577	955	828
576	960	832	627	956	827
640	960	832	678	956	828
704	960	832	732	957	828
768	960	832	789	957	827
832	960	832	843	957	827
896	960	832	900	958	827
960	960	832	956	958	827
1023	960	832	1011	959	827
0	1023	832	353	1016	829
64	1023	832	356	1016	829
128	1023	832	368	1016	829
192	1023	832	389	1016	829
256	1023	832	418	1017	829
320	1023	832	453	1017	829
384	1023	832	494	1017	829
448	1023	832	538	1017	829
512	1023	832	586	1018	829
576	1023	832	635	1018	829
640	1023	832	686	1019	828
704	1023	832	739	1019	829
768	1023	832	796	1020	828
832	1023	832	849	1019	828
896	1023	832	905	1020	827
960	1023	832	960	1020	827
1023	1023	832	1016	1021	828
0	0	896	190	38	885
64	0	896	197	38	885
128	0	896	219	38	885
192	0	896	255	38	884
256	0	896	299	44	883
320	0	896	350	44	883
384	0	896	405	44	882
448	0	896	459	48	882
512	0	896	515	48	881
576	0	896	573	53	881
640	0	896	630	57	881
704	0	896	687	57	881
768	0	896	745	63	881
832	0	896	805	66	880
896	0	896	865	69	880
960	0	896	924	75	880
1023	0	896	980	77	880
0	64	896	191	75	885
64	64	896	198	75	885
128	64	896	220	75	885
192	64	896	255	75	884
256	64	896	299	77	883
320	64	896	350	77	883
384	64	896	405	77	882
448	64	896	459	80	882
512	64	896	515	80	881
576	64	896	573	82	881
640	64	896	630	85	881
704	64	896	687	87	881
768	64	896	745	89	881
832	64	896	806	91	880
896	64	896	865	93	880
960	64	896	924	95	880
1023	64	896	980	97	880
0	128	896	193	134	886
64	128	896	199	134	885
128	128	896	221	134	885
192	128	896	256	136	884
256	128	896	301	137	883
320	128	896	351	137	883
384	128	896	406	137	882
448	128	896	460	138	882
512	128	896	516	138	881
576	128	896	573	139	881
640	128	896	630	141	881
704	128	896	687	142	881
768	128	896	745	143	881
832	128	896	806	144	880
896	128	896	865	145	880
960	128	896	924	147	880
1023	128	896	980	148	880
0	192	896	197	198	886
64	192	896	203	199	886
128	192	896	224	199	886
192	192	896	259	199	885
256	192	896	303	200	883
320	192	896	353	201	883
384	192	896	407	201	882
448	192	896	461	202	882
512	192	896	517	202	882
576	192	896	574	202	881
640	192	896	632	202	881
704	192	896	688	203	881
768	192	896	746	204	881
832	192	896	807	205	881
896	192	896	865	206	880
960	192	896	924	207	880
1023	192	896	981	208	880
0	256	896	202	263	887
64	256	896	208	263	887
128	256	896	229	264	886
192	256	896	263	264	886
256	256	896	306	265	883
320	256	896	356	266	883
384	256	896	409	266	882
448	256	896	463	266	882
512	256	896	518	266	882
576	256	896	576	267	881
640	256	896	633	267	881
704	256	896	689	267	881
768	256	896	747	268	881
832	256	896	807	269	881
896	256	896	866	269	880
960	256	896	925	269	880
1023	256	896	981	270	880
0	320	896	208	328	886
64	320	896	214	328	886
128	320	896	235	328	886
192	320	896	267	329	885
256	320	896	310	329	883
320	320	896	360	330	883
384	320	896	412	330	882
448	320	896	465	330	882
512	320	896	520	331	881
576	320	896	578	331	881
640	320	896	634	331	881
704	320	896	691	332	881
768	320	896	749	332	881
832	320	896	809	332	881
896	320	896	867	332	881
960	320	896	926	333	881
1023	320	896	982	333	881
0	384	896	216	392	889
64	384	896	222	392	889
128	384	896	242	393	888
192	384	896	274	393	887
256	384	896	315	393	883
320	384	896	364	394	883
384	384	896	415	394	882
448	384	896	469	394	882
512	384	896	523	394	882
576	384	896	580	395	881
640	384	896	636	395	881
704	384	896	693	395	881
768	384	896	751	395	881
832	384	896	810	396	881
896	384	896	869	396	881
960	384	896	928	397	881
1023	384	896	984	398	881
0	448	896	226	454	888
64	448	896	232	454	887
128	448	896	250	454	887
192	448	896	281	454	886
256	448	896	322	454	883
320	448	896	370	455	883
384	448	896	420	455	883
448	448	896	473	455	882
512	448	896	527	456	882
576	448	896	584	456	882
640	448	896	639	456	882
704	448	896	695	457	882
768	448	896	753	457	882
832	448	896	813	457	881
896	448	896	871	457	881
960	448	896	929	457	881
1023	448	896	985	458	882
0	512	896	237	515	887
64	512	896	242	515	887
128	512	896	260	515	886
192	512	896	290	516	884
256	512	896	330	516	884
320	512	896	376	517	883
384	512	896	426	517	883
448	512	896	477	517	883
512	512	896	531	517	883
576	512	896	587	518	882
640	512	896	642	518	882
704	512	896	698	518	882
768	512	896	756	519	882
832	512	896	815	519	882
896	512	896	873	519	882
960	512	896	932	520	882
1023	512	896	988	520	882
0	576	896	249	580	887
64	576	896	254	580	887
128	576	896	271	580	887
192	576	896	300	581	884
256	576	896	338	581	884
320	576	896	384	581	884
384	576	896	432	581	883
448	576	896	483	581	883
512	576	896	536	582	883
576	576	896	592	582	883
640	576	896	646	582	883
704	576	896	702	583	883
768	576	896	760	583	883
832	576	896	818	583	883
896	576	896	876	584	883
960	576	896	935	584	883
1023	576	896	990	584	883
0	640	896	262	640	888
64	640	896	267	640	888
128	640	896	283	641	888
192	640	896	311	641	885
256	640	896	348	641	885
320	640	896	392	642	885
384	640	896	439	642	884
448	640	896	489	642	884
512	640	896	542	643	884
576	640	896	597	643	884
640	640	896	651	643	884
704	640	896	706	644	884
768	640	896	764	644	884
832	640	896	822	644	883
896	640	896	879	644	883
960	640	896	938	645	884
1023	640	896	993	645	883
0	704	896	276	703	886
64	704	896	281	703	886
128	704	896	296	703	886
192	704	896	323	703	886
256	704	896	359	703	886
320	704	896	401	704	885
384	704	896	447	704	885
448	704	896	496	704	885
512	704	896	547	705	885
576	704	896	603	705	885
640	704	896	655	705	884
704	704	896	710	705	885
768	704	896	768	706	884
832	704	896	825	706	884
896	704	896	883	706	884
960	704	896	940	707	884
1023	704	896	996	708	884
0	768	896	291	767	887
64	768	896	295	767	887
128	768	896	310	767	887
192	768	896	336	767	887
256	768	896	371	767	887
320	768	896	411	768	886
384	768	896	456	768	886
448	768	896	504	768	886
512	768	896	555	768	885
576	768	896	609	769	885
640	768	896	661	769	885
704	768	896	716	770	885
768	768	896	773	770	885
832	768	896	830	770	885
896	768	896	887	771	885
960	768	896	944	771	885
1023	768	896	1000	772	885
0	832	896	307	830	887
64	832	896	312	830	887
128	832	896	326	830	887
192	832	896	350	830	887
256	832	896	383	830	887
320	832	896	422	830	887
384	832	896	465	831	887
448	832	896	512	831	887
512	832	896	562	831	887
576	832	896	615	832	886
640	832	896	667	832	886
704	832	896	722	832	886
768	832	896	779	833	887
832	832	896	835	833	886
896	832	896	891	833	886
960	832	896	949	834	886
1023	832	896	1004	834	886
0	896	896	324	891	888
64	896	896	327	891	888
128	896	896	341	891	888
192	896	896	364	892	888
256	896	896	396	892	888
320	896	896	433	892	888
384	896	896	475	892	888
448	896	896	521	892	888
512	896	896	571	893	888
576	896	896	623	894	887
640	896	896	674	894	887
704	896	896	728	894	887
768	896	896	785	894	887
832	896	896	840	895	887
896	896	896	896	895	887
960	896	896	953	895	887
1023	896	896	1008	896	887
0	960	896	341	954	889
64	960	896	344	954	889
128	960	896	357	954	889
192	960	896	379	955	889
256	960	896	409	955	889
320	960	896	445	955	889
384	960	896	486	956	889
448	960	896	531	956	889
512	960	896	580	956	889
576	960	896	630	957	888
640	960	896	681	957	888
704	960	896	734	957	889
768	960	896	791	958	888
832	960	896	845	958	888
896	960	896	901	958	888
960	960	896	957	959	888
1023	960	896	1013	960	888
0	1023	896	358	1017	891
64	1023	896	362	1017	891
128	1023	896	374	1017	891
192	1023	896	394	1018	891
256	1023	896	423	1018	890
320	1023	896	458	1018	890
384	1023	896	497	1018	890
448	1023	896	541	1019	890
512	1023	896	589	1019	890
576	1023	896	638	1019	889
640	1023	896	688	1019	889
704	1023	896	741	1020	889
768	1023	896	798	1020	889
832	1023	896	852	1020	889
896	1023	896	907	1020	889
960	1023	896	963	1022	889
1023	1023	896	1018	1022	889
0	0	960	202	44	947
64	0	960	209	44	946
128	0	960	230	44	946
192	0	960	263	44	945
256	0	960	306	44	944
320	0	960	355	44	943
384	0	960	408	48	943
448	0	960	462	48	943
512	0	960	518	53	943
576	0	960	575	53	942
640	0	960	632	57	942
704	0	960	689	63	942
768	0	960	747	66	942
832	0	960	808	69	942
896	0	960	866	72	942
960	0	960	925	75	942
1023	0	960	982	80	942
0	64	960	203	77	947
64	64	960	209	77	946
128	64	960	230	77	946
192	64	960	263	77	945
256	64	960	306	77	944
320	64	960	356	80	943
384	64	960	408	80	943
448	64	960	462	80	943
512	64	960	518	82	943
576	64	960	575	85	942
640	64	960	632	85	942
704	64	960	689	87	942
768	64	960	747	89	942
832	64	960	808	91	942
896	64	960	866	93	942
960	64	960	925	95	942
1023	64	960	982	99	942
0	128	960	205	136	947
64	128	960	211	136	947
128	128	960	232	136	946
192	128	960	264	137	945
256	128	960	307	137	944
320	128	960	357	137	944
384	128	960	410	138	943
448	128	960	463	138	943
512	128	960	519	139	943
576	128	960	576	141	942
640	128	960	633	141	942
704	128	960	689	142	942
768	128	960	748	143	942
832	128	960	808	144	942
896	128	960	866	145	942
960	128	960	925	147	942
1023	128	960	982	149	942
0	192	960	208	198	947
64	192	960	214	198	947
128	192	960	234	199	947
192	192	960	266	200	946
256	192	960	309	200	944
320	192	960	358	200	944
384	192	960	411	202	943
448	192	960	465	202	943
512	192	960	520	202	943
576	192	960	577	202	943
640	192	960	634	203	942
704	192	960	690	204	942
768	192	960	748	205	942
832	192	960	809	206	942
896	192	960	867	206	942
960	192	960	926	207	942
1023	192	960	982	208	942
0	256	960	213	263	948
64	256	960	218	263	948
128	256	960	239	263	948
192	256	960	270	265	947
256	256	960	312	265	944
320	256	960	361	265	944
384	256	960	413	265	943
448	256	960	467	266	943
512	256	960	521	266	943
576	256	960	579	267	943
640	256	960	635	267	942
704	256	960	691	268	942
768	256	960	749	269	942
832	256	960	810	269	942
896	256	960	868	269	942
960	256	960	927	270	942
1023	256	960	983	270	942
0	320	960	219	328	947
64	320	960	225	328	947
128	320	960	243	328	947
192	320	960	275	329	945
256	320	960	317	329	944
320	320	960	365	330	944
384	320	960	416	330	943
448	320	960	469	331	943
512	320	960	524	331	943
576	320	960	581	331	943
640	320	960	637	331	943
704	320	960	693	331	942
768	320	960	751	332	943
832	320	960	811	332	942
896	320	960	869	332	942
960	320	960	928	333	942
1023	320	960	984	334	943
0	384	960	227	392	949
64	384	960	232	392	949
128	384	960	251	392	948
192	384	960	281	393	947
256	384	960	322	393	944
320	384	960	369	394	944
384	384	960	420	394	943
448	384	960	472	394	943
512	384	960	527	394	943
576	384	960	584	395	943
640	384	960	639	395	943
704	384	960	695	396	943
768	384	960	753	396	943
832	384	960	813	396	943
896	384	960	871	397	942
960	384	960	929	397	943
1023	384	960	986	397	943
0	448	960	236	454	948
64	448	960	241	454	948
128	448	960	258	454	948
192	448	960	288	454	944
256	448	960	328	455	944
320	448	960	375	455	944
384	448	960	425	455	944
448	448	960	476	456	944
512	448	960	530	456	943
576	448	960	586	456	943
640	448	960	642	457	943
704	448	960	698	457	943
768	448	960	756	457	943
832	448	960	815	457	943
896	448	960	873	457	943
960	448	960	931	458	943
1023	448	960	988	459	944
0	512	960	246	515	948
64	512	960	251	516	948
128	512	960	268	516	947
192	512	960	297	516	944
256	512	960	336	516	944
320	512	960	382	517	944
384	512	960	431	517	944
448	512	960	481	517	944
512	512	960	534	518	944
576	512	960	591	518	944
640	512	960	645	518	944
704	512	960	701	519	944
768	512	960	759	519	944
832	512	960	817	519	944
896	512	960	875	519	943
960	512	960	933	520	944
1023	512	960	989	520	944
0	576	960	258	580	948
64	576	960	262	580	948
128	576	960	279	580	947
192	576	960	307	580	945
256	576	960	344	581	945
320	576	960	389	581	945
384	576	960	437	582	945
448	576	960	487	582	945
512	576	960	539	582	945
576	576	960	595	583	945
640	576	960	649	583	945
704	576	960	705	583	945
768	576	960	762	584	945
832	576	960	820	583	944
896	576	960	878	584	944
960	576	960	936	584	944
1023	576	960	992	585	944
0	640	960	270	641	949
64	640	960	275	641	949
128	640	960	290	641	946
192	640	960	317	641	946
256	640	960	355	642	946
320	640	960	398	642	946
384	640	960	444	642	946
448	640	960	493	643	946
512	640	960	545	643	946
576	640	960	600	643	945
640	640	960	653	643	945
704	640	960	709	644	945
768	640	960	767	645	946
832	640	960	824	644	945
896	640	960	881	645	945
960	640	960	939	645	945
1023	640	960	995	645	945
0	704	960	284	703	947
64	704	960	288	703	947
128	704	960	304	703	947
192	704	960	330	703	947
256	704	960	365	704	947
320	704	960	406	704	946
384	704	960	451	704	946
448	704	960	500	704	946
512	704	960	551	705	946
576	704	960	606	705	946
640	704	960	658	706	946
704	704	960	713	706	946
768	704	960	771	706	946
832	704	960	827	706	946
896	704	960	885	707	946
960	704	960	942	708	946
1023	704	960	998	708	946
0	768	960	299	767	948
64	768	960	303	767	948
128	768	960	317	767	948
192	768	960	342	767	948
256	768	960	376	767	948
320	768	960	416	768	947
384	768	960	460	768	947
448	768	960	508	769	947
512	768	960	558	769	947
576	768	960	612	769	947
640	768	960	663	769	947
704	768	960	718	770	947
768	768	960	776	770	947
832	768	960	832	770	946
896	768	960	888	771	946
960	768	960	946	771	946
1023	768	960	1002	772	947
0	832	960	314	830	949
64	832	960	318	830	949
128	832	960	332	830	949
192	832	960	356	830	949
256	832	960	388	831	949
320	832	960	426	831	949
384	832	960	469	831	948
448	832	960	516	831	948
512	832	960	566	832	948
576	832	960	618	832	948
640	832	960	670	833	948
704	832	960	724	833	948
768	832	960	781	833	948
832	832	960	837	833	948
896	832	960	893	834	947
960	832	960	950	834	947
1023	832	960	1006	835	948
0	896	960	331	891	950
64	896	960	334	891	950
128	896	960	347	891	950
192	896	960	370	892	950
256	896	960	401	892	950
320	896	960	438	892	950
384	896	960	479	893	949
448	896	960	525	893	949
512	896	960	575	894	949
576	896	960	626	894	949
640	896	960	676	894	949
704	896	960	730	895	949
768	896	960	787	895	949
832	896	960	842	895	949
896	896	960	898	895	948
960	896	960	955	896	948
1023	896	960	1010	896	948
0	960	960	347	955	951
64	960	960	350	955	951
128	960	960	363	955	951
192	960	960	384	955	951
256	960	960	413	955	951
320	960	960	449	956	950
384	960	960	489	956	950
448	960	960	534	956	950
512	960	960	583	956	950
576	960	960	633	957	950
640	960	960	683	957	950
704	960	960	736	958	950
768	960	960	793	958	950
832	960	960	848	958	949
896	960	960	903	959	949
960	960	960	959	960	950
1023	960	960	1014	960	949
0	1023	960	364	1018	952
64	1023	960	367	1018	952
128	1023	960	379	1018	952
192	1023	960	399	1018	952
256	1023	960	427	1018	952
320	1023	960	461	1018	951
384	1023	960	500	1018	951
448	1023	960	544	1019	951
512	1023	960	592	1019	951
576	1023	960	640	1019	951
640	1023	960	691	1020	951
704	1023	960	743	1021	951
768	1023	960	800	1021	951
832	1023	960	854	1021	950
896	1023	960	909	1021	950
960	1023	960	964	1022	950
1023	1023	960	1019	1022	950
0	0	1023	215	44	1007
64	0	1023	221	44	1007
128	0	1023	240	44	1006
192	0	1023	272	44	1005
256	0	1023	314	48	1004
320	0	1023	363	48	1004
384	0	1023	414	48	1004
448	0	1023	467	53	1003
512	0	1023	522	53	1003
576	0	1023	580	57	1003
640	0	1023	636	63	1003
704	0	1023	693	63	1003
768	0	1023	750	66	1003
832	0	1023	811	69	1003
896	0	1023	869	75	1003
960	0	1023	927	77	1002
1023	0	1023	984	80	1002
0	64	1023	215	77	1007
64	64	1023	221	77	1007
128	64	1023	240	77	1007
192	64	1023	272	80	1006
256	64	1023	314	80	1004
320	64	1023	363	80	1004
384	64	1023	414	80	1004
448	64	1023	468	82	1003
512	64	1023	523	82	1003
576	64	1023	580	85	1003
640	64	1023	636	87	1003
704	64	1023	693	89	1003
768	64	1023	750	91	1003
832	64	1023	811	93	1003
896	64	1023	869	95	1003
960	64	1023	928	97	1002
1023	64	1023	984	99	1002
0	128	1023	217	136	1008
64	128	1023	223	136	1008
128	128	1023	242	136	1007
192	128	1023	273	138	1006
256	128	1023	315	138	1005
320	128	1023	364	138	1004
384	128	1023	415	138	1004
448	128	1023	468	139	1004
512	128	1023	523	139	1003
576	128	1023	580	141	1003
640	128	1023	636	142	1003
704	128	1023	693	143	1003
768	128	1023	751	144	1003
832	128	1023	811	145	1003
896	128	1023	869	147	1003
960	128	1023	928	148	1002
1023	128	1023	984	149	1003
0	192	1023	220	200	1008
64	192	1023	225	200	1008
128	192	1023	245	200	1007
192	192	1023	275	200	1006
256	192	1023	317	201	1005
320	192	1023	365	202	1004
384	192	1023	417	202	1004
448	192	1023	469	202	1004
512	192	1023	524	202	1003
576	192	1023	581	203	1003
640	192	1023	637	204	1003
704	192	1023	694	204	1003
768	192	1023	752	205	1003
832	192	1023	811	206	1003
896	192	1023	870	206	1003
960	192	1023	928	208	1002
1023	192	1023	985	209	1003
0	256	1023	225	264	1009
64	256	1023	230	264	1009
128	256	1023	248	265	1008
192	256	1023	279	265	1007
256	256	1023	320	265	1005
320	256	1023	368	266	1005
384	256	1023	419	266	1004
448	256	1023	471	266	1004
512	256	1023	526	267	1003
576	256	1023	582	268	1003
640	256	1023	639	268	1003
704	256	1023	695	269	1003
768	256	1023	753	269	1003
832	256	1023	812	269	1003
896	256	1023	871	270	1003
960	256	1023	929	270	1003
1023	256	1023	985	271	1003
0	320	1023	230	329	1007
64	320	1023	236	329	1007
128	320	1023	253	329	1007
192	320	1023	283	330	1006
256	320	1023	324	330	1004
320	320	1023	372	330	1004
384	320	1023	421	331	1003
448	320	1023	474	331	1003
512	320	1023	528	331	1003
576	320	1023	584	331	1003
640	320	1023	640	332	1003
704	320	1023	696	332	1003
768	320	1023	754	333	1003
832	320	1023	814	333	1003
896	320	1023	872	333	1003
960	320	1023	930	333	1003
1023	320	1023	986	334	1003
0	384	1023	237	393	1010
64	384	1023	242	393	1010
128	384	1023	259	393	1009
192	384	1023	289	393	1005
256	384	1023	329	394	1005
320	384	1023	376	394	1004
384	384	1023	425	394	1004
448	384	1023	477	395	1004
512	384	1023	530	395	1003
576	384	1023	587	396	1003
640	384	1023	642	395	1003
704	384	1023	698	396	1003
768	384	1023	756	397	1003
832	384	1023	815	397	1003
896	384	1023	873	397	1003
960	384	1023	932	397	1003
1023	384	1023	988	398	1003
0	448	1023	245	454	1009
64	448	1023	251	454	1008
128	448	1023	267	455	1008
192	448	1023	296	455	1005
256	448	1023	335	455	1004
320	448	1023	381	455	1004
384	448	1023	430	456	1004
448	448	1023	481	456	1004
512	448	1023	534	456	1004
576	448	1023	590	457	1004
640	448	1023	644	457	1003
704	448	1023	701	457	1003
768	448	1023	759	458	1004
832	448	1023	817	458	1003
896	448	1023	875	458	1003
960	448	1023	934	458	1003
1023	448	1023	990	459	1004
0	512	1023	256	516	1008
64	512	1023	261	516	1008
128	512	1023	276	517	1008
192	512	1023	305	517	1005
256	512	1023	343	517	1005
320	512	1023	388	517	1005
384	512	1023	435	517	1004
448	512	1023	486	518	1004
512	512	1023	538	518	1004
576	512	1023	594	518	1004
640	512	1023	648	519	1004
704	512	1023	704	519	1004
768	512	1023	762	519	1004
832	512	1023	820	519	1004
896	512	1023	877	520	1004
960	512	1023	936	520	1004
1023	512	1023	992	521	1004
0	576	1023	266	580	1008
64	576	1023	271	580	1008
128	576	1023	286	581	1005
192	576	1023	314	581	1005
256	576	1023	351	581	1005
320	576	1023	395	582	1005
384	576	1023	441	582	1005
448	576	1023	491	582	1005
512	576	1023	543	583	1005
576	576	1023	598	583	1005
640	576	1023	652	583	1005
704	576	1023	707	583	1005
768	576	1023	765	584	1005
832	576	1023	823	584	1005
896	576	1023	880	584	1004
960	576	1023	938	584	1004
1023	576	1023	994	585	1005
0	640	1023	278	641	1009
64	640	1023	282	641	1009
128	640	1023	298	642	1006
192	640	1023	325	642	1006
256	640	1023	361	642	1006
320	640	1023	403	643	1006
384	640	1023	448	642	1006
448	640	1023	497	643	1006
512	640	1023	548	643	1006
576	640	1023	603	643	1006
640	640	1023	656	644	1005
704	640	1023	711	644	1005
768	640	1023	769	645	1005
832	640	1023	826	645	1005
896	640	1023	883	645	1005
960	640	1023	941	645	1005
1023	640	1023	997	646	1005
0	704	1023	291	703	1007
64	704	1023	296	703	1007
128	704	1023	310	703	1007
192	704	1023	337	704	1007
256	704	1023	371	704	1007
320	704	1023	412	705	1007
384	704	1023	456	705	1007
448	704	1023	504	705	1006
512	704	1023	555	706	1006
576	704	1023	609	706	1006
640	704	1023	661	706	1006
704	704	1023	716	707	1006
768	704	1023	774	707	1006
832	704	1023	830	707	1006
896	704	1023	887	707	1006
960	704	1023	944	707	1006
1023	704	1023	1000	708	1006
0	768	1023	306	767	1008
64	768	1023	310	767	1008
128	768	1023	324	767	1008
192	768	1023	348	767	1008
256	768	1023	381	768	1007
320	768	1023	420	768	1007
384	768	1023	464	768	1007
448	768	1023	511	769	1007
512	768	1023	561	769	1007
576	768	1023	614	769	1006
640	768	1023	666	770	1006
704	768	1023	720	770	1006
768	768	1023	778	770	1006
832	768	1023	834	770	1006
896	768	1023	891	771	1006
960	768	1023	948	772	1006
1023	768	1023	1003	772	1006
0	832	1023	321	830	1009
64	832	1023	325	830	1009
128	832	1023	339	830	1009
192	832	1023	362	831	1009
256	832	1023	394	831	1009
320	832	1023	431	831	1008
384	832	1023	473	832	1008
448	832	1023	519	832	1009
512	832	1023	569	832	1008
576	832	1023	621	833	1008
640	832	1023	673	833	1008
704	832	1023	726	834	1008
768	832	1023	784	834	1008
832	832	1023	839	834	1008
896	832	1023	895	834	1007
960	832	1023	952	835	1008
1023	832	1023	1008	835	1008
0	896	1023	337	892	1010
64	896	1023	341	892	1010
128	896	1023	354	892	1010
192	896	1023	376	893	1010
256	896	1023	406	893	1010
320	896	1023	442	893	1009
384	896	1023	483	893	1009
448	896	1023	528	893	1009
512	896	1023	578	894	1009
576	896	1023	628	894	1009
640	896	1023	679	895	1009
704	896	1023	732	895	1008
768	896	1023	790	895	1009
832	896	1023	844	895	1009
896	896	1023	900	896	1008
960	896	1023	957	897	1009
1023	896	1023	1012	897	1009
0	960	1023	353	956	1011
64	960	1023	357	956	1011
128	960	1023	369	956	1011
192	960	1023	390	956	1011
256	960	1023	419	956	1011
320	960	1023	454	956	1011
384	960	1023	494	957	1010
448	960	1023	538	957	1010
512	960	1023	586	958	1010
576	960	1023	636	958	1010
640	960	1023	686	958	1010
704	960	1023	739	959	1010
768	960	1023	796	959	1010
832	960	1023	850	959	1009
896	960	1023	906	960	1010
960	960	1023	962	961	1010
1023	960	1023	1017	961	1010
0	1023	1023	370	1018	1012
64	1023	1023	373	1018	1012
128	1023	1023	385	1018	1012
192	1023	1023	405	1018	1011
256	1023	1023	432	1019	1011
320	1023	1023	465	1019	1011
384	1023	1023	504	1019	1012
448	1023	1023	547	1019	1011
512	1023	1023	596	1020	1011
576	1023	1023	643	1020	1011
640	1023	1023	694	1021	1011
704	1023	1023	746	1021	1011
768	1023	1023	802	1022	1011
832	1023	1023	856	1022	1011
896	1023	1023	911	1022	1010
960	1023	1023	966	1023	1011
1023	1023	1023	1021	1023	1010
