0	0	0	0	0	0
64	0	0	63	0	0
128	0	0	130	0	0
192	0	0	194	0	0
256	0	0	259	0	0
320	0	0	323	0	0
384	0	0	388	0	0
448	0	0	451	0	0
512	0	0	513	0	0
576	0	0	577	0	0
640	0	0	639	0	0
704	0	0	702	0	0
768	0	0	767	0	0
832	0	0	830	0	0
896	0	0	893	0	0
960	0	0	956	0	0
1023	0	0	1017	0	0
0	64	0	0	63	0
64	64	0	63	63	0
128	64	0	130	63	0
192	64	0	194	63	0
256	64	0	259	63	0
320	64	0	323	63	0
384	64	0	388	63	0
448	64	0	451	63	0
512	64	0	513	63	0
576	64	0	577	63	0
640	64	0	639	63	0
704	64	0	702	63	0
768	64	0	767	63	0
832	64	0	830	63	0
896	64	0	893	63	0
960	64	0	956	63	0
1023	64	0	1017	63	0
0	128	0	0	129	0
64	128	0	63	129	0
128	128	0	130	129	0
192	128	0	194	129	0
256	128	0	259	129	0
320	128	0	324	129	0
384	128	0	388	129	0
448	128	0	451	129	0
512	128	0	514	129	0
576	128	0	577	129	0
640	128	0	640	129	0
704	128	0	702	129	0
768	128	0	767	129	0
832	128	0	830	129	0
896	128	0	894	129	0
960	128	0	957	129	0
1023	128	0	1017	128	0
0	192	0	0	192	0
64	192	0	63	192	0
128	192	0	130	193	0
192	192	0	194	193	0
256	192	0	259	193	0
320	192	0	324	193	0
384	192	0	389	193	0
448	192	0	451	193	0
512	192	0	514	193	0
576	192	0	578	193	0
640	192	0	640	193	0
704	192	0	703	193	0
768	192	0	767	193	0
832	192	0	831	193	0
896	192	0	894	193	0
960	192	0	957	193	0
1023	192	0	1018	192	0
0	256	0	0	257	0
64	256	0	63	257	0
128	256	0	130	257	0
192	256	0	194	258	0
256	256	0	260	258	0
320	256	0	324	258	0
384	256	0	389	258	0
448	256	0	451	258	0
512	256	0	515	259	0
576	256	0	578	259	0
640	256	0	641	258	0
704	256	0	703	259	0
768	256	0	768	258	0
832	256	0	831	258	0
896	256	0	895	257	0
960	256	0	957	257	0
1023	256	0	1018	256	0
0	320	0	0	321	0
64	320	0	63	321	0
128	320	0	130	322	0
192	320	0	194	322	0
256	320	0	259	322	0
320	320	0	324	322	0
384	320	0	389	323	0
448	320	0	452	323	0
512	320	0	515	323	0
576	320	0	579	323	0
640	320	0	641	323	0
704	320	0	704	323	0
768	320	0	768	322	0
832	320	0	831	322	0
896	320	0	895	322	0
960	320	0	958	321	0
1023	320	0	1018	320	0
0	384	0	0	385	0
64	384	0	63	385	0
128	384	0	129	385	0
192	384	0	194	385	0
256	384	0	259	385	0
320	384	0	323	386	0
384	384	0	389	386	0
448	384	0	452	386	0
512	384	0	515	386	0
576	384	0	579	386	0
640	384	0	641	386	0
704	384	0	704	386	0
768	384	0	768	386	0
832	384	0	831	385	0
896	384	0	895	385	0
960	384	0	958	385	0
1023	384	0	1018	384	0
0	448	0	0	446	0
64	448	0	63	446	0
128	448	0	130	447	0
192	448	0	194	447	0
256	448	0	259	447	0
320	448	0	324	447	23
384	448	0	389	447	23
448	448	0	452	447	23
512	448	0	515	447	23
576	448	0	579	447	23
640	448	0	641	447	23
704	448	0	704	447	23
768	448	0	769	447	23
832	448	0	832	446	23
896	448	0	895	446	23
960	448	0	958	446	23
1023	448	0	1018	445	23
0	512	0	0	507	23
64	512	0	63	507	23
128	512	0	130	508	23
192	512	0	194	508	23
256	512	0	260	508	23
320	512	0	324	508	23
384	512	0	389	508	23
448	512	0	452	509	23
512	512	0	516	509	23
576	512	0	580	509	23
640	512	0	642	508	23
704	512	0	704	508	23
768	512	0	769	508	23
832	512	0	832	507	23
896	512	0	895	507	23
960	512	0	957	507	23
1023	512	0	1018	507	23
0	576	0	0	571	23
64	576	0	63	571	23
128	576	0	130	571	23
192	576	0	194	571	23
256	576	0	260	572	23
320	576	0	324	572	23
384	576	0	390	573	23
448	576	0	453	573	23
512	576	0	516	573	23
576	576	0	580	573	23
640	576	0	642	573	23
704	576	0	705	573	23
768	576	0	769	572	23
832	576	0	832	571	23
896	576	0	895	571	23
960	576	0	958	572	23
1023	576	0	1018	571	23
0	640	0	0	631	23
64	640	0	66	631	23
128	640	0	130	631	23
192	640	0	195	631	23
256	640	0	261	632	23
320	640	0	325	632	23
384	640	0	390	633	23
448	640	0	453	633	23
512	640	0	516	633	23
576	640	0	580	633	23
640	640	0	643	633	23
704	640	0	705	633	23
768	640	0	770	633	23
832	640	0	832	632	23
896	640	0	896	632	23
960	640	0	958	631	23
1023	640	0	1019	631	23
0	704	0	23	692	23
64	704	0	69	692	23
128	704	0	132	692	23
192	704	0	196	693	23
256	704	0	262	694	23
320	704	0	326	694	23
384	704	0	391	694	23
448	704	0	454	694	23
512	704	0	517	693	23
576	704	0	580	693	23
640	704	0	643	693	23
704	704	0	706	694	23
768	704	0	770	693	23
832	704	0	833	693	23
896	704	0	896	693	23
960	704	0	959	693	23
1023	704	0	1019	693	23
0	768	0	32	755	23
64	768	0	69	756	23
128	768	0	133	756	23
192	768	0	197	756	23
256	768	0	262	756	23
320	768	0	326	756	23
384	768	0	391	757	23
448	768	0	454	757	23
512	768	0	517	757	23
576	768	0	581	757	23
640	768	0	643	756	23
704	768	0	705	756	23
768	768	0	770	757	23
832	768	0	833	756	23
896	768	0	897	756	23
960	768	0	959	756	23
1023	768	0	1020	756	32
0	832	0	38	818	32
64	832	0	72	818	32
128	832	0	134	818	32
192	832	0	198	819	32
256	832	0	263	819	32
320	832	0	327	819	32
384	832	0	392	819	32
448	832	0	455	819	32
512	832	0	518	819	32
576	832	0	582	819	32
640	832	0	644	819	32
704	832	0	707	820	32
768	832	0	771	819	32
832	832	0	834	819	32
896	832	0	898	819	32
960	832	0	960	819	32
1023	832	0	1021	820	32
0	896	0	44	880	32
64	896	0	75	880	32
128	896	0	136	880	32
192	896	0	199	880	32
256	896	0	264	880	32
320	896	0	328	880	32
384	896	0	393	881	32
448	896	0	456	881	32
512	896	0	519	881	32
576	896	0	583	881	32
640	896	0	645	880	32
704	896	0	707	880	32
768	896	0	773	881	32
832	896	0	836	880	32
896	896	0	899	880	32
960	896	0	961	880	32
1023	896	0	1022	881	32
0	960	0	48	942	32
64	960	0	77	942	32
128	960	0	137	942	32
192	960	0	200	942	32
256	960	0	265	942	32
320	960	0	329	942	32
384	960	0	394	942	32
448	960	0	457	942	32
512	960	0	520	943	32
576	960	0	584	943	32
640	960	0	646	942	32
704	960	0	708	943	32
768	960	0	773	943	32
832	960	0	836	943	32
896	960	0	899	943	32
960	960	0	962	943	32
1023	960	0	1022	943	32
0	1023	0	53	1003	32
64	1023	0	82	1003	32
128	1023	0	139	1003	32
192	1023	0	202	1003	32
256	1023	0	266	1003	32
320	1023	0	330	1003	32
384	1023	0	394	1003	32
448	1023	0	457	1003	38
512	1023	0	520	1004	32
576	1023	0	584	1004	38
640	1023	0	646	1004	38
704	1023	0	708	1004	38
768	1023	0	773	1005	38
832	1023	0	837	1005	32
896	1023	0	900	1004	32
960	1023	0	962	1005	32
1023	1023	0	1023	1005	32
0	0	64	0	0	63
64	0	64	63	0	63
128	0	64	130	0	63
192	0	64	194	0	63
256	0	64	259	0	63
320	0	64	323	0	63
384	0	64	388	0	63
448	0	64	451	0	63
512	0	64	513	0	63
576	0	64	577	0	63
640	0	64	639	0	63
704	0	64	702	0	63
768	0	64	766	0	63
832	0	64	830	0	66
896	0	64	893	0	66
960	0	64	956	0	66
1023	0	64	1017	0	66
0	64	64	0	63	66
64	64	64	63	63	66
128	64	64	130	63	66
192	64	64	194	63	66
256	64	64	259	63	66
320	64	64	323	63	66
384	64	64	388	63	66
448	64	64	451	63	66
512	64	64	513	63	66
576	64	64	577	63	66
640	64	64	639	63	66
704	64	64	702	63	66
768	64	64	767	63	66
832	64	64	830	63	66
896	64	64	893	63	66
960	64	64	956	63	66
1023	64	64	1017	63	66
0	128	64	0	129	66
64	128	64	63	129	66
128	128	64	130	129	66
192	128	64	194	129	66
256	128	64	259	129	66
320	128	64	324	129	66
384	128	64	388	129	66
448	128	64	451	129	66
512	128	64	514	129	66
576	128	64	577	129	66
640	128	64	640	129	66
704	128	64	702	129	66
768	128	64	767	129	66
832	128	64	830	129	66
896	128	64	893	129	66
960	128	64	956	129	66
1023	128	64	1017	128	66
0	192	64	0	192	66
64	192	64	63	193	66
128	192	64	130	193	66
192	192	64	194	193	66
256	192	64	259	193	66
320	192	64	324	193	66
384	192	64	389	193	66
448	192	64	451	193	66
512	192	64	514	193	66
576	192	64	578	193	66
640	192	64	640	193	66
704	192	64	702	193	66
768	192	64	767	193	66
832	192	64	831	193	66
896	192	64	894	193	66
960	192	64	957	193	66
1023	192	64	1017	192	66
0	256	64	0	257	66
64	256	64	63	257	66
128	256	64	130	257	66
192	256	64	194	258	66
256	256	64	260	258	66
320	256	64	324	258	66
384	256	64	389	259	66
448	256	64	451	259	66
512	256	64	514	259	66
576	256	64	578	259	66
640	256	64	641	259	66
704	256	64	703	259	66
768	256	64	768	258	66
832	256	64	831	258	66
896	256	64	894	258	66
960	256	64	957	257	66
1023	256	64	1018	256	66
0	320	64	0	321	66
64	320	64	63	321	66
128	320	64	130	322	66
192	320	64	194	322	66
256	320	64	259	322	66
320	320	64	324	322	66
384	320	64	389	323	66
448	320	64	452	323	66
512	320	64	515	323	66
576	320	64	579	323	66
640	320	64	641	323	66
704	320	64	704	323	66
768	320	64	768	322	66
832	320	64	831	322	66
896	320	64	895	322	66
960	320	64	958	322	66
1023	320	64	1018	321	66
0	384	64	0	385	66
64	384	64	63	385	66
128	384	64	129	385	66
192	384	64	194	385	66
256	384	64	259	385	66
320	384	64	323	386	66
384	384	64	389	386	66
448	384	64	452	386	66
512	384	64	515	386	66
576	384	64	579	386	66
640	384	64	641	386	66
704	384	64	704	386	66
768	384	64	768	386	66
832	384	64	831	385	66
896	384	64	895	385	66
960	384	64	958	385	66
1023	384	64	1018	384	66
0	448	64	0	447	66
64	448	64	63	447	66
128	448	64	130	447	66
192	448	64	194	447	66
256	448	64	259	447	66
320	448	64	324	447	66
384	448	64	389	447	66
448	448	64	452	447	66
512	448	64	515	447	66
576	448	64	579	447	66
640	448	64	641	447	66
704	448	64	704	447	66
768	448	64	769	447	66
832	448	64	832	447	66
896	448	64	895	446	66
960	448	64	957	446	66
1023	448	64	1018	445	66
0	512	64	0	508	66
64	512	64	63	508	66
128	512	64	130	508	66
192	512	64	194	508	66
256	512	64	260	508	66
320	512	64	324	508	66
384	512	64	389	509	66
448	512	64	452	509	66
512	512	64	516	509	66
576	512	64	579	509	66
640	512	64	642	509	66
704	512	64	704	508	66
768	512	64	769	508	66
832	512	64	832	508	66
896	512	64	895	507	66
960	512	64	957	508	66
1023	512	64	1018	507	66
0	576	64	0	571	69
64	576	64	63	571	69
128	576	64	130	571	69
192	576	64	194	571	69
256	576	64	260	572	69
320	576	64	324	572	69
384	576	64	390	573	69
448	576	64	453	573	69
512	576	64	516	573	69
576	576	64	580	573	69
640	576	64	642	573	69
704	576	64	704	573	69
768	576	64	769	572	69
832	576	64	832	571	69
896	576	64	895	572	69
960	576	64	958	572	69
1023	576	64	1018	571	69
0	640	64	0	632	69
64	640	64	66	632	69
128	640	64	130	632	69
192	640	64	195	632	69
256	640	64	261	632	69
320	640	64	325	632	69
384	640	64	390	633	69
448	640	64	453	633	69
512	640	64	516	633	69
576	640	64	580	633	69
640	640	64	643	633	69
704	640	64	705	633	69
768	640	64	770	633	69
832	640	64	832	632	69
896	640	64	896	632	69
960	640	64	958	631	69
1023	640	64	1019	631	69
0	704	64	23	692	69
64	704	64	69	692	69
128	704	64	132	693	69
192	704	64	196	693	69
256	704	64	262	694	69
320	704	64	326	694	69
384	704	64	391	694	69
448	704	64	454	694	69
512	704	64	516	693	69
576	704	64	580	693	69
640	704	64	643	693	69
704	704	64	705	694	69
768	704	64	770	694	69
832	704	64	833	693	69
896	704	64	896	693	69
960	704	64	959	693	69
1023	704	64	1019	693	69
0	768	64	32	756	69
64	768	64	69	756	69
128	768	64	133	756	69
192	768	64	197	756	69
256	768	64	262	756	69
320	768	64	326	756	69
384	768	64	391	757	69
448	768	64	454	757	69
512	768	64	517	757	69
576	768	64	581	757	69
640	768	64	643	756	69
704	768	64	705	756	69
768	768	64	770	757	69
832	768	64	833	756	69
896	768	64	896	756	69
960	768	64	959	757	69
1023	768	64	1019	756	69
0	832	64	38	818	72
64	832	64	72	818	72
128	832	64	134	818	72
192	832	64	198	819	69
256	832	64	263	819	69
320	832	64	327	819	69
384	832	64	392	819	69
448	832	64	455	819	69
512	832	64	518	819	69
576	832	64	582	819	69
640	832	64	644	819	69
704	832	64	707	820	69
768	832	64	771	820	69
832	832	64	834	819	69
896	832	64	898	819	69
960	832	64	960	820	69
1023	832	64	1021	820	69
0	896	64	44	880	72
64	896	64	75	880	72
128	896	64	136	880	72
192	896	64	198	880	72
256	896	64	264	880	72
320	896	64	328	880	72
384	896	64	393	881	72
448	896	64	456	881	72
512	896	64	519	881	72
576	896	64	583	881	72
640	896	64	645	880	72
704	896	64	707	880	72
768	896	64	773	881	72
832	896	64	836	881	72
896	896	64	898	880	72
960	896	64	961	880	72
1023	896	64	1022	881	72
0	960	64	48	942	72
64	960	64	77	942	72
128	960	64	137	942	72
192	960	64	200	942	72
256	960	64	265	942	72
320	960	64	329	942	72
384	960	64	394	942	72
448	960	64	457	943	72
512	960	64	520	943	72
576	960	64	584	943	72
640	960	64	646	942	72
704	960	64	708	943	72
768	960	64	773	944	72
832	960	64	836	943	72
896	960	64	899	943	72
960	960	64	962	943	72
1023	960	64	1022	943	69
0	1023	64	53	1003	72
64	1023	64	82	1003	72
128	1023	64	139	1003	72
192	1023	64	201	1003	72
256	1023	64	266	1003	72
320	1023	64	329	1003	72
384	1023	64	394	1004	72
448	1023	64	457	1004	72
512	1023	64	520	1004	72
576	1023	64	584	1005	72
640	1023	64	646	1004	72
704	1023	64	708	1004	72
768	1023	64	773	1005	72
832	1023	64	837	1005	72
896	1023	64	899	1005	69
960	1023	64	962	1005	72
1023	1023	64	1023	1005	72
0	0	128	0	0	129
64	0	128	63	0	129
128	0	128	130	0	129
192	0	128	194	0	129
256	0	128	259	0	128
320	0	128	323	0	128
384	0	128	388	0	129
448	0	128	451	0	129
512	0	128	513	0	129
576	0	128	577	0	129
640	0	128	639	0	129
704	0	128	701	0	129
768	0	128	766	0	129
832	0	128	830	0	129
896	0	128	893	0	129
960	0	128	956	0	129
1023	0	128	1017	0	129
0	64	128	0	63	130
64	64	128	63	63	130
128	64	128	130	63	130
192	64	128	194	63	130
256	64	128	259	63	129
320	64	128	323	63	129
384	64	128	388	63	129
448	64	128	451	63	129
512	64	128	513	63	129
576	64	128	577	63	129
640	64	128	639	63	129
704	64	128	702	63	129
768	64	128	766	63	129
832	64	128	830	63	129
896	64	128	893	63	129
960	64	128	956	63	129
1023	64	128	1017	63	129
0	128	128	0	129	130
64	128	128	63	129	130
128	128	128	130	129	130
192	128	128	194	129	130
256	128	128	259	129	129
320	128	128	323	129	129
384	128	128	388	129	129
448	128	128	451	129	129
512	128	128	514	129	129
576	128	128	577	129	129
640	128	128	639	129	129
704	128	128	702	129	129
768	128	128	767	129	129
832	128	128	830	129	129
896	128	128	893	129	129
960	128	128	956	129	129
1023	128	128	1017	128	129
0	192	128	0	193	130
64	192	128	63	193	130
128	192	128	130	193	130
192	192	128	194	193	130
256	192	128	259	193	129
320	192	128	323	193	129
384	192	128	388	193	129
448	192	128	451	193	129
512	192	128	514	193	129
576	192	128	578	193	129
640	192	128	640	193	129
704	192	128	702	193	129
768	192	128	767	193	129
832	192	128	830	193	129
896	192	128	893	193	129
960	192	128	956	193	129
1023	192	128	1017	192	129
0	256	128	0	257	130
64	256	128	63	257	130
128	256	128	130	258	130
192	256	128	194	258	130
256	256	128	259	258	129
320	256	128	324	259	129
384	256	128	389	259	129
448	256	128	451	259	129
512	256	128	514	259	129
576	256	128	578	259	129
640	256	128	640	259	129
704	256	128	703	259	129
768	256	128	767	259	129
832	256	128	831	258	129
896	256	128	894	258	129
960	256	128	957	258	129
1023	256	128	1017	256	129
0	320	128	0	322	130
64	320	128	63	322	130
128	320	128	130	322	130
192	320	128	194	322	130
256	320	128	259	322	130
320	320	128	324	323	130
384	320	128	389	323	130
448	320	128	452	323	130
512	320	128	515	323	130
576	320	128	579	323	130
640	320	128	641	323	130
704	320	128	704	323	130
768	320	128	768	323	130
832	320	128	831	322	130
896	320	128	894	322	130
960	320	128	957	322	130
1023	320	128	1018	321	130
0	384	128	0	385	130
64	384	128	63	385	130
128	384	128	129	385	130
192	384	128	194	386	130
256	384	128	259	386	130
320	384	128	323	386	130
384	384	128	389	387	130
448	384	128	452	387	130
512	384	128	515	387	130
576	384	128	579	387	130
640	384	128	641	386	130
704	384	128	704	387	130
768	384	128	768	386	130
832	384	128	831	386	130
896	384	128	895	386	130
960	384	128	957	385	130
1023	384	128	1018	385	130
0	448	128	0	447	132
64	448	128	63	447	130
128	448	128	130	447	130
192	448	128	194	447	130
256	448	128	259	447	130
320	448	128	324	447	130
384	448	128	389	447	130
448	448	128	452	447	130
512	448	128	515	448	130
576	448	128	579	448	130
640	448	128	641	447	130
704	448	128	704	447	130
768	448	128	768	447	130
832	448	128	831	447	130
896	448	128	894	446	130
960	448	128	957	447	130
1023	448	128	1017	446	130
0	512	128	0	508	132
64	512	128	63	508	132
128	512	128	130	508	132
192	512	128	194	508	130
256	512	128	260	508	130
320	512	128	324	509	130
384	512	128	389	509	130
448	512	128	452	509	130
512	512	128	515	509	130
576	512	128	579	509	130
640	512	128	641	509	130
704	512	128	704	509	130
768	512	128	768	509	130
832	512	128	831	508	130
896	512	128	894	508	130
960	512	128	957	508	130
1023	512	128	1017	507	130
0	576	128	0	572	132
64	576	128	63	572	132
128	576	128	130	572	132
192	576	128	194	572	132
256	576	128	260	572	132
320	576	128	324	573	130
384	576	128	390	573	130
448	576	128	453	573	130
512	576	128	516	573	130
576	576	128	580	573	130
640	576	128	642	573	130
704	576	128	704	573	130
768	576	128	769	573	130
832	576	128	831	572	130
896	576	128	895	572	130
960	576	128	957	572	130
1023	576	128	1017	572	130
0	640	128	0	632	132
64	640	128	66	632	132
128	640	128	130	632	132
192	640	128	195	632	132
256	640	128	261	632	132
320	640	128	325	632	132
384	640	128	390	633	132
448	640	128	453	633	132
512	640	128	516	633	130
576	640	128	580	633	130
640	640	128	643	633	130
704	640	128	705	633	130
768	640	128	769	633	132
832	640	128	832	632	130
896	640	128	895	632	130
960	640	128	957	632	130
1023	640	128	1018	632	130
0	704	128	23	693	133
64	704	128	66	693	132
128	704	128	132	693	132
192	704	128	196	694	132
256	704	128	262	694	132
320	704	128	326	695	132
384	704	128	391	695	132
448	704	128	453	694	132
512	704	128	516	694	132
576	704	128	580	694	132
640	704	128	643	694	132
704	704	128	705	694	132
768	704	128	770	694	132
832	704	128	832	694	132
896	704	128	895	693	132
960	704	128	958	694	132
1023	704	128	1018	693	132
0	768	128	23	756	133
64	768	128	69	756	133
128	768	128	132	756	133
192	768	128	196	756	133
256	768	128	262	757	132
320	768	128	326	757	132
384	768	128	391	757	132
448	768	128	454	757	132
512	768	128	517	757	132
576	768	128	581	757	132
640	768	128	643	757	132
704	768	128	705	757	132
768	768	128	770	757	132
832	768	128	833	757	132
896	768	128	896	757	132
960	768	128	958	757	132
1023	768	128	1019	757	132
0	832	128	38	818	133
64	832	128	72	818	133
128	832	128	134	819	133
192	832	128	198	819	133
256	832	128	263	819	133
320	832	128	327	820	132
384	832	128	392	820	132
448	832	128	454	820	132
512	832	128	517	820	132
576	832	128	581	820	132
640	832	128	644	820	132
704	832	128	706	820	132
768	832	128	771	820	132
832	832	128	833	819	132
896	832	128	897	820	132
960	832	128	960	820	132
1023	832	128	1020	820	132
0	896	128	44	880	133
64	896	128	75	880	133
128	896	128	136	880	133
192	896	128	198	880	133
256	896	128	263	880	133
320	896	128	328	880	133
384	896	128	393	881	133
448	896	128	456	881	133
512	896	128	519	881	133
576	896	128	583	881	133
640	896	128	645	881	133
704	896	128	707	880	133
768	896	128	772	881	133
832	896	128	835	881	133
896	896	128	898	881	133
960	896	128	960	881	133
1023	896	128	1022	882	133
0	960	128	48	942	134
64	960	128	77	942	134
128	960	128	137	942	134
192	960	128	199	942	133
256	960	128	265	942	133
320	960	128	328	942	133
384	960	128	394	943	133
448	960	128	456	943	133
512	960	128	519	943	133
576	960	128	583	944	133
640	960	128	645	943	133
704	960	128	708	944	133
768	960	128	773	944	133
832	960	128	836	944	133
896	960	128	898	944	133
960	960	128	961	944	133
1023	960	128	1021	944	133
0	1023	128	53	1003	134
64	1023	128	82	1003	134
128	1023	128	139	1003	134
192	1023	128	201	1003	134
256	1023	128	266	1003	134
320	1023	128	329	1004	133
384	1023	128	394	1004	133
448	1023	128	457	1004	133
512	1023	128	520	1005	133
576	1023	128	584	1005	133
640	1023	128	646	1005	133
704	1023	128	708	1005	133
768	1023	128	773	1006	133
832	1023	128	836	1006	133
896	1023	128	899	1005	133
960	1023	128	961	1006	133
1023	1023	128	1022	1006	133
0	0	192	0	0	192
64	0	192	63	0	192
128	0	192	129	0	192
192	0	192	194	0	192
256	0	192	259	0	192
320	0	192	323	0	192
384	0	192	388	0	192
448	0	192	451	0	192
512	0	192	513	0	192
576	0	192	577	0	192
640	0	192	639	0	192
704	0	192	701	0	192
768	0	192	766	0	192
832	0	192	830	0	192
896	0	192	893	0	192
960	0	192	955	0	192
1023	0	192	1016	0	193
0	64	192	0	63	193
64	64	192	63	63	193
128	64	192	129	63	193
192	64	192	194	63	193
256	64	192	259	63	193
320	64	192	323	63	193
384	64	192	388	63	193
448	64	192	451	63	193
512	64	192	513	63	193
576	64	192	577	63	193
640	64	192	639	63	193
704	64	192	701	63	193
768	64	192	766	63	193
832	64	192	830	63	193
896	64	192	893	63	193
960	64	192	955	63	193
1023	64	192	1016	63	193
0	128	192	0	129	193
64	128	192	63	129	193
128	128	192	130	129	193
192	128	192	194	129	193
256	128	192	259	129	193
320	128	192	323	129	193
384	128	192	388	130	193
448	128	192	451	130	193
512	128	192	513	130	193
576	128	192	577	130	193
640	128	192	639	130	193
704	128	192	701	130	193
768	128	192	766	129	193
832	128	192	830	129	193
896	128	192	893	129	193
960	128	192	955	129	193
1023	128	192	1016	129	193
0	192	192	0	193	193
64	192	192	63	193	193
128	192	192	130	193	193
192	192	192	194	193	193
256	192	192	259	193	193
320	192	192	323	194	193
384	192	192	388	194	193
448	192	192	451	194	193
512	192	192	514	194	193
576	192	192	577	194	193
640	192	192	639	194	193
704	192	192	702	194	193
768	192	192	766	194	193
832	192	192	830	193	193
896	192	192	893	193	193
960	192	192	956	193	193
1023	192	192	1016	193	193
0	256	192	0	258	193
64	256	192	63	258	193
128	256	192	130	258	193
192	256	192	194	258	193
256	256	192	259	259	193
320	256	192	323	259	193
384	256	192	389	259	193
448	256	192	451	259	193
512	256	192	514	259	193
576	256	192	578	259	193
640	256	192	640	259	193
704	256	192	702	259	193
768	256	192	767	259	193
832	256	192	830	259	193
896	256	192	893	258	193
960	256	192	956	258	193
1023	256	192	1016	257	193
0	320	192	0	322	194
64	320	192	63	322	194
128	320	192	130	322	194
192	320	192	194	323	193
256	320	192	259	323	193
320	320	192	323	324	193
384	320	192	389	324	193
448	320	192	451	324	193
512	320	192	514	324	193
576	320	192	578	324	193
640	320	192	640	324	193
704	320	192	703	324	193
768	320	192	767	324	193
832	320	192	830	323	193
896	320	192	893	323	193
960	320	192	956	322	193
1023	320	192	1016	322	193
0	384	192	0	386	194
64	384	192	63	386	194
128	384	192	129	386	194
192	384	192	193	386	194
256	384	192	259	386	193
320	384	192	323	387	193
384	384	192	389	388	193
448	384	192	451	388	193
512	384	192	515	388	193
576	384	192	578	388	193
640	384	192	640	387	193
704	384	192	703	388	193
768	384	192	767	387	193
832	384	192	830	386	193
896	384	192	894	386	193
960	384	192	956	386	193
1023	384	192	1016	386	193
0	448	192	0	447	195
64	448	192	63	447	194
128	448	192	129	447	194
192	448	192	194	448	194
256	448	192	259	448	193
320	448	192	323	448	193
384	448	192	389	448	193
448	448	192	451	448	193
512	448	192	515	448	193
576	448	192	578	449	193
640	448	192	641	448	193
704	448	192	703	448	193
768	448	192	767	448	193
832	448	192	830	448	193
896	448	192	893	447	193
960	448	192	956	447	193
1023	448	192	1016	447	193
0	512	192	0	508	195
64	512	192	63	508	194
128	512	192	130	509	194
192	512	192	194	509	194
256	512	192	260	509	194
320	512	192	324	510	193
384	512	192	389	510	193
448	512	192	452	510	193
512	512	192	515	510	193
576	512	192	579	510	193
640	512	192	641	510	193
704	512	192	703	510	193
768	512	192	768	510	193
832	512	192	830	509	193
896	512	192	893	509	193
960	512	192	956	509	193
1023	512	192	1016	508	193
0	576	192	0	572	195
64	576	192	63	572	195
128	576	192	130	572	195
192	576	192	194	573	195
256	576	192	260	573	194
320	576	192	324	573	194
384	576	192	389	574	194
448	576	192	452	574	194
512	576	192	515	574	193
576	576	192	579	574	193
640	576	192	641	574	193
704	576	192	703	574	193
768	576	192	768	574	193
832	576	192	830	573	193
896	576	192	894	573	193
960	576	192	956	573	193
1023	576	192	1016	573	193
0	640	192	0	633	196
64	640	192	66	633	195
128	640	192	130	633	195
192	640	192	195	633	195
256	640	192	261	633	195
320	640	192	325	633	194
384	640	192	390	634	194
448	640	192	453	634	194
512	640	192	516	634	194
576	640	192	580	634	194
640	640	192	642	634	194
704	640	192	704	634	194
768	640	192	769	634	194
832	640	192	831	633	193
896	640	192	895	633	194
960	640	192	956	633	194
1023	640	192	1017	633	194
0	704	192	23	694	196
64	704	192	66	694	196
128	704	192	132	694	195
192	704	192	196	695	195
256	704	192	261	695	195
320	704	192	326	695	194
384	704	192	390	695	194
448	704	192	453	695	194
512	704	192	516	695	194
576	704	192	580	695	194
640	704	192	642	695	194
704	704	192	704	695	194
768	704	192	769	695	194
832	704	192	832	695	194
896	704	192	894	694	194
960	704	192	957	695	194
1023	704	192	1017	694	194
0	768	192	23	757	197
64	768	192	69	757	196
128	768	192	132	757	196
192	768	192	196	757	196
256	768	192	261	757	195
320	768	192	326	758	195
384	768	192	390	758	194
448	768	192	453	758	194
512	768	192	516	758	194
576	768	192	580	758	194
640	768	192	642	758	194
704	768	192	704	758	194
768	768	192	769	758	194
832	768	192	832	758	194
896	768	192	895	758	194
960	768	192	957	758	194
1023	768	192	1018	758	194
0	832	192	32	819	197
64	832	192	72	819	196
128	832	192	134	819	196
192	832	192	198	820	196
256	832	192	262	820	196
320	832	192	327	820	195
384	832	192	392	820	195
448	832	192	454	820	195
512	832	192	517	820	195
576	832	192	581	820	195
640	832	192	643	821	195
704	832	192	705	821	195
768	832	192	770	821	195
832	832	192	832	820	195
896	832	192	896	821	195
960	832	192	958	821	195
1023	832	192	1019	821	195
0	896	192	38	880	197
64	896	192	75	881	197
128	896	192	136	881	197
192	896	192	198	881	197
256	896	192	263	881	196
320	896	192	327	881	196
384	896	192	393	882	196
448	896	192	455	882	196
512	896	192	518	882	195
576	896	192	582	882	195
640	896	192	644	882	195
704	896	192	706	882	195
768	896	192	771	882	195
832	896	192	834	882	195
896	896	192	897	882	195
960	896	192	959	882	195
1023	896	192	1020	883	195
0	960	192	44	942	198
64	960	192	77	942	198
128	960	192	137	943	198
192	960	192	199	943	197
256	960	192	264	943	197
320	960	192	328	943	196
384	960	192	393	944	196
448	960	192	456	944	196
512	960	192	519	944	196
576	960	192	582	945	196
640	960	192	645	944	196
704	960	192	707	945	196
768	960	192	772	945	196
832	960	192	834	945	196
896	960	192	898	945	196
960	960	192	960	945	195
1023	960	192	1020	945	195
0	1023	192	53	1004	198
64	1023	192	82	1004	198
128	1023	192	139	1004	197
192	1023	192	201	1004	197
256	1023	192	265	1004	197
320	1023	192	329	1005	196
384	1023	192	394	1005	196
448	1023	192	456	1005	196
512	1023	192	519	1006	196
576	1023	192	583	1006	196
640	1023	192	645	1006	196
704	1023	192	707	1006	196
768	1023	192	772	1007	196
832	1023	192	835	1007	196
896	1023	192	898	1007	195
960	1023	192	960	1007	195
1023	1023	192	1021	1007	195
0	0	256	0	0	256
64	0	256	63	0	256
128	0	256	129	0	256
192	0	256	193	0	256
256	0	256	259	0	256
320	0	256	323	0	256
384	0	256	388	0	256
448	0	256	450	0	257
512	0	256	513	0	257
576	0	256	576	0	256
640	0	256	638	0	256
704	0	256	701	0	257
768	0	256	765	0	257
832	0	256	829	0	257
896	0	256	892	0	257
960	0	256	954	0	257
1023	0	256	1015	0	257
0	64	256	0	63	258
64	64	256	63	63	257
128	64	256	129	63	257
192	64	256	193	63	257
256	64	256	259	63	257
320	64	256	323	63	257
384	64	256	388	63	257
448	64	256	450	63	257
512	64	256	513	63	257
576	64	256	577	63	257
640	64	256	638	63	257
704	64	256	701	63	258
768	64	256	765	63	257
832	64	256	829	63	258
896	64	256	892	63	257
960	64	256	954	63	257
1023	64	256	1015	63	258
0	128	256	0	129	258
64	128	256	63	129	257
128	128	256	129	129	257
192	128	256	193	129	257
256	128	256	259	130	257
320	128	256	323	130	257
384	128	256	388	130	257
448	128	256	451	130	257
512	128	256	513	130	257
576	128	256	577	130	257
640	128	256	638	130	257
704	128	256	701	130	258
768	128	256	766	130	257
832	128	256	829	130	258
896	128	256	892	129	257
960	128	256	954	129	257
1023	128	256	1015	129	258
0	192	256	0	193	258
64	192	256	63	193	257
128	192	256	129	193	257
192	192	256	193	194	257
256	192	256	259	194	257
320	192	256	323	194	257
384	192	256	388	195	257
448	192	256	451	195	257
512	192	256	513	195	257
576	192	256	577	195	257
640	192	256	639	195	257
704	192	256	701	195	257
768	192	256	766	194	257
832	192	256	829	194	257
896	192	256	892	193	257
960	192	256	954	193	257
1023	192	256	1015	193	258
0	256	256	0	259	258
64	256	256	63	259	258
128	256	256	129	259	258
192	256	256	193	259	257
256	256	256	259	259	257
320	256	256	323	260	256
384	256	256	388	261	256
448	256	256	451	261	257
512	256	256	514	261	257
576	256	256	577	261	257
640	256	256	639	260	257
704	256	256	702	261	257
768	256	256	766	260	258
832	256	256	829	259	257
896	256	256	892	259	257
960	256	256	954	259	257
1023	256	256	1015	258	258
0	320	256	0	323	260
64	320	256	63	323	259
128	320	256	129	323	259
192	320	256	193	324	259
256	320	256	259	324	259
320	320	256	323	325	258
384	320	256	388	325	258
448	320	256	451	325	258
512	320	256	514	325	258
576	320	256	578	325	258
640	320	256	639	325	258
704	320	256	702	325	258
768	320	256	766	325	258
832	320	256	829	324	258
896	320	256	892	324	258
960	320	256	954	323	258
1023	320	256	1015	323	258
0	384	256	0	387	260
64	384	256	63	387	260
128	384	256	129	387	259
192	384	256	193	388	259
256	384	256	259	388	259
320	384	256	323	388	258
384	384	256	388	388	258
448	384	256	451	389	258
512	384	256	514	389	258
576	384	256	578	388	258
640	384	256	640	388	258
704	384	256	702	389	258
768	384	256	766	388	258
832	384	256	829	388	258
896	384	256	892	388	258
960	384	256	954	387	258
1023	384	256	1015	387	258
0	448	256	0	448	261
64	448	256	63	448	260
128	448	256	129	449	260
192	448	256	193	449	259
256	448	256	259	449	259
320	448	256	323	449	259
384	448	256	388	450	259
448	448	256	451	450	258
512	448	256	514	450	258
576	448	256	578	450	258
640	448	256	640	450	258
704	448	256	702	450	258
768	448	256	766	450	258
832	448	256	829	449	258
896	448	256	892	448	258
960	448	256	954	449	258
1023	448	256	1015	448	259
0	512	256	0	509	261
64	512	256	63	509	260
128	512	256	130	510	260
192	512	256	194	510	259
256	512	256	259	510	259
320	512	256	324	511	259
384	512	256	389	511	259
448	512	256	451	511	259
512	512	256	514	511	259
576	512	256	578	511	259
640	512	256	640	511	259
704	512	256	702	511	259
768	512	256	767	511	259
832	512	256	829	510	258
896	512	256	891	510	258
960	512	256	954	510	258
1023	512	256	1014	510	258
0	576	256	0	573	261
64	576	256	63	573	260
128	576	256	130	573	260
192	576	256	194	574	260
256	576	256	259	574	260
320	576	256	324	575	259
384	576	256	389	575	259
448	576	256	451	575	259
512	576	256	514	575	259
576	576	256	578	575	259
640	576	256	640	575	259
704	576	256	702	575	259
768	576	256	767	575	259
832	576	256	829	574	259
896	576	256	892	574	259
960	576	256	954	575	259
1023	576	256	1014	574	259
0	640	256	0	634	261
64	640	256	66	634	261
128	640	256	130	634	261
192	640	256	195	634	261
256	640	256	261	634	261
320	640	256	324	635	259
384	640	256	389	635	259
448	640	256	452	635	259
512	640	256	515	635	259
576	640	256	579	635	259
640	640	256	641	635	259
704	640	256	703	635	259
768	640	256	767	635	259
832	640	256	830	634	259
896	640	256	893	635	259
960	640	256	955	635	259
1023	640	256	1015	634	259
0	704	256	0	695	262
64	704	256	66	696	261
128	704	256	130	696	261
192	704	256	195	696	261
256	704	256	261	696	260
320	704	256	325	697	260
384	704	256	390	696	260
448	704	256	452	696	259
512	704	256	515	696	259
576	704	256	579	696	259
640	704	256	641	696	259
704	704	256	703	696	259
768	704	256	768	697	260
832	704	256	830	697	259
896	704	256	893	696	259
960	704	256	955	697	259
1023	704	256	1015	696	259
0	768	256	23	758	262
64	768	256	66	758	261
128	768	256	132	758	261
192	768	256	195	758	261
256	768	256	261	759	261
320	768	256	325	759	260
384	768	256	390	759	260
448	768	256	453	759	260
512	768	256	515	760	260
576	768	256	579	760	260
640	768	256	641	760	259
704	768	256	703	760	260
768	768	256	768	760	260
832	768	256	830	760	259
896	768	256	894	760	259
960	768	256	955	760	259
1023	768	256	1016	760	259
0	832	256	32	820	262
64	832	256	69	820	261
128	832	256	133	820	261
192	832	256	197	821	261
256	832	256	262	821	261
320	832	256	326	821	261
384	832	256	391	822	261
448	832	256	453	821	260
512	832	256	516	822	260
576	832	256	580	822	260
640	832	256	642	822	260
704	832	256	704	822	260
768	832	256	769	823	260
832	832	256	831	822	260
896	832	256	894	822	260
960	832	256	957	823	260
1023	832	256	1017	823	260
0	896	256	38	881	263
64	896	256	72	881	263
128	896	256	134	881	263
192	896	256	198	881	262
256	896	256	263	881	262
320	896	256	327	882	261
384	896	256	392	883	261
448	896	256	454	883	261
512	896	256	517	883	261
576	896	256	581	884	261
640	896	256	643	883	261
704	896	256	705	883	261
768	896	256	770	884	261
832	896	256	832	883	260
896	896	256	896	884	260
960	896	256	957	884	261
1023	896	256	1018	885	260
0	960	256	44	943	263
64	960	256	77	943	263
128	960	256	136	943	263
192	960	256	198	944	263
256	960	256	263	944	263
320	960	256	327	944	261
384	960	256	392	946	261
448	960	256	455	946	261
512	960	256	518	946	261
576	960	256	582	946	261
640	960	256	644	946	261
704	960	256	706	947	261
768	960	256	770	947	261
832	960	256	833	946	261
896	960	256	896	947	261
960	960	256	958	947	261
1023	960	256	1019	947	261
0	1023	256	53	1005	264
64	1023	256	80	1005	262
128	1023	256	138	1005	262
192	1023	256	200	1005	262
256	1023	256	265	1006	262
320	1023	256	328	1006	262
384	1023	256	393	1007	262
448	1023	256	455	1007	261
512	1023	256	518	1007	261
576	1023	256	582	1008	261
640	1023	256	644	1008	261
704	1023	256	706	1008	261
768	1023	256	771	1009	261
832	1023	256	834	1009	261
896	1023	256	897	1009	261
960	1023	256	958	1009	261
1023	1023	256	1019	1009	261
0	0	320	0	0	321
64	0	320	63	0	321
128	0	320	129	0	321
192	0	320	193	0	321
256	0	320	259	0	321
320	0	320	323	0	320
384	0	320	387	0	321
448	0	320	450	0	321
512	0	320	513	0	321
576	0	320	576	0	321
640	0	320	638	0	321
704	0	320	700	0	321
768	0	320	765	0	321
832	0	320	828	0	321
896	0	320	891	0	321
960	0	320	953	0	321
1023	0	320	1015	0	321
0	64	320	0	63	324
64	64	320	63	63	323
128	64	320	129	63	323
192	64	320	193	63	323
256	64	320	259	63	322
320	64	320	323	63	322
384	64	320	388	63	322
448	64	320	450	63	322
512	64	320	513	63	322
576	64	320	576	63	322
640	64	320	638	63	322
704	64	320	700	63	322
768	64	320	765	63	322
832	64	320	828	63	322
896	64	320	891	63	322
960	64	320	953	63	322
1023	64	320	1015	63	322
0	128	320	0	130	324
64	128	320	63	130	323
128	128	320	129	130	323
192	128	320	193	130	323
256	128	320	259	130	322
320	128	320	323	130	322
384	128	320	388	130	322
448	128	320	450	130	322
512	128	320	513	130	322
576	128	320	576	130	322
640	128	320	638	130	322
704	128	320	700	130	322
768	128	320	765	130	322
832	128	320	828	130	322
896	128	320	891	130	322
960	128	320	953	130	322
1023	128	320	1014	129	322
0	192	320	0	194	324
64	192	320	63	194	323
128	192	320	129	194	323
192	192	320	193	194	323
256	192	320	259	195	322
320	192	320	323	195	322
384	192	320	388	195	322
448	192	320	450	195	322
512	192	320	513	195	322
576	192	320	577	195	322
640	192	320	638	195	322
704	192	320	701	195	322
768	192	320	765	195	322
832	192	320	828	195	322
896	192	320	891	194	322
960	192	320	953	194	322
1023	192	320	1014	193	322
0	256	320	0	259	324
64	256	320	63	259	324
128	256	320	129	259	323
192	256	320	193	260	323
256	256	320	259	261	322
320	256	320	323	261	322
384	256	320	388	261	322
448	256	320	451	261	322
512	256	320	513	261	322
576	256	320	577	261	322
640	256	320	639	261	322
704	256	320	701	261	322
768	256	320	765	261	322
832	256	320	828	261	322
896	256	320	891	260	322
960	256	320	953	260	322
1023	256	320	1014	259	322
0	320	320	0	324	325
64	320	320	63	324	324
128	320	320	129	324	324
192	320	320	193	325	324
256	320	320	259	325	323
320	320	320	323	326	322
384	320	320	388	326	322
448	320	320	451	326	322
512	320	320	513	326	322
576	320	320	577	326	322
640	320	320	639	326	322
704	320	320	701	326	322
768	320	320	765	326	322
832	320	320	828	325	322
896	320	320	891	325	322
960	320	320	953	324	322
1023	320	320	1013	324	322
0	384	320	0	388	325
64	384	320	63	388	325
128	384	320	129	388	324
192	384	320	193	388	324
256	384	320	259	389	323
320	384	320	323	389	322
384	384	320	388	389	322
448	384	320	451	389	322
512	384	320	513	389	322
576	384	320	577	389	322
640	384	320	639	389	322
704	384	320	701	389	322
768	384	320	765	389	322
832	384	320	828	389	322
896	384	320	891	388	322
960	384	320	953	388	322
1023	384	320	1013	388	322
0	448	320	0	449	325
64	448	320	63	449	325
128	448	320	129	450	325
192	448	320	193	450	324
256	448	320	259	450	323
320	448	320	323	450	323
384	448	320	388	451	323
448	448	320	451	451	323
512	448	320	513	451	322
576	448	320	577	451	322
640	448	320	639	451	322
704	448	320	701	451	322
768	448	320	765	451	322
832	448	320	828	450	322
896	448	320	890	449	322
960	448	320	952	450	322
1023	448	320	1013	450	322
0	512	320	0	510	325
64	512	320	63	510	325
128	512	320	129	510	325
192	512	320	194	511	324
256	512	320	259	511	324
320	512	320	323	512	323
384	512	320	388	512	323
448	512	320	451	512	323
512	512	320	513	512	323
576	512	320	577	512	323
640	512	320	640	512	323
704	512	320	701	512	322
768	512	320	766	512	323
832	512	320	828	511	322
896	512	320	890	511	322
960	512	320	952	511	322
1023	512	320	1013	511	322
0	576	320	0	574	326
64	576	320	63	574	325
128	576	320	129	574	325
192	576	320	194	575	325
256	576	320	259	575	324
320	576	320	323	575	323
384	576	320	388	576	323
448	576	320	451	576	323
512	576	320	514	576	323
576	576	320	577	576	323
640	576	320	640	576	323
704	576	320	701	576	323
768	576	320	766	576	323
832	576	320	828	575	322
896	576	320	891	576	323
960	576	320	953	576	323
1023	576	320	1013	575	323
0	640	320	0	635	326
64	640	320	63	635	326
128	640	320	130	635	326
192	640	320	194	635	325
256	640	320	260	635	325
320	640	320	324	636	324
384	640	320	389	636	324
448	640	320	451	636	323
512	640	320	514	636	323
576	640	320	578	636	323
640	640	320	640	636	323
704	640	320	702	636	323
768	640	320	766	636	323
832	640	320	829	636	323
896	640	320	892	636	323
960	640	320	954	636	323
1023	640	320	1014	636	323
0	704	320	0	697	327
64	704	320	63	697	326
128	704	320	130	697	326
192	704	320	195	697	325
256	704	320	261	697	324
320	704	320	325	697	324
384	704	320	389	697	324
448	704	320	452	697	324
512	704	320	514	697	324
576	704	320	578	697	323
640	704	320	640	697	323
704	704	320	702	697	323
768	704	320	767	698	324
832	704	320	829	698	323
896	704	320	892	697	323
960	704	320	954	698	323
1023	704	320	1014	697	323
0	768	320	0	759	327
64	768	320	66	759	327
128	768	320	130	759	327
192	768	320	195	759	326
256	768	320	261	760	325
320	768	320	325	760	324
384	768	320	389	760	324
448	768	320	452	760	324
512	768	320	515	761	324
576	768	320	578	761	324
640	768	320	640	761	323
704	768	320	702	761	323
768	768	320	767	761	323
832	768	320	829	761	323
896	768	320	892	762	323
960	768	320	954	761	323
1023	768	320	1015	762	323
0	832	320	32	821	327
64	832	320	69	821	327
128	832	320	133	821	327
192	832	320	196	821	326
256	832	320	262	822	325
320	832	320	326	822	325
384	832	320	390	822	325
448	832	320	453	823	324
512	832	320	515	823	324
576	832	320	579	823	324
640	832	320	641	823	324
704	832	320	703	824	324
768	832	320	767	824	324
832	832	320	830	823	324
896	832	320	893	824	324
960	832	320	955	824	324
1023	832	320	1015	824	324
0	896	320	38	882	328
64	896	320	72	882	327
128	896	320	134	882	327
192	896	320	198	882	327
256	896	320	262	882	326
320	896	320	326	883	325
384	896	320	391	883	325
448	896	320	454	884	325
512	896	320	517	885	325
576	896	320	580	885	325
640	896	320	642	884	324
704	896	320	704	885	324
768	896	320	769	885	325
832	896	320	831	885	324
896	896	320	895	886	324
960	896	320	956	886	324
1023	896	320	1017	886	324
0	960	320	44	944	328
64	960	320	75	944	328
128	960	320	136	944	328
192	960	320	198	944	327
256	960	320	263	945	326
320	960	320	327	946	325
384	960	320	392	947	325
448	960	320	454	947	325
512	960	320	517	947	325
576	960	320	580	947	325
640	960	320	643	947	325
704	960	320	705	948	325
768	960	320	769	949	325
832	960	320	832	948	324
896	960	320	895	948	324
960	960	320	956	949	324
1023	960	320	1017	949	324
0	1023	320	48	1006	328
64	1023	320	80	1006	328
128	1023	320	138	1006	327
192	1023	320	200	1006	327
256	1023	320	264	1007	326
320	1023	320	328	1008	326
384	1023	320	392	1008	326
448	1023	320	455	1008	325
512	1023	320	517	1009	325
576	1023	320	581	1009	325
640	1023	320	643	1010	325
704	1023	320	705	1010	325
768	1023	320	770	1010	325
832	1023	320	833	1011	325
896	1023	320	895	1011	325
960	1023	320	957	1011	324
1023	1023	320	1018	1011	324
0	0	384	0	0	386
64	0	384	63	0	385
128	0	384	129	0	385
192	0	384	193	0	385
256	0	384	259	0	385
320	0	384	323	0	385
384	0	384	388	0	385
448	0	384	450	0	385
512	0	384	512	0	385
576	0	384	576	0	385
640	0	384	638	0	385
704	0	384	700	0	385
768	0	384	765	0	385
832	0	384	829	0	385
896	0	384	891	0	385
960	0	384	953	0	384
1023	0	384	1014	0	384
0	64	384	0	63	386
64	64	384	63	63	386
128	64	384	129	63	386
192	64	384	193	63	385
256	64	384	259	63	385
320	64	384	323	63	385
384	64	384	388	63	385
448	64	384	450	63	385
512	64	384	512	63	385
576	64	384	576	66	385
640	64	384	638	63	385
704	64	384	700	63	385
768	64	384	765	63	385
832	64	384	829	63	385
896	64	384	891	63	385
960	64	384	953	63	385
1023	64	384	1014	63	385
0	128	384	0	130	386
64	128	384	63	130	386
128	128	384	129	130	386
192	128	384	193	130	386
256	128	384	259	130	385
320	128	384	323	130	385
384	128	384	388	130	385
448	128	384	450	130	385
512	128	384	513	130	385
576	128	384	576	130	385
640	128	384	638	130	385
704	128	384	700	130	385
768	128	384	765	130	385
832	128	384	828	130	385
896	128	384	891	130	385
960	128	384	953	130	385
1023	128	384	1014	129	385
0	192	384	0	194	386
64	192	384	63	194	386
128	192	384	129	194	386
192	192	384	193	194	386
256	192	384	259	195	386
320	192	384	323	195	385
384	192	384	388	196	385
448	192	384	450	196	385
512	192	384	513	196	385
576	192	384	577	196	385
640	192	384	639	196	385
704	192	384	701	195	385
768	192	384	765	195	385
832	192	384	828	195	385
896	192	384	891	194	385
960	192	384	953	194	385
1023	192	384	1014	194	385
0	256	384	0	259	386
64	256	384	63	259	386
128	256	384	129	260	386
192	256	384	193	260	386
256	256	384	259	261	386
320	256	384	323	261	385
384	256	384	388	261	385
448	256	384	450	261	385
512	256	384	513	262	385
576	256	384	577	262	385
640	256	384	639	261	385
704	256	384	701	261	385
768	256	384	765	261	385
832	256	384	828	261	385
896	256	384	891	260	385
960	256	384	953	260	385
1023	256	384	1013	259	385
0	320	384	0	324	389
64	320	384	63	324	388
128	320	384	129	324	387
192	320	384	193	325	387
256	320	384	259	325	387
320	320	384	322	326	386
384	320	384	388	326	386
448	320	384	451	326	386
512	320	384	513	327	386
576	320	384	577	327	386
640	320	384	639	326	386
704	320	384	701	326	386
768	320	384	765	326	386
832	320	384	828	325	385
896	320	384	891	325	385
960	320	384	953	325	385
1023	320	384	1013	324	385
0	384	384	0	388	389
64	384	384	63	388	389
128	384	384	129	388	389
192	384	384	193	389	388
256	384	384	258	389	388
320	384	384	322	389	386
384	384	384	388	390	386
448	384	384	451	390	386
512	384	384	513	390	386
576	384	384	577	390	386
640	384	384	639	390	386
704	384	384	701	390	386
768	384	384	765	389	386
832	384	384	828	389	385
896	384	384	891	389	385
960	384	384	952	389	385
1023	384	384	1013	388	385
0	448	384	0	450	390
64	448	384	63	450	389
128	448	384	129	450	388
192	448	384	193	450	388
256	448	384	259	450	388
320	448	384	323	451	386
384	448	384	388	451	386
448	448	384	450	451	386
512	448	384	513	451	386
576	448	384	577	451	386
640	448	384	639	451	386
704	448	384	701	451	386
768	448	384	765	451	386
832	448	384	828	451	386
896	448	384	890	450	386
960	448	384	952	450	385
1023	448	384	1012	450	386
0	512	384	0	511	390
64	512	384	63	511	389
128	512	384	129	511	388
192	512	384	193	511	388
256	512	384	259	511	388
320	512	384	323	512	386
384	512	384	388	512	386
448	512	384	450	512	386
512	512	384	513	512	386
576	512	384	577	512	386
640	512	384	639	512	386
704	512	384	701	512	386
768	512	384	765	512	386
832	512	384	828	512	386
896	512	384	890	512	385
960	512	384	952	511	385
1023	512	384	1012	511	386
0	576	384	0	575	390
64	576	384	63	575	389
128	576	384	129	575	388
192	576	384	193	575	388
256	576	384	259	575	388
320	576	384	323	575	386
384	576	384	388	576	386
448	576	384	451	576	386
512	576	384	513	576	386
576	576	384	577	576	386
640	576	384	639	576	386
704	576	384	701	576	386
768	576	384	766	577	386
832	576	384	828	576	386
896	576	384	891	576	386
960	576	384	953	576	386
1023	576	384	1013	576	386
0	640	384	0	635	390
64	640	384	63	635	389
128	640	384	129	635	389
192	640	384	194	635	389
256	640	384	259	635	389
320	640	384	323	635	387
384	640	384	389	636	387
448	640	384	451	636	387
512	640	384	514	636	387
576	640	384	578	637	387
640	640	384	640	637	387
704	640	384	702	637	386
768	640	384	766	637	386
832	640	384	829	636	386
896	640	384	891	636	386
960	640	384	953	636	386
1023	640	384	1014	636	386
0	704	384	0	696	391
64	704	384	63	696	388
128	704	384	130	696	388
192	704	384	194	696	388
256	704	384	260	697	388
320	704	384	324	697	387
384	704	384	389	697	387
448	704	384	451	697	387
512	704	384	514	698	387
576	704	384	578	697	387
640	704	384	640	698	387
704	704	384	702	698	387
768	704	384	766	698	387
832	704	384	829	698	386
896	704	384	892	698	386
960	704	384	954	699	387
1023	704	384	1014	699	386
0	768	384	0	759	391
64	768	384	63	759	390
128	768	384	130	759	390
192	768	384	194	760	389
256	768	384	260	760	389
320	768	384	324	760	388
384	768	384	389	760	388
448	768	384	451	761	387
512	768	384	514	761	387
576	768	384	578	761	387
640	768	384	640	761	387
704	768	384	702	762	387
768	768	384	766	762	387
832	768	384	829	761	386
896	768	384	892	762	387
960	768	384	954	762	387
1023	768	384	1014	762	386
0	832	384	23	821	392
64	832	384	66	821	389
128	832	384	132	821	389
192	832	384	196	822	389
256	832	384	261	822	389
320	832	384	325	823	388
384	832	384	390	823	388
448	832	384	453	823	388
512	832	384	515	824	388
576	832	384	579	824	388
640	832	384	641	824	388
704	832	384	703	824	388
768	832	384	767	825	388
832	832	384	830	824	387
896	832	384	893	825	387
960	832	384	955	825	387
1023	832	384	1015	825	387
0	896	384	32	882	392
64	896	384	69	882	392
128	896	384	133	882	392
192	896	384	197	882	392
256	896	384	262	883	391
320	896	384	326	883	388
384	896	384	390	884	388
448	896	384	453	884	389
512	896	384	516	885	388
576	896	384	580	885	388
640	896	384	641	884	388
704	896	384	703	884	388
768	896	384	768	886	388
832	896	384	831	886	388
896	896	384	894	886	388
960	896	384	956	886	388
1023	896	384	1016	886	388
0	960	384	38	945	392
64	960	384	72	945	392
128	960	384	134	945	392
192	960	384	198	945	392
256	960	384	262	945	392
320	960	384	327	946	389
384	960	384	391	946	389
448	960	384	454	947	389
512	960	384	516	947	388
576	960	384	580	948	388
640	960	384	642	948	388
704	960	384	704	948	388
768	960	384	769	949	388
832	960	384	831	949	388
896	960	384	894	948	388
960	960	384	956	949	388
1023	960	384	1017	950	388
0	1023	384	48	1006	393
64	1023	384	77	1006	390
128	1023	384	137	1006	390
192	1023	384	199	1007	389
256	1023	384	263	1007	389
320	1023	384	327	1008	389
384	1023	384	392	1008	389
448	1023	384	454	1008	388
512	1023	384	517	1009	389
576	1023	384	580	1009	388
640	1023	384	643	1009	388
704	1023	384	704	1010	388
768	1023	384	769	1010	388
832	1023	384	832	1011	388
896	1023	384	895	1011	388
960	1023	384	957	1011	388
1023	1023	384	1017	1011	388
0	0	448	0	0	449
64	0	448	63	0	448
128	0	448	129	0	448
192	0	448	193	0	447
256	0	448	259	0	447
320	0	448	322	0	447
384	0	448	387	0	447
448	0	448	450	0	447
512	0	448	512	0	447
576	0	448	576	0	447
640	0	448	638	0	447
704	0	448	700	0	447
768	0	448	765	0	447
832	0	448	828	0	447
896	0	448	891	0	446
960	0	448	954	0	447
1023	0	448	1014	0	446
0	64	448	0	63	450
64	64	448	63	63	449
128	64	448	129	63	449
192	64	448	193	63	449
256	64	448	259	63	448
320	64	448	322	63	447
384	64	448	388	63	447
448	64	448	450	63	447
512	64	448	512	66	447
576	64	448	576	66	447
640	64	448	638	66	447
704	64	448	700	63	447
768	64	448	765	63	447
832	64	448	828	63	447
896	64	448	891	63	447
960	64	448	954	63	447
1023	64	448	1014	63	447
0	128	448	0	130	450
64	128	448	63	130	449
128	128	448	129	130	449
192	128	448	193	130	449
256	128	448	259	130	448
320	128	448	322	130	447
384	128	448	388	130	447
448	128	448	450	130	447
512	128	448	512	130	447
576	128	448	576	130	447
640	128	448	639	130	447
704	128	448	700	130	447
768	128	448	765	130	447
832	128	448	828	130	447
896	128	448	891	130	447
960	128	448	953	130	447
1023	128	448	1014	129	447
0	192	448	0	194	450
64	192	448	63	194	450
128	192	448	129	194	449
192	192	448	193	194	449
256	192	448	258	195	448
320	192	448	322	195	447
384	192	448	388	196	447
448	192	448	450	196	447
512	192	448	513	196	447
576	192	448	577	196	447
640	192	448	639	196	447
704	192	448	701	196	447
768	192	448	765	195	447
832	192	448	828	195	447
896	192	448	891	195	447
960	192	448	953	194	447
1023	192	448	1014	194	447
0	256	448	0	259	450
64	256	448	63	259	450
128	256	448	129	260	450
192	256	448	193	260	449
256	256	448	258	261	449
320	256	448	322	261	448
384	256	448	388	262	448
448	256	448	450	262	447
512	256	448	513	262	447
576	256	448	577	262	447
640	256	448	639	262	447
704	256	448	701	261	447
768	256	448	765	261	447
832	256	448	828	261	447
896	256	448	891	261	447
960	256	448	952	260	447
1023	256	448	1013	259	447
0	320	448	0	324	452
64	320	448	63	324	451
128	320	448	129	325	450
192	320	448	193	325	450
256	320	448	258	325	449
320	320	448	322	326	448
384	320	448	388	326	448
448	320	448	450	327	448
512	320	448	513	327	448
576	320	448	577	327	448
640	320	448	639	327	447
704	320	448	701	326	447
768	320	448	765	326	447
832	320	448	828	325	447
896	320	448	890	325	447
960	320	448	952	325	447
1023	320	448	1012	324	447
0	384	448	0	389	452
64	384	448	63	389	451
128	384	448	129	389	451
192	384	448	193	389	451
256	384	448	258	389	450
320	384	448	322	389	448
384	384	448	387	390	448
448	384	448	450	390	448
512	384	448	513	390	448
576	384	448	577	390	448
640	384	448	639	390	448
704	384	448	701	390	447
768	384	448	765	390	447
832	384	448	828	389	447
896	384	448	890	389	447
960	384	448	952	389	447
1023	384	448	1012	388	447
0	448	448	0	450	452
64	448	448	63	450	451
128	448	448	129	450	451
192	448	448	193	450	451
256	448	448	258	451	450
320	448	448	322	451	448
384	448	448	388	451	448
448	448	448	450	451	448
512	448	448	513	451	448
576	448	448	577	451	448
640	448	448	639	451	448
704	448	448	700	451	448
768	448	448	765	451	448
832	448	448	828	451	447
896	448	448	890	451	447
960	448	448	952	451	447
1023	448	448	1012	450	447
0	512	448	0	511	453
64	512	448	63	511	451
128	512	448	129	511	451
192	512	448	193	511	451
256	512	448	259	512	450
320	512	448	323	512	449
384	512	448	388	512	449
448	512	448	451	512	448
512	512	448	513	513	448
576	512	448	577	513	448
640	512	448	639	513	448
704	512	448	701	512	448
768	512	448	765	513	448
832	512	448	828	512	447
896	512	448	890	512	447
960	512	448	953	512	447
1023	512	448	1013	512	447
0	576	448	0	575	453
64	576	448	63	575	452
128	576	448	129	575	451
192	576	448	193	575	451
256	576	448	259	575	450
320	576	448	322	576	449
384	576	448	388	576	449
448	576	448	451	576	449
512	576	448	513	577	449
576	576	448	577	577	448
640	576	448	639	577	448
704	576	448	701	577	448
768	576	448	766	577	448
832	576	448	828	577	448
896	576	448	891	577	448
960	576	448	953	577	448
1023	576	448	1013	577	447
0	640	448	0	635	453
64	640	448	63	635	453
128	640	448	129	635	452
192	640	448	193	636	452
256	640	448	259	636	451
320	640	448	323	636	449
384	640	448	388	636	449
448	640	448	451	637	449
512	640	448	514	637	449
576	640	448	578	637	449
640	640	448	640	637	448
704	640	448	701	637	448
768	640	448	766	637	448
832	640	448	829	637	448
896	640	448	892	637	448
960	640	448	953	637	448
1023	640	448	1014	637	448
0	704	448	0	696	454
64	704	448	63	696	451
128	704	448	130	697	451
192	704	448	194	697	451
256	704	448	260	697	450
320	704	448	324	697	450
384	704	448	389	698	449
448	704	448	452	698	449
512	704	448	514	699	449
576	704	448	578	698	449
640	704	448	640	699	449
704	704	448	702	699	449
768	704	448	766	699	449
832	704	448	829	699	448
896	704	448	892	699	448
960	704	448	954	699	448
1023	704	448	1015	700	448
0	768	448	0	759	454
64	768	448	63	759	453
128	768	448	130	760	452
192	768	448	194	760	452
256	768	448	260	761	451
320	768	448	324	761	450
384	768	448	389	762	450
448	768	448	452	762	449
512	768	448	514	762	449
576	768	448	578	762	449
640	768	448	640	762	449
704	768	448	702	762	449
768	768	448	767	763	449
832	768	448	829	762	449
896	768	448	892	762	448
960	768	448	954	763	448
1023	768	448	1015	763	448
0	832	448	0	822	454
64	832	448	66	822	453
128	832	448	130	822	452
192	832	448	195	822	452
256	832	448	261	823	451
320	832	448	325	823	450
384	832	448	390	824	450
448	832	448	452	824	450
512	832	448	515	824	450
576	832	448	579	825	450
640	832	448	641	825	449
704	832	448	703	825	450
768	832	448	767	825	449
832	832	448	830	825	449
896	832	448	893	825	449
960	832	448	955	826	449
1023	832	448	1015	826	449
0	896	448	23	882	455
64	896	448	69	882	454
128	896	448	132	883	454
192	896	448	196	883	454
256	896	448	262	883	453
320	896	448	326	884	451
384	896	448	390	885	451
448	896	448	453	885	451
512	896	448	516	885	450
576	896	448	579	885	450
640	896	448	641	885	450
704	896	448	703	886	450
768	896	448	768	887	450
832	896	448	831	887	450
896	896	448	893	886	449
960	896	448	956	887	449
1023	896	448	1016	887	449
0	960	448	32	945	455
64	960	448	72	945	455
128	960	448	133	946	454
192	960	448	197	946	454
256	960	448	262	947	454
320	960	448	327	947	451
384	960	448	391	948	451
448	960	448	454	948	451
512	960	448	516	948	451
576	960	448	580	949	451
640	960	448	642	949	450
704	960	448	704	949	450
768	960	448	769	950	450
832	960	448	832	950	450
896	960	448	894	950	450
960	960	448	956	950	450
1023	960	448	1017	951	450
0	1023	448	44	1006	455
64	1023	448	75	1007	453
128	1023	448	136	1007	453
192	1023	448	198	1007	452
256	1023	448	263	1008	452
320	1023	448	327	1009	451
384	1023	448	392	1009	451
448	1023	448	454	1009	451
512	1023	448	517	1010	451
576	1023	448	580	1010	450
640	1023	448	643	1011	450
704	1023	448	704	1011	450
768	1023	448	769	1012	450
832	1023	448	832	1012	450
896	1023	448	895	1012	450
960	1023	448	957	1013	450
1023	1023	448	1017	1012	449
0	0	512	0	0	511
64	0	512	63	0	510
128	0	512	129	0	510
192	0	512	193	0	510
256	0	512	258	0	509
320	0	512	322	0	509
384	0	512	387	0	509
448	0	512	450	0	509
512	0	512	512	0	508
576	0	512	576	0	508
640	0	512	638	0	508
704	0	512	700	0	509
768	0	512	765	0	509
832	0	512	828	0	508
896	0	512	891	0	508
960	0	512	954	0	508
1023	0	512	1015	0	508
0	64	512	0	63	513
64	64	512	63	63	512
128	64	512	129	63	511
192	64	512	193	63	511
256	64	512	258	63	510
320	64	512	322	63	509
384	64	512	387	63	509
448	64	512	450	66	509
512	64	512	512	66	509
576	64	512	576	66	509
640	64	512	639	66	509
704	64	512	700	63	509
768	64	512	765	63	509
832	64	512	828	63	508
896	64	512	891	63	508
960	64	512	954	63	508
1023	64	512	1014	63	508
0	128	512	0	130	513
64	128	512	63	130	512
128	128	512	129	130	512
192	128	512	193	130	511
256	128	512	258	130	510
320	128	512	322	130	509
384	128	512	387	130	509
448	128	512	450	130	509
512	128	512	512	130	509
576	128	512	576	130	509
640	128	512	639	130	509
704	128	512	700	130	509
768	128	512	765	130	509
832	128	512	828	130	508
896	128	512	891	130	508
960	128	512	953	130	508
1023	128	512	1014	130	508
0	192	512	0	194	513
64	192	512	63	194	512
128	192	512	129	194	512
192	192	512	193	194	511
256	192	512	258	195	510
320	192	512	322	195	509
384	192	512	387	196	509
448	192	512	450	196	509
512	192	512	513	196	509
576	192	512	577	196	509
640	192	512	639	196	509
704	192	512	701	196	509
768	192	512	765	196	509
832	192	512	828	195	508
896	192	512	891	195	509
960	192	512	953	194	508
1023	192	512	1014	194	508
0	256	512	0	259	513
64	256	512	63	259	512
128	256	512	129	259	512
192	256	512	193	260	511
256	256	512	258	261	511
320	256	512	322	261	509
384	256	512	387	262	509
448	256	512	450	262	509
512	256	512	513	262	509
576	256	512	577	262	509
640	256	512	639	262	509
704	256	512	701	262	509
768	256	512	765	261	509
832	256	512	828	261	508
896	256	512	891	261	509
960	256	512	952	260	508
1023	256	512	1013	259	508
0	320	512	0	324	514
64	320	512	63	324	513
128	320	512	129	325	513
192	320	512	193	325	512
256	320	512	258	325	511
320	320	512	322	326	510
384	320	512	387	326	510
448	320	512	450	326	509
512	320	512	513	327	509
576	320	512	577	327	509
640	320	512	639	327	509
704	320	512	701	326	509
768	320	512	765	326	509
832	320	512	828	326	509
896	320	512	890	326	509
960	320	512	952	325	508
1023	320	512	1012	324	508
0	384	512	0	388	514
64	384	512	63	388	514
128	384	512	129	389	514
192	384	512	193	389	513
256	384	512	258	389	512
320	384	512	322	389	510
384	384	512	387	390	510
448	384	512	449	389	509
512	384	512	512	390	509
576	384	512	576	390	509
640	384	512	638	390	509
704	384	512	700	390	509
768	384	512	765	390	509
832	384	512	827	389	509
896	384	512	890	389	509
960	384	512	952	389	509
1023	384	512	1012	389	508
0	448	512	0	450	515
64	448	512	63	450	514
128	448	512	129	450	514
192	448	512	193	450	513
256	448	512	258	451	512
320	448	512	322	451	510
384	448	512	387	451	510
448	448	512	450	451	510
512	448	512	513	451	509
576	448	512	576	451	509
640	448	512	639	451	509
704	448	512	700	451	509
768	448	512	765	451	509
832	448	512	827	451	509
896	448	512	890	451	509
960	448	512	953	451	509
1023	448	512	1013	451	509
0	512	512	0	511	515
64	512	512	63	511	514
128	512	512	129	511	514
192	512	512	193	512	513
256	512	512	258	512	512
320	512	512	322	512	510
384	512	512	388	513	510
448	512	512	451	513	510
512	512	512	513	513	510
576	512	512	577	513	510
640	512	512	639	513	509
704	512	512	700	513	509
768	512	512	765	513	509
832	512	512	828	513	509
896	512	512	890	513	509
960	512	512	953	513	509
1023	512	512	1013	513	509
0	576	512	0	575	515
64	576	512	63	575	514
128	576	512	129	576	514
192	576	512	193	576	513
256	576	512	258	576	512
320	576	512	322	576	510
384	576	512	388	577	510
448	576	512	451	577	510
512	576	512	514	577	510
576	576	512	577	577	510
640	576	512	639	577	510
704	576	512	700	577	509
768	576	512	766	578	510
832	576	512	828	578	510
896	576	512	891	577	509
960	576	512	953	577	509
1023	576	512	1013	577	509
0	640	512	0	636	516
64	640	512	63	636	515
128	640	512	129	636	515
192	640	512	193	636	514
256	640	512	259	636	513
320	640	512	323	637	511
384	640	512	388	637	511
448	640	512	451	637	510
512	640	512	514	637	510
576	640	512	578	637	510
640	640	512	639	637	510
704	640	512	701	637	510
768	640	512	766	638	510
832	640	512	829	638	510
896	640	512	892	638	510
960	640	512	954	638	510
1023	640	512	1014	638	510
0	704	512	0	697	516
64	704	512	63	697	514
128	704	512	130	697	514
192	704	512	194	697	513
256	704	512	259	698	512
320	704	512	323	698	511
384	704	512	389	698	511
448	704	512	451	699	511
512	704	512	514	699	511
576	704	512	578	699	511
640	704	512	640	700	510
704	704	512	702	700	511
768	704	512	767	700	510
832	704	512	829	700	510
896	704	512	892	700	510
960	704	512	953	699	510
1023	704	512	1015	701	510
0	768	512	0	760	516
64	768	512	63	760	515
128	768	512	130	760	515
192	768	512	194	760	514
256	768	512	259	761	513
320	768	512	324	762	511
384	768	512	389	762	511
448	768	512	452	762	511
512	768	512	514	762	511
576	768	512	578	763	511
640	768	512	640	763	511
704	768	512	702	763	511
768	768	512	767	764	511
832	768	512	830	764	510
896	768	512	892	763	510
960	768	512	954	764	510
1023	768	512	1015	764	510
0	832	512	0	822	517
64	832	512	63	822	515
128	832	512	130	823	515
192	832	512	195	823	514
256	832	512	261	823	513
320	832	512	325	824	512
384	832	512	389	824	512
448	832	512	452	824	511
512	832	512	515	825	511
576	832	512	579	826	511
640	832	512	640	825	511
704	832	512	703	826	511
768	832	512	767	826	511
832	832	512	830	826	511
896	832	512	893	826	510
960	832	512	955	827	511
1023	832	512	1015	826	510
0	896	512	0	883	517
64	896	512	66	883	517
128	896	512	130	883	517
192	896	512	195	884	516
256	896	512	261	884	515
320	896	512	325	885	512
384	896	512	390	886	512
448	896	512	453	886	512
512	896	512	516	886	511
576	896	512	579	886	512
640	896	512	641	886	511
704	896	512	704	887	511
768	896	512	768	888	511
832	896	512	832	888	511
896	896	512	893	887	511
960	896	512	956	888	511
1023	896	512	1017	889	511
0	960	512	23	946	517
64	960	512	69	946	517
128	960	512	132	946	517
192	960	512	197	947	516
256	960	512	262	948	515
320	960	512	326	949	513
384	960	512	391	949	513
448	960	512	453	949	512
512	960	512	516	949	512
576	960	512	580	950	512
640	960	512	642	950	512
704	960	512	704	951	512
768	960	512	769	951	512
832	960	512	832	951	512
896	960	512	895	951	511
960	960	512	956	952	511
1023	960	512	1017	952	511
0	1023	512	38	1007	517
64	1023	512	72	1007	516
128	1023	512	134	1008	515
192	1023	512	198	1008	515
256	1023	512	263	1009	514
320	1023	512	327	1010	512
384	1023	512	391	1010	512
448	1023	512	454	1011	512
512	1023	512	517	1011	512
576	1023	512	580	1011	512
640	1023	512	643	1012	512
704	1023	512	704	1012	512
768	1023	512	769	1013	512
832	1023	512	832	1012	511
896	1023	512	895	1013	511
960	1023	512	957	1014	512
1023	1023	512	1018	1014	511
0	0	576	0	0	574
64	0	576	63	0	573
128	0	576	129	0	573
192	0	576	193	0	573
256	0	576	258	0	572
320	0	576	322	0	572
384	0	576	387	0	572
448	0	576	450	0	572
512	0	576	513	0	572
576	0	576	577	0	572
640	0	576	639	0	572
704	0	576	700	0	571
768	0	576	765	0	571
832	0	576	828	0	571
896	0	576	891	0	571
960	0	576	954	0	571
1023	0	576	1015	0	571
0	64	576	0	63	576
64	64	576	63	63	575
128	64	576	129	63	575
192	64	576	193	63	574
256	64	576	258	63	573
320	64	576	322	63	573
384	64	576	387	66	573
448	64	576	450	66	573
512	64	576	513	66	572
576	64	576	577	66	572
640	64	576	639	66	572
704	64	576	700	63	572
768	64	576	765	63	572
832	64	576	828	63	571
896	64	576	891	63	571
960	64	576	954	63	571
1023	64	576	1015	63	571
0	128	576	0	130	576
64	128	576	63	130	575
128	128	576	129	130	575
192	128	576	193	130	574
256	128	576	258	130	573
320	128	576	322	130	573
384	128	576	387	130	573
448	128	576	450	130	573
512	128	576	513	130	572
576	128	576	577	130	572
640	128	576	639	130	572
704	128	576	700	130	572
768	128	576	765	130	572
832	128	576	828	130	571
896	128	576	891	130	571
960	128	576	954	130	571
1023	128	576	1015	130	571
0	192	576	0	194	576
64	192	576	63	194	576
128	192	576	129	194	575
192	192	576	193	194	575
256	192	576	258	195	573
320	192	576	322	195	573
384	192	576	387	196	573
448	192	576	450	196	573
512	192	576	513	196	572
576	192	576	577	196	572
640	192	576	639	196	572
704	192	576	700	196	572
768	192	576	765	196	572
832	192	576	828	195	571
896	192	576	891	195	571
960	192	576	953	195	571
1023	192	576	1014	194	571
0	256	576	0	259	576
64	256	576	63	259	576
128	256	576	129	260	576
192	256	576	193	260	575
256	256	576	258	261	574
320	256	576	322	261	573
384	256	576	387	262	573
448	256	576	450	262	573
512	256	576	513	262	572
576	256	576	577	262	572
640	256	576	639	262	572
704	256	576	700	261	572
768	256	576	765	262	572
832	256	576	828	261	571
896	256	576	891	261	571
960	256	576	953	261	571
1023	256	576	1014	260	571
0	320	576	0	324	578
64	320	576	63	324	577
128	320	576	129	325	576
192	320	576	193	325	575
256	320	576	257	326	574
320	320	576	321	326	573
384	320	576	387	327	573
448	320	576	450	327	573
512	320	576	513	327	572
576	320	576	577	327	572
640	320	576	639	327	572
704	320	576	700	327	572
768	320	576	765	327	572
832	320	576	828	326	572
896	320	576	891	326	572
960	320	576	952	326	572
1023	320	576	1013	325	571
0	384	576	0	388	578
64	384	576	63	388	578
128	384	576	129	389	577
192	384	576	193	389	577
256	384	576	257	389	575
320	384	576	321	390	573
384	384	576	386	390	573
448	384	576	449	390	573
512	384	576	512	390	572
576	384	576	576	390	572
640	384	576	638	390	572
704	384	576	700	390	572
768	384	576	765	390	572
832	384	576	828	390	572
896	384	576	890	390	571
960	384	576	953	390	572
1023	384	576	1013	389	571
0	448	576	0	450	579
64	448	576	63	450	578
128	448	576	129	450	577
192	448	576	193	450	576
256	448	576	258	451	575
320	448	576	322	451	573
384	448	576	387	451	573
448	448	576	450	451	573
512	448	576	512	451	573
576	448	576	576	452	572
640	448	576	639	452	572
704	448	576	700	452	572
768	448	576	765	452	572
832	448	576	828	451	572
896	448	576	891	451	572
960	448	576	953	452	572
1023	448	576	1013	451	572
0	512	576	0	511	579
64	512	576	63	511	578
128	512	576	129	511	577
192	512	576	193	512	576
256	512	576	258	512	575
320	512	576	322	513	573
384	512	576	387	513	573
448	512	576	450	513	573
512	512	576	513	513	573
576	512	576	577	514	573
640	512	576	639	513	572
704	512	576	700	513	572
768	512	576	765	514	572
832	512	576	828	513	572
896	512	576	891	513	572
960	512	576	953	514	572
1023	512	576	1014	514	572
0	576	576	0	575	579
64	576	576	63	576	578
128	576	576	129	576	578
192	576	576	193	576	577
256	576	576	258	576	575
320	576	576	322	577	573
384	576	576	387	577	573
448	576	576	450	577	573
512	576	576	513	578	573
576	576	576	577	578	573
640	576	576	639	578	573
704	576	576	700	578	572
768	576	576	765	578	573
832	576	576	829	578	573
896	576	576	891	578	572
960	576	576	953	578	572
1023	576	576	1014	578	572
0	640	576	0	636	580
64	640	576	63	636	579
128	640	576	129	636	578
192	640	576	193	636	578
256	640	576	258	637	576
320	640	576	322	637	574
384	640	576	388	637	574
448	640	576	451	637	573
512	640	576	514	638	573
576	640	576	578	638	573
640	640	576	640	638	573
704	640	576	701	638	573
768	640	576	766	639	573
832	640	576	829	639	573
896	640	576	892	638	573
960	640	576	954	639	573
1023	640	576	1014	639	573
0	704	576	0	697	580
64	704	576	63	697	577
128	704	576	129	697	577
192	704	576	193	698	576
256	704	576	259	698	575
320	704	576	323	699	574
384	704	576	388	699	574
448	704	576	451	699	574
512	704	576	514	699	574
576	704	576	578	700	574
640	704	576	640	700	573
704	704	576	702	701	574
768	704	576	767	701	573
832	704	576	830	701	573
896	704	576	892	700	573
960	704	576	954	700	573
1023	704	576	1015	701	573
0	768	576	0	761	580
64	768	576	63	761	579
128	768	576	129	761	578
192	768	576	193	761	578
256	768	576	259	762	576
320	768	576	323	762	574
384	768	576	389	763	574
448	768	576	451	763	574
512	768	576	514	763	574
576	768	576	578	764	574
640	768	576	640	764	574
704	768	576	702	765	574
768	768	576	767	764	573
832	768	576	830	764	573
896	768	576	892	764	573
960	768	576	955	765	573
1023	768	576	1015	765	573
0	832	576	0	823	580
64	832	576	63	823	578
128	832	576	130	823	578
192	832	576	194	824	577
256	832	576	260	824	576
320	832	576	324	825	575
384	832	576	389	825	575
448	832	576	452	826	575
512	832	576	515	826	575
576	832	576	579	826	574
640	832	576	641	826	574
704	832	576	703	827	574
768	832	576	767	827	574
832	832	576	831	827	574
896	832	576	893	827	573
960	832	576	956	828	574
1023	832	576	1016	828	573
0	896	576	0	884	581
64	896	576	63	884	581
128	896	576	130	884	580
192	896	576	195	885	580
256	896	576	261	886	578
320	896	576	325	886	576
384	896	576	390	886	575
448	896	576	453	887	575
512	896	576	515	887	575
576	896	576	579	887	575
640	896	576	642	888	574
704	896	576	704	888	574
768	896	576	768	889	574
832	896	576	831	889	574
896	896	576	894	889	574
960	896	576	956	890	574
1023	896	576	1017	890	574
0	960	576	0	946	581
64	960	576	66	946	581
128	960	576	130	946	580
192	960	576	196	947	580
256	960	576	261	948	579
320	960	576	326	949	576
384	960	576	390	949	576
448	960	576	453	949	575
512	960	576	516	950	575
576	960	576	580	950	575
640	960	576	642	951	575
704	960	576	704	951	575
768	960	576	769	952	575
832	960	576	832	952	575
896	960	576	895	952	574
960	960	576	957	953	574
1023	960	576	1017	953	574
0	1023	576	32	1008	582
64	1023	576	69	1008	579
128	1023	576	133	1008	579
192	1023	576	197	1009	578
256	1023	576	262	1010	577
320	1023	576	327	1011	576
384	1023	576	391	1011	576
448	1023	576	454	1012	576
512	1023	576	517	1012	575
576	1023	576	580	1013	575
640	1023	576	643	1013	575
704	1023	576	705	1014	575
768	1023	576	769	1014	575
832	1023	576	832	1013	574
896	1023	576	895	1014	575
960	1023	576	958	1015	575
1023	1023	576	1018	1015	574
0	0	640	0	0	637
64	0	640	63	0	635
128	0	640	129	0	635
192	0	640	193	0	634
256	0	640	257	0	634
320	0	640	321	0	633
384	0	640	387	0	633
448	0	640	450	0	633
512	0	640	513	0	633
576	0	640	577	0	633
640	0	640	639	0	633
704	0	640	700	0	633
768	0	640	766	0	633
832	0	640	828	0	633
896	0	640	892	0	632
960	0	640	955	0	633
1023	0	640	1016	0	633
0	64	640	0	63	639
64	64	640	63	63	637
128	64	640	129	63	636
192	64	640	193	63	636
256	64	640	257	63	635
320	64	640	321	63	634
384	64	640	387	66	634
448	64	640	450	66	634
512	64	640	513	66	634
576	64	640	577	66	634
640	64	640	639	66	633
704	64	640	700	66	633
768	64	640	766	66	633
832	64	640	828	66	633
896	64	640	892	63	632
960	64	640	955	63	633
1023	64	640	1016	63	633
0	128	640	0	130	639
64	128	640	63	130	637
128	128	640	129	130	636
192	128	640	193	130	636
256	128	640	257	130	635
320	128	640	321	130	634
384	128	640	387	130	634
448	128	640	450	130	634
512	128	640	513	130	634
576	128	640	577	132	634
640	128	640	639	130	633
704	128	640	700	130	633
768	128	640	766	130	633
832	128	640	828	130	633
896	128	640	892	130	632
960	128	640	954	130	633
1023	128	640	1016	130	633
0	192	640	0	194	639
64	192	640	63	194	637
128	192	640	129	194	637
192	192	640	193	195	636
256	192	640	257	195	635
320	192	640	321	196	634
384	192	640	387	196	634
448	192	640	450	196	634
512	192	640	513	196	634
576	192	640	577	196	634
640	192	640	639	196	633
704	192	640	700	196	633
768	192	640	766	196	633
832	192	640	828	196	633
896	192	640	891	195	633
960	192	640	954	195	633
1023	192	640	1015	195	633
0	256	640	0	260	639
64	256	640	63	260	638
128	256	640	129	260	638
192	256	640	192	261	637
256	256	640	257	261	636
320	256	640	321	262	634
384	256	640	387	262	634
448	256	640	450	262	634
512	256	640	513	262	634
576	256	640	577	262	634
640	256	640	639	262	633
704	256	640	700	262	633
768	256	640	765	262	633
832	256	640	828	262	633
896	256	640	891	261	633
960	256	640	953	261	633
1023	256	640	1014	261	633
0	320	640	0	325	641
64	320	640	63	325	638
128	320	640	129	325	638
192	320	640	192	325	637
256	320	640	257	326	636
320	320	640	321	327	635
384	320	640	387	327	635
448	320	640	450	327	634
512	320	640	512	327	634
576	320	640	577	327	634
640	320	640	639	327	633
704	320	640	700	327	634
768	320	640	765	327	633
832	320	640	828	327	633
896	320	640	891	326	633
960	320	640	953	326	633
1023	320	640	1014	326	633
0	384	640	0	389	641
64	384	640	63	389	640
128	384	640	129	389	640
192	384	640	192	389	639
256	384	640	257	390	638
320	384	640	321	390	635
384	384	640	386	390	635
448	384	640	450	390	634
512	384	640	512	391	634
576	384	640	576	391	634
640	384	640	639	391	634
704	384	640	700	390	633
768	384	640	765	391	634
832	384	640	828	390	633
896	384	640	891	390	633
960	384	640	953	390	633
1023	384	640	1014	390	633
0	448	640	0	450	641
64	448	640	63	450	640
128	448	640	129	451	639
192	448	640	193	451	639
256	448	640	257	451	638
320	448	640	321	452	635
384	448	640	387	452	635
448	448	640	450	452	634
512	448	640	513	452	634
576	448	640	577	452	634
640	448	640	639	452	634
704	448	640	700	452	633
768	448	640	765	453	634
832	448	640	828	452	633
896	448	640	891	452	633
960	448	640	954	452	633
1023	448	640	1014	452	633
0	512	640	0	512	641
64	512	640	63	512	639
128	512	640	129	512	639
192	512	640	193	512	638
256	512	640	257	513	637
320	512	640	322	513	635
384	512	640	387	514	635
448	512	640	450	514	635
512	512	640	513	514	634
576	512	640	577	514	634
640	512	640	639	514	634
704	512	640	701	514	634
768	512	640	766	514	634
832	512	640	828	514	633
896	512	640	891	514	634
960	512	640	954	514	634
1023	512	640	1014	514	633
0	576	640	0	576	641
64	576	640	63	576	640
128	576	640	129	576	639
192	576	640	193	576	639
256	576	640	258	577	638
320	576	640	322	578	635
384	576	640	387	578	635
448	576	640	450	578	635
512	576	640	513	578	634
576	576	640	577	578	634
640	576	640	639	578	634
704	576	640	701	579	634
768	576	640	766	579	634
832	576	640	829	579	634
896	576	640	892	579	634
960	576	640	954	579	634
1023	576	640	1015	579	634
0	640	640	0	636	642
64	640	640	63	636	641
128	640	640	129	636	640
192	640	640	193	637	640
256	640	640	258	637	639
320	640	640	322	638	636
384	640	640	388	638	635
448	640	640	451	638	635
512	640	640	514	639	635
576	640	640	578	639	635
640	640	640	640	639	635
704	640	640	702	639	634
768	640	640	766	639	634
832	640	640	829	639	634
896	640	640	892	639	634
960	640	640	955	640	634
1023	640	640	1015	639	634
0	704	640	0	697	642
64	704	640	63	697	638
128	704	640	129	697	638
192	704	640	193	698	637
256	704	640	258	699	637
320	704	640	322	699	636
384	704	640	388	700	636
448	704	640	451	700	635
512	704	640	514	700	635
576	704	640	578	700	635
640	704	640	640	701	635
704	704	640	702	701	635
768	704	640	766	701	634
832	704	640	829	701	634
896	704	640	892	701	634
960	704	640	954	701	634
1023	704	640	1015	701	634
0	768	640	0	761	642
64	768	640	63	761	640
128	768	640	129	761	640
192	768	640	193	762	639
256	768	640	258	762	638
320	768	640	323	763	636
384	768	640	388	763	636
448	768	640	451	763	635
512	768	640	514	764	635
576	768	640	578	764	635
640	768	640	640	764	635
704	768	640	702	765	635
768	768	640	766	765	634
832	768	640	830	765	634
896	768	640	893	765	634
960	768	640	955	765	634
1023	768	640	1016	766	634
0	832	640	0	824	643
64	832	640	63	824	640
128	832	640	130	824	640
192	832	640	194	825	639
256	832	640	259	825	638
320	832	640	324	826	636
384	832	640	389	826	636
448	832	640	451	826	636
512	832	640	515	826	636
576	832	640	578	827	636
640	832	640	641	827	635
704	832	640	703	828	635
768	832	640	767	828	635
832	832	640	831	828	635
896	832	640	894	829	635
960	832	640	956	829	635
1023	832	640	1017	829	635
0	896	640	0	885	643
64	896	640	63	885	643
128	896	640	130	885	642
192	896	640	194	886	642
256	896	640	260	886	641
320	896	640	325	887	637
384	896	640	390	888	637
448	896	640	453	888	637
512	896	640	516	888	636
576	896	640	580	889	636
640	896	640	642	889	636
704	896	640	704	889	636
768	896	640	768	890	636
832	896	640	831	889	635
896	896	640	894	890	635
960	896	640	957	890	635
1023	896	640	1018	891	635
0	960	640	0	947	644
64	960	640	63	947	643
128	960	640	130	948	643
192	960	640	195	948	642
256	960	640	261	949	641
320	960	640	325	950	637
384	960	640	390	951	637
448	960	640	453	951	637
512	960	640	516	951	637
576	960	640	580	952	637
640	960	640	642	952	636
704	960	640	704	952	636
768	960	640	769	953	636
832	960	640	832	953	636
896	960	640	895	954	636
960	960	640	957	953	636
1023	960	640	1018	954	636
0	1023	640	0	1009	644
64	1023	640	66	1009	640
128	1023	640	132	1010	640
192	1023	640	196	1010	639
256	1023	640	262	1011	638
320	1023	640	326	1012	638
384	1023	640	391	1013	638
448	1023	640	454	1013	638
512	1023	640	517	1014	637
576	1023	640	580	1014	637
640	1023	640	643	1014	636
704	1023	640	704	1014	636
768	1023	640	769	1015	636
832	1023	640	832	1015	636
896	1023	640	895	1015	636
960	1023	640	957	1015	636
1023	1023	640	1019	1017	636
0	0	704	0	0	698
64	0	704	63	0	695
128	0	704	128	0	695
192	0	704	192	0	695
256	0	704	256	0	695
320	0	704	320	0	694
384	0	704	385	0	694
448	0	704	449	0	694
512	0	704	512	0	694
576	0	704	575	0	694
640	0	704	637	0	693
704	0	704	700	0	694
768	0	704	765	0	694
832	0	704	828	0	693
896	0	704	890	0	693
960	0	704	953	0	694
1023	0	704	1015	0	694
0	64	704	0	63	699
64	64	704	63	63	696
128	64	704	128	63	696
192	64	704	192	63	696
256	64	704	256	63	695
320	64	704	320	63	695
384	64	704	385	63	695
448	64	704	449	66	695
512	64	704	512	66	694
576	64	704	575	66	694
640	64	704	637	66	694
704	64	704	700	66	694
768	64	704	765	66	694
832	64	704	828	63	693
896	64	704	890	63	693
960	64	704	953	63	694
1023	64	704	1015	63	694
0	128	704	0	129	699
64	128	704	63	130	697
128	128	704	128	130	696
192	128	704	192	130	696
256	128	704	256	130	696
320	128	704	320	130	695
384	128	704	385	130	695
448	128	704	449	130	695
512	128	704	512	130	694
576	128	704	575	130	694
640	128	704	638	130	694
704	128	704	700	130	694
768	128	704	765	130	694
832	128	704	828	130	693
896	128	704	890	130	693
960	128	704	953	130	694
1023	128	704	1015	130	694
0	192	704	0	194	699
64	192	704	63	194	697
128	192	704	128	194	697
192	192	704	192	194	697
256	192	704	256	195	697
320	192	704	320	196	695
384	192	704	385	196	695
448	192	704	449	196	695
512	192	704	512	196	694
576	192	704	575	196	694
640	192	704	638	196	694
704	192	704	700	196	694
768	192	704	765	196	694
832	192	704	827	195	693
896	192	704	890	195	693
960	192	704	953	195	694
1023	192	704	1014	194	694
0	256	704	0	259	699
64	256	704	63	259	698
128	256	704	128	259	698
192	256	704	192	260	698
256	256	704	256	261	698
320	256	704	320	261	695
384	256	704	385	262	695
448	256	704	449	262	695
512	256	704	512	262	695
576	256	704	576	262	694
640	256	704	638	262	694
704	256	704	700	262	694
768	256	704	765	262	694
832	256	704	827	261	694
896	256	704	890	261	693
960	256	704	953	261	694
1023	256	704	1013	260	694
0	320	704	0	324	702
64	320	704	63	324	698
128	320	704	128	324	698
192	320	704	192	325	698
256	320	704	256	326	698
320	320	704	320	326	696
384	320	704	386	327	696
448	320	704	449	327	696
512	320	704	512	327	695
576	320	704	576	327	695
640	320	704	638	327	695
704	320	704	700	327	695
768	320	704	764	327	694
832	320	704	827	326	694
896	320	704	890	326	694
960	320	704	953	327	695
1023	320	704	1013	326	694
0	384	704	0	388	702
64	384	704	63	388	701
128	384	704	128	389	701
192	384	704	191	389	701
256	384	704	256	389	700
320	384	704	320	390	696
384	384	704	386	390	696
448	384	704	449	390	696
512	384	704	512	391	696
576	384	704	576	391	695
640	384	704	638	391	695
704	384	704	700	390	695
768	384	704	764	390	695
832	384	704	827	390	694
896	384	704	890	390	694
960	384	704	952	390	694
1023	384	704	1014	390	694
0	448	704	0	450	702
64	448	704	63	450	700
128	448	704	128	450	700
192	448	704	191	450	700
256	448	704	256	451	699
320	448	704	320	451	696
384	448	704	386	451	696
448	448	704	449	452	696
512	448	704	512	452	695
576	448	704	576	452	695
640	448	704	638	452	695
704	448	704	700	452	695
768	448	704	764	452	695
832	448	704	828	452	694
896	448	704	890	452	694
960	448	704	953	452	694
1023	448	704	1014	452	695
0	512	704	0	511	703
64	512	704	63	511	700
128	512	704	128	511	700
192	512	704	192	512	700
256	512	704	256	512	699
320	512	704	320	513	696
384	512	704	386	513	696
448	512	704	449	514	695
512	512	704	512	514	695
576	512	704	576	514	695
640	512	704	639	514	695
704	512	704	700	514	695
768	512	704	765	514	695
832	512	704	828	514	695
896	512	704	891	514	695
960	512	704	953	514	695
1023	512	704	1014	515	695
0	576	704	0	576	703
64	576	704	63	576	700
128	576	704	128	576	700
192	576	704	192	576	700
256	576	704	256	577	699
320	576	704	321	578	696
384	576	704	386	578	696
448	576	704	450	578	696
512	576	704	512	578	696
576	576	704	576	578	696
640	576	704	639	579	696
704	576	704	701	579	696
768	576	704	765	579	695
832	576	704	828	579	695
896	576	704	891	579	695
960	576	704	953	579	695
1023	576	704	1015	579	695
0	640	704	0	636	704
64	640	704	63	636	702
128	640	704	129	636	702
192	640	704	192	637	701
256	640	704	257	637	701
320	640	704	321	638	697
384	640	704	387	638	697
448	640	704	450	639	697
512	640	704	513	639	696
576	640	704	577	639	696
640	640	704	639	639	696
704	640	704	701	639	696
768	640	704	766	640	696
832	640	704	829	640	695
896	640	704	892	640	695
960	640	704	954	640	695
1023	640	704	1015	640	695
0	704	704	0	697	704
64	704	704	63	697	698
128	704	704	129	698	698
192	704	704	193	698	698
256	704	704	258	699	698
320	704	704	322	699	697
384	704	704	388	700	697
448	704	704	451	701	697
512	704	704	513	700	696
576	704	704	577	701	696
640	704	704	639	701	696
704	704	704	702	702	696
768	704	704	766	702	696
832	704	704	829	701	695
896	704	704	892	702	696
960	704	704	954	702	696
1023	704	704	1015	702	696
0	768	704	0	761	704
64	768	704	63	761	701
128	768	704	129	761	701
192	768	704	193	762	701
256	768	704	258	762	700
320	768	704	322	763	697
384	768	704	388	764	697
448	768	704	450	764	697
512	768	704	513	764	696
576	768	704	577	764	696
640	768	704	640	765	696
704	768	704	701	765	696
768	768	704	766	765	696
832	768	704	829	765	696
896	768	704	892	765	695
960	768	704	954	766	695
1023	768	704	1015	766	696
0	832	704	0	824	704
64	832	704	63	824	700
128	832	704	129	824	700
192	832	704	193	824	699
256	832	704	258	825	699
320	832	704	322	826	698
384	832	704	388	827	698
448	832	704	451	827	697
512	832	704	514	827	697
576	832	704	578	827	697
640	832	704	640	828	697
704	832	704	702	828	697
768	832	704	767	828	697
832	832	704	830	828	696
896	832	704	892	828	696
960	832	704	955	828	696
1023	832	704	1016	829	697
0	896	704	0	885	704
64	896	704	63	885	704
128	896	704	129	885	704
192	896	704	193	886	704
256	896	704	259	887	703
320	896	704	323	887	698
384	896	704	389	888	698
448	896	704	452	888	698
512	896	704	515	888	698
576	896	704	579	889	698
640	896	704	641	889	697
704	896	704	703	889	697
768	896	704	767	890	697
832	896	704	831	890	697
896	896	704	893	890	697
960	896	704	956	890	696
1023	896	704	1017	891	697
0	960	704	0	947	705
64	960	704	63	948	705
128	960	704	130	948	705
192	960	704	194	949	704
256	960	704	259	949	704
320	960	704	324	950	699
384	960	704	389	951	699
448	960	704	452	951	698
512	960	704	515	952	698
576	960	704	579	952	698
640	960	704	641	952	697
704	960	704	704	953	698
768	960	704	768	953	698
832	960	704	831	953	697
896	960	704	894	953	697
960	960	704	956	954	698
1023	960	704	1018	954	698
0	1023	704	0	1011	706
64	1023	704	63	1011	700
128	1023	704	130	1011	700
192	1023	704	195	1011	700
256	1023	704	261	1012	700
320	1023	704	325	1013	699
384	1023	704	390	1013	699
448	1023	704	453	1013	699
512	1023	704	516	1014	698
576	1023	704	580	1014	698
640	1023	704	642	1015	698
704	1023	704	704	1015	698
768	1023	704	768	1015	698
832	1023	704	832	1016	698
896	1023	704	895	1016	698
960	1023	704	957	1016	698
1023	1023	704	1018	1017	697
0	0	768	0	0	762
64	0	768	63	0	761
128	0	768	128	0	760
192	0	768	191	0	759
256	0	768	255	0	758
320	0	768	319	0	757
384	0	768	385	0	757
448	0	768	448	0	757
512	0	768	511	0	757
576	0	768	575	0	756
640	0	768	638	0	756
704	0	768	700	0	756
768	0	768	764	0	756
832	0	768	828	0	756
896	0	768	890	0	755
960	0	768	953	0	755
1023	0	768	1014	0	756
0	64	768	0	63	764
64	64	768	63	63	762
128	64	768	128	63	762
192	64	768	191	63	761
256	64	768	255	63	759
320	64	768	319	63	758
384	64	768	385	63	757
448	64	768	448	63	757
512	64	768	511	66	757
576	64	768	575	66	757
640	64	768	638	66	756
704	64	768	700	66	756
768	64	768	764	66	756
832	64	768	828	63	756
896	64	768	890	63	756
960	64	768	953	63	756
1023	64	768	1014	63	756
0	128	768	0	129	764
64	128	768	63	129	762
128	128	768	128	130	762
192	128	768	191	130	761
256	128	768	255	130	759
320	128	768	319	130	758
384	128	768	385	130	757
448	128	768	448	130	757
512	128	768	511	130	757
576	128	768	575	130	757
640	128	768	638	130	756
704	128	768	700	130	756
768	128	768	764	130	756
832	128	768	827	130	756
896	128	768	890	130	756
960	128	768	953	130	756
1023	128	768	1014	130	756
0	192	768	0	194	764
64	192	768	63	194	763
128	192	768	128	194	762
192	192	768	191	194	761
256	192	768	255	195	759
320	192	768	319	195	758
384	192	768	385	196	757
448	192	768	448	196	757
512	192	768	511	196	757
576	192	768	575	196	757
640	192	768	638	196	756
704	192	768	700	196	756
768	192	768	764	196	756
832	192	768	827	195	756
896	192	768	890	195	756
960	192	768	953	195	756
1023	192	768	1014	195	756
0	256	768	0	259	764
64	256	768	63	259	763
128	256	768	128	259	763
192	256	768	191	260	762
256	256	768	255	261	760
320	256	768	319	261	758
384	256	768	385	262	757
448	256	768	448	262	757
512	256	768	511	262	757
576	256	768	575	262	757
640	256	768	638	262	756
704	256	768	700	262	756
768	256	768	764	262	756
832	256	768	827	261	756
896	256	768	890	261	756
960	256	768	953	261	756
1023	256	768	1013	261	756
0	320	768	0	324	765
64	320	768	63	324	763
128	320	768	128	324	762
192	320	768	191	325	761
256	320	768	255	326	760
320	320	768	319	326	758
384	320	768	385	327	758
448	320	768	448	327	757
512	320	768	511	327	757
576	320	768	575	327	757
640	320	768	638	327	757
704	320	768	700	327	757
768	320	768	764	327	756
832	320	768	827	327	756
896	320	768	890	327	756
960	320	768	953	326	756
1023	320	768	1013	326	756
0	384	768	0	388	765
64	384	768	63	388	764
128	384	768	128	388	763
192	384	768	190	389	762
256	384	768	255	389	761
320	384	768	319	390	758
384	384	768	385	390	758
448	384	768	448	390	757
512	384	768	511	390	757
576	384	768	575	391	757
640	384	768	638	391	757
704	384	768	700	391	757
768	384	768	764	391	756
832	384	768	827	390	756
896	384	768	891	391	756
960	384	768	953	390	756
1023	384	768	1013	390	756
0	448	768	0	450	765
64	448	768	63	450	764
128	448	768	128	450	764
192	448	768	191	450	762
256	448	768	255	451	761
320	448	768	319	451	758
384	448	768	385	452	758
448	448	768	448	452	757
512	448	768	511	452	757
576	448	768	575	452	757
640	448	768	638	452	757
704	448	768	700	452	757
768	448	768	765	453	757
832	448	768	827	452	756
896	448	768	890	452	756
960	448	768	953	452	756
1023	448	768	1013	452	756
0	512	768	0	511	766
64	512	768	63	511	764
128	512	768	128	511	763
192	512	768	191	512	762
256	512	768	255	512	760
320	512	768	319	513	758
384	512	768	385	514	758
448	512	768	448	514	758
512	512	768	512	514	757
576	512	768	575	514	757
640	512	768	638	514	757
704	512	768	700	514	757
768	512	768	765	515	757
832	512	768	828	515	757
896	512	768	890	515	757
960	512	768	953	515	757
1023	512	768	1014	515	757
0	576	768	0	575	766
64	576	768	63	575	764
128	576	768	128	576	764
192	576	768	191	576	762
256	576	768	255	577	761
320	576	768	319	578	758
384	576	768	385	578	758
448	576	768	449	578	758
512	576	768	512	578	758
576	576	768	576	579	758
640	576	768	638	579	758
704	576	768	700	579	758
768	576	768	765	580	758
832	576	768	828	579	757
896	576	768	891	579	757
960	576	768	953	579	757
1023	576	768	1014	580	757
0	640	768	0	636	766
64	640	768	63	636	765
128	640	768	128	636	764
192	640	768	192	636	763
256	640	768	256	637	762
320	640	768	320	638	759
384	640	768	386	638	759
448	640	768	449	639	759
512	640	768	512	639	758
576	640	768	577	639	758
640	640	768	639	640	758
704	640	768	701	640	758
768	640	768	766	640	758
832	640	768	829	640	758
896	640	768	892	640	758
960	640	768	954	640	757
1023	640	768	1015	641	758
0	704	768	0	698	767
64	704	768	63	698	765
128	704	768	129	698	764
192	704	768	192	699	762
256	704	768	257	700	761
320	704	768	321	700	759
384	704	768	386	701	760
448	704	768	450	701	759
512	704	768	513	701	759
576	704	768	577	701	758
640	704	768	639	702	758
704	704	768	701	702	758
768	704	768	766	702	758
832	704	768	829	702	758
896	704	768	892	702	758
960	704	768	955	703	758
1023	704	768	1015	703	758
0	768	768	0	761	767
64	768	768	63	762	765
128	768	768	129	762	765
192	768	768	192	762	763
256	768	768	256	763	762
320	768	768	321	764	760
384	768	768	387	764	759
448	768	768	450	765	759
512	768	768	513	765	759
576	768	768	577	765	758
640	768	768	639	765	758
704	768	768	701	766	758
768	768	768	766	766	758
832	768	768	829	766	758
896	768	768	892	766	758
960	768	768	954	767	758
1023	768	768	1015	767	758
0	832	768	0	824	767
64	832	768	63	824	765
128	832	768	129	824	765
192	832	768	193	825	763
256	832	768	258	825	762
320	832	768	322	826	760
384	832	768	388	827	760
448	832	768	451	827	760
512	832	768	514	828	760
576	832	768	578	828	759
640	832	768	640	828	759
704	832	768	702	829	759
768	832	768	767	829	759
832	832	768	830	829	759
896	832	768	893	830	759
960	832	768	955	830	759
1023	832	768	1017	830	759
0	896	768	0	885	768
64	896	768	63	885	768
128	896	768	129	886	767
192	896	768	193	886	766
256	896	768	258	887	764
320	896	768	323	888	761
384	896	768	388	889	761
448	896	768	451	889	761
512	896	768	515	890	760
576	896	768	579	890	760
640	896	768	641	890	760
704	896	768	703	890	760
768	896	768	768	891	760
832	896	768	831	891	759
896	896	768	893	890	759
960	896	768	956	891	759
1023	896	768	1017	892	759
0	960	768	0	948	768
64	960	768	63	948	768
128	960	768	129	948	767
192	960	768	193	949	766
256	960	768	259	950	764
320	960	768	323	951	761
384	960	768	389	952	761
448	960	768	452	952	761
512	960	768	515	952	760
576	960	768	579	953	760
640	960	768	641	953	760
704	960	768	703	953	760
768	960	768	768	954	760
832	960	768	831	954	760
896	960	768	894	954	759
960	960	768	956	955	759
1023	960	768	1017	955	759
0	1023	768	0	1010	768
64	1023	768	63	1010	766
128	1023	768	130	1010	766
192	1023	768	194	1011	764
256	1023	768	259	1012	762
320	1023	768	324	1013	761
384	1023	768	389	1013	761
448	1023	768	452	1013	761
512	1023	768	515	1014	761
576	1023	768	579	1015	760
640	1023	768	642	1015	760
704	1023	768	704	1015	760
768	1023	768	768	1016	760
832	1023	768	832	1016	760
896	1023	768	895	1016	759
960	1023	768	957	1017	760
1023	1023	768	1018	1017	759
0	0	832	0	0	826
64	0	832	63	0	823
128	0	832	128	0	823
192	0	832	191	0	823
256	0	832	255	0	822
320	0	832	319	0	822
384	0	832	385	0	822
448	0	832	448	0	821
512	0	832	511	0	821
576	0	832	575	0	821
640	0	832	638	0	821
704	0	832	700	0	820
768	0	832	765	0	821
832	0	832	828	0	820
896	0	832	891	0	820
960	0	832	954	0	820
1023	0	832	1015	0	820
0	64	832	0	63	826
64	64	832	63	63	823
128	64	832	128	63	823
192	64	832	191	63	823
256	64	832	255	63	823
320	64	832	319	66	822
384	64	832	385	66	822
448	64	832	448	66	821
512	64	832	511	66	821
576	64	832	575	66	821
640	64	832	638	66	821
704	64	832	700	66	820
768	64	832	765	66	821
832	64	832	828	66	820
896	64	832	891	66	820
960	64	832	954	63	820
1023	64	832	1015	63	820
0	128	832	0	130	826
64	128	832	63	130	824
128	128	832	128	130	824
192	128	832	191	130	823
256	128	832	255	130	823
320	128	832	319	130	822
384	128	832	385	132	822
448	128	832	448	132	821
512	128	832	511	132	821
576	128	832	575	132	821
640	128	832	638	132	821
704	128	832	700	132	820
768	128	832	765	132	821
832	128	832	828	130	820
896	128	832	891	130	820
960	128	832	954	130	820
1023	128	832	1015	130	820
0	192	832	0	194	826
64	192	832	63	194	825
128	192	832	128	195	824
192	192	832	190	195	824
256	192	832	255	195	824
320	192	832	319	196	822
384	192	832	385	196	822
448	192	832	448	196	822
512	192	832	511	196	821
576	192	832	575	196	821
640	192	832	638	196	821
704	192	832	700	196	821
768	192	832	765	196	821
832	192	832	828	196	820
896	192	832	891	196	820
960	192	832	954	196	820
1023	192	832	1014	195	820
0	256	832	0	260	826
64	256	832	63	260	826
128	256	832	128	260	826
192	256	832	190	261	825
256	256	832	255	261	825
320	256	832	319	262	822
384	256	832	385	262	822
448	256	832	448	262	822
512	256	832	511	262	821
576	256	832	575	262	821
640	256	832	638	262	821
704	256	832	700	262	821
768	256	832	765	262	820
832	256	832	828	262	820
896	256	832	891	262	820
960	256	832	953	261	820
1023	256	832	1014	261	820
0	320	832	0	325	830
64	320	832	63	325	825
128	320	832	128	325	825
192	320	832	190	326	825
256	320	832	254	326	824
320	320	832	318	327	822
384	320	832	385	327	822
448	320	832	448	327	822
512	320	832	511	327	821
576	320	832	575	327	821
640	320	832	638	327	821
704	320	832	700	327	821
768	320	832	765	328	821
832	320	832	828	327	821
896	320	832	891	327	821
960	320	832	953	327	820
1023	320	832	1014	326	820
0	384	832	0	389	830
64	384	832	63	389	829
128	384	832	128	389	829
192	384	832	190	390	829
256	384	832	254	390	829
320	384	832	318	391	822
384	384	832	385	391	822
448	384	832	448	392	822
512	384	832	511	392	822
576	384	832	575	392	821
640	384	832	638	391	821
704	384	832	700	392	821
768	384	832	765	392	821
832	384	832	828	392	820
896	384	832	891	391	821
960	384	832	953	391	820
1023	384	832	1014	391	820
0	448	832	0	451	830
64	448	832	63	451	827
128	448	832	128	451	827
192	448	832	190	451	827
256	448	832	254	452	827
320	448	832	318	452	822
384	448	832	385	453	822
448	448	832	448	453	822
512	448	832	511	453	822
576	448	832	575	453	821
640	448	832	638	453	821
704	448	832	700	453	821
768	448	832	765	454	821
832	448	832	828	454	821
896	448	832	891	453	821
960	448	832	953	453	821
1023	448	832	1014	453	821
0	512	832	0	512	831
64	512	832	63	512	827
128	512	832	128	512	827
192	512	832	190	513	827
256	512	832	255	514	826
320	512	832	319	514	822
384	512	832	385	515	822
448	512	832	448	515	822
512	512	832	512	515	822
576	512	832	576	515	821
640	512	832	638	515	821
704	512	832	700	516	821
768	512	832	765	516	821
832	512	832	829	516	821
896	512	832	891	515	821
960	512	832	953	515	821
1023	512	832	1015	516	821
0	576	832	0	576	831
64	576	832	63	576	827
128	576	832	128	577	827
192	576	832	191	577	827
256	576	832	255	578	826
320	576	832	319	578	823
384	576	832	385	579	823
448	576	832	449	580	823
512	576	832	512	580	822
576	576	832	576	580	822
640	576	832	639	580	822
704	576	832	701	580	822
768	576	832	765	580	822
832	576	832	829	580	821
896	576	832	891	580	821
960	576	832	954	580	821
1023	576	832	1015	580	821
0	640	832	0	637	830
64	640	832	63	637	828
128	640	832	128	637	828
192	640	832	191	638	828
256	640	832	255	638	828
320	640	832	320	639	823
384	640	832	386	640	823
448	640	832	449	640	823
512	640	832	512	640	822
576	640	832	577	640	822
640	640	832	639	640	822
704	640	832	701	640	822
768	640	832	766	641	822
832	640	832	829	641	822
896	640	832	892	641	822
960	640	832	954	641	822
1023	640	832	1015	641	822
0	704	832	0	698	830
64	704	832	63	698	824
128	704	832	128	698	824
192	704	832	191	699	824
256	704	832	255	699	823
320	704	832	320	700	824
384	704	832	386	702	824
448	704	832	449	702	823
512	704	832	513	702	823
576	704	832	577	702	823
640	704	832	639	703	822
704	704	832	702	703	822
768	704	832	766	703	823
832	704	832	830	704	822
896	704	832	892	703	822
960	704	832	955	704	822
1023	704	832	1016	704	822
0	768	832	0	762	831
64	768	832	63	762	828
128	768	832	128	763	828
192	768	832	191	763	827
256	768	832	256	764	827
320	768	832	320	765	823
384	768	832	386	765	823
448	768	832	450	766	823
512	768	832	513	766	823
576	768	832	577	766	823
640	768	832	640	767	822
704	768	832	702	767	822
768	768	832	767	767	822
832	768	832	830	768	822
896	768	832	893	768	822
960	768	832	955	768	822
1023	768	832	1016	768	822
0	832	832	0	826	832
64	832	832	63	826	826
128	832	832	129	826	826
192	832	832	192	827	826
256	832	832	257	827	826
320	832	832	321	828	824
384	832	832	387	829	824
448	832	832	450	829	824
512	832	832	514	829	824
576	832	832	578	830	824
640	832	832	640	830	823
704	832	832	702	830	824
768	832	832	767	831	823
832	832	832	831	831	823
896	832	832	893	830	822
960	832	832	956	831	823
1023	832	832	1017	831	823
0	896	832	0	887	832
64	896	832	63	887	832
128	896	832	129	887	832
192	896	832	193	888	832
256	896	832	258	889	831
320	896	832	322	890	825
384	896	832	388	890	825
448	896	832	451	890	824
512	896	832	514	890	824
576	896	832	578	890	824
640	896	832	641	891	824
704	896	832	703	892	823
768	896	832	768	892	824
832	896	832	832	893	823
896	896	832	895	893	824
960	896	832	957	893	823
1023	896	832	1018	893	823
0	960	832	0	950	833
64	960	832	63	950	832
128	960	832	129	950	832
192	960	832	193	951	832
256	960	832	258	952	832
320	960	832	322	953	826
384	960	832	388	953	826
448	960	832	451	953	826
512	960	832	515	954	825
576	960	832	579	954	825
640	960	832	641	955	824
704	960	832	703	955	825
768	960	832	768	955	824
832	960	832	831	955	824
896	960	832	895	956	824
960	960	832	957	956	824
1023	960	832	1018	956	824
0	1023	832	0	1011	833
64	1023	832	63	1012	827
128	1023	832	129	1012	827
192	1023	832	193	1013	827
256	1023	832	259	1014	826
320	1023	832	323	1015	825
384	1023	832	389	1015	825
448	1023	832	452	1015	825
512	1023	832	515	1016	825
576	1023	832	579	1016	825
640	1023	832	642	1017	824
704	1023	832	704	1017	825
768	1023	832	769	1018	825
832	1023	832	832	1018	824
896	1023	832	895	1018	824
960	1023	832	958	1018	824
1023	1023	832	1019	1019	824
0	0	896	0	0	888
64	0	896	63	0	886
128	0	896	126	0	885
192	0	896	190	0	885
256	0	896	253	0	884
320	0	896	318	0	884
384	0	896	384	0	884
448	0	896	448	0	883
512	0	896	511	0	883
576	0	896	576	0	883
640	0	896	638	0	882
704	0	896	700	0	882
768	0	896	765	0	882
832	0	896	828	0	882
896	0	896	891	0	881
960	0	896	954	0	882
1023	0	896	1015	0	881
0	64	896	0	63	890
64	64	896	63	63	887
128	64	896	126	63	887
192	64	896	190	63	886
256	64	896	253	66	885
320	64	896	318	66	884
384	64	896	384	66	884
448	64	896	448	66	883
512	64	896	511	66	883
576	64	896	576	66	883
640	64	896	638	66	882
704	64	896	700	66	882
768	64	896	765	66	882
832	64	896	828	66	882
896	64	896	891	66	881
960	64	896	954	63	881
1023	64	896	1015	63	881
0	128	896	0	130	890
64	128	896	63	130	887
128	128	896	126	130	887
192	128	896	190	130	886
256	128	896	253	130	885
320	128	896	318	132	884
384	128	896	384	132	884
448	128	896	448	132	883
512	128	896	511	132	883
576	128	896	575	132	883
640	128	896	638	132	882
704	128	896	700	132	882
768	128	896	765	132	882
832	128	896	828	132	882
896	128	896	891	130	881
960	128	896	954	130	881
1023	128	896	1015	130	881
0	192	896	0	195	890
64	192	896	63	195	888
128	192	896	126	195	888
192	192	896	190	195	887
256	192	896	254	196	886
320	192	896	318	196	884
384	192	896	384	197	884
448	192	896	448	197	883
512	192	896	511	197	883
576	192	896	575	197	883
640	192	896	638	197	882
704	192	896	700	197	882
768	192	896	765	197	882
832	192	896	828	196	882
896	192	896	891	196	881
960	192	896	954	196	881
1023	192	896	1015	195	881
0	256	896	0	261	890
64	256	896	63	261	889
128	256	896	126	261	889
192	256	896	190	261	888
256	256	896	254	262	887
320	256	896	318	262	884
384	256	896	384	263	884
448	256	896	448	263	883
512	256	896	511	263	883
576	256	896	575	263	883
640	256	896	638	263	883
704	256	896	700	263	882
768	256	896	765	262	882
832	256	896	828	262	882
896	256	896	891	262	882
960	256	896	953	262	881
1023	256	896	1014	261	882
0	320	896	0	325	892
64	320	896	63	325	888
128	320	896	126	326	888
192	320	896	190	326	887
256	320	896	253	327	886
320	320	896	318	327	884
384	320	896	384	328	883
448	320	896	448	328	883
512	320	896	511	328	882
576	320	896	575	328	882
640	320	896	638	328	882
704	320	896	700	328	882
768	320	896	765	328	882
832	320	896	828	327	881
896	320	896	891	327	881
960	320	896	953	327	882
1023	320	896	1014	327	882
0	384	896	0	389	892
64	384	896	63	389	891
128	384	896	126	389	891
192	384	896	189	390	890
256	384	896	253	391	889
320	384	896	317	391	884
384	384	896	384	392	884
448	384	896	447	392	883
512	384	896	511	392	882
576	384	896	575	392	882
640	384	896	638	392	882
704	384	896	700	392	882
768	384	896	765	392	882
832	384	896	828	392	882
896	384	896	891	392	881
960	384	896	954	392	882
1023	384	896	1015	392	882
0	448	896	0	451	892
64	448	896	63	451	890
128	448	896	126	451	889
192	448	896	189	451	889
256	448	896	253	452	888
320	448	896	317	453	884
384	448	896	384	453	883
448	448	896	448	454	883
512	448	896	511	454	883
576	448	896	575	454	882
640	448	896	638	454	882
704	448	896	700	454	882
768	448	896	765	454	882
832	448	896	828	454	882
896	448	896	891	454	882
960	448	896	954	454	882
1023	448	896	1015	454	882
0	512	896	0	512	892
64	512	896	63	512	889
128	512	896	126	512	889
192	512	896	190	513	888
256	512	896	253	514	887
320	512	896	318	515	884
384	512	896	384	515	884
448	512	896	448	515	883
512	512	896	511	516	883
576	512	896	575	516	883
640	512	896	638	516	882
704	512	896	700	516	883
768	512	896	765	516	883
832	512	896	828	516	882
896	512	896	892	516	882
960	512	896	954	516	883
1023	512	896	1015	516	882
0	576	896	0	576	891
64	576	896	63	577	889
128	576	896	128	577	889
192	576	896	190	578	888
256	576	896	254	579	887
320	576	896	318	579	884
384	576	896	384	580	884
448	576	896	448	580	883
512	576	896	511	580	883
576	576	896	576	580	883
640	576	896	638	580	883
704	576	896	701	581	883
768	576	896	765	581	883
832	576	896	829	580	882
896	576	896	892	581	883
960	576	896	955	581	883
1023	576	896	1015	581	883
0	640	896	0	637	892
64	640	896	63	637	890
128	640	896	128	637	890
192	640	896	190	638	889
256	640	896	254	639	888
320	640	896	318	640	884
384	640	896	385	640	884
448	640	896	448	640	884
512	640	896	512	641	884
576	640	896	576	641	884
640	640	896	639	641	883
704	640	896	701	641	883
768	640	896	766	642	883
832	640	896	829	642	883
896	640	896	893	642	883
960	640	896	955	642	883
1023	640	896	1016	642	883
0	704	896	0	699	892
64	704	896	63	699	888
128	704	896	128	699	888
192	704	896	191	700	887
256	704	896	255	701	886
320	704	896	319	702	885
384	704	896	385	702	885
448	704	896	449	702	884
512	704	896	512	703	884
576	704	896	576	703	884
640	704	896	639	703	884
704	704	896	701	703	884
768	704	896	766	704	883
832	704	896	829	704	884
896	704	896	892	704	883
960	704	896	955	704	884
1023	704	896	1016	704	883
0	768	896	0	763	893
64	768	896	63	763	890
128	768	896	128	763	890
192	768	896	191	764	889
256	768	896	255	765	888
320	768	896	319	766	885
384	768	896	386	767	885
448	768	896	449	767	885
512	768	896	512	767	884
576	768	896	577	767	884
640	768	896	639	767	884
704	768	896	702	768	884
768	768	896	766	768	884
832	768	896	830	768	884
896	768	896	893	768	884
960	768	896	955	768	884
1023	768	896	1017	768	884
0	832	896	0	826	894
64	832	896	63	826	890
128	832	896	128	826	889
192	832	896	191	827	888
256	832	896	256	828	887
320	832	896	320	829	885
384	832	896	386	829	885
448	832	896	450	829	885
512	832	896	513	830	885
576	832	896	577	830	885
640	832	896	640	830	885
704	832	896	702	831	885
768	832	896	767	831	885
832	832	896	831	831	884
896	832	896	894	831	884
960	832	896	956	832	885
1023	832	896	1017	832	884
0	896	896	0	887	894
64	896	896	63	887	893
128	896	896	128	887	893
192	896	896	192	888	892
256	896	896	256	889	891
320	896	896	321	890	886
384	896	896	387	891	886
448	896	896	450	891	886
512	896	896	514	891	886
576	896	896	578	892	886
640	896	896	641	892	885
704	896	896	703	893	885
768	896	896	768	893	885
832	896	896	831	893	885
896	896	896	894	893	885
960	896	896	956	893	885
1023	896	896	1018	894	885
0	960	896	0	949	895
64	960	896	63	949	894
128	960	896	128	950	894
192	960	896	192	951	893
256	960	896	256	952	892
320	960	896	321	953	887
384	960	896	387	954	887
448	960	896	451	954	886
512	960	896	514	955	886
576	960	896	578	955	886
640	960	896	641	955	886
704	960	896	703	955	886
768	960	896	768	956	886
832	960	896	831	956	885
896	960	896	894	956	885
960	960	896	957	957	885
1023	960	896	1019	957	886
0	1023	896	0	1012	895
64	1023	896	63	1012	890
128	1023	896	129	1013	890
192	1023	896	193	1014	889
256	1023	896	258	1015	888
320	1023	896	322	1016	887
384	1023	896	388	1017	887
448	1023	896	452	1017	887
512	1023	896	515	1017	887
576	1023	896	579	1018	886
640	1023	896	642	1018	886
704	1023	896	704	1018	886
768	1023	896	769	1019	886
832	1023	896	832	1019	886
896	1023	896	895	1019	885
960	1023	896	958	1019	886
1023	1023	896	1020	1020	886
0	0	960	0	0	951
64	0	960	63	0	948
128	0	960	126	0	948
192	0	960	188	0	947
256	0	960	252	0	946
320	0	960	316	0	945
384	0	960	382	0	945
448	0	960	446	0	944
512	0	960	510	0	945
576	0	960	575	0	944
640	0	960	637	0	944
704	0	960	699	0	944
768	0	960	764	0	944
832	0	960	828	0	943
896	0	960	891	0	943
960	0	960	953	0	943
1023	0	960	1014	0	943
0	64	960	0	63	952
64	64	960	63	63	949
128	64	960	126	63	949
192	64	960	188	63	948
256	64	960	252	63	947
320	64	960	316	66	945
384	64	960	382	66	945
448	64	960	446	66	944
512	64	960	510	66	945
576	64	960	575	66	944
640	64	960	637	66	944
704	64	960	699	66	944
768	64	960	764	66	944
832	64	960	828	66	943
896	64	960	891	66	943
960	64	960	953	66	944
1023	64	960	1014	63	943
0	128	960	0	130	952
64	128	960	63	130	950
128	128	960	126	130	949
192	128	960	188	130	948
256	128	960	252	130	947
320	128	960	316	130	945
384	128	960	382	132	945
448	128	960	446	132	944
512	128	960	510	132	944
576	128	960	575	132	944
640	128	960	637	132	944
704	128	960	699	132	944
768	128	960	764	132	944
832	128	960	828	132	943
896	128	960	891	130	943
960	128	960	953	132	944
1023	128	960	1014	130	943
0	192	960	0	194	952
64	192	960	63	194	950
128	192	960	126	194	950
192	192	960	188	195	949
256	192	960	252	195	948
320	192	960	316	196	945
384	192	960	382	196	945
448	192	960	446	197	944
512	192	960	510	197	944
576	192	960	575	197	944
640	192	960	637	197	944
704	192	960	699	197	944
768	192	960	764	197	944
832	192	960	828	196	943
896	192	960	891	196	943
960	192	960	954	196	944
1023	192	960	1014	196	944
0	256	960	0	259	952
64	256	960	63	259	951
128	256	960	126	260	951
192	256	960	188	261	950
256	256	960	252	261	949
320	256	960	316	262	945
384	256	960	382	262	945
448	256	960	446	262	945
512	256	960	510	263	944
576	256	960	575	263	944
640	256	960	637	262	944
704	256	960	700	262	944
768	256	960	764	262	944
832	256	960	827	262	943
896	256	960	891	262	943
960	256	960	954	262	944
1023	256	960	1015	262	944
0	320	960	0	325	954
64	320	960	63	325	950
128	320	960	126	325	950
192	320	960	188	326	949
256	320	960	252	327	947
320	320	960	316	327	945
384	320	960	383	327	945
448	320	960	447	328	944
512	320	960	510	328	944
576	320	960	575	328	944
640	320	960	637	328	944
704	320	960	700	328	944
768	320	960	764	328	944
832	320	960	827	327	943
896	320	960	891	327	944
960	320	960	954	327	944
1023	320	960	1015	327	944
0	384	960	0	389	954
64	384	960	63	389	953
128	384	960	126	389	952
192	384	960	188	390	951
256	384	960	252	390	950
320	384	960	316	391	945
384	384	960	383	392	945
448	384	960	447	392	944
512	384	960	510	392	944
576	384	960	575	392	944
640	384	960	637	392	944
704	384	960	700	392	944
768	384	960	764	392	944
832	384	960	828	392	943
896	384	960	891	392	943
960	384	960	954	392	944
1023	384	960	1015	391	944
0	448	960	0	451	954
64	448	960	63	451	952
128	448	960	126	451	951
192	448	960	188	451	950
256	448	960	252	452	949
320	448	960	316	453	945
384	448	960	383	453	945
448	448	960	447	454	945
512	448	960	510	454	944
576	448	960	575	454	944
640	448	960	637	454	944
704	448	960	700	454	944
768	448	960	765	454	944
832	448	960	828	454	944
896	448	960	891	454	944
960	448	960	954	454	944
1023	448	960	1015	454	944
0	512	960	0	512	954
64	512	960	63	512	951
128	512	960	126	513	951
192	512	960	188	513	950
256	512	960	252	514	948
320	512	960	317	515	945
384	512	960	383	515	945
448	512	960	447	515	945
512	512	960	510	516	945
576	512	960	575	516	945
640	512	960	638	516	944
704	512	960	700	516	944
768	512	960	765	516	944
832	512	960	828	516	944
896	512	960	891	516	944
960	512	960	954	516	944
1023	512	960	1015	516	944
0	576	960	0	577	954
64	576	960	63	577	951
128	576	960	126	577	951
192	576	960	188	578	950
256	576	960	252	578	948
320	576	960	317	579	945
384	576	960	383	580	945
448	576	960	447	580	945
512	576	960	511	580	945
576	576	960	575	581	945
640	576	960	638	581	945
704	576	960	700	581	945
768	576	960	765	581	945
832	576	960	828	581	944
896	576	960	892	581	944
960	576	960	954	581	944
1023	576	960	1015	581	945
0	640	960	0	637	954
64	640	960	63	637	953
128	640	960	126	638	952
192	640	960	189	638	951
256	640	960	253	639	950
320	640	960	317	640	946
384	640	960	384	640	946
448	640	960	448	641	946
512	640	960	511	641	946
576	640	960	576	641	945
640	640	960	638	641	945
704	640	960	701	642	945
768	640	960	766	642	946
832	640	960	829	642	945
896	640	960	892	642	945
960	640	960	954	642	945
1023	640	960	1016	642	945
0	704	960	0	699	954
64	704	960	63	699	951
128	704	960	126	699	950
192	704	960	189	700	949
256	704	960	253	701	948
320	704	960	317	702	946
384	704	960	384	702	946
448	704	960	448	703	946
512	704	960	511	703	946
576	704	960	576	703	946
640	704	960	639	704	946
704	704	960	701	704	946
768	704	960	766	704	946
832	704	960	829	704	945
896	704	960	893	705	945
960	704	960	955	705	945
1023	704	960	1016	705	945
0	768	960	0	763	955
64	768	960	63	763	953
128	768	960	126	763	952
192	768	960	190	764	951
256	768	960	254	765	950
320	768	960	318	766	947
384	768	960	384	766	947
448	768	960	448	767	946
512	768	960	512	767	946
576	768	960	576	767	946
640	768	960	639	768	946
704	768	960	701	768	946
768	768	960	766	768	946
832	768	960	829	768	946
896	768	960	893	768	945
960	768	960	955	769	946
1023	768	960	1016	769	946
0	832	960	0	826	956
64	832	960	63	826	952
128	832	960	128	826	951
192	832	960	190	827	951
256	832	960	254	828	949
320	832	960	318	829	947
384	832	960	385	830	947
448	832	960	449	830	947
512	832	960	512	830	947
576	832	960	577	830	947
640	832	960	640	831	947
704	832	960	702	831	947
768	832	960	767	831	947
832	832	960	830	831	947
896	832	960	893	832	946
960	832	960	956	832	946
1023	832	960	1018	833	946
0	896	960	0	887	956
64	896	960	63	887	956
128	896	960	128	888	956
192	896	960	191	888	955
256	896	960	255	889	953
320	896	960	319	890	948
384	896	960	385	891	948
448	896	960	449	891	948
512	896	960	513	892	947
576	896	960	578	892	947
640	896	960	640	893	947
704	896	960	702	893	947
768	896	960	767	893	947
832	896	960	831	893	947
896	896	960	894	893	947
960	896	960	956	894	946
1023	896	960	1018	894	947
0	960	960	0	951	957
64	960	960	63	951	956
128	960	960	128	951	956
192	960	960	191	952	955
256	960	960	255	953	954
320	960	960	320	954	949
384	960	960	386	954	949
448	960	960	450	954	948
512	960	960	513	955	948
576	960	960	578	955	948
640	960	960	640	955	947
704	960	960	703	956	948
768	960	960	767	956	948
832	960	960	831	957	947
896	960	960	894	957	947
960	960	960	957	958	947
1023	960	960	1018	957	947
0	1023	960	0	1012	957
64	1023	960	63	1013	953
128	1023	960	128	1013	953
192	1023	960	192	1014	952
256	1023	960	256	1015	950
320	1023	960	321	1016	949
384	1023	960	387	1016	949
448	1023	960	450	1017	948
512	1023	960	514	1017	948
576	1023	960	578	1018	948
640	1023	960	641	1018	948
704	1023	960	703	1019	948
768	1023	960	768	1019	948
832	1023	960	832	1019	948
896	1023	960	895	1019	948
960	1023	960	958	1020	948
1023	1023	960	1019	1020	947
0	0	1023	0	0	1012
64	0	1023	63	0	1009
128	0	1023	126	0	1009
192	0	1023	188	0	1008
256	0	1023	252	0	1007
320	0	1023	316	0	1006
384	0	1023	382	0	1006
448	0	1023	446	0	1005
512	0	1023	510	0	1005
576	0	1023	575	0	1005
640	0	1023	637	0	1005
704	0	1023	700	0	1005
768	0	1023	765	0	1005
832	0	1023	828	0	1004
896	0	1023	891	0	1004
960	0	1023	954	0	1004
1023	0	1023	1015	0	1004
0	64	1023	0	63	1013
64	64	1023	63	63	1010
128	64	1023	126	63	1010
192	64	1023	188	63	1009
256	64	1023	252	66	1007
320	64	1023	316	66	1006
384	64	1023	382	66	1006
448	64	1023	446	66	1005
512	64	1023	510	66	1005
576	64	1023	575	66	1005
640	64	1023	637	66	1005
704	64	1023	700	66	1004
768	64	1023	765	66	1004
832	64	1023	828	66	1004
896	64	1023	891	66	1004
960	64	1023	954	66	1004
1023	64	1023	1015	63	1004
0	128	1023	0	130	1013
64	128	1023	63	130	1011
128	128	1023	126	130	1010
192	128	1023	188	130	1009
256	128	1023	252	130	1008
320	128	1023	316	132	1006
384	128	1023	382	132	1006
448	128	1023	446	132	1005
512	128	1023	510	132	1005
576	128	1023	575	132	1005
640	128	1023	637	132	1005
704	128	1023	700	132	1005
768	128	1023	765	132	1004
832	128	1023	828	132	1004
896	128	1023	891	132	1004
960	128	1023	954	132	1004
1023	128	1023	1015	130	1004
0	192	1023	0	194	1013
64	192	1023	63	194	1011
128	192	1023	126	195	1011
192	192	1023	188	195	1010
256	192	1023	251	196	1009
320	192	1023	315	196	1006
384	192	1023	382	197	1006
448	192	1023	446	197	1005
512	192	1023	510	197	1005
576	192	1023	574	197	1005
640	192	1023	637	197	1005
704	192	1023	700	197	1005
768	192	1023	765	197	1004
832	192	1023	828	197	1004
896	192	1023	891	196	1004
960	192	1023	954	196	1004
1023	192	1023	1015	196	1004
0	256	1023	0	260	1013
64	256	1023	63	260	1012
128	256	1023	125	260	1012
192	256	1023	188	261	1011
256	256	1023	251	262	1010
320	256	1023	315	262	1006
384	256	1023	382	263	1006
448	256	1023	446	263	1005
512	256	1023	510	263	1005
576	256	1023	574	263	1005
640	256	1023	637	263	1005
704	256	1023	700	263	1005
768	256	1023	765	263	1004
832	256	1023	828	262	1004
896	256	1023	891	262	1004
960	256	1023	954	262	1004
1023	256	1023	1015	262	1004
0	320	1023	0	325	1015
64	320	1023	63	325	1011
128	320	1023	125	325	1010
192	320	1023	188	326	1009
256	320	1023	251	327	1008
320	320	1023	315	327	1005
384	320	1023	382	328	1005
448	320	1023	446	328	1005
512	320	1023	510	328	1004
576	320	1023	574	328	1004
640	320	1023	637	328	1004
704	320	1023	700	328	1004
768	320	1023	764	328	1004
832	320	1023	828	328	1004
896	320	1023	891	327	1004
960	320	1023	954	327	1004
1023	320	1023	1015	327	1004
0	384	1023	0	389	1015
64	384	1023	63	389	1014
128	384	1023	125	390	1013
192	384	1023	188	390	1012
256	384	1023	250	391	1011
320	384	1023	315	392	1005
384	384	1023	382	392	1005
448	384	1023	446	392	1005
512	384	1023	510	392	1004
576	384	1023	574	392	1004
640	384	1023	637	392	1004
704	384	1023	699	392	1004
768	384	1023	764	392	1004
832	384	1023	828	392	1004
896	384	1023	891	392	1004
960	384	1023	954	392	1004
1023	384	1023	1015	391	1004
0	448	1023	0	451	1014
64	448	1023	63	451	1012
128	448	1023	125	451	1012
192	448	1023	188	452	1011
256	448	1023	251	453	1009
320	448	1023	315	453	1005
384	448	1023	382	454	1005
448	448	1023	446	454	1005
512	448	1023	510	454	1004
576	448	1023	574	454	1004
640	448	1023	637	454	1004
704	448	1023	700	454	1004
768	448	1023	765	454	1004
832	448	1023	828	454	1004
896	448	1023	891	454	1004
960	448	1023	954	454	1004
1023	448	1023	1015	454	1005
0	512	1023	0	513	1014
64	512	1023	63	513	1012
128	512	1023	126	513	1011
192	512	1023	188	514	1011
256	512	1023	251	515	1009
320	512	1023	315	515	1005
384	512	1023	382	516	1005
448	512	1023	446	516	1005
512	512	1023	510	516	1005
576	512	1023	574	516	1005
640	512	1023	637	516	1004
704	512	1023	700	516	1005
768	512	1023	765	517	1005
832	512	1023	828	516	1004
896	512	1023	891	516	1004
960	512	1023	954	517	1005
1023	512	1023	1016	517	1005
0	576	1023	0	577	1014
64	576	1023	63	577	1012
128	576	1023	126	578	1012
192	576	1023	188	578	1011
256	576	1023	251	579	1009
320	576	1023	315	580	1006
384	576	1023	382	580	1006
448	576	1023	446	580	1005
512	576	1023	510	580	1005
576	576	1023	575	581	1005
640	576	1023	638	581	1005
704	576	1023	700	581	1005
768	576	1023	765	581	1005
832	576	1023	828	581	1005
896	576	1023	891	581	1004
960	576	1023	954	581	1005
1023	576	1023	1016	581	1005
0	640	1023	0	638	1015
64	640	1023	63	638	1013
128	640	1023	126	638	1012
192	640	1023	188	639	1012
256	640	1023	252	639	1010
320	640	1023	316	640	1006
384	640	1023	383	641	1006
448	640	1023	447	641	1006
512	640	1023	510	641	1006
576	640	1023	575	641	1005
640	640	1023	638	641	1005
704	640	1023	700	642	1005
768	640	1023	765	642	1005
832	640	1023	829	642	1005
896	640	1023	892	642	1005
960	640	1023	955	642	1005
1023	640	1023	1016	642	1005
0	704	1023	0	699	1015
64	704	1023	63	699	1010
128	704	1023	126	699	1010
192	704	1023	188	700	1009
256	704	1023	252	701	1007
320	704	1023	316	702	1007
384	704	1023	383	703	1006
448	704	1023	447	704	1006
512	704	1023	511	704	1006
576	704	1023	575	704	1006
640	704	1023	638	704	1006
704	704	1023	700	704	1006
768	704	1023	766	705	1006
832	704	1023	829	705	1006
896	704	1023	892	705	1006
960	704	1023	955	705	1006
1023	704	1023	1017	705	1006
0	768	1023	0	763	1015
64	768	1023	63	763	1013
128	768	1023	126	763	1012
192	768	1023	188	764	1012
256	768	1023	252	765	1010
320	768	1023	316	766	1007
384	768	1023	383	767	1007
448	768	1023	447	767	1006
512	768	1023	511	767	1006
576	768	1023	575	767	1006
640	768	1023	638	768	1006
704	768	1023	700	768	1006
768	768	1023	765	768	1006
832	768	1023	829	768	1006
896	768	1023	893	769	1006
960	768	1023	955	769	1006
1023	768	1023	1017	769	1006
0	832	1023	0	826	1017
64	832	1023	63	826	1012
128	832	1023	126	826	1012
192	832	1023	189	827	1011
256	832	1023	252	828	1009
320	832	1023	317	829	1008
384	832	1023	384	830	1008
448	832	1023	448	830	1007
512	832	1023	511	831	1007
576	832	1023	576	831	1007
640	832	1023	639	831	1007
704	832	1023	702	832	1007
768	832	1023	766	832	1007
832	832	1023	830	832	1007
896	832	1023	893	832	1006
960	832	1023	956	832	1007
1023	832	1023	1017	833	1007
0	896	1023	0	887	1017
64	896	1023	63	887	1017
128	896	1023	126	888	1016
192	896	1023	190	889	1015
256	896	1023	253	890	1014
320	896	1023	318	891	1009
384	896	1023	385	891	1008
448	896	1023	448	892	1008
512	896	1023	512	892	1008
576	896	1023	576	892	1008
640	896	1023	640	893	1007
704	896	1023	702	893	1007
768	896	1023	767	893	1007
832	896	1023	830	893	1007
896	896	1023	894	894	1007
960	896	1023	957	895	1007
1023	896	1023	1018	894	1007
0	960	1023	0	950	1017
64	960	1023	63	951	1017
128	960	1023	128	951	1016
192	960	1023	190	952	1015
256	960	1023	254	953	1014
320	960	1023	318	954	1009
384	960	1023	385	955	1009
448	960	1023	449	955	1009
512	960	1023	512	956	1008
576	960	1023	577	956	1008
640	960	1023	640	957	1008
704	960	1023	702	957	1008
768	960	1023	767	957	1008
832	960	1023	831	958	1008
896	960	1023	894	958	1008
960	960	1023	957	959	1008
1023	960	1023	1019	958	1008
0	1023	1023	0	1013	1018
64	1023	1023	63	1013	1014
128	1023	1023	128	1014	1013
192	1023	1023	191	1015	1012
256	1023	1023	255	1016	1011
320	1023	1023	319	1017	1009
384	1023	1023	386	1017	1009
448	1023	1023	449	1017	1009
512	1023	1023	513	1018	1009
576	1023	1023	578	1018	1009
640	1023	1023	640	1019	1008
704	1023	1023	703	1019	1009
768	1023	1023	768	1020	1009
832	1023	1023	832	1020	1008
896	1023	1023	894	1019	1008
960	1023	1023	958	1021	1009
1023	1023	1023	1019	1020	1008
