0	0	0	0	0	0
64	0	0	60	0	0
128	0	0	125	0	0
192	0	0	187	0	0
256	0	0	249	23	0
320	0	0	310	23	0
384	0	0	371	32	0
448	0	0	430	38	0
512	0	0	489	44	0
576	0	0	549	48	0
640	0	0	610	53	0
704	0	0	669	57	0
768	0	0	729	60	0
832	0	0	793	66	0
896	0	0	852	72	0
960	0	0	911	77	0
1023	0	0	971	80	0
0	64	0	23	63	0
64	64	0	63	63	0
128	64	0	126	63	0
192	64	0	188	66	0
256	64	0	250	66	0
320	64	0	311	69	0
384	64	0	370	72	0
448	64	0	431	72	0
512	64	0	490	75	0
576	64	0	550	77	0
640	64	0	610	82	0
704	64	0	670	82	0
768	64	0	729	87	0
832	64	0	793	91	0
896	64	0	852	93	0
960	64	0	912	97	0
1023	64	0	971	99	0
0	128	0	38	130	0
64	128	0	72	130	0
128	128	0	129	130	0
192	128	0	189	130	0
256	128	0	251	132	0
320	128	0	312	132	0
384	128	0	371	133	0
448	128	0	431	133	0
512	128	0	490	136	0
576	128	0	550	137	0
640	128	0	611	138	0
704	128	0	670	139	0
768	128	0	730	141	0
832	128	0	793	144	0
896	128	0	853	145	0
960	128	0	912	148	0
1023	128	0	972	149	0
0	192	0	57	195	23
64	192	0	82	195	23
128	192	0	134	195	23
192	192	0	192	195	23
256	192	0	253	195	23
320	192	0	313	196	23
384	192	0	373	197	23
448	192	0	432	198	23
512	192	0	492	198	23
576	192	0	552	200	23
640	192	0	612	201	0
704	192	0	671	202	0
768	192	0	731	203	0
832	192	0	794	204	0
896	192	0	854	206	0
960	192	0	913	206	0
1023	192	0	973	208	0
0	256	0	75	260	32
64	256	0	97	260	32
128	256	0	142	260	32
192	256	0	198	260	32
256	256	0	256	260	32
320	256	0	316	261	32
384	256	0	375	261	32
448	256	0	434	262	32
512	256	0	493	262	23
576	256	0	553	264	23
640	256	0	614	264	23
704	256	0	673	265	23
768	256	0	733	266	23
832	256	0	796	267	23
896	256	0	855	268	23
960	256	0	915	269	23
1023	256	0	975	270	0
0	320	0	97	324	38
64	320	0	111	324	38
128	320	0	152	324	38
192	320	0	204	325	38
256	320	0	261	325	38
320	320	0	319	325	44
384	320	0	378	326	38
448	320	0	437	327	38
512	320	0	496	327	38
576	320	0	556	328	32
640	320	0	616	328	38
704	320	0	675	328	32
768	320	0	735	329	32
832	320	0	797	331	32
896	320	0	857	331	32
960	320	0	917	331	32
1023	320	0	976	333	32
0	384	0	116	388	44
64	384	0	128	388	44
128	384	0	163	388	44
192	384	0	212	389	44
256	384	0	267	389	48
320	384	0	324	389	48
384	384	0	382	390	48
448	384	0	441	390	44
512	384	0	499	391	44
576	384	0	559	392	48
640	384	0	618	391	48
704	384	0	676	391	44
768	384	0	736	392	44
832	384	0	799	394	38
896	384	0	858	394	38
960	384	0	918	395	38
1023	384	0	976	395	38
0	448	0	136	450	57
64	448	0	145	450	57
128	448	0	178	451	57
192	448	0	223	451	57
256	448	0	275	451	57
320	448	0	330	451	57
384	448	0	387	451	57
448	448	0	444	451	57
512	448	0	502	452	57
576	448	0	561	452	57
640	448	0	621	452	53
704	448	0	679	453	53
768	448	0	738	453	53
832	448	0	800	454	48
896	448	0	861	455	48
960	448	0	919	455	53
1023	448	0	978	456	53
0	512	0	153	511	63
64	512	0	163	511	63
128	512	0	191	512	63
192	512	0	234	512	63
256	512	0	283	512	63
320	512	0	337	512	63
384	512	0	392	511	63
448	512	0	448	512	63
512	512	0	506	512	63
576	512	0	564	512	63
640	512	0	624	513	63
704	512	0	682	513	60
768	512	0	741	514	60
832	512	0	803	514	60
896	512	0	863	515	60
960	512	0	920	515	60
1023	512	0	979	516	60
0	576	0	173	575	69
64	576	0	181	575	69
128	576	0	206	575	69
192	576	0	246	575	69
256	576	0	293	575	69
320	576	0	344	575	69
384	576	0	399	575	69
448	576	0	454	575	69
512	576	0	510	575	69
576	576	0	569	575	69
640	576	0	627	576	69
704	576	0	685	576	69
768	576	0	744	577	69
832	576	0	805	578	66
896	576	0	865	578	66
960	576	0	922	578	66
1023	576	0	981	578	66
0	640	0	192	636	77
64	640	0	198	636	77
128	640	0	222	636	77
192	640	0	259	636	77
256	640	0	303	637	77
320	640	0	353	637	77
384	640	0	406	637	77
448	640	0	460	637	77
512	640	0	516	637	77
576	640	0	574	638	77
640	640	0	631	638	77
704	640	0	689	639	75
768	640	0	748	640	75
832	640	0	808	639	75
896	640	0	868	640	75
960	640	0	925	640	75
1023	640	0	984	640	75
0	704	0	212	698	87
64	704	0	218	698	87
128	704	0	238	698	87
192	704	0	272	698	87
256	704	0	315	698	87
320	704	0	363	699	87
384	704	0	415	699	85
448	704	0	468	699	85
512	704	0	523	700	85
576	704	0	579	699	85
640	704	0	636	699	87
704	704	0	692	699	85
768	704	0	751	700	85
832	704	0	812	701	85
896	704	0	871	701	82
960	704	0	928	702	85
1023	704	0	985	702	82
0	768	0	231	761	93
64	768	0	236	761	93
128	768	0	255	761	93
192	768	0	287	762	93
256	768	0	327	761	93
320	768	0	373	761	93
384	768	0	423	761	93
448	768	0	474	761	93
512	768	0	529	761	93
576	768	0	585	762	93
640	768	0	641	762	93
704	768	0	698	763	93
768	768	0	756	763	93
832	768	0	815	764	93
896	768	0	875	764	91
960	768	0	930	764	91
1023	768	0	989	765	91
0	832	0	250	825	101
64	832	0	255	825	101
128	832	0	272	825	101
192	832	0	302	825	101
256	832	0	340	825	101
320	832	0	384	825	101
384	832	0	432	825	101
448	832	0	483	825	101
512	832	0	536	825	101
576	832	0	592	826	101
640	832	0	647	827	101
704	832	0	703	827	101
768	832	0	761	827	99
832	832	0	820	828	99
896	832	0	878	828	99
960	832	0	935	829	99
1023	832	0	993	829	99
0	896	0	269	887	109
64	896	0	274	887	109
128	896	0	291	887	109
192	896	0	317	887	109
256	896	0	353	887	109
320	896	0	396	887	108
384	896	0	443	888	109
448	896	0	492	888	109
512	896	0	545	888	108
576	896	0	599	889	109
640	896	0	653	889	109
704	896	0	708	888	108
768	896	0	766	889	109
832	896	0	824	889	108
896	896	0	883	890	106
960	896	0	939	890	106
1023	896	0	996	890	108
0	960	0	289	949	117
64	960	0	294	949	117
128	960	0	308	949	117
192	960	0	334	948	117
256	960	0	367	948	117
320	960	0	408	948	117
384	960	0	454	949	117
448	960	0	501	949	117
512	960	0	552	948	116
576	960	0	606	949	116
640	960	0	659	949	116
704	960	0	715	949	116
768	960	0	772	950	116
832	960	0	829	950	116
896	960	0	888	951	116
960	960	0	944	951	116
1023	960	0	1001	951	114
0	1023	0	308	1009	125
64	1023	0	312	1009	125
128	1023	0	326	1009	125
192	1023	0	350	1009	123
256	1023	0	382	1010	123
320	1023	0	421	1010	123
384	1023	0	464	1010	123
448	1023	0	511	1010	123
512	1023	0	562	1010	123
576	1023	0	615	1011	123
640	1023	0	667	1011	123
704	1023	0	722	1012	123
768	1023	0	779	1011	123
832	1023	0	835	1011	123
896	1023	0	893	1012	123
960	1023	0	949	1013	122
1023	1023	0	1005	1013	122
0	0	64	0	0	63
64	0	64	63	0	63
128	0	64	125	0	63
192	0	64	188	0	63
256	0	64	249	23	63
320	0	64	311	23	63
384	0	64	371	32	63
448	0	64	430	38	63
512	0	64	490	44	63
576	0	64	549	48	63
640	0	64	610	53	60
704	0	64	669	57	60
768	0	64	729	60	60
832	0	64	793	66	63
896	0	64	852	72	60
960	0	64	912	77	60
1023	0	64	971	80	60
0	64	64	23	63	63
64	64	64	63	63	63
128	64	64	126	63	63
192	64	64	188	66	63
256	64	64	250	66	63
320	64	64	311	69	63
384	64	64	371	72	63
448	64	64	431	72	63
512	64	64	490	75	63
576	64	64	550	77	63
640	64	64	610	82	63
704	64	64	670	82	60
768	64	64	730	87	60
832	64	64	793	91	63
896	64	64	852	93	60
960	64	64	912	97	60
1023	64	64	971	99	60
0	128	64	38	130	63
64	128	64	72	130	63
128	128	64	129	130	63
192	128	64	190	130	63
256	128	64	251	132	63
320	128	64	312	132	63
384	128	64	372	133	63
448	128	64	431	133	63
512	128	64	491	136	63
576	128	64	550	137	63
640	128	64	611	138	63
704	128	64	670	139	63
768	128	64	730	141	63
832	128	64	793	144	60
896	128	64	853	145	60
960	128	64	912	148	60
1023	128	64	972	149	60
0	192	64	57	195	66
64	192	64	85	195	66
128	192	64	134	195	66
192	192	64	193	195	66
256	192	64	253	195	66
320	192	64	314	196	66
384	192	64	373	197	66
448	192	64	432	198	66
512	192	64	492	198	66
576	192	64	552	200	63
640	192	64	612	201	63
704	192	64	671	202	63
768	192	64	731	203	63
832	192	64	794	204	66
896	192	64	854	206	63
960	192	64	913	206	63
1023	192	64	973	208	63
0	256	64	80	260	69
64	256	64	97	260	69
128	256	64	143	260	69
192	256	64	198	260	69
256	256	64	256	260	69
320	256	64	316	261	69
384	256	64	375	261	66
448	256	64	434	262	66
512	256	64	493	262	66
576	256	64	554	264	66
640	256	64	614	264	66
704	256	64	673	265	66
768	256	64	733	266	66
832	256	64	796	267	69
896	256	64	855	268	66
960	256	64	915	269	63
1023	256	64	974	270	63
0	320	64	97	324	75
64	320	64	111	324	75
128	320	64	152	324	75
192	320	64	205	325	75
256	320	64	261	325	75
320	320	64	319	325	75
384	320	64	378	326	75
448	320	64	437	327	75
512	320	64	496	327	72
576	320	64	556	328	72
640	320	64	616	328	72
704	320	64	675	329	72
768	320	64	735	329	72
832	320	64	797	331	72
896	320	64	857	331	69
960	320	64	917	331	72
1023	320	64	976	333	69
0	384	64	116	388	77
64	384	64	128	388	77
128	384	64	164	388	77
192	384	64	212	389	77
256	384	64	267	389	77
320	384	64	324	389	77
384	384	64	382	390	77
448	384	64	441	390	77
512	384	64	499	391	77
576	384	64	559	392	77
640	384	64	618	391	77
704	384	64	676	391	77
768	384	64	736	392	75
832	384	64	798	394	75
896	384	64	858	394	75
960	384	64	918	395	75
1023	384	64	976	395	75
0	448	64	136	450	82
64	448	64	145	451	82
128	448	64	178	451	82
192	448	64	223	451	82
256	448	64	275	451	82
320	448	64	330	451	82
384	448	64	387	451	82
448	448	64	444	451	82
512	448	64	502	452	82
576	448	64	561	452	80
640	448	64	621	452	80
704	448	64	679	453	80
768	448	64	738	453	80
832	448	64	800	454	80
896	448	64	861	455	80
960	448	64	919	455	80
1023	448	64	978	456	80
0	512	64	155	511	87
64	512	64	163	511	87
128	512	64	191	512	87
192	512	64	234	512	87
256	512	64	284	512	87
320	512	64	337	512	87
384	512	64	392	512	87
448	512	64	449	512	87
512	512	64	506	512	87
576	512	64	565	512	85
640	512	64	624	513	85
704	512	64	682	513	85
768	512	64	741	514	85
832	512	64	802	515	85
896	512	64	863	515	85
960	512	64	920	515	85
1023	512	64	979	516	85
0	576	64	174	575	91
64	576	64	181	575	91
128	576	64	207	575	93
192	576	64	246	575	93
256	576	64	293	575	93
320	576	64	344	575	93
384	576	64	399	575	91
448	576	64	454	575	91
512	576	64	510	575	91
576	576	64	569	575	91
640	576	64	627	576	91
704	576	64	685	576	91
768	576	64	744	577	91
832	576	64	805	578	89
896	576	64	865	578	89
960	576	64	922	578	89
1023	576	64	981	578	89
0	640	64	192	636	99
64	640	64	199	636	99
128	640	64	222	636	99
192	640	64	259	637	99
256	640	64	303	637	97
320	640	64	353	637	99
384	640	64	406	637	99
448	640	64	460	637	97
512	640	64	516	637	97
576	640	64	574	638	97
640	640	64	632	638	97
704	640	64	689	639	95
768	640	64	748	640	95
832	640	64	808	639	97
896	640	64	868	640	97
960	640	64	925	640	97
1023	640	64	983	640	95
0	704	64	212	698	104
64	704	64	218	698	104
128	704	64	239	698	104
192	704	64	272	698	104
256	704	64	315	698	104
320	704	64	363	699	104
384	704	64	415	699	104
448	704	64	468	699	104
512	704	64	523	700	104
576	704	64	579	700	104
640	704	64	636	699	103
704	704	64	692	699	103
768	704	64	751	701	103
832	704	64	812	701	103
896	704	64	871	701	103
960	704	64	928	702	103
1023	704	64	985	702	103
0	768	64	231	761	109
64	768	64	236	761	109
128	768	64	256	761	109
192	768	64	287	762	109
256	768	64	327	761	109
320	768	64	373	761	109
384	768	64	423	761	109
448	768	64	474	761	109
512	768	64	529	761	109
576	768	64	585	762	109
640	768	64	641	762	109
704	768	64	698	763	109
768	768	64	756	763	109
832	768	64	815	764	108
896	768	64	874	764	108
960	768	64	930	764	108
1023	768	64	989	765	108
0	832	64	250	825	117
64	832	64	255	825	117
128	832	64	273	825	116
192	832	64	302	825	116
256	832	64	340	825	116
320	832	64	384	825	116
384	832	64	432	825	116
448	832	64	483	825	116
512	832	64	536	825	116
576	832	64	592	826	116
640	832	64	647	827	116
704	832	64	703	827	114
768	832	64	761	827	114
832	832	64	820	828	114
896	832	64	878	828	114
960	832	64	935	829	114
1023	832	64	993	829	114
0	896	64	269	887	123
64	896	64	275	887	123
128	896	64	291	887	123
192	896	64	318	887	123
256	896	64	353	887	123
320	896	64	396	888	123
384	896	64	443	888	123
448	896	64	492	888	123
512	896	64	545	888	123
576	896	64	599	889	123
640	896	64	653	889	123
704	896	64	708	888	123
768	896	64	766	889	122
832	896	64	824	890	122
896	896	64	883	890	122
960	896	64	939	891	122
1023	896	64	996	890	122
0	960	64	290	949	130
64	960	64	294	949	130
128	960	64	309	949	130
192	960	64	334	949	130
256	960	64	368	948	130
320	960	64	408	948	130
384	960	64	454	949	129
448	960	64	502	949	129
512	960	64	552	948	129
576	960	64	607	949	129
640	960	64	659	949	129
704	960	64	715	949	129
768	960	64	772	950	129
832	960	64	829	950	129
896	960	64	888	952	129
960	960	64	944	951	129
1023	960	64	1001	951	128
0	1023	64	308	1009	137
64	1023	64	312	1009	137
128	1023	64	326	1009	137
192	1023	64	350	1009	137
256	1023	64	382	1010	137
320	1023	64	421	1010	137
384	1023	64	464	1010	137
448	1023	64	511	1010	136
512	1023	64	562	1010	136
576	1023	64	615	1011	137
640	1023	64	667	1011	136
704	1023	64	722	1012	137
768	1023	64	779	1011	137
832	1023	64	835	1011	137
896	1023	64	893	1012	134
960	1023	64	949	1013	134
1023	1023	64	1005	1013	136
0	0	128	23	0	126
64	0	128	69	0	126
128	0	128	126	0	126
192	0	128	188	0	126
256	0	128	250	23	128
320	0	128	311	23	128
384	0	128	371	32	128
448	0	128	431	38	128
512	0	128	490	44	128
576	0	128	549	48	126
640	0	128	611	53	126
704	0	128	669	57	126
768	0	128	729	60	126
832	0	128	793	66	126
896	0	128	852	72	126
960	0	128	912	77	126
1023	0	128	971	80	126
0	64	128	32	63	128
64	64	128	69	63	128
128	64	128	128	63	128
192	64	128	188	66	128
256	64	128	250	66	128
320	64	128	311	69	128
384	64	128	371	72	128
448	64	128	431	72	128
512	64	128	490	75	128
576	64	128	550	77	128
640	64	128	611	82	126
704	64	128	670	85	126
768	64	128	730	87	126
832	64	128	793	91	126
896	64	128	852	93	126
960	64	128	912	97	126
1023	64	128	971	103	126
0	128	128	44	130	128
64	128	128	77	130	128
128	128	128	130	130	128
192	128	128	191	132	128
256	128	128	252	132	128
320	128	128	313	132	128
384	128	128	372	133	128
448	128	128	431	133	128
512	128	128	491	136	128
576	128	128	550	137	128
640	128	128	611	138	128
704	128	128	670	139	128
768	128	128	730	142	128
832	128	128	793	144	126
896	128	128	853	145	126
960	128	128	912	148	126
1023	128	128	972	149	126
0	192	128	63	195	129
64	192	128	87	195	129
128	192	128	136	195	129
192	192	128	193	195	129
256	192	128	254	195	129
320	192	128	314	196	129
384	192	128	373	197	129
448	192	128	432	198	129
512	192	128	492	198	128
576	192	128	552	200	128
640	192	128	613	201	128
704	192	128	671	202	128
768	192	128	731	203	128
832	192	128	794	204	128
896	192	128	854	206	128
960	192	128	913	206	128
1023	192	128	973	209	126
0	256	128	82	260	130
64	256	128	99	260	130
128	256	128	144	260	130
192	256	128	198	260	130
256	256	128	257	260	129
320	256	128	316	261	129
384	256	128	375	261	129
448	256	128	435	262	129
512	256	128	494	263	129
576	256	128	554	264	129
640	256	128	614	264	129
704	256	128	673	265	129
768	256	128	733	267	129
832	256	128	796	267	129
896	256	128	855	269	129
960	256	128	915	269	128
1023	256	128	974	271	128
0	320	128	99	324	133
64	320	128	113	324	133
128	320	128	153	324	133
192	320	128	206	325	133
256	320	128	261	325	133
320	320	128	320	325	132
384	320	128	378	326	132
448	320	128	437	327	130
512	320	128	496	327	130
576	320	128	556	328	130
640	320	128	616	328	132
704	320	128	675	329	132
768	320	128	735	330	132
832	320	128	797	331	132
896	320	128	857	331	132
960	320	128	916	332	132
1023	320	128	975	333	130
0	384	128	117	388	134
64	384	128	129	388	134
128	384	128	165	389	134
192	384	128	213	389	134
256	384	128	267	389	134
320	384	128	325	389	133
384	384	128	383	390	133
448	384	128	441	391	133
512	384	128	499	391	133
576	384	128	559	392	134
640	384	128	618	391	134
704	384	128	676	392	133
768	384	128	736	392	133
832	384	128	798	394	133
896	384	128	858	394	133
960	384	128	917	395	133
1023	384	128	976	396	133
0	448	128	137	451	137
64	448	128	147	451	137
128	448	128	179	451	137
192	448	128	224	451	137
256	448	128	275	451	137
320	448	128	331	451	137
384	448	128	388	451	137
448	448	128	445	451	137
512	448	128	502	452	136
576	448	128	561	452	136
640	448	128	621	453	136
704	448	128	679	453	136
768	448	128	738	453	136
832	448	128	800	454	136
896	448	128	861	455	136
960	448	128	918	455	136
1023	448	128	978	456	134
0	512	128	156	512	139
64	512	128	164	512	139
128	512	128	193	512	139
192	512	128	234	512	139
256	512	128	284	512	139
320	512	128	337	512	139
384	512	128	393	512	139
448	512	128	449	512	139
512	512	128	506	512	139
576	512	128	565	513	138
640	512	128	624	513	138
704	512	128	682	514	138
768	512	128	741	514	138
832	512	128	802	515	138
896	512	128	863	515	138
960	512	128	920	516	138
1023	512	128	979	517	137
0	576	128	175	575	143
64	576	128	182	575	143
128	576	128	208	575	143
192	576	128	247	575	143
256	576	128	294	575	143
320	576	128	345	575	143
384	576	128	399	575	142
448	576	128	454	575	143
512	576	128	511	575	142
576	576	128	569	576	142
640	576	128	627	576	142
704	576	128	685	576	142
768	576	128	744	578	141
832	576	128	805	578	142
896	576	128	865	578	142
960	576	128	922	578	141
1023	576	128	981	579	141
0	640	128	193	637	147
64	640	128	200	637	147
128	640	128	223	637	147
192	640	128	259	637	147
256	640	128	304	637	147
320	640	128	353	637	147
384	640	128	406	637	147
448	640	128	461	637	147
512	640	128	516	637	147
576	640	128	574	638	144
640	640	128	632	638	145
704	640	128	689	639	145
768	640	128	748	640	145
832	640	128	808	640	145
896	640	128	868	640	145
960	640	128	925	640	145
1023	640	128	983	641	145
0	704	128	212	698	150
64	704	128	218	698	150
128	704	128	240	698	150
192	704	128	273	698	150
256	704	128	316	699	150
320	704	128	363	699	150
384	704	128	415	699	150
448	704	128	468	700	150
512	704	128	523	700	150
576	704	128	580	700	150
640	704	128	636	700	149
704	704	128	693	700	149
768	704	128	751	701	149
832	704	128	812	702	149
896	704	128	871	701	149
960	704	128	927	702	149
1023	704	128	986	702	149
0	768	128	232	762	153
64	768	128	237	762	153
128	768	128	256	762	153
192	768	128	288	762	153
256	768	128	328	762	153
320	768	128	373	762	153
384	768	128	423	762	153
448	768	128	475	761	153
512	768	128	529	762	153
576	768	128	585	762	153
640	768	128	641	763	153
704	768	128	698	763	153
768	768	128	756	764	153
832	768	128	815	764	152
896	768	128	874	765	152
960	768	128	930	764	152
1023	768	128	989	765	152
0	832	128	251	825	159
64	832	128	256	825	159
128	832	128	274	825	159
192	832	128	303	825	159
256	832	128	340	825	159
320	832	128	385	825	159
384	832	128	432	825	159
448	832	128	483	825	158
512	832	128	536	825	158
576	832	128	592	826	159
640	832	128	647	827	158
704	832	128	703	827	157
768	832	128	761	828	158
832	832	128	820	829	158
896	832	128	878	828	158
960	832	128	935	829	157
1023	832	128	992	829	158
0	896	128	270	887	163
64	896	128	275	887	163
128	896	128	291	887	163
192	896	128	318	887	163
256	896	128	354	888	163
320	896	128	397	888	163
384	896	128	443	888	163
448	896	128	492	888	163
512	896	128	545	889	163
576	896	128	600	889	163
640	896	128	653	889	163
704	896	128	708	889	163
768	896	128	766	890	162
832	896	128	824	890	162
896	896	128	883	891	162
960	896	128	939	891	162
1023	896	128	996	891	162
0	960	128	290	949	169
64	960	128	294	949	169
128	960	128	309	949	169
192	960	128	334	949	169
256	960	128	368	949	169
320	960	128	409	948	168
384	960	128	454	949	168
448	960	128	502	949	168
512	960	128	553	949	167
576	960	128	607	949	168
640	960	128	660	950	168
704	960	128	715	950	168
768	960	128	772	950	167
832	960	128	829	951	168
896	960	128	888	952	168
960	960	128	944	951	167
1023	960	128	1000	951	166
0	1023	128	309	1009	173
64	1023	128	313	1009	173
128	1023	128	327	1009	173
192	1023	128	350	1009	173
256	1023	128	383	1010	173
320	1023	128	421	1010	173
384	1023	128	465	1010	173
448	1023	128	512	1010	173
512	1023	128	562	1011	173
576	1023	128	615	1011	173
640	1023	128	667	1012	173
704	1023	128	722	1013	173
768	1023	128	779	1012	173
832	1023	128	835	1012	173
896	1023	128	893	1012	172
960	1023	128	949	1013	172
1023	1023	128	1005	1014	172
0	0	192	38	0	190
64	0	192	75	0	190
128	0	192	129	0	190
192	0	192	190	0	190
256	0	192	251	23	191
320	0	192	312	23	191
384	0	192	372	32	190
448	0	192	431	38	190
512	0	192	491	44	190
576	0	192	550	48	190
640	0	192	611	53	190
704	0	192	670	57	190
768	0	192	730	60	191
832	0	192	793	69	191
896	0	192	853	72	191
960	0	192	912	77	190
1023	0	192	971	80	190
0	64	192	44	63	191
64	64	192	75	63	191
128	64	192	130	63	191
192	64	192	191	66	191
256	64	192	252	66	191
320	64	192	312	69	191
384	64	192	372	72	191
448	64	192	431	72	190
512	64	192	491	75	190
576	64	192	550	77	190
640	64	192	611	82	190
704	64	192	670	85	190
768	64	192	730	87	191
832	64	192	793	91	191
896	64	192	853	93	191
960	64	192	912	99	191
1023	64	192	971	103	190
0	128	192	53	130	191
64	128	192	82	130	191
128	128	192	133	130	191
192	128	192	193	132	191
256	128	192	253	132	191
320	128	192	314	132	191
384	128	192	373	133	191
448	128	192	432	133	191
512	128	192	491	136	191
576	128	192	551	137	191
640	128	192	612	138	191
704	128	192	671	139	190
768	128	192	730	142	191
832	128	192	793	144	191
896	128	192	853	145	191
960	128	192	913	148	191
1023	128	192	972	151	191
0	192	192	69	195	192
64	192	192	91	195	192
128	192	192	138	195	192
192	192	192	195	195	191
256	192	192	255	196	191
320	192	192	315	196	191
384	192	192	374	197	191
448	192	192	433	198	191
512	192	192	492	199	191
576	192	192	552	200	191
640	192	192	613	201	191
704	192	192	672	202	191
768	192	192	732	203	192
832	192	192	794	205	192
896	192	192	854	206	192
960	192	192	913	207	191
1023	192	192	973	209	191
0	256	192	87	261	192
64	256	192	103	261	192
128	256	192	147	261	192
192	256	192	200	261	192
256	256	192	258	261	192
320	256	192	317	261	192
384	256	192	376	261	192
448	256	192	435	262	192
512	256	192	494	263	192
576	256	192	554	264	192
640	256	192	614	264	192
704	256	192	673	266	192
768	256	192	733	267	192
832	256	192	795	268	193
896	256	192	856	269	192
960	256	192	915	270	192
1023	256	192	974	271	192
0	320	192	103	325	193
64	320	192	117	325	193
128	320	192	156	325	193
192	320	192	207	325	193
256	320	192	262	325	193
320	320	192	321	325	193
384	320	192	379	326	193
448	320	192	438	327	193
512	320	192	497	327	193
576	320	192	556	328	193
640	320	192	616	328	193
704	320	192	675	329	193
768	320	192	735	330	193
832	320	192	797	331	193
896	320	192	857	331	193
960	320	192	916	332	193
1023	320	192	975	333	193
0	384	192	120	389	195
64	384	192	132	389	195
128	384	192	167	389	195
192	384	192	215	389	195
256	384	192	269	389	195
320	384	192	325	389	195
384	384	192	384	390	195
448	384	192	441	391	195
512	384	192	500	391	195
576	384	192	559	392	194
640	384	192	618	392	194
704	384	192	677	392	194
768	384	192	736	393	194
832	384	192	798	394	194
896	384	192	858	394	194
960	384	192	917	395	194
1023	384	192	976	396	194
0	448	192	139	451	198
64	448	192	149	451	198
128	448	192	180	451	198
192	448	192	225	451	198
256	448	192	276	451	197
320	448	192	331	451	196
384	448	192	388	452	196
448	448	192	445	452	196
512	448	192	503	452	196
576	448	192	562	453	197
640	448	192	621	453	197
704	448	192	679	454	197
768	448	192	738	454	197
832	448	192	800	455	197
896	448	192	860	455	197
960	448	192	918	456	196
1023	448	192	977	457	196
0	512	192	158	512	199
64	512	192	166	512	199
128	512	192	194	512	199
192	512	192	236	512	199
256	512	192	285	512	199
320	512	192	338	513	198
384	512	192	393	512	198
448	512	192	450	513	198
512	512	192	507	513	198
576	512	192	565	513	198
640	512	192	625	514	198
704	512	192	682	514	198
768	512	192	741	515	198
832	512	192	802	515	198
896	512	192	862	516	198
960	512	192	920	516	198
1023	512	192	979	517	198
0	576	192	177	575	202
64	576	192	184	575	202
128	576	192	209	575	202
192	576	192	248	575	202
256	576	192	295	575	202
320	576	192	346	576	202
384	576	192	400	575	201
448	576	192	455	576	202
512	576	192	511	576	201
576	576	192	569	576	201
640	576	192	628	577	200
704	576	192	685	577	200
768	576	192	744	578	200
832	576	192	805	578	201
896	576	192	865	579	201
960	576	192	922	579	201
1023	576	192	980	579	200
0	640	192	195	637	204
64	640	192	202	637	204
128	640	192	225	637	204
192	640	192	261	637	204
256	640	192	305	637	204
320	640	192	354	637	204
384	640	192	407	637	202
448	640	192	461	638	202
512	640	192	517	638	203
576	640	192	574	638	202
640	640	192	632	639	202
704	640	192	689	640	203
768	640	192	747	640	203
832	640	192	808	641	203
896	640	192	868	641	203
960	640	192	924	641	202
1023	640	192	983	642	202
0	704	192	214	699	206
64	704	192	220	699	206
128	704	192	241	699	206
192	704	192	274	699	206
256	704	192	317	699	206
320	704	192	364	699	206
384	704	192	416	700	206
448	704	192	468	700	206
512	704	192	524	700	206
576	704	192	580	700	206
640	704	192	636	700	206
704	704	192	693	701	206
768	704	192	752	702	206
832	704	192	812	703	206
896	704	192	870	702	206
960	704	192	927	703	206
1023	704	192	986	703	205
0	768	192	233	762	209
64	768	192	238	762	209
128	768	192	258	762	209
192	768	192	289	762	209
256	768	192	329	762	209
320	768	192	374	762	209
384	768	192	424	762	209
448	768	192	475	762	209
512	768	192	530	762	209
576	768	192	586	763	209
640	768	192	641	763	209
704	768	192	698	764	208
768	768	192	756	764	208
832	768	192	815	765	208
896	768	192	874	765	208
960	768	192	930	765	209
1023	768	192	988	766	208
0	832	192	252	826	212
64	832	192	258	826	212
128	832	192	275	826	212
192	832	192	304	826	212
256	832	192	341	826	212
320	832	192	385	826	212
384	832	192	433	826	212
448	832	192	483	826	212
512	832	192	536	826	211
576	832	192	592	827	212
640	832	192	647	827	211
704	832	192	703	828	212
768	832	192	761	828	212
832	832	192	820	829	212
896	832	192	878	829	212
960	832	192	934	829	212
1023	832	192	992	830	211
0	896	192	271	888	216
64	896	192	276	888	216
128	896	192	292	888	216
192	896	192	319	888	215
256	896	192	355	888	215
320	896	192	397	888	215
384	896	192	443	888	215
448	896	192	492	889	215
512	896	192	545	889	215
576	896	192	600	890	215
640	896	192	653	890	215
704	896	192	708	890	215
768	896	192	766	890	215
832	896	192	824	891	215
896	896	192	883	891	215
960	896	192	939	892	215
1023	896	192	996	892	215
0	960	192	291	949	219
64	960	192	295	949	219
128	960	192	310	949	219
192	960	192	335	949	219
256	960	192	369	949	219
320	960	192	409	949	219
384	960	192	454	950	219
448	960	192	503	950	219
512	960	192	553	950	219
576	960	192	607	950	219
640	960	192	660	951	219
704	960	192	715	951	219
768	960	192	772	951	219
832	960	192	829	951	219
896	960	192	888	952	218
960	960	192	944	952	218
1023	960	192	1000	952	218
0	1023	192	310	1010	223
64	1023	192	314	1010	223
128	1023	192	327	1010	223
192	1023	192	351	1010	223
256	1023	192	384	1010	223
320	1023	192	422	1010	223
384	1023	192	465	1011	223
448	1023	192	512	1011	223
512	1023	192	562	1011	223
576	1023	192	615	1012	223
640	1023	192	667	1012	223
704	1023	192	722	1013	223
768	1023	192	779	1013	222
832	1023	192	835	1013	222
896	1023	192	893	1013	222
960	1023	192	949	1014	222
1023	1023	192	1005	1014	223
0	0	256	57	0	253
64	0	256	82	0	253
128	0	256	133	0	253
192	0	256	193	23	253
256	0	256	253	23	253
320	0	256	314	23	253
384	0	256	373	32	253
448	0	256	432	38	253
512	0	256	491	44	253
576	0	256	551	48	253
640	0	256	611	53	254
704	0	256	670	57	254
768	0	256	730	63	254
832	0	256	793	69	255
896	0	256	853	72	255
960	0	256	913	80	254
1023	0	256	971	82	254
0	64	256	57	63	253
64	64	256	82	63	253
128	64	256	134	63	253
192	64	256	193	66	253
256	64	256	253	66	253
320	64	256	314	69	253
384	64	256	373	72	253
448	64	256	432	75	253
512	64	256	491	75	253
576	64	256	551	77	253
640	64	256	611	82	254
704	64	256	671	85	254
768	64	256	730	87	254
832	64	256	793	93	255
896	64	256	853	95	255
960	64	256	913	99	255
1023	64	256	971	103	254
0	128	256	63	130	253
64	128	256	89	130	253
128	128	256	137	130	253
192	128	256	195	132	253
256	128	256	255	132	253
320	128	256	315	132	253
384	128	256	374	133	253
448	128	256	433	134	254
512	128	256	492	136	254
576	128	256	551	137	254
640	128	256	612	138	254
704	128	256	671	141	254
768	128	256	731	142	254
832	128	256	793	145	255
896	128	256	854	147	255
960	128	256	913	149	255
1023	128	256	972	151	255
0	192	256	80	196	253
64	192	256	97	195	253
128	192	256	142	195	253
192	192	256	198	195	253
256	192	256	257	196	253
320	192	256	317	196	253
384	192	256	375	198	253
448	192	256	434	198	254
512	192	256	493	199	254
576	192	256	553	200	254
640	192	256	613	202	254
704	192	256	672	202	255
768	192	256	732	203	255
832	192	256	794	205	255
896	192	256	855	206	255
960	192	256	914	208	255
1023	192	256	972	209	254
0	256	256	93	261	254
64	256	256	108	261	254
128	256	256	150	261	254
192	256	256	202	261	254
256	256	256	260	261	254
320	256	256	318	261	254
384	256	256	377	262	254
448	256	256	436	262	255
512	256	256	494	263	255
576	256	256	554	265	255
640	256	256	615	265	255
704	256	256	673	266	255
768	256	256	733	267	255
832	256	256	795	268	255
896	256	256	856	270	255
960	256	256	914	270	256
1023	256	256	973	271	255
0	320	256	108	325	256
64	320	256	122	325	256
128	320	256	159	326	256
192	320	256	209	325	256
256	320	256	264	325	256
320	320	256	322	325	256
384	320	256	380	326	256
448	320	256	438	327	256
512	320	256	497	327	256
576	320	256	556	328	256
640	320	256	617	329	256
704	320	256	675	330	257
768	320	256	734	331	257
832	320	256	797	331	257
896	320	256	857	332	256
960	320	256	915	333	256
1023	320	256	974	334	256
0	384	256	125	389	258
64	384	256	136	389	258
128	384	256	170	389	258
192	384	256	218	389	258
256	384	256	270	389	258
320	384	256	327	390	258
384	384	256	384	390	258
448	384	256	442	391	258
512	384	256	500	391	258
576	384	256	559	392	257
640	384	256	619	392	257
704	384	256	677	393	257
768	384	256	736	394	258
832	384	256	798	395	258
896	384	256	858	395	258
960	384	256	916	396	258
1023	384	256	975	397	257
0	448	256	143	451	259
64	448	256	152	451	259
128	448	256	183	451	259
192	448	256	227	451	259
256	448	256	278	451	259
320	448	256	332	451	258
384	448	256	389	452	258
448	448	256	446	452	258
512	448	256	504	453	258
576	448	256	562	454	259
640	448	256	622	454	259
704	448	256	679	454	259
768	448	256	738	454	259
832	448	256	800	455	259
896	448	256	860	456	259
960	448	256	918	457	258
1023	448	256	976	457	259
0	512	256	161	513	261
64	512	256	169	513	261
128	512	256	197	513	261
192	512	256	238	513	261
256	512	256	287	513	261
320	512	256	339	513	260
384	512	256	395	513	260
448	512	256	451	514	260
512	512	256	508	514	261
576	512	256	566	514	261
640	512	256	625	515	261
704	512	256	682	515	261
768	512	256	741	515	260
832	512	256	802	516	261
896	512	256	862	517	261
960	512	256	920	517	260
1023	512	256	978	518	260
0	576	256	179	576	263
64	576	256	187	576	263
128	576	256	212	576	263
192	576	256	250	576	263
256	576	256	297	576	263
320	576	256	347	576	262
384	576	256	401	576	262
448	576	256	456	577	262
512	576	256	512	577	262
576	576	256	570	577	262
640	576	256	628	577	262
704	576	256	685	578	262
768	576	256	744	578	262
832	576	256	805	580	262
896	576	256	864	579	262
960	576	256	922	580	262
1023	576	256	980	580	262
0	640	256	198	638	265
64	640	256	205	638	265
128	640	256	228	638	265
192	640	256	262	638	265
256	640	256	307	638	265
320	640	256	355	638	264
384	640	256	408	638	264
448	640	256	462	639	264
512	640	256	517	639	264
576	640	256	575	639	263
640	640	256	632	640	263
704	640	256	689	640	263
768	640	256	748	641	264
832	640	256	808	642	265
896	640	256	868	642	264
960	640	256	924	642	264
1023	640	256	983	643	263
0	704	256	216	699	266
64	704	256	223	699	266
128	704	256	243	699	266
192	704	256	276	700	266
256	704	256	318	700	266
320	704	256	365	700	266
384	704	256	416	700	266
448	704	256	469	701	266
512	704	256	524	701	266
576	704	256	581	701	266
640	704	256	637	702	266
704	704	256	694	702	266
768	704	256	752	703	267
832	704	256	813	704	267
896	704	256	870	703	266
960	704	256	927	703	265
1023	704	256	986	705	266
0	768	256	235	762	269
64	768	256	240	762	269
128	768	256	259	763	269
192	768	256	291	763	269
256	768	256	330	763	268
320	768	256	376	763	268
384	768	256	425	763	268
448	768	256	476	763	268
512	768	256	530	763	268
576	768	256	586	764	268
640	768	256	642	764	269
704	768	256	698	765	268
768	768	256	756	765	268
832	768	256	815	765	268
896	768	256	874	766	268
960	768	256	931	767	268
1023	768	256	988	766	268
0	832	256	254	826	271
64	832	256	259	826	271
128	832	256	277	826	271
192	832	256	305	827	271
256	832	256	343	827	271
320	832	256	387	827	271
384	832	256	435	827	271
448	832	256	484	827	270
512	832	256	537	826	270
576	832	256	593	827	270
640	832	256	647	828	270
704	832	256	703	828	270
768	832	256	761	829	271
832	832	256	820	830	271
896	832	256	879	830	271
960	832	256	934	830	270
1023	832	256	992	830	270
0	896	256	273	888	274
64	896	256	277	888	274
128	896	256	293	888	274
192	896	256	321	888	273
256	896	256	356	888	273
320	896	256	398	889	273
384	896	256	444	889	273
448	896	256	493	889	273
512	896	256	545	890	273
576	896	256	600	890	272
640	896	256	653	890	272
704	896	256	709	891	272
768	896	256	767	892	273
832	896	256	824	892	273
896	896	256	883	892	273
960	896	256	939	892	272
1023	896	256	996	893	273
0	960	256	293	950	276
64	960	256	297	950	276
128	960	256	312	950	276
192	960	256	336	950	276
256	960	256	370	950	276
320	960	256	411	950	276
384	960	256	456	951	276
448	960	256	504	951	276
512	960	256	554	951	276
576	960	256	608	951	276
640	960	256	661	952	276
704	960	256	716	952	276
768	960	256	772	951	276
832	960	256	829	952	276
896	960	256	888	953	276
960	960	256	944	953	276
1023	960	256	1000	953	276
0	1023	256	311	1010	279
64	1023	256	315	1010	279
128	1023	256	329	1010	279
192	1023	256	352	1010	279
256	1023	256	384	1011	279
320	1023	256	423	1011	279
384	1023	256	466	1012	279
448	1023	256	513	1012	279
512	1023	256	563	1012	279
576	1023	256	615	1012	279
640	1023	256	667	1013	279
704	1023	256	722	1014	279
768	1023	256	779	1014	279
832	1023	256	835	1015	279
896	1023	256	892	1014	279
960	1023	256	948	1015	279
1023	1023	256	1005	1016	279
0	0	320	72	0	315
64	0	320	91	0	315
128	0	320	139	0	315
192	0	320	196	23	317
256	0	320	256	23	317
320	0	320	316	23	317
384	0	320	374	32	317
448	0	320	434	38	317
512	0	320	492	44	317
576	0	320	551	48	317
640	0	320	613	53	317
704	0	320	671	57	317
768	0	320	731	63	317
832	0	320	793	69	318
896	0	320	854	72	317
960	0	320	913	80	317
1023	0	320	971	85	317
0	64	320	72	63	318
64	64	320	93	63	318
128	64	320	139	69	318
192	64	320	197	69	317
256	64	320	256	69	317
320	64	320	316	69	317
384	64	320	375	72	317
448	64	320	434	75	317
512	64	320	492	75	317
576	64	320	551	80	317
640	64	320	613	82	317
704	64	320	671	85	317
768	64	320	731	89	317
832	64	320	794	93	318
896	64	320	854	95	318
960	64	320	913	99	317
1023	64	320	972	104	317
0	128	320	80	130	318
64	128	320	97	130	318
128	128	320	142	132	318
192	128	320	198	132	318
256	128	320	258	132	317
320	128	320	317	132	317
384	128	320	375	133	317
448	128	320	434	136	317
512	128	320	493	136	317
576	128	320	552	137	317
640	128	320	613	139	317
704	128	320	672	141	317
768	128	320	731	142	317
832	128	320	794	145	318
896	128	320	855	147	318
960	128	320	913	149	317
1023	128	320	972	152	317
0	192	320	89	196	318
64	192	320	104	196	318
128	192	320	148	196	318
192	192	320	202	196	318
256	192	320	259	197	317
320	192	320	318	197	317
384	192	320	376	198	317
448	192	320	436	198	317
512	192	320	494	199	317
576	192	320	553	201	317
640	192	320	614	202	317
704	192	320	673	202	318
768	192	320	732	204	318
832	192	320	795	206	318
896	192	320	855	207	318
960	192	320	914	209	317
1023	192	320	972	209	317
0	256	320	101	261	318
64	256	320	114	261	318
128	256	320	155	261	318
192	256	320	206	261	318
256	256	320	262	261	318
320	256	320	320	262	318
384	256	320	379	262	317
448	256	320	437	263	317
512	256	320	496	264	318
576	256	320	555	265	318
640	256	320	615	266	318
704	256	320	674	266	318
768	256	320	733	267	318
832	256	320	796	269	318
896	256	320	856	270	318
960	256	320	914	270	318
1023	256	320	973	272	318
0	320	320	114	326	319
64	320	320	128	326	319
128	320	320	163	326	319
192	320	320	212	326	319
256	320	320	266	326	319
320	320	320	324	326	319
384	320	320	381	327	319
448	320	320	439	327	319
512	320	320	498	328	319
576	320	320	557	329	319
640	320	320	618	329	319
704	320	320	675	330	319
768	320	320	735	331	320
832	320	320	797	332	319
896	320	320	857	332	319
960	320	320	915	333	319
1023	320	320	974	334	319
0	384	320	130	390	321
64	384	320	141	390	321
128	384	320	174	390	320
192	384	320	221	390	320
256	384	320	272	390	320
320	384	320	328	390	320
384	384	320	385	390	320
448	384	320	443	391	319
512	384	320	500	392	319
576	384	320	559	392	319
640	384	320	620	393	320
704	384	320	678	394	320
768	384	320	737	395	320
832	384	320	798	395	320
896	384	320	858	396	320
960	384	320	916	397	320
1023	384	320	975	398	320
0	448	320	148	451	321
64	448	320	158	451	321
128	448	320	187	451	321
192	448	320	230	452	321
256	448	320	280	452	321
320	448	320	334	452	321
384	448	320	390	453	321
448	448	320	447	453	321
512	448	320	504	453	321
576	448	320	563	454	321
640	448	320	623	454	321
704	448	320	680	455	321
768	448	320	739	455	321
832	448	320	800	456	321
896	448	320	860	457	321
960	448	320	918	457	321
1023	448	320	976	458	321
0	512	320	165	513	323
64	512	320	174	513	323
128	512	320	200	513	322
192	512	320	240	513	322
256	512	320	289	513	322
320	512	320	341	514	322
384	512	320	397	514	322
448	512	320	452	514	322
512	512	320	509	515	322
576	512	320	567	515	322
640	512	320	626	515	322
704	512	320	683	516	322
768	512	320	741	516	322
832	512	320	802	516	322
896	512	320	862	517	322
960	512	320	920	518	322
1023	512	320	978	518	322
0	576	320	183	576	324
64	576	320	190	576	324
128	576	320	215	576	324
192	576	320	253	576	324
256	576	320	299	577	324
320	576	320	349	577	324
384	576	320	403	577	323
448	576	320	457	577	324
512	576	320	513	578	323
576	576	320	571	578	323
640	576	320	629	578	323
704	576	320	686	578	323
768	576	320	744	579	323
832	576	320	805	580	324
896	576	320	865	580	324
960	576	320	922	581	323
1023	576	320	980	581	323
0	640	320	201	638	325
64	640	320	208	638	325
128	640	320	230	639	325
192	640	320	265	639	325
256	640	320	308	639	324
320	640	320	357	638	324
384	640	320	409	639	324
448	640	320	463	639	324
512	640	320	518	640	325
576	640	320	576	640	324
640	640	320	633	640	325
704	640	320	690	641	325
768	640	320	748	642	325
832	640	320	809	643	325
896	640	320	868	643	325
960	640	320	924	643	324
1023	640	320	983	643	324
0	704	320	219	700	327
64	704	320	225	700	327
128	704	320	246	700	327
192	704	320	279	700	326
256	704	320	320	700	326
320	704	320	367	700	326
384	704	320	418	700	326
448	704	320	470	701	326
512	704	320	525	702	326
576	704	320	581	702	326
640	704	320	638	702	326
704	704	320	694	703	327
768	704	320	753	704	327
832	704	320	813	705	327
896	704	320	871	704	327
960	704	320	927	704	326
1023	704	320	986	706	326
0	768	320	238	763	329
64	768	320	244	763	329
128	768	320	262	763	329
192	768	320	293	763	328
256	768	320	331	763	328
320	768	320	378	764	328
384	768	320	427	764	328
448	768	320	477	764	328
512	768	320	531	764	328
576	768	320	587	764	328
640	768	320	642	765	327
704	768	320	699	765	327
768	768	320	757	766	328
832	768	320	815	766	328
896	768	320	875	767	328
960	768	320	931	767	328
1023	768	320	988	767	327
0	832	320	257	827	331
64	832	320	262	827	331
128	832	320	279	828	331
192	832	320	308	828	330
256	832	320	345	828	330
320	832	320	388	827	330
384	832	320	436	827	330
448	832	320	485	827	329
512	832	320	538	827	329
576	832	320	593	828	330
640	832	320	648	828	329
704	832	320	704	829	330
768	832	320	762	830	330
832	832	320	820	831	330
896	832	320	879	831	330
960	832	320	934	830	329
1023	832	320	992	831	329
0	896	320	275	889	332
64	896	320	280	889	332
128	896	320	296	889	331
192	896	320	322	889	331
256	896	320	357	889	331
320	896	320	400	889	331
384	896	320	445	889	331
448	896	320	494	890	331
512	896	320	546	890	331
576	896	320	601	891	331
640	896	320	654	891	331
704	896	320	710	892	331
768	896	320	768	893	331
832	896	320	825	893	331
896	896	320	883	893	331
960	896	320	939	893	331
1023	896	320	997	894	331
0	960	320	294	950	334
64	960	320	298	950	334
128	960	320	313	950	334
192	960	320	338	950	334
256	960	320	372	950	334
320	960	320	412	951	334
384	960	320	457	952	334
448	960	320	505	952	334
512	960	320	555	952	334
576	960	320	609	952	334
640	960	320	661	952	334
704	960	320	716	952	334
768	960	320	773	952	334
832	960	320	830	953	334
896	960	320	888	954	334
960	960	320	944	954	334
1023	960	320	1000	953	333
0	1023	320	313	1011	336
64	1023	320	317	1011	336
128	1023	320	331	1011	336
192	1023	320	353	1011	336
256	1023	320	386	1011	336
320	1023	320	424	1012	336
384	1023	320	467	1012	336
448	1023	320	514	1013	336
512	1023	320	564	1013	336
576	1023	320	616	1013	336
640	1023	320	668	1014	336
704	1023	320	723	1015	336
768	1023	320	780	1015	336
832	1023	320	836	1016	336
896	1023	320	893	1015	335
960	1023	320	949	1016	335
1023	1023	320	1005	1017	336
0	0	384	85	0	378
64	0	384	101	0	378
128	0	384	147	23	378
192	0	384	201	23	378
256	0	384	259	23	378
320	0	384	318	23	378
384	0	384	376	32	378
448	0	384	435	44	377
512	0	384	493	44	378
576	0	384	553	48	378
640	0	384	614	53	378
704	0	384	672	57	378
768	0	384	732	66	378
832	0	384	795	69	379
896	0	384	855	72	379
960	0	384	913	77	378
1023	0	384	972	85	378
0	64	384	87	69	378
64	64	384	103	69	378
128	64	384	147	69	378
192	64	384	202	69	378
256	64	384	260	69	378
320	64	384	318	72	378
384	64	384	376	72	378
448	64	384	435	75	378
512	64	384	494	77	378
576	64	384	553	80	378
640	64	384	614	82	378
704	64	384	672	85	378
768	64	384	732	89	378
832	64	384	795	93	379
896	64	384	855	97	379
960	64	384	914	99	378
1023	64	384	972	103	378
0	128	384	91	132	378
64	128	384	106	132	378
128	128	384	150	132	378
192	128	384	202	132	378
256	128	384	261	132	378
320	128	384	319	133	378
384	128	384	377	133	378
448	128	384	436	136	378
512	128	384	494	136	378
576	128	384	554	138	378
640	128	384	614	139	378
704	128	384	673	141	378
768	128	384	733	143	378
832	128	384	795	145	379
896	128	384	856	147	379
960	128	384	914	149	378
1023	128	384	973	151	378
0	192	384	99	196	379
64	192	384	113	196	379
128	192	384	155	196	379
192	192	384	206	197	379
256	192	384	263	197	379
320	192	384	321	197	378
384	192	384	379	198	378
448	192	384	437	198	378
512	192	384	495	199	378
576	192	384	555	201	378
640	192	384	615	202	378
704	192	384	674	202	379
768	192	384	733	204	379
832	192	384	796	206	379
896	192	384	856	206	379
960	192	384	914	209	378
1023	192	384	973	210	378
0	256	384	109	261	379
64	256	384	123	261	379
128	256	384	161	261	379
192	256	384	211	261	379
256	256	384	266	262	379
320	256	384	323	262	378
384	256	384	381	263	378
448	256	384	439	263	378
512	256	384	497	264	378
576	256	384	557	266	378
640	256	384	617	266	379
704	256	384	675	267	379
768	256	384	734	267	379
832	256	384	797	269	379
896	256	384	857	270	379
960	256	384	915	271	379
1023	256	384	973	271	378
0	320	384	123	326	381
64	320	384	134	326	381
128	320	384	169	326	381
192	320	384	216	326	381
256	320	384	270	326	381
320	320	384	326	327	380
384	320	384	383	327	380
448	320	384	441	328	380
512	320	384	500	329	380
576	320	384	559	329	380
640	320	384	619	330	380
704	320	384	677	331	380
768	320	384	736	331	380
832	320	384	798	332	381
896	320	384	857	333	380
960	320	384	916	333	380
1023	320	384	974	334	380
0	384	384	138	390	382
64	384	384	149	390	382
128	384	384	179	390	382
192	384	384	224	390	382
256	384	384	276	390	382
320	384	384	331	391	381
384	384	384	387	391	381
448	384	384	444	392	380
512	384	384	502	392	381
576	384	384	561	393	381
640	384	384	621	394	380
704	384	384	679	394	381
768	384	384	738	395	381
832	384	384	799	395	381
896	384	384	859	397	381
960	384	384	917	397	380
1023	384	384	976	398	380
0	448	384	155	452	382
64	448	384	163	452	382
128	448	384	192	452	382
192	448	384	233	452	382
256	448	384	283	452	382
320	448	384	337	453	382
384	448	384	393	454	381
448	448	384	449	454	381
512	448	384	506	454	381
576	448	384	564	454	381
640	448	384	623	454	381
704	448	384	681	455	381
768	448	384	739	456	382
832	448	384	801	456	382
896	448	384	861	457	381
960	448	384	919	458	381
1023	448	384	976	458	381
0	512	384	170	513	383
64	512	384	179	513	383
128	512	384	204	513	383
192	512	384	244	513	383
256	512	384	292	514	383
320	512	384	344	514	383
384	512	384	399	515	383
448	512	384	454	515	383
512	512	384	510	515	382
576	512	384	568	515	382
640	512	384	626	515	382
704	512	384	683	516	382
768	512	384	742	516	382
832	512	384	803	517	382
896	512	384	863	518	383
960	512	384	921	518	383
1023	512	384	978	518	382
0	576	384	188	576	384
64	576	384	195	576	384
128	576	384	218	576	384
192	576	384	255	576	384
256	576	384	301	577	384
320	576	384	351	577	384
384	576	384	404	577	384
448	576	384	459	577	384
512	576	384	514	577	384
576	576	384	572	578	383
640	576	384	629	578	383
704	576	384	687	579	383
768	576	384	745	579	383
832	576	384	806	580	384
896	576	384	866	581	384
960	576	384	923	581	384
1023	576	384	981	581	383
0	640	384	205	639	386
64	640	384	211	639	386
128	640	384	233	639	386
192	640	384	268	639	386
256	640	384	311	639	385
320	640	384	359	639	385
384	640	384	411	639	384
448	640	384	465	639	384
512	640	384	520	640	384
576	640	384	577	640	384
640	640	384	634	640	385
704	640	384	691	641	384
768	640	384	749	642	385
832	640	384	810	643	385
896	640	384	869	643	385
960	640	384	925	643	385
1023	640	384	983	644	384
0	704	384	223	700	386
64	704	384	229	700	386
128	704	384	248	701	386
192	704	384	281	701	386
256	704	384	322	701	386
320	704	384	369	701	386
384	704	384	419	701	386
448	704	384	471	702	386
512	704	384	526	702	386
576	704	384	582	702	386
640	704	384	639	703	386
704	704	384	695	703	386
768	704	384	753	704	387
832	704	384	813	704	386
896	704	384	872	704	386
960	704	384	929	706	386
1023	704	384	987	707	386
0	768	384	242	764	388
64	768	384	247	764	388
128	768	384	265	764	388
192	768	384	295	764	388
256	768	384	334	764	388
320	768	384	379	764	388
384	768	384	428	764	388
448	768	384	479	765	388
512	768	384	533	765	388
576	768	384	588	765	387
640	768	384	643	765	387
704	768	384	699	765	387
768	768	384	757	766	387
832	768	384	816	767	387
896	768	384	876	767	387
960	768	384	931	767	388
1023	768	384	989	767	387
0	832	384	260	829	390
64	832	384	266	829	390
128	832	384	282	829	390
192	832	384	310	829	389
256	832	384	347	828	389
320	832	384	390	828	389
384	832	384	437	827	389
448	832	384	487	828	389
512	832	384	539	828	389
576	832	384	595	828	389
640	832	384	649	829	389
704	832	384	705	830	389
768	832	384	763	831	389
832	832	384	821	831	389
896	832	384	879	831	389
960	832	384	935	831	389
1023	832	384	993	832	389
0	896	384	279	890	393
64	896	384	283	890	393
128	896	384	299	890	391
192	896	384	325	890	391
256	896	384	360	890	391
320	896	384	401	890	391
384	896	384	447	890	390
448	896	384	496	890	390
512	896	384	547	891	390
576	896	384	602	892	390
640	896	384	655	892	390
704	896	384	711	893	391
768	896	384	769	893	391
832	896	384	825	893	391
896	896	384	884	893	390
960	896	384	940	894	390
1023	896	384	997	894	390
0	960	384	297	950	393
64	960	384	301	950	393
128	960	384	316	950	393
192	960	384	340	950	393
256	960	384	374	951	393
320	960	384	414	952	393
384	960	384	458	952	393
448	960	384	506	952	393
512	960	384	556	952	393
576	960	384	609	951	393
640	960	384	661	951	393
704	960	384	717	952	393
768	960	384	774	953	393
832	960	384	831	954	392
896	960	384	889	954	392
960	960	384	945	954	393
1023	960	384	1001	954	392
0	1023	384	315	1012	395
64	1023	384	319	1012	395
128	1023	384	332	1012	395
192	1023	384	356	1013	395
256	1023	384	388	1013	395
320	1023	384	426	1013	394
384	1023	384	469	1013	394
448	1023	384	516	1014	394
512	1023	384	565	1014	394
576	1023	384	618	1014	394
640	1023	384	670	1016	394
704	1023	384	724	1016	394
768	1023	384	781	1016	394
832	1023	384	837	1016	394
896	1023	384	893	1015	394
960	1023	384	950	1017	394
1023	1023	384	1006	1017	394
0	0	448	97	23	442
64	0	448	113	23	442
128	0	448	153	23	442
192	0	448	206	23	442
256	0	448	262	23	441
320	0	448	321	32	442
384	0	448	379	38	441
448	0	448	438	44	441
512	0	448	496	48	441
576	0	448	555	48	442
640	0	448	616	53	441
704	0	448	674	57	442
768	0	448	734	66	442
832	0	448	796	69	442
896	0	448	856	75	441
960	0	448	915	77	441
1023	0	448	974	85	442
0	64	448	99	69	442
64	64	448	113	69	442
128	64	448	155	69	442
192	64	448	206	69	442
256	64	448	263	69	441
320	64	448	321	72	442
384	64	448	379	72	441
448	64	448	438	75	441
512	64	448	496	77	441
576	64	448	555	82	442
640	64	448	616	85	441
704	64	448	674	87	442
768	64	448	734	89	442
832	64	448	796	93	442
896	64	448	856	97	442
960	64	448	915	99	441
1023	64	448	974	103	442
0	128	448	103	132	442
64	128	448	119	132	442
128	128	448	157	132	442
192	128	448	208	132	442
256	128	448	264	132	442
320	128	448	322	134	442
384	128	448	380	134	442
448	128	448	438	136	442
512	128	448	497	137	442
576	128	448	555	139	442
640	128	448	617	139	441
704	128	448	674	142	442
768	128	448	734	143	442
832	128	448	796	145	442
896	128	448	856	148	442
960	128	448	915	149	442
1023	128	448	974	151	442
0	192	448	109	196	442
64	192	448	125	196	442
128	192	448	161	197	442
192	192	448	211	197	442
256	192	448	266	197	442
320	192	448	324	198	442
384	192	448	381	198	442
448	192	448	439	199	442
512	192	448	498	200	442
576	192	448	557	201	442
640	192	448	617	202	442
704	192	448	675	203	442
768	192	448	735	204	442
832	192	448	797	206	442
896	192	448	857	207	442
960	192	448	915	209	442
1023	192	448	974	210	442
0	256	448	120	262	443
64	256	448	133	262	443
128	256	448	168	262	442
192	256	448	215	262	442
256	256	448	270	262	442
320	256	448	326	262	442
384	256	448	383	263	442
448	256	448	441	263	442
512	256	448	499	265	442
576	256	448	559	266	442
640	256	448	618	266	442
704	256	448	676	267	442
768	256	448	736	267	442
832	256	448	798	269	442
896	256	448	858	270	442
960	256	448	916	271	442
1023	256	448	975	272	442
0	320	448	132	327	444
64	320	448	143	327	444
128	320	448	176	327	444
192	320	448	221	327	444
256	320	448	274	327	444
320	320	448	329	327	443
384	320	448	386	327	443
448	320	448	443	328	443
512	320	448	501	329	443
576	320	448	561	330	443
640	320	448	620	331	443
704	320	448	678	331	443
768	320	448	737	331	443
832	320	448	799	332	443
896	320	448	859	333	443
960	320	448	917	334	443
1023	320	448	975	335	443
0	384	448	147	391	445
64	384	448	156	391	445
128	384	448	186	391	445
192	384	448	228	391	445
256	384	448	280	392	445
320	384	448	333	392	444
384	384	448	390	392	444
448	384	448	447	393	443
512	384	448	504	393	443
576	384	448	563	393	443
640	384	448	622	394	443
704	384	448	680	395	443
768	384	448	739	395	443
832	384	448	800	396	443
896	384	448	860	397	443
960	384	448	918	398	443
1023	384	448	976	398	443
0	448	448	161	452	445
64	448	448	169	452	445
128	448	448	197	453	445
192	448	448	238	453	445
256	448	448	286	453	445
320	448	448	339	453	444
384	448	448	395	454	444
448	448	448	451	454	444
512	448	448	507	454	444
576	448	448	565	454	444
640	448	448	624	454	444
704	448	448	682	455	444
768	448	448	741	456	444
832	448	448	802	457	444
896	448	448	862	458	444
960	448	448	919	458	444
1023	448	448	977	458	444
0	512	448	177	514	446
64	512	448	184	514	446
128	512	448	209	514	446
192	512	448	248	514	446
256	512	448	295	514	445
320	512	448	346	514	445
384	512	448	400	515	445
448	512	448	455	514	445
512	512	448	511	515	444
576	512	448	569	515	444
640	512	448	627	515	444
704	512	448	684	516	444
768	512	448	743	516	444
832	512	448	804	517	445
896	512	448	864	518	445
960	512	448	921	519	445
1023	512	448	979	518	444
0	576	448	193	576	447
64	576	448	200	576	447
128	576	448	223	576	447
192	576	448	259	576	447
256	576	448	303	576	446
320	576	448	353	576	446
384	576	448	406	577	446
448	576	448	460	577	446
512	576	448	516	578	445
576	576	448	573	578	445
640	576	448	630	578	445
704	576	448	688	579	445
768	576	448	746	580	446
832	576	448	807	581	446
896	576	448	867	581	446
960	576	448	923	581	446
1023	576	448	981	581	445
0	640	448	210	639	447
64	640	448	216	639	447
128	640	448	237	639	447
192	640	448	271	639	447
256	640	448	314	639	447
320	640	448	362	639	447
384	640	448	413	639	447
448	640	448	467	640	446
512	640	448	521	640	446
576	640	448	579	641	447
640	640	448	635	641	447
704	640	448	692	641	446
768	640	448	750	642	447
832	640	448	810	643	447
896	640	448	869	643	447
960	640	448	926	644	447
1023	640	448	984	644	447
0	704	448	228	701	448
64	704	448	233	701	448
128	704	448	253	701	448
192	704	448	284	701	448
256	704	448	325	701	448
320	704	448	371	702	448
384	704	448	422	702	448
448	704	448	473	702	448
512	704	448	527	702	447
576	704	448	584	702	447
640	704	448	639	702	447
704	704	448	696	703	447
768	704	448	754	703	448
832	704	448	813	704	448
896	704	448	873	705	448
960	704	448	929	705	447
1023	704	448	987	706	448
0	768	448	245	764	451
64	768	448	250	764	450
128	768	448	269	764	450
192	768	448	298	764	450
256	768	448	336	764	450
320	768	448	381	764	450
384	768	448	430	764	449
448	768	448	481	765	449
512	768	448	534	765	449
576	768	448	590	765	449
640	768	448	645	766	449
704	768	448	700	766	449
768	768	448	759	767	449
832	768	448	818	767	449
896	768	448	876	768	449
960	768	448	932	767	449
1023	768	448	990	768	449
0	832	448	263	828	451
64	832	448	269	828	451
128	832	448	285	828	451
192	832	448	313	828	451
256	832	448	349	828	451
320	832	448	392	828	451
384	832	448	439	828	451
448	832	448	489	829	451
512	832	448	541	829	451
576	832	448	597	829	450
640	832	448	651	830	451
704	832	448	706	830	451
768	832	448	764	831	451
832	832	448	821	831	451
896	832	448	880	831	450
960	832	448	936	832	451
1023	832	448	994	832	450
0	896	448	281	890	454
64	896	448	286	890	454
128	896	448	302	890	452
192	896	448	328	890	452
256	896	448	362	890	452
320	896	448	404	890	452
384	896	448	449	891	452
448	896	448	498	891	452
512	896	448	549	892	452
576	896	448	603	892	452
640	896	448	657	893	452
704	896	448	712	893	452
768	896	448	770	893	452
832	896	448	826	893	452
896	896	448	885	894	452
960	896	448	941	895	452
1023	896	448	998	894	451
0	960	448	300	951	454
64	960	448	305	951	454
128	960	448	319	951	454
192	960	448	343	952	454
256	960	448	376	952	454
320	960	448	416	952	454
384	960	448	460	952	454
448	960	448	507	952	454
512	960	448	558	952	454
576	960	448	611	952	454
640	960	448	663	952	454
704	960	448	718	953	454
768	960	448	776	954	454
832	960	448	833	955	454
896	960	448	890	955	454
960	960	448	946	955	454
1023	960	448	1002	955	454
0	1023	448	318	1013	456
64	1023	448	322	1013	456
128	1023	448	335	1013	456
192	1023	448	358	1013	456
256	1023	448	390	1013	456
320	1023	448	428	1014	455
384	1023	448	471	1014	455
448	1023	448	517	1015	455
512	1023	448	567	1015	455
576	1023	448	619	1015	455
640	1023	448	671	1016	455
704	1023	448	725	1015	455
768	1023	448	782	1016	455
832	1023	448	838	1017	455
896	1023	448	895	1016	455
960	1023	448	951	1018	455
1023	1023	448	1006	1017	455
0	0	512	111	23	505
64	0	512	125	23	505
128	0	512	162	23	505
192	0	512	211	23	505
256	0	512	267	23	505
320	0	512	324	32	505
384	0	512	382	38	505
448	0	512	440	44	505
512	0	512	498	48	504
576	0	512	557	53	504
640	0	512	618	60	504
704	0	512	676	63	504
768	0	512	735	66	504
832	0	512	797	69	504
896	0	512	857	75	504
960	0	512	916	80	505
1023	0	512	975	85	505
0	64	512	113	69	505
64	64	512	126	69	505
128	64	512	163	69	505
192	64	512	212	69	505
256	64	512	267	72	505
320	64	512	324	72	505
384	64	512	382	75	505
448	64	512	441	75	505
512	64	512	498	80	504
576	64	512	557	82	504
640	64	512	618	85	504
704	64	512	676	87	504
768	64	512	735	89	504
832	64	512	797	93	504
896	64	512	857	97	504
960	64	512	916	101	504
1023	64	512	975	103	505
0	128	512	116	132	505
64	128	512	129	132	505
128	128	512	165	132	505
192	128	512	213	132	505
256	128	512	268	134	505
320	128	512	325	134	505
384	128	512	383	134	505
448	128	512	441	136	505
512	128	512	499	138	504
576	128	512	558	139	504
640	128	512	618	141	504
704	128	512	676	142	504
768	128	512	735	143	504
832	128	512	797	145	504
896	128	512	857	148	504
960	128	512	916	150	504
1023	128	512	975	152	505
0	192	512	122	197	506
64	192	512	134	197	505
128	192	512	169	198	505
192	192	512	217	198	505
256	192	512	270	198	505
320	192	512	327	198	505
384	192	512	384	198	505
448	192	512	442	200	505
512	192	512	500	201	505
576	192	512	559	201	504
640	192	512	619	202	504
704	192	512	677	203	504
768	192	512	736	205	504
832	192	512	798	206	504
896	192	512	858	208	505
960	192	512	917	209	505
1023	192	512	976	211	505
0	256	512	130	262	506
64	256	512	143	262	506
128	256	512	175	262	506
192	256	512	221	262	506
256	256	512	273	262	505
320	256	512	329	263	505
384	256	512	386	263	505
448	256	512	443	265	505
512	256	512	501	265	505
576	256	512	560	266	504
640	256	512	620	266	504
704	256	512	678	267	504
768	256	512	737	268	505
832	256	512	799	270	505
896	256	512	859	271	505
960	256	512	917	272	505
1023	256	512	976	273	505
0	320	512	143	327	507
64	320	512	152	327	507
128	320	512	183	327	507
192	320	512	226	327	507
256	320	512	278	327	507
320	320	512	332	328	506
384	320	512	389	328	506
448	320	512	446	329	506
512	320	512	503	329	505
576	320	512	562	330	505
640	320	512	621	331	505
704	320	512	679	331	505
768	320	512	738	331	505
832	320	512	800	333	506
896	320	512	860	334	506
960	320	512	918	334	505
1023	320	512	976	335	505
0	384	512	156	391	508
64	384	512	164	391	508
128	384	512	192	391	508
192	384	512	234	392	508
256	384	512	283	392	507
320	384	512	337	392	506
384	384	512	393	393	506
448	384	512	449	393	506
512	384	512	506	393	506
576	384	512	564	393	505
640	384	512	623	394	505
704	384	512	681	395	505
768	384	512	740	395	505
832	384	512	802	397	506
896	384	512	861	397	506
960	384	512	919	398	506
1023	384	512	977	398	506
0	448	512	169	453	508
64	448	512	177	453	508
128	448	512	203	453	508
192	448	512	242	453	508
256	448	512	290	453	507
320	448	512	342	453	507
384	448	512	397	453	506
448	448	512	452	454	506
512	448	512	509	454	506
576	448	512	567	454	506
640	448	512	626	455	506
704	448	512	683	456	506
768	448	512	742	457	506
832	448	512	803	457	506
896	448	512	863	458	506
960	448	512	920	458	506
1023	448	512	979	459	506
0	512	512	183	514	509
64	512	512	191	514	509
128	512	512	215	514	508
192	512	512	252	514	508
256	512	512	298	514	507
320	512	512	348	514	507
384	512	512	402	514	507
448	512	512	457	514	507
512	512	512	513	515	507
576	512	512	571	515	507
640	512	512	629	516	507
704	512	512	686	516	507
768	512	512	744	517	507
832	512	512	806	518	507
896	512	512	865	518	507
960	512	512	922	519	507
1023	512	512	981	519	507
0	576	512	198	576	509
64	576	512	206	576	509
128	576	512	228	576	509
192	576	512	263	576	509
256	576	512	307	576	508
320	576	512	356	577	508
384	576	512	408	577	508
448	576	512	462	577	508
512	576	512	518	578	508
576	576	512	575	578	508
640	576	512	632	579	508
704	576	512	689	579	508
768	576	512	748	580	508
832	576	512	808	581	508
896	576	512	867	581	508
960	576	512	924	581	508
1023	576	512	983	582	508
0	640	512	215	639	510
64	640	512	221	639	510
128	640	512	242	639	510
192	640	512	275	639	510
256	640	512	317	640	509
320	640	512	365	640	509
384	640	512	416	640	509
448	640	512	469	641	509
512	640	512	523	641	509
576	640	512	580	641	508
640	640	512	637	641	509
704	640	512	693	641	508
768	640	512	751	642	509
832	640	512	811	643	509
896	640	512	870	643	509
960	640	512	927	644	509
1023	640	512	985	644	509
0	704	512	233	701	511
64	704	512	238	701	510
128	704	512	257	701	510
192	704	512	288	701	510
256	704	512	328	701	510
320	704	512	374	702	510
384	704	512	424	702	510
448	704	512	476	702	510
512	704	512	529	702	509
576	704	512	585	702	509
640	704	512	641	703	509
704	704	512	697	704	509
768	704	512	755	704	510
832	704	512	814	704	510
896	704	512	874	705	510
960	704	512	929	705	509
1023	704	512	988	706	510
0	768	512	250	764	512
64	768	512	255	764	512
128	768	512	272	764	512
192	768	512	302	764	511
256	768	512	340	764	511
320	768	512	384	764	511
384	768	512	432	765	511
448	768	512	483	765	511
512	768	512	536	765	510
576	768	512	592	766	511
640	768	512	646	767	511
704	768	512	702	767	511
768	768	512	760	768	511
832	768	512	819	768	511
896	768	512	877	768	510
960	768	512	934	768	511
1023	768	512	992	769	511
0	832	512	267	828	513
64	832	512	272	828	513
128	832	512	289	828	513
192	832	512	316	828	513
256	832	512	352	829	512
320	832	512	395	829	512
384	832	512	442	829	512
448	832	512	491	830	512
512	832	512	544	830	512
576	832	512	598	830	512
640	832	512	652	830	512
704	832	512	708	831	512
768	832	512	765	831	512
832	832	512	823	831	512
896	832	512	882	832	512
960	832	512	938	833	512
1023	832	512	995	833	512
0	896	512	285	891	515
64	896	512	290	891	515
128	896	512	305	891	514
192	896	512	331	891	514
256	896	512	365	891	514
320	896	512	406	891	514
384	896	512	451	891	514
448	896	512	500	892	514
512	896	512	551	892	513
576	896	512	605	892	513
640	896	512	658	893	513
704	896	512	714	893	513
768	896	512	771	894	513
832	896	512	828	894	513
896	896	512	886	894	513
960	896	512	942	895	513
1023	896	512	999	895	513
0	960	512	303	951	515
64	960	512	308	951	515
128	960	512	322	952	515
192	960	512	346	952	515
256	960	512	379	952	515
320	960	512	418	952	515
384	960	512	462	952	515
448	960	512	509	952	515
512	960	512	560	953	515
576	960	512	613	953	515
640	960	512	665	953	515
704	960	512	720	954	515
768	960	512	777	954	515
832	960	512	834	955	515
896	960	512	891	955	515
960	960	512	947	955	515
1023	960	512	1004	956	515
0	1023	512	322	1014	517
64	1023	512	325	1014	517
128	1023	512	338	1014	517
192	1023	512	361	1014	517
256	1023	512	393	1014	517
320	1023	512	431	1015	517
384	1023	512	473	1015	517
448	1023	512	519	1015	517
512	1023	512	569	1016	517
576	1023	512	621	1016	516
640	1023	512	672	1016	516
704	1023	512	726	1016	516
768	1023	512	783	1017	516
832	1023	512	839	1017	516
896	1023	512	897	1018	516
960	1023	512	952	1018	516
1023	1023	512	1008	1018	516
0	0	576	126	23	568
64	0	576	137	23	568
128	0	576	171	23	568
192	0	576	218	32	568
256	0	576	272	38	567
320	0	576	328	38	567
384	0	576	385	44	567
448	0	576	443	44	567
512	0	576	501	48	567
576	0	576	560	53	566
640	0	576	620	60	566
704	0	576	678	63	566
768	0	576	736	66	567
832	0	576	798	72	567
896	0	576	859	75	567
960	0	576	918	82	567
1023	0	576	976	85	566
0	64	576	128	69	568
64	64	576	138	69	568
128	64	576	171	69	568
192	64	576	218	72	568
256	64	576	272	72	567
320	64	576	328	72	567
384	64	576	385	75	567
448	64	576	443	77	567
512	64	576	501	80	567
576	64	576	560	82	566
640	64	576	620	85	566
704	64	576	678	87	567
768	64	576	736	89	567
832	64	576	798	95	567
896	64	576	859	97	567
960	64	576	918	101	567
1023	64	576	976	106	567
0	128	576	130	133	568
64	128	576	141	133	568
128	128	576	174	133	568
192	128	576	220	134	568
256	128	576	274	134	567
320	128	576	329	134	567
384	128	576	386	136	567
448	128	576	444	136	567
512	128	576	501	138	567
576	128	576	560	139	567
640	128	576	620	141	567
704	128	576	678	142	567
768	128	576	737	144	567
832	128	576	799	147	567
896	128	576	859	148	567
960	128	576	918	150	567
1023	128	576	976	152	567
0	192	576	136	198	568
64	192	576	145	198	568
128	192	576	178	198	568
192	192	576	223	198	568
256	192	576	275	198	568
320	192	576	331	198	567
384	192	576	388	199	567
448	192	576	445	200	567
512	192	576	502	201	567
576	192	576	561	202	567
640	192	576	621	203	567
704	192	576	679	204	567
768	192	576	738	206	567
832	192	576	799	206	567
896	192	576	860	209	567
960	192	576	918	209	567
1023	192	576	977	211	567
0	256	576	143	262	569
64	256	576	153	262	568
128	256	576	183	263	568
192	256	576	227	263	568
256	256	576	278	263	568
320	256	576	332	263	567
384	256	576	389	264	567
448	256	576	446	265	567
512	256	576	504	266	567
576	256	576	562	265	567
640	256	576	621	266	567
704	256	576	680	267	567
768	256	576	739	269	567
832	256	576	800	270	567
896	256	576	861	271	567
960	256	576	918	272	567
1023	256	576	977	273	567
0	320	576	152	327	570
64	320	576	162	327	570
128	320	576	190	327	570
192	320	576	232	327	569
256	320	576	282	327	569
320	320	576	335	327	568
384	320	576	392	328	568
448	320	576	448	329	568
512	320	576	505	329	567
576	320	576	564	330	567
640	320	576	623	331	567
704	320	576	681	331	567
768	320	576	740	332	568
832	320	576	802	333	568
896	320	576	862	334	568
960	320	576	919	334	567
1023	320	576	977	336	567
0	384	576	163	391	570
64	384	576	172	391	570
128	384	576	198	391	570
192	384	576	239	391	570
256	384	576	287	391	569
320	384	576	340	392	568
384	384	576	395	392	568
448	384	576	451	393	568
512	384	576	508	393	568
576	384	576	566	394	568
640	384	576	625	394	568
704	384	576	683	395	568
768	384	576	742	396	568
832	384	576	803	397	568
896	384	576	863	397	568
960	384	576	920	398	568
1023	384	576	979	399	568
0	448	576	178	453	570
64	448	576	185	453	570
128	448	576	209	453	570
192	448	576	247	453	570
256	448	576	294	453	569
320	448	576	345	453	569
384	448	576	400	454	569
448	448	576	455	454	568
512	448	576	511	454	568
576	448	576	569	455	568
640	448	576	628	456	568
704	448	576	685	456	568
768	448	576	743	457	568
832	448	576	804	458	568
896	448	576	864	458	568
960	448	576	921	459	568
1023	448	576	980	459	568
0	512	576	191	514	571
64	512	576	198	514	571
128	512	576	221	514	571
192	512	576	258	514	570
256	512	576	302	514	570
320	512	576	352	515	570
384	512	576	406	515	570
448	512	576	460	515	569
512	512	576	516	516	569
576	512	576	573	516	569
640	512	576	631	517	569
704	512	576	688	517	569
768	512	576	746	518	569
832	512	576	807	518	569
896	512	576	866	518	569
960	512	576	923	519	569
1023	512	576	982	520	569
0	576	576	206	577	572
64	576	576	212	577	572
128	576	576	234	577	571
192	576	576	268	577	571
256	576	576	310	577	570
320	576	576	359	578	570
384	576	576	412	578	570
448	576	576	465	578	570
512	576	576	520	579	570
576	576	576	578	579	570
640	576	576	635	579	570
704	576	576	691	580	569
768	576	576	749	580	570
832	576	576	809	581	570
896	576	576	869	582	570
960	576	576	926	582	570
1023	576	576	984	582	570
0	640	576	222	640	573
64	640	576	228	640	573
128	640	576	248	640	573
192	640	576	280	640	572
256	640	576	321	640	571
320	640	576	368	640	571
384	640	576	419	641	571
448	640	576	471	641	571
512	640	576	526	641	570
576	640	576	582	641	570
640	640	576	638	642	570
704	640	576	695	642	570
768	640	576	753	643	570
832	640	576	813	644	571
896	640	576	872	644	571
960	640	576	928	644	570
1023	640	576	987	645	571
0	704	576	238	701	572
64	704	576	243	701	572
128	704	576	262	701	572
192	704	576	292	701	572
256	704	576	331	702	572
320	704	576	377	702	572
384	704	576	426	702	572
448	704	576	477	702	571
512	704	576	532	703	571
576	704	576	588	704	571
640	704	576	643	704	571
704	704	576	700	705	572
768	704	576	758	705	572
832	704	576	817	706	572
896	704	576	875	706	571
960	704	576	931	706	572
1023	704	576	989	707	572
0	768	576	255	764	574
64	768	576	260	765	574
128	768	576	277	765	573
192	768	576	306	765	573
256	768	576	343	765	573
320	768	576	387	765	573
384	768	576	435	765	573
448	768	576	485	766	573
512	768	576	538	766	573
576	768	576	594	767	573
640	768	576	649	768	573
704	768	576	704	768	573
768	768	576	762	768	573
832	768	576	820	769	573
896	768	576	879	769	572
960	768	576	936	770	573
1023	768	576	993	770	573
0	832	576	272	829	575
64	832	576	277	829	575
128	832	576	293	829	575
192	832	576	320	829	574
256	832	576	355	830	574
320	832	576	398	830	574
384	832	576	444	830	574
448	832	576	494	830	574
512	832	576	545	830	573
576	832	576	600	830	573
640	832	576	653	830	573
704	832	576	709	831	573
768	832	576	767	832	573
832	832	576	825	832	574
896	832	576	883	833	574
960	832	576	939	833	573
1023	832	576	996	833	573
0	896	576	290	891	577
64	896	576	294	891	575
128	896	576	309	891	575
192	896	576	334	891	575
256	896	576	368	891	575
320	896	576	409	891	575
384	896	576	454	892	575
448	896	576	502	892	575
512	896	576	553	892	574
576	896	576	607	893	575
640	896	576	660	894	575
704	896	576	715	894	574
768	896	576	773	895	575
832	896	576	830	895	575
896	896	576	887	894	575
960	896	576	944	896	575
1023	896	576	1001	897	575
0	960	576	307	952	576
64	960	576	311	952	576
128	960	576	325	952	576
192	960	576	349	952	576
256	960	576	381	952	576
320	960	576	420	952	576
384	960	576	464	952	576
448	960	576	511	953	576
512	960	576	561	953	576
576	960	576	615	954	576
640	960	576	667	954	576
704	960	576	721	955	576
768	960	576	779	955	576
832	960	576	835	956	576
896	960	576	892	955	576
960	960	576	949	956	576
1023	960	576	1005	956	576
0	1023	576	325	1014	578
64	1023	576	329	1014	578
128	1023	576	342	1014	578
192	1023	576	364	1014	578
256	1023	576	395	1015	578
320	1023	576	433	1015	578
384	1023	576	475	1016	578
448	1023	576	521	1016	578
512	1023	576	571	1015	577
576	1023	576	622	1015	577
640	1023	576	673	1016	577
704	1023	576	727	1016	577
768	1023	576	785	1018	578
832	1023	576	841	1018	577
896	1023	576	897	1018	577
960	1023	576	953	1018	577
1023	1023	576	1009	1019	577
0	0	640	139	32	630
64	0	640	149	32	630
128	0	640	181	32	630
192	0	640	225	38	630
256	0	640	277	38	630
320	0	640	332	38	629
384	0	640	389	44	629
448	0	640	446	48	629
512	0	640	503	48	629
576	0	640	562	57	629
640	0	640	621	60	629
704	0	640	679	63	629
768	0	640	739	66	629
832	0	640	800	75	629
896	0	640	861	77	629
960	0	640	919	82	629
1023	0	640	978	87	629
0	64	640	141	72	630
64	64	640	150	72	630
128	64	640	182	72	630
192	64	640	226	72	630
256	64	640	278	72	630
320	64	640	332	75	629
384	64	640	389	77	629
448	64	640	446	80	629
512	64	640	503	80	629
576	64	640	562	82	629
640	64	640	622	85	629
704	64	640	680	87	629
768	64	640	739	93	629
832	64	640	800	95	629
896	64	640	861	97	629
960	64	640	919	103	629
1023	64	640	978	106	629
0	128	640	143	133	630
64	128	640	152	134	630
128	128	640	183	134	630
192	128	640	227	134	630
256	128	640	279	134	630
320	128	640	333	136	629
384	128	640	390	136	629
448	128	640	446	138	629
512	128	640	504	138	629
576	128	640	562	139	629
640	128	640	622	141	629
704	128	640	680	143	629
768	128	640	739	145	629
832	128	640	801	147	629
896	128	640	861	149	629
960	128	640	919	151	629
1023	128	640	978	153	629
0	192	640	148	198	631
64	192	640	157	198	631
128	192	640	187	198	631
192	192	640	230	198	630
256	192	640	280	198	630
320	192	640	334	198	629
384	192	640	390	200	629
448	192	640	447	200	629
512	192	640	505	202	629
576	192	640	563	202	629
640	192	640	623	203	629
704	192	640	681	205	629
768	192	640	740	206	629
832	192	640	801	208	629
896	192	640	862	209	629
960	192	640	919	210	629
1023	192	640	978	212	629
0	256	640	155	263	631
64	256	640	164	263	631
128	256	640	191	263	631
192	256	640	234	263	631
256	256	640	283	263	630
320	256	640	336	263	630
384	256	640	392	264	630
448	256	640	449	265	629
512	256	640	506	266	629
576	256	640	565	267	629
640	256	640	624	267	629
704	256	640	682	269	629
768	256	640	741	269	629
832	256	640	802	270	630
896	256	640	862	272	630
960	256	640	919	272	629
1023	256	640	978	274	629
0	320	640	163	327	632
64	320	640	171	327	632
128	320	640	198	327	632
192	320	640	238	327	632
256	320	640	286	328	631
320	320	640	339	328	631
384	320	640	395	329	630
448	320	640	451	330	630
512	320	640	508	331	630
576	320	640	567	331	630
640	320	640	626	331	630
704	320	640	683	331	630
768	320	640	742	333	630
832	320	640	803	334	630
896	320	640	863	334	630
960	320	640	920	335	630
1023	320	640	979	336	630
0	384	640	174	392	633
64	384	640	181	392	633
128	384	640	207	392	633
192	384	640	245	392	633
256	384	640	292	392	631
320	384	640	343	392	631
384	384	640	398	393	631
448	384	640	454	393	630
512	384	640	511	394	630
576	384	640	569	394	631
640	384	640	627	395	631
704	384	640	685	396	630
768	384	640	743	397	630
832	384	640	805	398	630
896	384	640	863	398	630
960	384	640	921	398	630
1023	384	640	980	399	630
0	448	640	186	453	633
64	448	640	193	453	633
128	448	640	217	453	633
192	448	640	253	454	633
256	448	640	299	454	632
320	448	640	349	454	632
384	448	640	404	455	632
448	448	640	458	455	631
512	448	640	514	455	631
576	448	640	572	455	631
640	448	640	630	456	631
704	448	640	687	456	630
768	448	640	745	457	630
832	448	640	806	458	631
896	448	640	865	458	630
960	448	640	922	459	630
1023	448	640	981	460	630
0	512	640	199	515	634
64	512	640	206	515	634
128	512	640	228	515	633
192	512	640	263	515	633
256	512	640	307	515	632
320	512	640	356	515	632
384	512	640	409	516	632
448	512	640	463	516	632
512	512	640	518	516	632
576	512	640	575	517	631
640	512	640	633	517	631
704	512	640	689	517	631
768	512	640	748	518	631
832	512	640	808	519	631
896	512	640	868	519	631
960	512	640	924	519	631
1023	512	640	983	520	631
0	576	640	214	578	634
64	576	640	220	578	634
128	576	640	240	578	634
192	576	640	273	578	634
256	576	640	316	578	633
320	576	640	363	578	633
384	576	640	415	578	632
448	576	640	468	579	632
512	576	640	523	579	632
576	576	640	580	580	632
640	576	640	636	580	632
704	576	640	693	580	632
768	576	640	751	581	632
832	576	640	811	582	632
896	576	640	871	582	632
960	576	640	927	582	632
1023	576	640	985	583	632
0	640	640	228	641	635
64	640	640	235	641	635
128	640	640	253	641	635
192	640	640	285	641	635
256	640	640	325	641	633
320	640	640	372	641	633
384	640	640	422	641	633
448	640	640	473	641	633
512	640	640	528	641	633
576	640	640	584	642	633
640	640	640	640	643	633
704	640	640	697	643	632
768	640	640	755	644	633
832	640	640	815	644	633
896	640	640	873	644	633
960	640	640	930	645	633
1023	640	640	989	646	633
0	704	640	245	702	635
64	704	640	250	702	635
128	704	640	267	702	634
192	704	640	297	702	634
256	704	640	335	703	634
320	704	640	381	703	634
384	704	640	430	703	634
448	704	640	481	704	634
512	704	640	534	704	634
576	704	640	590	704	634
640	704	640	645	705	634
704	704	640	702	706	634
768	704	640	760	706	634
832	704	640	818	706	634
896	704	640	877	706	633
960	704	640	933	707	634
1023	704	640	990	707	633
0	768	640	261	766	636
64	768	640	266	766	636
128	768	640	282	766	636
192	768	640	310	766	635
256	768	640	347	766	635
320	768	640	391	766	635
384	768	640	438	767	635
448	768	640	488	767	635
512	768	640	541	767	635
576	768	640	596	767	634
640	768	640	650	768	634
704	768	640	706	768	634
768	768	640	764	769	634
832	768	640	822	769	635
896	768	640	881	770	635
960	768	640	937	770	634
1023	768	640	994	770	634
0	832	640	278	830	637
64	832	640	282	830	637
128	832	640	297	830	636
192	832	640	324	830	636
256	832	640	359	830	636
320	832	640	401	830	636
384	832	640	447	831	636
448	832	640	496	831	635
512	832	640	547	830	635
576	832	640	602	830	635
640	832	640	656	831	635
704	832	640	711	832	636
768	832	640	769	833	636
832	832	640	827	833	636
896	832	640	885	833	636
960	832	640	941	833	635
1023	832	640	998	834	636
0	896	640	294	892	637
64	896	640	298	892	637
128	896	640	313	892	637
192	896	640	338	892	637
256	896	640	372	892	637
320	896	640	412	892	637
384	896	640	457	892	636
448	896	640	504	893	636
512	896	640	556	893	636
576	896	640	610	894	637
640	896	640	662	894	637
704	896	640	717	895	637
768	896	640	775	895	637
832	896	640	831	895	637
896	896	640	889	895	636
960	896	640	945	896	637
1023	896	640	1002	897	637
0	960	640	312	953	639
64	960	640	316	953	639
128	960	640	330	953	639
192	960	640	353	953	639
256	960	640	385	953	639
320	960	640	424	953	638
384	960	640	467	954	638
448	960	640	514	954	638
512	960	640	564	954	638
576	960	640	617	954	638
640	960	640	669	955	638
704	960	640	723	955	637
768	960	640	781	956	638
832	960	640	836	956	638
896	960	640	895	957	638
960	960	640	950	957	638
1023	960	640	1006	957	638
0	1023	640	329	1015	640
64	1023	640	332	1015	640
128	1023	640	346	1015	640
192	1023	640	368	1015	640
256	1023	640	399	1015	640
320	1023	640	436	1015	639
384	1023	640	478	1016	639
448	1023	640	524	1016	639
512	1023	640	573	1016	639
576	1023	640	624	1017	639
640	1023	640	676	1017	639
704	1023	640	730	1018	639
768	1023	640	788	1019	640
832	1023	640	843	1019	639
896	1023	640	899	1019	639
960	1023	640	955	1020	639
1023	1023	640	1011	1020	639
0	0	704	153	38	693
64	0	704	163	38	693
128	0	704	191	38	693
192	0	704	234	38	693
256	0	704	284	38	692
320	0	704	337	44	692
384	0	704	393	44	692
448	0	704	449	53	692
512	0	704	506	57	692
576	0	704	565	57	692
640	0	704	624	60	692
704	0	704	682	66	692
768	0	704	741	69	692
832	0	704	802	75	691
896	0	704	862	80	692
960	0	704	920	82	692
1023	0	704	979	89	691
0	64	704	153	72	693
64	64	704	163	72	693
128	64	704	192	72	693
192	64	704	234	72	693
256	64	704	284	72	692
320	64	704	337	77	692
384	64	704	393	77	692
448	64	704	449	80	692
512	64	704	506	82	692
576	64	704	565	85	692
640	64	704	624	89	692
704	64	704	682	91	692
768	64	704	741	93	692
832	64	704	802	97	691
896	64	704	862	101	692
960	64	704	920	103	692
1023	64	704	979	106	691
0	128	704	156	134	693
64	128	704	166	134	693
128	128	704	193	134	693
192	128	704	235	134	693
256	128	704	284	134	692
320	128	704	338	137	692
384	128	704	394	137	692
448	128	704	450	138	692
512	128	704	507	139	692
576	128	704	565	142	692
640	128	704	625	143	692
704	128	704	682	144	692
768	128	704	741	145	692
832	128	704	802	148	692
896	128	704	862	150	692
960	128	704	920	151	692
1023	128	704	979	155	692
0	192	704	161	198	693
64	192	704	169	198	693
128	192	704	196	198	693
192	192	704	238	199	693
256	192	704	286	199	692
320	192	704	339	199	692
384	192	704	395	201	692
448	192	704	451	202	692
512	192	704	508	202	692
576	192	704	567	203	692
640	192	704	625	203	692
704	192	704	683	205	692
768	192	704	742	206	692
832	192	704	803	208	692
896	192	704	863	209	692
960	192	704	921	211	692
1023	192	704	979	212	692
0	256	704	167	263	693
64	256	704	175	263	693
128	256	704	201	263	693
192	256	704	241	263	693
256	256	704	289	264	693
320	256	704	341	264	692
384	256	704	397	265	692
448	256	704	453	265	692
512	256	704	509	266	692
576	256	704	568	267	692
640	256	704	626	267	692
704	256	704	684	269	692
768	256	704	743	270	693
832	256	704	803	271	692
896	256	704	863	272	692
960	256	704	921	273	692
1023	256	704	979	274	692
0	320	704	174	328	695
64	320	704	182	328	695
128	320	704	207	328	695
192	320	704	246	328	695
256	320	704	292	329	694
320	320	704	344	329	694
384	320	704	399	329	694
448	320	704	454	330	693
512	320	704	511	331	693
576	320	704	569	331	693
640	320	704	627	331	693
704	320	704	685	332	693
768	320	704	744	333	693
832	320	704	804	334	693
896	320	704	864	334	693
960	320	704	922	335	693
1023	320	704	980	336	692
0	384	704	184	393	697
64	384	704	191	393	697
128	384	704	215	393	697
192	384	704	252	393	696
256	384	704	297	393	694
320	384	704	348	393	694
384	384	704	402	393	694
448	384	704	457	393	694
512	384	704	513	394	694
576	384	704	571	395	694
640	384	704	629	395	693
704	384	704	687	396	693
768	384	704	745	397	693
832	384	704	805	397	693
896	384	704	865	398	693
960	384	704	922	399	693
1023	384	704	981	399	693
0	448	704	195	454	697
64	448	704	202	454	697
128	448	704	225	454	697
192	448	704	260	454	697
256	448	704	304	454	694
320	448	704	353	454	694
384	448	704	407	454	693
448	448	704	461	455	693
512	448	704	517	456	693
576	448	704	574	456	693
640	448	704	632	456	693
704	448	704	689	457	693
768	448	704	747	457	693
832	448	704	808	458	693
896	448	704	867	459	693
960	448	704	924	459	693
1023	448	704	983	460	693
0	512	704	208	515	697
64	512	704	214	515	697
128	512	704	236	515	696
192	512	704	269	515	696
256	512	704	312	515	694
320	512	704	360	515	694
384	512	704	412	516	694
448	512	704	466	516	694
512	512	704	521	516	694
576	512	704	578	517	694
640	512	704	635	517	694
704	512	704	692	518	694
768	512	704	751	519	694
832	512	704	811	520	694
896	512	704	869	519	694
960	512	704	926	520	694
1023	512	704	985	521	694
0	576	704	221	578	697
64	576	704	227	578	697
128	576	704	247	578	697
192	576	704	279	578	697
256	576	704	320	578	695
320	576	704	367	578	695
384	576	704	418	579	695
448	576	704	471	579	695
512	576	704	526	580	695
576	576	704	582	580	695
640	576	704	639	580	695
704	576	704	696	581	695
768	576	704	754	582	695
832	576	704	814	583	696
896	576	704	872	582	694
960	576	704	929	583	695
1023	576	704	988	584	695
0	640	704	236	641	698
64	640	704	242	641	698
128	640	704	260	641	698
192	640	704	290	641	698
256	640	704	330	641	696
320	640	704	376	642	696
384	640	704	425	642	696
448	640	704	477	642	696
512	640	704	531	643	695
576	640	704	587	643	695
640	640	704	643	643	695
704	640	704	699	643	696
768	640	704	757	644	696
832	640	704	816	644	696
896	640	704	875	645	695
960	640	704	932	645	695
1023	640	704	989	646	696
0	704	704	251	703	697
64	704	704	256	703	697
128	704	704	273	703	697
192	704	704	302	703	696
256	704	704	340	703	696
320	704	704	384	703	696
384	704	704	433	703	696
448	704	704	483	704	696
512	704	704	537	704	696
576	704	704	592	704	696
640	704	704	647	705	696
704	704	704	703	705	696
768	704	704	761	706	696
832	704	704	820	706	696
896	704	704	878	707	695
960	704	704	934	707	696
1023	704	704	992	708	697
0	768	704	267	766	699
64	768	704	271	766	699
128	768	704	288	766	699
192	768	704	316	766	697
256	768	704	351	767	697
320	768	704	394	767	697
384	768	704	441	767	697
448	768	704	491	767	697
512	768	704	544	767	697
576	768	704	599	768	697
640	768	704	653	769	697
704	768	704	709	769	697
768	768	704	767	770	697
832	768	704	824	770	697
896	768	704	882	770	697
960	768	704	939	771	697
1023	768	704	996	771	697
0	832	704	283	830	699
64	832	704	288	830	699
128	832	704	303	831	699
192	832	704	329	831	699
256	832	704	364	831	699
320	832	704	405	831	699
384	832	704	451	831	699
448	832	704	500	832	699
512	832	704	551	832	699
576	832	704	606	833	699
640	832	704	659	833	699
704	832	704	714	833	699
768	832	704	771	833	698
832	832	704	828	834	698
896	832	704	887	834	698
960	832	704	943	834	698
1023	832	704	999	834	698
0	896	704	300	893	700
64	896	704	304	893	700
128	896	704	318	893	700
192	896	704	343	893	700
256	896	704	376	893	700
320	896	704	416	893	700
384	896	704	460	893	700
448	896	704	507	893	699
512	896	704	557	893	699
576	896	704	611	893	698
640	896	704	663	894	698
704	896	704	718	894	699
768	896	704	776	895	698
832	896	704	833	896	699
896	896	704	890	896	699
960	896	704	946	896	699
1023	896	704	1002	896	698
0	960	704	317	952	701
64	960	704	320	952	701
128	960	704	334	953	701
192	960	704	357	953	701
256	960	704	389	953	701
320	960	704	427	953	700
384	960	704	470	954	700
448	960	704	517	954	700
512	960	704	567	955	699
576	960	704	619	955	700
640	960	704	671	955	700
704	960	704	725	956	700
768	960	704	783	956	700
832	960	704	838	956	700
896	960	704	895	956	700
960	960	704	951	956	699
1023	960	704	1008	958	700
0	1023	704	334	1016	702
64	1023	704	337	1016	702
128	1023	704	350	1016	702
192	1023	704	372	1016	702
256	1023	704	403	1016	702
320	1023	704	439	1016	702
384	1023	704	481	1016	702
448	1023	704	527	1017	701
512	1023	704	576	1017	701
576	1023	704	627	1017	701
640	1023	704	678	1017	701
704	1023	704	732	1018	701
768	1023	704	789	1019	701
832	1023	704	844	1019	700
896	1023	704	900	1019	701
960	1023	704	956	1020	701
1023	1023	704	1012	1020	701
0	0	768	166	38	757
64	0	768	175	38	757
128	0	768	201	38	757
192	0	768	241	38	756
256	0	768	289	44	755
320	0	768	341	48	755
384	0	768	396	53	755
448	0	768	452	53	755
512	0	768	509	57	755
576	0	768	567	60	755
640	0	768	626	63	755
704	0	768	684	69	755
768	0	768	742	72	754
832	0	768	804	75	755
896	0	768	864	80	754
960	0	768	921	87	754
1023	0	768	980	89	754
0	64	768	167	75	757
64	64	768	175	75	757
128	64	768	202	75	757
192	64	768	241	77	756
256	64	768	289	77	755
320	64	768	341	77	755
384	64	768	396	80	755
448	64	768	452	80	755
512	64	768	509	85	755
576	64	768	567	87	755
640	64	768	626	89	755
704	64	768	684	91	755
768	64	768	743	93	754
832	64	768	804	99	755
896	64	768	864	101	754
960	64	768	921	106	754
1023	64	768	980	108	754
0	128	768	169	136	757
64	128	768	177	136	757
128	128	768	203	136	757
192	128	768	243	136	756
256	128	768	290	137	755
320	128	768	342	137	755
384	128	768	397	138	755
448	128	768	453	138	755
512	128	768	509	141	755
576	128	768	568	142	755
640	128	768	626	143	755
704	128	768	684	145	755
768	128	768	743	147	755
832	128	768	804	149	755
896	128	768	864	150	754
960	128	768	921	153	754
1023	128	768	980	155	754
0	192	768	172	199	757
64	192	768	181	199	757
128	192	768	206	199	757
192	192	768	245	199	756
256	192	768	291	199	755
320	192	768	343	200	755
384	192	768	398	201	755
448	192	768	454	202	755
512	192	768	510	202	755
576	192	768	569	204	755
640	192	768	627	205	755
704	192	768	685	206	755
768	192	768	743	207	755
832	192	768	805	209	755
896	192	768	864	209	754
960	192	768	922	211	754
1023	192	768	980	212	754
0	256	768	179	264	758
64	256	768	186	264	757
128	256	768	210	264	757
192	256	768	248	264	756
256	256	768	294	264	755
320	256	768	345	265	755
384	256	768	400	265	755
448	256	768	455	266	755
512	256	768	511	266	755
576	256	768	570	267	755
640	256	768	628	269	755
704	256	768	686	269	755
768	256	768	744	270	755
832	256	768	805	271	755
896	256	768	864	272	754
960	256	768	922	273	754
1023	256	768	980	274	754
0	320	768	185	328	758
64	320	768	192	328	758
128	320	768	215	328	757
192	320	768	252	329	757
256	320	768	297	328	756
320	320	768	348	329	756
384	320	768	402	330	756
448	320	768	457	330	756
512	320	768	514	331	755
576	320	768	572	331	755
640	320	768	630	332	755
704	320	768	687	333	755
768	320	768	745	333	755
832	320	768	806	334	755
896	320	768	865	334	755
960	320	768	923	336	755
1023	320	768	981	337	755
0	384	768	194	392	758
64	384	768	201	392	758
128	384	768	223	392	758
192	384	768	258	393	758
256	384	768	303	393	756
320	384	768	353	393	756
384	384	768	406	394	756
448	384	768	460	394	756
512	384	768	516	394	756
576	384	768	574	395	755
640	384	768	632	396	756
704	384	768	689	397	756
768	384	768	747	397	755
832	384	768	807	398	755
896	384	768	867	398	755
960	384	768	924	399	755
1023	384	768	983	400	755
0	448	768	205	454	759
64	448	768	211	454	759
128	448	768	232	454	758
192	448	768	266	454	758
256	448	768	309	454	757
320	448	768	358	455	756
384	448	768	411	455	756
448	448	768	464	455	756
512	448	768	520	456	756
576	448	768	577	456	755
640	448	768	634	457	755
704	448	768	691	457	755
768	448	768	749	458	755
832	448	768	810	459	756
896	448	768	869	459	756
960	448	768	926	460	756
1023	448	768	984	460	756
0	512	768	217	515	759
64	512	768	223	515	759
128	512	768	242	516	759
192	512	768	275	516	758
256	512	768	317	516	757
320	512	768	365	516	757
384	512	768	416	516	757
448	512	768	469	517	757
512	512	768	524	517	757
576	512	768	581	517	756
640	512	768	637	518	756
704	512	768	694	518	756
768	512	768	752	519	756
832	512	768	812	520	757
896	512	768	871	520	756
960	512	768	928	521	757
1023	512	768	986	521	756
0	576	768	230	579	760
64	576	768	235	579	760
128	576	768	255	579	759
192	576	768	285	579	758
256	576	768	326	579	758
320	576	768	372	579	758
384	576	768	422	580	757
448	576	768	475	580	757
512	576	768	529	580	757
576	576	768	585	580	757
640	576	768	641	581	757
704	576	768	697	581	757
768	576	768	756	582	757
832	576	768	815	582	757
896	576	768	874	583	757
960	576	768	931	583	757
1023	576	768	988	584	757
0	640	768	243	641	760
64	640	768	248	641	760
128	640	768	266	641	759
192	640	768	296	641	758
256	640	768	334	641	758
320	640	768	379	641	758
384	640	768	429	641	757
448	640	768	480	642	757
512	640	768	534	642	757
576	640	768	590	643	757
640	640	768	645	643	757
704	640	768	701	644	757
768	640	768	760	645	758
832	640	768	818	645	758
896	640	768	877	645	757
960	640	768	933	646	757
1023	640	768	991	646	758
0	704	768	258	703	760
64	704	768	262	703	760
128	704	768	280	703	759
192	704	768	308	703	759
256	704	768	345	703	759
320	704	768	389	704	759
384	704	768	436	704	759
448	704	768	487	704	759
512	704	768	539	705	759
576	704	768	596	705	759
640	704	768	649	705	759
704	704	768	705	706	758
768	704	768	764	707	758
832	704	768	821	707	758
896	704	768	880	707	759
960	704	768	937	708	759
1023	704	768	994	708	758
0	768	768	273	766	760
64	768	768	277	766	760
128	768	768	293	766	760
192	768	768	320	767	760
256	768	768	356	767	760
320	768	768	399	767	760
384	768	768	445	767	759
448	768	768	494	767	759
512	768	768	546	768	760
576	768	768	601	768	759
640	768	768	655	768	759
704	768	768	710	768	759
768	768	768	768	769	759
832	768	768	825	770	759
896	768	768	884	771	759
960	768	768	940	771	759
1023	768	768	997	771	759
0	832	768	289	831	761
64	832	768	293	831	760
128	832	768	308	830	760
192	832	768	333	830	760
256	832	768	368	830	760
320	832	768	408	830	760
384	832	768	453	830	760
448	832	768	502	831	760
512	832	768	553	831	760
576	832	768	607	832	760
640	832	768	660	832	760
704	832	768	715	832	760
768	832	768	773	833	761
832	832	768	830	834	760
896	832	768	888	834	760
960	832	768	944	834	760
1023	832	768	1001	835	760
0	896	768	305	893	762
64	896	768	309	893	762
128	896	768	323	893	762
192	896	768	347	893	762
256	896	768	380	893	762
320	896	768	419	893	761
384	896	768	463	893	761
448	896	768	510	894	761
512	896	768	561	894	761
576	896	768	614	894	761
640	896	768	666	895	761
704	896	768	721	896	761
768	896	768	779	896	761
832	896	768	835	896	761
896	896	768	892	896	760
960	896	768	948	897	761
1023	896	768	1005	897	761
0	960	768	322	954	763
64	960	768	326	954	763
128	960	768	339	954	763
192	960	768	362	954	763
256	960	768	393	954	763
320	960	768	431	954	763
384	960	768	473	954	763
448	960	768	520	954	762
512	960	768	570	955	762
576	960	768	622	956	762
640	960	768	673	956	762
704	960	768	727	956	762
768	960	768	784	956	762
832	960	768	840	956	762
896	960	768	898	958	762
960	960	768	954	958	763
1023	960	768	1009	958	762
0	1023	768	338	1015	763
64	1023	768	342	1015	763
128	1023	768	354	1015	763
192	1023	768	376	1015	763
256	1023	768	406	1016	763
320	1023	768	443	1016	763
384	1023	768	484	1016	763
448	1023	768	529	1016	763
512	1023	768	578	1017	763
576	1023	768	628	1017	763
640	1023	768	680	1018	763
704	1023	768	733	1018	763
768	1023	768	790	1018	763
832	1023	768	845	1018	763
896	1023	768	901	1019	763
960	1023	768	958	1020	763
1023	1023	768	1013	1020	763
0	0	832	179	38	819
64	0	832	188	38	819
128	0	832	211	44	819
192	0	832	249	44	819
256	0	832	295	44	818
320	0	832	346	48	818
384	0	832	401	53	818
448	0	832	456	57	818
512	0	832	512	57	818
576	0	832	570	60	818
640	0	832	629	66	818
704	0	832	685	69	817
768	0	832	744	72	817
832	0	832	806	80	818
896	0	832	866	80	818
960	0	832	923	87	818
1023	0	832	981	91	817
0	64	832	179	77	819
64	64	832	188	77	819
128	64	832	212	77	819
192	64	832	249	77	819
256	64	832	295	77	818
320	64	832	346	80	818
384	64	832	401	80	818
448	64	832	456	85	818
512	64	832	513	85	818
576	64	832	571	87	818
640	64	832	629	89	818
704	64	832	686	91	817
768	64	832	744	97	817
832	64	832	806	99	818
896	64	832	866	101	818
960	64	832	923	106	818
1023	64	832	981	109	817
0	128	832	181	137	819
64	128	832	189	137	819
128	128	832	213	137	819
192	128	832	250	137	819
256	128	832	296	137	818
320	128	832	347	138	818
384	128	832	401	138	818
448	128	832	457	141	818
512	128	832	513	141	818
576	128	832	571	142	818
640	128	832	629	143	818
704	128	832	686	144	817
768	128	832	745	148	817
832	128	832	806	149	818
896	128	832	866	150	818
960	128	832	923	153	818
1023	128	832	982	156	817
0	192	832	186	199	820
64	192	832	193	199	820
128	192	832	215	199	820
192	192	832	253	200	819
256	192	832	298	200	818
320	192	832	348	200	818
384	192	832	402	202	818
448	192	832	458	202	818
512	192	832	514	203	818
576	192	832	571	204	818
640	192	832	630	205	818
704	192	832	687	206	818
768	192	832	745	207	817
832	192	832	806	209	818
896	192	832	866	210	818
960	192	832	923	212	818
1023	192	832	982	212	818
0	256	832	190	264	820
64	256	832	197	264	820
128	256	832	220	264	820
192	256	832	255	264	820
256	256	832	300	265	818
320	256	832	350	265	818
384	256	832	404	266	818
448	256	832	460	266	818
512	256	832	515	267	818
576	256	832	573	267	818
640	256	832	630	269	818
704	256	832	688	269	818
768	256	832	746	271	818
832	256	832	807	271	818
896	256	832	867	272	818
960	256	832	924	274	818
1023	256	832	982	275	818
0	320	832	197	329	821
64	320	832	203	329	821
128	320	832	225	329	821
192	320	832	260	329	821
256	320	832	304	329	820
320	320	832	354	329	820
384	320	832	407	330	820
448	320	832	461	331	820
512	320	832	517	331	819
576	320	832	574	331	818
640	320	832	632	331	818
704	320	832	689	332	819
768	320	832	748	334	819
832	320	832	808	335	819
896	320	832	868	335	819
960	320	832	924	336	818
1023	320	832	983	337	818
0	384	832	205	393	823
64	384	832	211	393	823
128	384	832	232	393	823
192	384	832	265	393	823
256	384	832	308	393	820
320	384	832	357	393	820
384	384	832	410	394	820
448	384	832	464	394	820
512	384	832	519	394	820
576	384	832	576	395	819
640	384	832	634	396	819
704	384	832	691	397	818
768	384	832	750	398	819
832	384	832	810	399	819
896	384	832	869	399	819
960	384	832	925	399	819
1023	384	832	984	400	818
0	448	832	215	454	823
64	448	832	221	454	823
128	448	832	241	454	823
192	448	832	274	454	823
256	448	832	315	454	820
320	448	832	363	454	820
384	448	832	415	455	820
448	448	832	467	456	820
512	448	832	523	456	819
576	448	832	580	456	819
640	448	832	636	457	819
704	448	832	693	457	819
768	448	832	752	458	820
832	448	832	811	459	820
896	448	832	871	459	819
960	448	832	927	460	819
1023	448	832	986	461	819
0	512	832	226	515	823
64	512	832	232	515	823
128	512	832	251	515	822
192	512	832	282	515	822
256	512	832	322	515	820
320	512	832	369	516	820
384	512	832	419	516	820
448	512	832	472	516	820
512	512	832	527	517	820
576	512	832	584	517	820
640	512	832	640	518	819
704	512	832	696	518	820
768	512	832	755	519	820
832	512	832	813	519	819
896	512	832	873	520	819
960	512	832	929	520	819
1023	512	832	988	521	819
0	576	832	238	578	823
64	576	832	243	578	823
128	576	832	261	578	823
192	576	832	291	578	820
256	576	832	331	579	820
320	576	832	376	579	820
384	576	832	425	579	820
448	576	832	477	579	820
512	576	832	531	580	820
576	576	832	588	581	820
640	576	832	643	581	820
704	576	832	699	581	820
768	576	832	758	582	820
832	576	832	816	582	820
896	576	832	875	583	820
960	576	832	932	583	820
1023	576	832	990	584	820
0	640	832	252	641	825
64	640	832	256	641	825
128	640	832	273	641	824
192	640	832	302	641	821
256	640	832	340	642	821
320	640	832	385	642	821
384	640	832	433	642	821
448	640	832	483	642	821
512	640	832	536	642	821
576	640	832	592	643	821
640	640	832	647	643	821
704	640	832	703	644	820
768	640	832	762	645	821
832	640	832	820	645	821
896	640	832	879	646	821
960	640	832	935	645	821
1023	640	832	992	646	821
0	704	832	265	703	822
64	704	832	270	703	822
128	704	832	286	703	822
192	704	832	313	703	821
256	704	832	350	703	821
320	704	832	393	703	821
384	704	832	440	704	821
448	704	832	490	704	821
512	704	832	542	704	821
576	704	832	597	705	821
640	704	832	651	705	821
704	704	832	707	706	821
768	704	832	766	707	822
832	704	832	824	707	822
896	704	832	882	707	821
960	704	832	938	708	821
1023	704	832	996	708	821
0	768	832	279	766	824
64	768	832	283	766	824
128	768	832	299	766	822
192	768	832	325	766	822
256	768	832	360	766	822
320	768	832	402	766	822
384	768	832	448	767	822
448	768	832	497	767	822
512	768	832	549	768	822
576	768	832	604	768	822
640	768	832	657	769	822
704	768	832	712	769	822
768	768	832	770	770	822
832	768	832	827	770	822
896	768	832	885	770	822
960	768	832	941	771	822
1023	768	832	999	771	822
0	832	832	295	830	824
64	832	832	299	830	824
128	832	832	314	830	824
192	832	832	339	831	824
256	832	832	373	831	824
320	832	832	413	831	824
384	832	832	457	831	824
448	832	832	505	832	823
512	832	832	556	832	823
576	832	832	610	832	823
640	832	832	662	832	823
704	832	832	717	833	822
768	832	832	774	833	822
832	832	832	831	833	823
896	832	832	890	834	823
960	832	832	945	834	822
1023	832	832	1001	834	822
0	896	832	311	893	825
64	896	832	315	893	825
128	896	832	329	893	825
192	896	832	352	893	825
256	896	832	384	893	825
320	896	832	423	893	825
384	896	832	466	893	825
448	896	832	513	894	824
512	896	832	564	894	823
576	896	832	616	894	823
640	896	832	669	895	823
704	896	832	723	895	824
768	896	832	780	896	824
832	896	832	837	896	824
896	896	832	894	896	824
960	896	832	949	896	824
1023	896	832	1006	898	823
0	960	832	327	953	825
64	960	832	331	953	825
128	960	832	343	953	825
192	960	832	366	953	825
256	960	832	397	953	825
320	960	832	434	953	824
384	960	832	476	954	824
448	960	832	522	954	825
512	960	832	572	955	825
576	960	832	624	955	825
640	960	832	675	956	825
704	960	832	729	956	825
768	960	832	787	957	825
832	960	832	843	957	825
896	960	832	898	956	825
960	960	832	955	958	825
1023	960	832	1012	959	825
0	1023	832	344	1016	827
64	1023	832	348	1016	827
128	1023	832	360	1017	827
192	1023	832	381	1017	827
256	1023	832	411	1017	827
320	1023	832	447	1017	827
384	1023	832	487	1018	826
448	1023	832	532	1017	826
512	1023	832	580	1017	826
576	1023	832	631	1017	827
640	1023	832	682	1018	826
704	1023	832	735	1018	826
768	1023	832	792	1018	826
832	1023	832	848	1020	826
896	1023	832	904	1020	826
960	1023	832	959	1019	826
1023	1023	832	1015	1021	825
0	0	896	193	48	882
64	0	896	199	48	882
128	0	896	222	48	882
192	0	896	258	48	881
256	0	896	302	48	880
320	0	896	352	53	880
384	0	896	406	53	880
448	0	896	460	57	880
512	0	896	516	60	880
576	0	896	574	66	880
640	0	896	632	69	880
704	0	896	689	72	880
768	0	896	747	75	880
832	0	896	808	80	880
896	0	896	868	85	879
960	0	896	925	87	879
1023	0	896	984	93	879
0	64	896	193	77	882
64	64	896	200	77	882
128	64	896	222	77	882
192	64	896	258	77	881
256	64	896	303	80	880
320	64	896	353	80	880
384	64	896	406	85	880
448	64	896	460	85	880
512	64	896	516	87	880
576	64	896	574	89	880
640	64	896	632	93	880
704	64	896	689	95	880
768	64	896	747	97	880
832	64	896	808	99	880
896	64	896	868	103	879
960	64	896	925	108	879
1023	64	896	984	109	879
0	128	896	195	137	882
64	128	896	202	137	882
128	128	896	224	137	882
192	128	896	259	137	881
256	128	896	303	138	880
320	128	896	353	138	880
384	128	896	406	139	880
448	128	896	461	141	880
512	128	896	517	142	880
576	128	896	575	144	880
640	128	896	632	145	880
704	128	896	690	147	880
768	128	896	748	148	880
832	128	896	809	150	880
896	128	896	868	152	879
960	128	896	925	155	879
1023	128	896	984	157	879
0	192	896	198	200	883
64	192	896	204	200	883
128	192	896	226	200	882
192	192	896	261	200	882
256	192	896	305	201	881
320	192	896	354	202	881
384	192	896	408	202	880
448	192	896	462	203	880
512	192	896	517	204	880
576	192	896	575	204	880
640	192	896	633	206	880
704	192	896	690	206	880
768	192	896	749	209	880
832	192	896	809	209	880
896	192	896	868	211	879
960	192	896	925	212	879
1023	192	896	984	214	879
0	256	896	202	264	883
64	256	896	209	264	883
128	256	896	230	265	883
192	256	896	264	265	883
256	256	896	307	265	881
320	256	896	357	265	881
384	256	896	409	266	880
448	256	896	463	267	880
512	256	896	519	267	880
576	256	896	576	268	880
640	256	896	634	269	880
704	256	896	691	270	880
768	256	896	750	271	880
832	256	896	810	272	880
896	256	896	869	272	879
960	256	896	925	274	880
1023	256	896	984	276	879
0	320	896	209	329	883
64	320	896	215	329	883
128	320	896	236	329	883
192	320	896	268	329	883
256	320	896	311	330	881
320	320	896	359	330	881
384	320	896	411	331	881
448	320	896	465	331	881
512	320	896	521	331	881
576	320	896	578	332	881
640	320	896	635	333	880
704	320	896	692	333	880
768	320	896	751	334	881
832	320	896	811	335	880
896	320	896	870	335	880
960	320	896	926	337	880
1023	320	896	985	337	880
0	384	896	215	394	885
64	384	896	222	394	885
128	384	896	242	394	885
192	384	896	274	394	885
256	384	896	316	394	882
320	384	896	363	394	882
384	384	896	415	394	881
448	384	896	468	395	881
512	384	896	523	395	881
576	384	896	580	396	881
640	384	896	637	397	881
704	384	896	694	397	881
768	384	896	752	398	881
832	384	896	812	399	881
896	384	896	871	399	880
960	384	896	928	400	880
1023	384	896	986	400	880
0	448	896	225	455	885
64	448	896	231	455	885
128	448	896	250	455	884
192	448	896	281	455	884
256	448	896	322	455	882
320	448	896	368	455	882
384	448	896	419	455	881
448	448	896	472	456	881
512	448	896	526	456	881
576	448	896	583	457	881
640	448	896	639	457	880
704	448	896	696	458	880
768	448	896	754	458	881
832	448	896	814	459	881
896	448	896	873	460	881
960	448	896	929	460	880
1023	448	896	987	460	880
0	512	896	236	516	884
64	512	896	241	516	884
128	512	896	259	516	884
192	512	896	289	516	882
256	512	896	328	516	882
320	512	896	374	516	882
384	512	896	424	516	881
448	512	896	476	517	881
512	512	896	531	517	881
576	512	896	587	517	881
640	512	896	642	518	880
704	512	896	699	518	880
768	512	896	757	519	881
832	512	896	816	520	881
896	512	896	876	520	881
960	512	896	931	521	881
1023	512	896	989	521	880
0	576	896	247	578	884
64	576	896	252	578	884
128	576	896	269	578	884
192	576	896	298	579	882
256	576	896	336	579	882
320	576	896	382	579	882
384	576	896	430	579	882
448	576	896	481	580	882
512	576	896	535	580	881
576	576	896	591	580	881
640	576	896	646	581	881
704	576	896	702	581	881
768	576	896	760	582	882
832	576	896	819	583	882
896	576	896	878	583	881
960	576	896	934	584	881
1023	576	896	991	584	881
0	640	896	259	641	885
64	640	896	264	641	885
128	640	896	280	641	885
192	640	896	308	641	882
256	640	896	345	641	882
320	640	896	389	642	882
384	640	896	437	642	882
448	640	896	487	642	882
512	640	896	540	643	882
576	640	896	596	644	882
640	640	896	650	644	882
704	640	896	706	644	882
768	640	896	764	645	882
832	640	896	822	645	882
896	640	896	881	646	882
960	640	896	937	646	882
1023	640	896	994	646	882
0	704	896	272	704	884
64	704	896	277	704	884
128	704	896	293	704	884
192	704	896	320	704	884
256	704	896	356	705	883
320	704	896	399	705	883
384	704	896	445	705	883
448	704	896	494	705	883
512	704	896	546	705	882
576	704	896	601	705	882
640	704	896	654	705	882
704	704	896	710	707	882
768	704	896	768	707	883
832	704	896	825	707	882
896	704	896	884	708	883
960	704	896	940	708	882
1023	704	896	997	708	882
0	768	896	287	767	886
64	768	896	291	767	884
128	768	896	306	767	884
192	768	896	331	767	884
256	768	896	366	767	884
320	768	896	407	767	883
384	768	896	452	767	883
448	768	896	501	768	883
512	768	896	552	768	883
576	768	896	606	768	883
640	768	896	660	769	883
704	768	896	715	769	883
768	768	896	773	770	883
832	768	896	829	770	883
896	768	896	888	771	883
960	768	896	944	771	883
1023	768	896	1000	771	883
0	832	896	302	831	885
64	832	896	307	831	885
128	832	896	321	831	885
192	832	896	345	831	885
256	832	896	378	831	885
320	832	896	417	831	884
384	832	896	461	831	884
448	832	896	509	832	884
512	832	896	560	832	884
576	832	896	613	833	885
640	832	896	666	833	884
704	832	896	721	834	885
768	832	896	779	835	885
832	832	896	835	835	884
896	832	896	892	835	884
960	832	896	948	835	884
1023	832	896	1005	836	884
0	896	896	318	894	886
64	896	896	322	894	886
128	896	896	335	894	886
192	896	896	358	894	886
256	896	896	390	894	886
320	896	896	428	895	886
384	896	896	471	895	886
448	896	896	518	895	885
512	896	896	568	896	885
576	896	896	620	896	885
640	896	896	672	896	885
704	896	896	726	896	885
768	896	896	784	897	886
832	896	896	839	897	885
896	896	896	897	897	885
960	896	896	953	898	885
1023	896	896	1009	898	885
0	960	896	333	955	887
64	960	896	337	955	887
128	960	896	350	955	887
192	960	896	372	954	887
256	960	896	402	954	887
320	960	896	439	955	887
384	960	896	481	955	887
448	960	896	527	956	887
512	960	896	576	956	886
576	960	896	627	956	886
640	960	896	678	956	886
704	960	896	732	956	886
768	960	896	789	957	886
832	960	896	845	958	886
896	960	896	902	959	886
960	960	896	957	958	886
1023	960	896	1013	959	886
0	1023	896	350	1017	888
64	1023	896	353	1017	888
128	1023	896	365	1017	888
192	1023	896	386	1017	888
256	1023	896	416	1017	887
320	1023	896	451	1017	887
384	1023	896	491	1018	887
448	1023	896	536	1018	887
512	1023	896	585	1019	887
576	1023	896	634	1019	887
640	1023	896	686	1019	887
704	1023	896	739	1020	887
768	1023	896	796	1021	887
832	1023	896	850	1020	887
896	1023	896	906	1021	887
960	1023	896	962	1021	887
1023	1023	896	1017	1021	887
0	0	960	206	48	945
64	0	960	212	48	945
128	0	960	233	48	945
192	0	960	266	53	944
256	0	960	309	53	944
320	0	960	358	53	943
384	0	960	411	60	943
448	0	960	465	60	943
512	0	960	521	63	943
576	0	960	578	66	942
640	0	960	635	69	942
704	0	960	692	72	942
768	0	960	751	77	942
832	0	960	811	82	942
896	0	960	870	85	942
960	0	960	928	91	942
1023	0	960	986	95	941
0	64	960	206	77	945
64	64	960	212	77	945
128	64	960	233	80	945
192	64	960	267	82	944
256	64	960	309	82	944
320	64	960	359	82	943
384	64	960	411	85	943
448	64	960	465	87	943
512	64	960	521	87	943
576	64	960	578	91	942
640	64	960	636	93	942
704	64	960	692	95	942
768	64	960	751	99	942
832	64	960	811	103	942
896	64	960	871	104	942
960	64	960	928	108	942
1023	64	960	986	113	941
0	128	960	208	137	945
64	128	960	214	137	945
128	128	960	235	138	945
192	128	960	268	139	945
256	128	960	311	139	944
320	128	960	359	139	943
384	128	960	412	141	943
448	128	960	466	142	943
512	128	960	521	143	943
576	128	960	579	144	942
640	128	960	636	145	942
704	128	960	693	147	942
768	128	960	751	149	942
832	128	960	811	151	942
896	128	960	871	152	942
960	128	960	928	156	942
1023	128	960	986	158	941
0	192	960	211	201	946
64	192	960	216	201	946
128	192	960	237	201	945
192	192	960	270	201	945
256	192	960	312	202	944
320	192	960	361	202	943
384	192	960	413	203	943
448	192	960	467	203	943
512	192	960	522	205	943
576	192	960	580	206	942
640	192	960	636	206	942
704	192	960	693	208	942
768	192	960	752	209	942
832	192	960	812	211	942
896	192	960	871	212	942
960	192	960	928	213	942
1023	192	960	986	214	941
0	256	960	215	265	946
64	256	960	221	265	946
128	256	960	241	266	946
192	256	960	273	266	945
256	256	960	315	266	944
320	256	960	363	267	943
384	256	960	415	267	943
448	256	960	468	267	943
512	256	960	524	269	943
576	256	960	580	269	943
640	256	960	637	270	942
704	256	960	694	271	942
768	256	960	753	272	943
832	256	960	813	272	942
896	256	960	872	274	942
960	256	960	929	275	942
1023	256	960	986	276	942
0	320	960	221	330	946
64	320	960	226	330	946
128	320	960	245	330	946
192	320	960	277	330	945
256	320	960	318	331	944
320	320	960	366	331	944
384	320	960	417	331	943
448	320	960	470	331	943
512	320	960	525	331	943
576	320	960	582	332	942
640	320	960	638	333	942
704	320	960	695	334	942
768	320	960	754	335	943
832	320	960	814	336	943
896	320	960	873	336	942
960	320	960	929	337	942
1023	320	960	987	338	942
0	384	960	227	394	948
64	384	960	233	394	947
128	384	960	251	394	947
192	384	960	282	394	946
256	384	960	322	394	944
320	384	960	370	395	944
384	384	960	420	395	943
448	384	960	473	395	943
512	384	960	528	396	943
576	384	960	584	396	943
640	384	960	640	397	942
704	384	960	697	397	942
768	384	960	756	399	943
832	384	960	815	399	943
896	384	960	874	400	942
960	384	960	930	400	942
1023	384	960	989	402	942
0	448	960	235	455	947
64	448	960	241	455	946
128	448	960	259	455	946
192	448	960	288	455	944
256	448	960	328	455	944
320	448	960	375	456	943
384	448	960	424	456	943
448	448	960	476	457	943
512	448	960	531	457	943
576	448	960	587	457	943
640	448	960	643	458	943
704	448	960	700	459	943
768	448	960	758	460	943
832	448	960	817	460	943
896	448	960	875	460	942
960	448	960	932	461	943
1023	448	960	991	462	943
0	512	960	245	516	946
64	512	960	250	516	946
128	512	960	268	516	946
192	512	960	296	516	944
256	512	960	335	517	944
320	512	960	381	517	944
384	512	960	430	517	944
448	512	960	481	518	943
512	512	960	535	518	943
576	512	960	591	519	943
640	512	960	646	519	944
704	512	960	703	520	944
768	512	960	761	521	944
832	512	960	820	521	944
896	512	960	878	521	943
960	512	960	935	522	944
1023	512	960	992	522	943
0	576	960	256	580	947
64	576	960	261	580	947
128	576	960	277	580	946
192	576	960	306	580	945
256	576	960	343	580	945
320	576	960	388	580	945
384	576	960	436	581	944
448	576	960	486	581	944
512	576	960	539	581	944
576	576	960	595	582	944
640	576	960	650	582	944
704	576	960	706	583	944
768	576	960	764	584	945
832	576	960	822	584	944
896	576	960	881	584	944
960	576	960	938	585	944
1023	576	960	995	585	944
0	640	960	269	643	948
64	640	960	274	643	948
128	640	960	289	643	946
192	640	960	317	643	945
256	640	960	353	643	945
320	640	960	395	643	945
384	640	960	443	643	945
448	640	960	492	644	945
512	640	960	544	644	945
576	640	960	600	644	944
640	640	960	653	645	944
704	640	960	709	645	944
768	640	960	767	646	945
832	640	960	825	646	945
896	640	960	884	646	945
960	640	960	940	647	944
1023	640	960	997	647	944
0	704	960	281	705	946
64	704	960	286	705	946
128	704	960	301	705	945
192	704	960	327	705	945
256	704	960	362	705	945
320	704	960	404	705	945
384	704	960	449	705	945
448	704	960	498	705	945
512	704	960	550	705	945
576	704	960	605	707	945
640	704	960	658	707	945
704	704	960	713	707	945
768	704	960	772	708	946
832	704	960	829	708	945
896	704	960	887	709	945
960	704	960	943	709	945
1023	704	960	1000	710	945
0	768	960	295	768	946
64	768	960	299	768	946
128	768	960	314	768	946
192	768	960	339	768	946
256	768	960	372	768	946
320	768	960	413	768	946
384	768	960	457	768	946
448	768	960	505	769	946
512	768	960	556	769	946
576	768	960	610	769	946
640	768	960	663	770	946
704	768	960	718	771	946
768	768	960	776	771	946
832	768	960	833	771	946
896	768	960	890	771	945
960	768	960	947	772	946
1023	768	960	1003	773	945
0	832	960	309	832	947
64	832	960	313	832	947
128	832	960	327	832	947
192	832	960	351	832	947
256	832	960	384	832	947
320	832	960	422	832	947
384	832	960	466	833	947
448	832	960	513	833	946
512	832	960	564	833	947
576	832	960	617	834	946
640	832	960	669	834	946
704	832	960	723	835	946
768	832	960	781	835	947
832	832	960	837	835	947
896	832	960	895	836	947
960	832	960	951	836	946
1023	832	960	1007	836	946
0	896	960	325	895	948
64	896	960	329	895	948
128	896	960	342	895	948
192	896	960	364	895	948
256	896	960	396	895	948
320	896	960	433	895	948
384	896	960	475	895	948
448	896	960	521	895	947
512	896	960	571	896	947
576	896	960	623	896	947
640	896	960	675	897	947
704	896	960	729	897	947
768	896	960	786	897	947
832	896	960	842	898	948
896	896	960	899	899	947
960	896	960	954	898	947
1023	896	960	1011	899	947
0	960	960	340	955	949
64	960	960	343	955	949
128	960	960	356	955	949
192	960	960	378	955	949
256	960	960	408	956	949
320	960	960	444	956	949
384	960	960	485	956	948
448	960	960	530	956	948
512	960	960	580	957	948
576	960	960	630	957	948
640	960	960	682	958	948
704	960	960	735	958	948
768	960	960	793	959	949
832	960	960	847	958	948
896	960	960	904	959	948
960	960	960	960	960	948
1023	960	960	1015	960	948
0	1023	960	356	1018	950
64	1023	960	359	1018	950
128	1023	960	372	1018	950
192	1023	960	392	1018	950
256	1023	960	421	1018	950
320	1023	960	455	1018	950
384	1023	960	495	1018	949
448	1023	960	540	1019	949
512	1023	960	588	1019	949
576	1023	960	637	1019	949
640	1023	960	688	1020	949
704	1023	960	741	1020	949
768	1023	960	798	1021	949
832	1023	960	853	1022	949
896	1023	960	908	1021	949
960	1023	960	963	1021	948
1023	1023	960	1019	1022	948
0	0	1023	218	53	1006
64	0	1023	224	53	1006
128	0	1023	243	53	1006
192	0	1023	275	53	1005
256	0	1023	317	57	1004
320	0	1023	364	60	1004
384	0	1023	415	60	1004
448	0	1023	469	63	1004
512	0	1023	524	66	1003
576	0	1023	582	69	1003
640	0	1023	638	75	1003
704	0	1023	694	77	1003
768	0	1023	753	80	1003
832	0	1023	813	82	1003
896	0	1023	872	89	1002
960	0	1023	929	91	1002
1023	0	1023	987	97	1002
0	64	1023	218	82	1006
64	64	1023	224	82	1006
128	64	1023	243	82	1006
192	64	1023	276	82	1005
256	64	1023	317	85	1004
320	64	1023	365	85	1004
384	64	1023	416	85	1004
448	64	1023	469	89	1004
512	64	1023	524	91	1003
576	64	1023	581	93	1003
640	64	1023	638	95	1003
704	64	1023	694	99	1003
768	64	1023	753	101	1003
832	64	1023	813	103	1003
896	64	1023	872	106	1003
960	64	1023	929	111	1002
1023	64	1023	987	113	1002
0	128	1023	220	139	1007
64	128	1023	225	139	1006
128	128	1023	245	139	1006
192	128	1023	276	139	1005
256	128	1023	318	141	1005
320	128	1023	365	141	1004
384	128	1023	416	142	1004
448	128	1023	469	143	1004
512	128	1023	525	144	1003
576	128	1023	582	145	1003
640	128	1023	638	147	1003
704	128	1023	695	149	1003
768	128	1023	753	150	1003
832	128	1023	813	151	1003
896	128	1023	872	155	1003
960	128	1023	929	156	1002
1023	128	1023	987	159	1002
0	192	1023	222	202	1007
64	192	1023	228	202	1007
128	192	1023	247	202	1006
192	192	1023	278	202	1006
256	192	1023	319	202	1005
320	192	1023	366	203	1004
384	192	1023	417	203	1004
448	192	1023	470	205	1004
512	192	1023	525	205	1004
576	192	1023	583	206	1004
640	192	1023	639	206	1003
704	192	1023	695	208	1003
768	192	1023	754	209	1003
832	192	1023	814	211	1003
896	192	1023	873	212	1003
960	192	1023	929	213	1002
1023	192	1023	988	215	1002
0	256	1023	225	265	1007
64	256	1023	231	265	1007
128	256	1023	250	265	1007
192	256	1023	280	266	1006
256	256	1023	321	266	1005
320	256	1023	368	266	1005
384	256	1023	419	267	1004
448	256	1023	472	268	1004
512	256	1023	527	269	1004
576	256	1023	584	269	1004
640	256	1023	640	270	1004
704	256	1023	696	271	1003
768	256	1023	755	271	1003
832	256	1023	814	273	1003
896	256	1023	873	274	1003
960	256	1023	930	275	1003
1023	256	1023	988	276	1003
0	320	1023	231	330	1007
64	320	1023	236	330	1007
128	320	1023	254	330	1006
192	320	1023	284	330	1006
256	320	1023	325	331	1005
320	320	1023	372	331	1004
384	320	1023	422	331	1004
448	320	1023	474	331	1004
512	320	1023	529	332	1003
576	320	1023	586	333	1003
640	320	1023	641	333	1003
704	320	1023	698	334	1003
768	320	1023	756	334	1003
832	320	1023	815	335	1003
896	320	1023	875	337	1003
960	320	1023	931	337	1003
1023	320	1023	989	338	1003
0	384	1023	237	394	1009
64	384	1023	243	394	1009
128	384	1023	260	394	1008
192	384	1023	290	394	1005
256	384	1023	329	394	1005
320	384	1023	375	394	1005
384	384	1023	425	395	1004
448	384	1023	477	395	1004
512	384	1023	531	396	1004
576	384	1023	588	397	1003
640	384	1023	643	397	1004
704	384	1023	699	397	1003
768	384	1023	757	398	1003
832	384	1023	817	399	1003
896	384	1023	876	400	1003
960	384	1023	932	400	1003
1023	384	1023	990	401	1003
0	448	1023	245	455	1008
64	448	1023	251	455	1008
128	448	1023	267	455	1007
192	448	1023	296	455	1005
256	448	1023	334	456	1005
320	448	1023	381	456	1005
384	448	1023	429	456	1004
448	448	1023	481	457	1004
512	448	1023	534	457	1003
576	448	1023	590	457	1003
640	448	1023	646	458	1004
704	448	1023	702	458	1003
768	448	1023	760	459	1004
832	448	1023	819	460	1003
896	448	1023	878	460	1003
960	448	1023	934	461	1003
1023	448	1023	992	461	1003
0	512	1023	255	516	1007
64	512	1023	260	516	1007
128	512	1023	276	517	1007
192	512	1023	304	517	1005
256	512	1023	342	517	1005
320	512	1023	386	517	1005
384	512	1023	435	518	1005
448	512	1023	485	518	1004
512	512	1023	538	518	1004
576	512	1023	594	518	1004
640	512	1023	649	519	1004
704	512	1023	705	519	1004
768	512	1023	763	520	1005
832	512	1023	821	520	1004
896	512	1023	880	521	1004
960	512	1023	936	521	1004
1023	512	1023	994	522	1004
0	576	1023	265	580	1008
64	576	1023	270	580	1007
128	576	1023	285	580	1007
192	576	1023	313	580	1005
256	576	1023	350	580	1005
320	576	1023	393	580	1005
384	576	1023	440	580	1005
448	576	1023	490	581	1005
512	576	1023	543	581	1005
576	576	1023	598	581	1004
640	576	1023	652	582	1005
704	576	1023	708	582	1005
768	576	1023	766	583	1005
832	576	1023	824	584	1005
896	576	1023	883	584	1005
960	576	1023	939	584	1004
1023	576	1023	996	585	1004
0	640	1023	276	642	1008
64	640	1023	281	642	1008
128	640	1023	296	642	1006
192	640	1023	323	642	1006
256	640	1023	358	643	1006
320	640	1023	400	643	1005
384	640	1023	447	643	1005
448	640	1023	496	644	1005
512	640	1023	547	644	1005
576	640	1023	603	644	1005
640	640	1023	656	645	1005
704	640	1023	712	645	1005
768	640	1023	770	645	1005
832	640	1023	827	646	1006
896	640	1023	885	646	1005
960	640	1023	941	646	1005
1023	640	1023	999	647	1005
0	704	1023	289	704	1006
64	704	1023	293	704	1006
128	704	1023	308	704	1006
192	704	1023	334	704	1006
256	704	1023	368	705	1006
320	704	1023	409	705	1006
384	704	1023	454	705	1006
448	704	1023	502	705	1006
512	704	1023	553	706	1005
576	704	1023	608	706	1005
640	704	1023	660	707	1005
704	704	1023	716	707	1006
768	704	1023	774	708	1006
832	704	1023	831	708	1006
896	704	1023	889	708	1005
960	704	1023	945	709	1006
1023	704	1023	1001	709	1006
0	768	1023	302	767	1007
64	768	1023	307	767	1007
128	768	1023	321	767	1007
192	768	1023	345	768	1007
256	768	1023	378	768	1007
320	768	1023	417	768	1007
384	768	1023	462	768	1006
448	768	1023	509	768	1006
512	768	1023	560	769	1006
576	768	1023	613	769	1006
640	768	1023	666	770	1006
704	768	1023	721	771	1006
768	768	1023	778	771	1007
832	768	1023	835	771	1006
896	768	1023	893	771	1006
960	768	1023	948	772	1006
1023	768	1023	1005	772	1006
0	832	1023	317	832	1008
64	832	1023	321	832	1008
128	832	1023	334	832	1008
192	832	1023	357	832	1008
256	832	1023	389	832	1008
320	832	1023	427	832	1008
384	832	1023	470	832	1007
448	832	1023	517	833	1007
512	832	1023	567	833	1007
576	832	1023	619	833	1007
640	832	1023	671	833	1007
704	832	1023	726	834	1007
768	832	1023	783	834	1007
832	832	1023	839	835	1007
896	832	1023	896	835	1007
960	832	1023	952	836	1007
1023	832	1023	1008	836	1007
0	896	1023	331	895	1009
64	896	1023	335	895	1009
128	896	1023	348	895	1009
192	896	1023	370	894	1009
256	896	1023	401	894	1008
320	896	1023	438	895	1008
384	896	1023	479	895	1008
448	896	1023	525	895	1008
512	896	1023	575	896	1008
576	896	1023	626	896	1008
640	896	1023	678	897	1008
704	896	1023	732	897	1008
768	896	1023	789	898	1008
832	896	1023	844	898	1008
896	896	1023	900	897	1008
960	896	1023	956	898	1008
1023	896	1023	1012	899	1008
0	960	1023	347	955	1010
64	960	1023	350	955	1010
128	960	1023	363	955	1010
192	960	1023	384	955	1010
256	960	1023	413	956	1009
320	960	1023	448	956	1009
384	960	1023	489	956	1009
448	960	1023	534	956	1009
512	960	1023	583	956	1009
576	960	1023	633	956	1009
640	960	1023	684	957	1009
704	960	1023	737	957	1009
768	960	1023	794	958	1009
832	960	1023	850	959	1009
896	960	1023	905	958	1008
960	960	1023	961	959	1009
1023	960	1023	1017	960	1009
0	1023	1023	363	1018	1011
64	1023	1023	366	1018	1011
128	1023	1023	378	1018	1011
192	1023	1023	398	1018	1011
256	1023	1023	426	1019	1010
320	1023	1023	460	1019	1010
384	1023	1023	500	1019	1010
448	1023	1023	543	1019	1010
512	1023	1023	591	1019	1010
576	1023	1023	640	1019	1010
640	1023	1023	691	1020	1010
704	1023	1023	744	1021	1009
768	1023	1023	800	1021	1009
832	1023	1023	855	1021	1009
896	1023	1023	909	1021	1009
960	1023	1023	966	1022	1009
1023	1023	1023	1021	1023	1010
