0	0	0	0	0	0
64	0	0	60	0	0
128	0	0	125	0	0
192	0	0	186	0	0
256	0	0	248	23	0
320	0	0	310	23	0
384	0	0	370	32	0
448	0	0	430	38	0
512	0	0	489	44	0
576	0	0	549	44	0
640	0	0	610	53	0
704	0	0	669	53	0
768	0	0	729	57	0
832	0	0	793	63	0
896	0	0	852	69	0
960	0	0	912	75	0
1023	0	0	971	77	0
0	64	0	23	63	0
64	64	0	63	63	0
128	64	0	125	63	0
192	64	0	188	66	0
256	64	0	249	66	0
320	64	0	310	69	0
384	64	0	370	72	0
448	64	0	431	72	0
512	64	0	490	72	0
576	64	0	550	77	0
640	64	0	611	80	0
704	64	0	670	82	0
768	64	0	729	85	0
832	64	0	793	89	0
896	64	0	852	91	0
960	64	0	912	95	0
1023	64	0	971	97	0
0	128	0	38	130	0
64	128	0	72	130	0
128	128	0	129	130	0
192	128	0	189	130	0
256	128	0	250	132	0
320	128	0	311	132	0
384	128	0	371	133	0
448	128	0	431	133	0
512	128	0	490	134	0
576	128	0	550	136	0
640	128	0	611	137	0
704	128	0	670	138	0
768	128	0	730	139	0
832	128	0	793	143	0
896	128	0	853	144	0
960	128	0	912	145	0
1023	128	0	972	148	0
0	192	0	57	194	23
64	192	0	82	194	23
128	192	0	134	194	23
192	192	0	192	194	23
256	192	0	253	194	23
320	192	0	313	196	23
384	192	0	373	196	23
448	192	0	432	197	23
512	192	0	492	198	23
576	192	0	552	199	23
640	192	0	613	200	0
704	192	0	671	201	0
768	192	0	731	202	0
832	192	0	794	202	0
896	192	0	854	204	0
960	192	0	913	205	0
1023	192	0	973	206	0
0	256	0	77	259	32
64	256	0	97	259	32
128	256	0	142	259	32
192	256	0	198	259	32
256	256	0	256	259	32
320	256	0	316	261	32
384	256	0	375	261	32
448	256	0	434	262	32
512	256	0	494	262	23
576	256	0	554	263	23
640	256	0	614	263	23
704	256	0	673	264	23
768	256	0	733	265	23
832	256	0	796	266	23
896	256	0	855	266	23
960	256	0	915	267	23
1023	256	0	974	269	0
0	320	0	97	323	38
64	320	0	111	324	38
128	320	0	152	324	38
192	320	0	204	324	38
256	320	0	261	324	38
320	320	0	319	325	44
384	320	0	378	326	38
448	320	0	438	326	38
512	320	0	496	327	38
576	320	0	556	327	32
640	320	0	616	327	38
704	320	0	675	327	32
768	320	0	735	328	32
832	320	0	797	329	32
896	320	0	857	329	32
960	320	0	917	330	32
1023	320	0	975	331	32
0	384	0	116	388	44
64	384	0	128	388	44
128	384	0	163	388	44
192	384	0	212	388	44
256	384	0	267	388	48
320	384	0	324	389	48
384	384	0	383	390	48
448	384	0	441	390	44
512	384	0	500	390	44
576	384	0	559	390	48
640	384	0	618	390	48
704	384	0	677	390	44
768	384	0	736	391	44
832	384	0	799	393	38
896	384	0	858	392	38
960	384	0	918	393	38
1023	384	0	976	394	38
0	448	0	136	449	57
64	448	0	145	449	57
128	448	0	178	450	57
192	448	0	223	450	57
256	448	0	275	451	57
320	448	0	331	451	57
384	448	0	388	451	57
448	448	0	445	451	57
512	448	0	503	451	57
576	448	0	562	451	57
640	448	0	621	451	53
704	448	0	679	452	53
768	448	0	739	452	53
832	448	0	801	453	48
896	448	0	861	453	48
960	448	0	919	454	53
1023	448	0	978	454	53
0	512	0	155	511	63
64	512	0	164	511	63
128	512	0	192	511	63
192	512	0	234	511	63
256	512	0	284	511	63
320	512	0	337	511	63
384	512	0	393	511	63
448	512	0	449	511	63
512	512	0	507	511	63
576	512	0	565	512	63
640	512	0	624	512	63
704	512	0	682	512	60
768	512	0	741	513	60
832	512	0	803	513	60
896	512	0	863	514	60
960	512	0	920	514	60
1023	512	0	979	515	60
0	576	0	174	574	69
64	576	0	182	574	69
128	576	0	207	574	69
192	576	0	247	574	69
256	576	0	293	574	69
320	576	0	345	574	69
384	576	0	400	574	69
448	576	0	455	575	69
512	576	0	511	575	69
576	576	0	570	575	69
640	576	0	628	575	69
704	576	0	685	576	69
768	576	0	745	577	69
832	576	0	806	577	66
896	576	0	865	577	66
960	576	0	923	577	66
1023	576	0	981	577	66
0	640	0	193	635	77
64	640	0	200	635	77
128	640	0	223	635	77
192	640	0	260	635	77
256	640	0	304	636	77
320	640	0	354	636	77
384	640	0	407	636	77
448	640	0	461	636	77
512	640	0	517	636	77
576	640	0	575	637	77
640	640	0	632	637	77
704	640	0	690	638	75
768	640	0	748	638	75
832	640	0	809	638	75
896	640	0	868	638	75
960	640	0	926	639	75
1023	640	0	984	639	75
0	704	0	213	697	87
64	704	0	219	697	87
128	704	0	240	697	87
192	704	0	274	697	87
256	704	0	317	697	87
320	704	0	364	698	87
384	704	0	416	698	85
448	704	0	469	698	85
512	704	0	524	699	85
576	704	0	580	698	85
640	704	0	637	698	87
704	704	0	693	698	85
768	704	0	752	699	85
832	704	0	812	699	85
896	704	0	871	699	82
960	704	0	929	700	85
1023	704	0	986	700	82
0	768	0	233	760	93
64	768	0	238	760	93
128	768	0	257	760	93
192	768	0	289	760	93
256	768	0	329	760	93
320	768	0	375	760	93
384	768	0	424	760	93
448	768	0	476	760	93
512	768	0	530	760	93
576	768	0	586	761	93
640	768	0	642	761	93
704	768	0	699	762	93
768	768	0	756	762	93
832	768	0	816	762	93
896	768	0	875	762	91
960	768	0	931	762	91
1023	768	0	990	764	91
0	832	0	252	823	101
64	832	0	257	823	101
128	832	0	275	823	101
192	832	0	304	823	101
256	832	0	341	824	101
320	832	0	386	824	101
384	832	0	434	824	101
448	832	0	484	824	101
512	832	0	537	824	101
576	832	0	593	825	101
640	832	0	648	825	101
704	832	0	704	826	101
768	832	0	762	826	99
832	832	0	821	826	99
896	832	0	879	826	99
960	832	0	936	827	99
1023	832	0	993	827	99
0	896	0	272	885	109
64	896	0	276	885	109
128	896	0	293	886	109
192	896	0	320	886	109
256	896	0	355	886	109
320	896	0	398	886	108
384	896	0	445	886	109
448	896	0	494	886	109
512	896	0	546	887	108
576	896	0	601	887	109
640	896	0	655	887	109
704	896	0	710	886	108
768	896	0	768	887	109
832	896	0	825	888	108
896	896	0	884	888	106
960	896	0	941	889	106
1023	896	0	997	888	108
0	960	0	292	947	117
64	960	0	296	947	117
128	960	0	311	947	117
192	960	0	336	947	117
256	960	0	370	947	117
320	960	0	411	947	117
384	960	0	456	947	117
448	960	0	504	948	117
512	960	0	554	947	116
576	960	0	609	948	116
640	960	0	661	948	116
704	960	0	716	948	116
768	960	0	774	949	116
832	960	0	831	949	116
896	960	0	889	950	116
960	960	0	945	949	116
1023	960	0	1002	950	114
0	1023	0	311	1008	125
64	1023	0	315	1008	125
128	1023	0	329	1008	125
192	1023	0	353	1008	123
256	1023	0	385	1008	123
320	1023	0	423	1009	123
384	1023	0	467	1009	123
448	1023	0	514	1009	123
512	1023	0	564	1009	123
576	1023	0	617	1010	123
640	1023	0	669	1010	123
704	1023	0	724	1011	123
768	1023	0	780	1010	123
832	1023	0	836	1010	123
896	1023	0	894	1011	123
960	1023	0	950	1011	122
1023	1023	0	1006	1012	122
0	0	64	0	0	63
64	0	64	63	0	63
128	0	64	125	0	63
192	0	64	187	0	63
256	0	64	248	23	63
320	0	64	310	23	63
384	0	64	370	32	63
448	0	64	430	38	63
512	0	64	490	44	63
576	0	64	549	44	63
640	0	64	611	53	60
704	0	64	669	53	60
768	0	64	729	57	60
832	0	64	793	63	63
896	0	64	852	69	60
960	0	64	912	75	60
1023	0	64	971	77	60
0	64	64	23	63	63
64	64	64	63	63	63
128	64	64	126	63	63
192	64	64	188	66	63
256	64	64	249	66	63
320	64	64	310	69	63
384	64	64	371	72	63
448	64	64	431	72	63
512	64	64	490	72	63
576	64	64	550	77	63
640	64	64	611	80	63
704	64	64	670	82	60
768	64	64	730	85	60
832	64	64	793	89	63
896	64	64	852	91	60
960	64	64	912	95	60
1023	64	64	971	97	60
0	128	64	38	130	63
64	128	64	72	130	63
128	128	64	129	130	63
192	128	64	189	130	63
256	128	64	251	132	63
320	128	64	311	132	63
384	128	64	372	133	63
448	128	64	431	133	63
512	128	64	491	134	63
576	128	64	550	136	63
640	128	64	611	137	63
704	128	64	670	138	63
768	128	64	730	139	63
832	128	64	793	143	60
896	128	64	853	144	60
960	128	64	912	145	60
1023	128	64	972	148	60
0	192	64	57	194	66
64	192	64	85	194	66
128	192	64	134	194	66
192	192	64	193	194	66
256	192	64	253	194	66
320	192	64	314	196	66
384	192	64	373	196	66
448	192	64	432	197	66
512	192	64	492	198	66
576	192	64	552	199	63
640	192	64	613	200	63
704	192	64	671	201	63
768	192	64	731	202	63
832	192	64	794	202	66
896	192	64	854	204	63
960	192	64	913	205	63
1023	192	64	973	206	63
0	256	64	80	259	69
64	256	64	97	259	69
128	256	64	143	259	69
192	256	64	198	259	69
256	256	64	256	259	69
320	256	64	316	261	69
384	256	64	375	261	66
448	256	64	435	262	66
512	256	64	494	262	66
576	256	64	554	263	66
640	256	64	614	263	66
704	256	64	673	264	66
768	256	64	733	265	66
832	256	64	796	266	69
896	256	64	855	266	66
960	256	64	915	267	63
1023	256	64	974	269	63
0	320	64	97	324	75
64	320	64	111	324	75
128	320	64	152	324	75
192	320	64	205	324	75
256	320	64	261	324	75
320	320	64	319	325	75
384	320	64	379	326	75
448	320	64	438	326	75
512	320	64	496	327	72
576	320	64	556	327	72
640	320	64	616	327	72
704	320	64	675	328	72
768	320	64	735	328	72
832	320	64	797	329	72
896	320	64	857	329	69
960	320	64	917	330	72
1023	320	64	975	331	69
0	384	64	116	388	77
64	384	64	128	388	77
128	384	64	164	388	77
192	384	64	212	388	77
256	384	64	267	388	77
320	384	64	324	389	77
384	384	64	383	390	77
448	384	64	441	390	77
512	384	64	500	390	77
576	384	64	559	390	77
640	384	64	618	390	77
704	384	64	676	390	77
768	384	64	736	391	75
832	384	64	799	393	75
896	384	64	858	392	75
960	384	64	918	393	75
1023	384	64	976	394	75
0	448	64	136	449	82
64	448	64	145	450	82
128	448	64	179	450	82
192	448	64	223	450	82
256	448	64	275	451	82
320	448	64	331	451	82
384	448	64	388	451	82
448	448	64	445	451	82
512	448	64	503	451	82
576	448	64	562	451	80
640	448	64	621	451	80
704	448	64	679	452	80
768	448	64	739	452	80
832	448	64	800	453	80
896	448	64	861	453	80
960	448	64	919	454	80
1023	448	64	978	454	80
0	512	64	156	511	87
64	512	64	164	511	87
128	512	64	192	511	87
192	512	64	234	511	87
256	512	64	284	511	87
320	512	64	337	511	87
384	512	64	393	511	87
448	512	64	450	511	87
512	512	64	507	511	87
576	512	64	565	512	85
640	512	64	624	512	85
704	512	64	682	512	85
768	512	64	741	513	85
832	512	64	803	514	85
896	512	64	863	514	85
960	512	64	920	514	85
1023	512	64	979	515	85
0	576	64	175	574	91
64	576	64	182	574	91
128	576	64	208	574	93
192	576	64	247	574	93
256	576	64	294	574	93
320	576	64	345	575	93
384	576	64	400	575	91
448	576	64	455	575	91
512	576	64	511	575	91
576	576	64	570	575	91
640	576	64	628	575	91
704	576	64	686	576	91
768	576	64	745	577	91
832	576	64	806	577	89
896	576	64	865	577	89
960	576	64	923	577	89
1023	576	64	981	578	89
0	640	64	193	635	99
64	640	64	201	635	99
128	640	64	223	635	99
192	640	64	260	636	99
256	640	64	304	636	97
320	640	64	354	636	99
384	640	64	407	636	99
448	640	64	461	636	97
512	640	64	517	636	97
576	640	64	575	637	97
640	640	64	633	637	97
704	640	64	690	638	95
768	640	64	748	638	95
832	640	64	809	638	97
896	640	64	868	638	97
960	640	64	926	639	97
1023	640	64	984	639	95
0	704	64	213	697	104
64	704	64	219	697	104
128	704	64	240	697	104
192	704	64	274	697	104
256	704	64	317	698	104
320	704	64	364	698	104
384	704	64	416	698	104
448	704	64	469	698	104
512	704	64	524	699	104
576	704	64	580	698	104
640	704	64	637	698	103
704	704	64	693	698	103
768	704	64	752	699	103
832	704	64	812	700	103
896	704	64	871	699	103
960	704	64	929	700	103
1023	704	64	986	700	103
0	768	64	233	760	109
64	768	64	238	760	109
128	768	64	258	760	109
192	768	64	289	760	109
256	768	64	329	760	109
320	768	64	375	760	109
384	768	64	425	760	109
448	768	64	476	760	109
512	768	64	530	761	109
576	768	64	586	761	109
640	768	64	642	761	109
704	768	64	699	762	109
768	768	64	757	762	109
832	768	64	816	763	108
896	768	64	875	763	108
960	768	64	931	763	108
1023	768	64	990	764	108
0	832	64	252	823	117
64	832	64	258	823	117
128	832	64	275	823	116
192	832	64	304	824	116
256	832	64	342	824	116
320	832	64	386	824	116
384	832	64	434	824	116
448	832	64	485	824	116
512	832	64	538	824	116
576	832	64	593	825	116
640	832	64	648	825	116
704	832	64	704	826	116
768	832	64	762	826	116
832	832	64	821	826	114
896	832	64	879	826	114
960	832	64	936	827	114
1023	832	64	993	827	114
0	896	64	272	885	123
64	896	64	277	885	123
128	896	64	293	886	123
192	896	64	320	886	123
256	896	64	356	886	123
320	896	64	398	886	123
384	896	64	445	886	123
448	896	64	494	886	123
512	896	64	546	887	123
576	896	64	601	887	123
640	896	64	655	887	123
704	896	64	710	886	123
768	896	64	768	887	122
832	896	64	825	888	122
896	896	64	884	888	122
960	896	64	941	889	122
1023	896	64	997	889	122
0	960	64	292	947	130
64	960	64	296	947	130
128	960	64	311	947	130
192	960	64	336	947	130
256	960	64	370	947	130
320	960	64	411	947	130
384	960	64	456	947	129
448	960	64	504	948	129
512	960	64	554	947	129
576	960	64	609	948	129
640	960	64	661	948	129
704	960	64	716	948	129
768	960	64	774	949	129
832	960	64	831	949	129
896	960	64	889	950	129
960	960	64	945	950	129
1023	960	64	1001	950	128
0	1023	64	311	1008	137
64	1023	64	315	1008	137
128	1023	64	329	1008	137
192	1023	64	353	1008	137
256	1023	64	385	1009	137
320	1023	64	423	1009	137
384	1023	64	467	1009	137
448	1023	64	514	1009	136
512	1023	64	564	1009	136
576	1023	64	617	1010	137
640	1023	64	669	1010	136
704	1023	64	724	1011	137
768	1023	64	780	1010	137
832	1023	64	836	1010	137
896	1023	64	894	1011	134
960	1023	64	950	1012	134
1023	1023	64	1006	1012	136
0	0	128	23	0	128
64	0	128	69	0	128
128	0	128	126	0	128
192	0	128	188	0	128
256	0	128	249	23	128
320	0	128	311	23	128
384	0	128	371	32	128
448	0	128	431	38	128
512	0	128	490	44	128
576	0	128	550	44	126
640	0	128	611	53	126
704	0	128	669	53	126
768	0	128	729	57	126
832	0	128	793	63	126
896	0	128	852	69	126
960	0	128	912	75	126
1023	0	128	971	77	126
0	64	128	32	63	128
64	64	128	69	63	128
128	64	128	128	63	128
192	64	128	188	66	128
256	64	128	250	66	128
320	64	128	311	69	128
384	64	128	371	72	128
448	64	128	431	72	128
512	64	128	490	72	128
576	64	128	550	77	128
640	64	128	611	80	126
704	64	128	670	82	126
768	64	128	730	85	126
832	64	128	793	89	126
896	64	128	852	91	126
960	64	128	912	95	126
1023	64	128	971	99	126
0	128	128	44	130	128
64	128	128	77	130	128
128	128	128	130	130	128
192	128	128	191	130	128
256	128	128	251	132	128
320	128	128	312	132	128
384	128	128	372	133	128
448	128	128	431	133	128
512	128	128	491	134	128
576	128	128	551	136	128
640	128	128	611	138	128
704	128	128	670	138	128
768	128	128	730	141	128
832	128	128	793	143	126
896	128	128	853	144	126
960	128	128	912	145	126
1023	128	128	972	148	126
0	192	128	63	194	130
64	192	128	87	194	130
128	192	128	136	194	130
192	192	128	193	194	130
256	192	128	253	195	129
320	192	128	314	196	129
384	192	128	373	196	129
448	192	128	433	198	129
512	192	128	492	198	128
576	192	128	552	199	128
640	192	128	613	200	128
704	192	128	671	201	128
768	192	128	731	202	128
832	192	128	794	202	128
896	192	128	854	204	128
960	192	128	913	205	128
1023	192	128	973	207	126
0	256	128	82	259	130
64	256	128	99	259	130
128	256	128	144	259	130
192	256	128	198	259	130
256	256	128	257	259	129
320	256	128	316	261	129
384	256	128	375	261	129
448	256	128	435	262	129
512	256	128	494	263	129
576	256	128	554	263	129
640	256	128	614	263	129
704	256	128	673	264	129
768	256	128	733	266	129
832	256	128	796	266	129
896	256	128	855	267	129
960	256	128	915	267	128
1023	256	128	974	269	128
0	320	128	99	324	133
64	320	128	113	324	133
128	320	128	153	324	133
192	320	128	206	324	133
256	320	128	261	324	133
320	320	128	320	325	132
384	320	128	379	326	132
448	320	128	438	326	130
512	320	128	497	327	130
576	320	128	556	327	130
640	320	128	617	327	132
704	320	128	675	328	132
768	320	128	735	329	132
832	320	128	797	329	132
896	320	128	857	329	132
960	320	128	916	331	132
1023	320	128	975	331	130
0	384	128	117	388	134
64	384	128	130	388	134
128	384	128	165	388	134
192	384	128	213	388	134
256	384	128	267	388	134
320	384	128	325	389	133
384	384	128	384	390	133
448	384	128	441	390	133
512	384	128	500	390	133
576	384	128	559	391	134
640	384	128	618	390	134
704	384	128	677	391	133
768	384	128	736	392	133
832	384	128	798	393	133
896	384	128	858	393	133
960	384	128	917	393	133
1023	384	128	976	394	133
0	448	128	138	450	138
64	448	128	148	450	138
128	448	128	179	450	138
192	448	128	224	450	137
256	448	128	275	451	137
320	448	128	331	451	137
384	448	128	388	451	137
448	448	128	445	451	137
512	448	128	503	451	136
576	448	128	562	452	136
640	448	128	621	452	136
704	448	128	679	452	136
768	448	128	739	452	136
832	448	128	800	453	136
896	448	128	860	454	136
960	448	128	919	454	136
1023	448	128	977	454	134
0	512	128	157	511	139
64	512	128	165	511	139
128	512	128	193	511	139
192	512	128	235	511	139
256	512	128	285	512	139
320	512	128	338	512	139
384	512	128	393	511	139
448	512	128	450	512	139
512	512	128	507	512	139
576	512	128	566	512	138
640	512	128	625	513	138
704	512	128	682	513	138
768	512	128	741	513	138
832	512	128	803	514	138
896	512	128	863	514	138
960	512	128	920	514	138
1023	512	128	979	515	137
0	576	128	176	575	143
64	576	128	183	575	143
128	576	128	209	575	143
192	576	128	247	575	143
256	576	128	294	575	143
320	576	128	346	575	143
384	576	128	400	575	143
448	576	128	455	575	143
512	576	128	512	575	142
576	576	128	570	575	142
640	576	128	628	576	142
704	576	128	686	576	142
768	576	128	744	577	141
832	576	128	806	577	142
896	576	128	865	577	142
960	576	128	923	577	141
1023	576	128	981	578	141
0	640	128	194	636	147
64	640	128	201	636	147
128	640	128	224	636	147
192	640	128	261	636	147
256	640	128	305	636	147
320	640	128	355	636	147
384	640	128	408	636	147
448	640	128	462	636	147
512	640	128	517	637	147
576	640	128	575	637	145
640	640	128	632	637	145
704	640	128	690	638	145
768	640	128	748	639	145
832	640	128	809	639	145
896	640	128	868	639	145
960	640	128	925	639	145
1023	640	128	983	639	145
0	704	128	214	697	150
64	704	128	220	697	150
128	704	128	241	697	150
192	704	128	274	698	150
256	704	128	317	698	150
320	704	128	365	698	150
384	704	128	416	698	150
448	704	128	469	699	150
512	704	128	524	699	150
576	704	128	580	699	150
640	704	128	637	699	150
704	704	128	693	699	150
768	704	128	752	700	150
832	704	128	812	700	149
896	704	128	871	700	149
960	704	128	928	700	149
1023	704	128	986	701	149
0	768	128	233	760	155
64	768	128	239	760	155
128	768	128	258	760	155
192	768	128	289	761	155
256	768	128	329	761	155
320	768	128	375	761	153
384	768	128	425	761	153
448	768	128	476	761	153
512	768	128	530	761	153
576	768	128	586	761	153
640	768	128	642	762	153
704	768	128	698	762	153
768	768	128	757	762	153
832	768	128	816	763	152
896	768	128	875	763	152
960	768	128	931	763	152
1023	768	128	989	764	152
0	832	128	253	824	159
64	832	128	258	824	159
128	832	128	275	824	159
192	832	128	305	824	159
256	832	128	342	824	159
320	832	128	386	824	159
384	832	128	434	824	159
448	832	128	485	824	159
512	832	128	537	824	159
576	832	128	593	825	159
640	832	128	648	825	159
704	832	128	704	826	158
768	832	128	762	826	158
832	832	128	821	827	158
896	832	128	879	827	158
960	832	128	936	827	157
1023	832	128	993	827	158
0	896	128	272	886	163
64	896	128	277	886	163
128	896	128	293	886	163
192	896	128	321	886	163
256	896	128	356	886	163
320	896	128	399	886	163
384	896	128	445	886	163
448	896	128	494	887	163
512	896	128	546	887	163
576	896	128	601	888	163
640	896	128	655	888	163
704	896	128	710	887	163
768	896	128	768	888	162
832	896	128	825	888	162
896	896	128	884	889	162
960	896	128	940	889	162
1023	896	128	997	889	162
0	960	128	293	947	169
64	960	128	297	947	169
128	960	128	312	948	169
192	960	128	336	947	169
256	960	128	370	947	169
320	960	128	411	947	168
384	960	128	456	948	168
448	960	128	504	948	168
512	960	128	555	948	167
576	960	128	609	948	168
640	960	128	661	948	168
704	960	128	716	949	168
768	960	128	774	949	167
832	960	128	831	949	168
896	960	128	889	950	168
960	960	128	945	950	167
1023	960	128	1001	950	167
0	1023	128	312	1008	173
64	1023	128	316	1008	173
128	1023	128	329	1008	173
192	1023	128	353	1008	173
256	1023	128	385	1009	173
320	1023	128	424	1009	173
384	1023	128	467	1009	173
448	1023	128	514	1009	173
512	1023	128	564	1010	173
576	1023	128	617	1010	173
640	1023	128	669	1010	173
704	1023	128	724	1011	173
768	1023	128	780	1011	173
832	1023	128	836	1011	173
896	1023	128	894	1011	172
960	1023	128	950	1012	172
1023	1023	128	1006	1012	172
0	0	192	38	0	191
64	0	192	75	0	191
128	0	192	129	0	191
192	0	192	189	0	191
256	0	192	250	23	191
320	0	192	312	23	191
384	0	192	372	32	191
448	0	192	431	38	191
512	0	192	491	44	191
576	0	192	550	44	191
640	0	192	611	53	191
704	0	192	670	53	191
768	0	192	730	57	191
832	0	192	793	66	191
896	0	192	852	69	191
960	0	192	912	75	191
1023	0	192	971	77	191
0	64	192	44	63	192
64	64	192	75	63	192
128	64	192	130	63	192
192	64	192	190	66	192
256	64	192	251	66	192
320	64	192	312	69	191
384	64	192	372	72	191
448	64	192	431	72	191
512	64	192	491	72	191
576	64	192	550	77	191
640	64	192	611	82	191
704	64	192	670	82	191
768	64	192	730	87	191
832	64	192	793	89	191
896	64	192	853	91	191
960	64	192	912	95	191
1023	64	192	971	99	191
0	128	192	53	130	192
64	128	192	82	130	192
128	128	192	133	130	192
192	128	192	193	132	192
256	128	192	252	132	192
320	128	192	313	132	192
384	128	192	373	133	192
448	128	192	432	133	192
512	128	192	491	136	192
576	128	192	551	136	191
640	128	192	612	138	191
704	128	192	670	138	191
768	128	192	730	141	191
832	128	192	793	143	191
896	128	192	853	144	191
960	128	192	913	145	191
1023	128	192	971	149	191
0	192	192	69	194	193
64	192	192	91	194	193
128	192	192	138	195	193
192	192	192	195	195	192
256	192	192	255	196	192
320	192	192	315	196	192
384	192	192	374	197	192
448	192	192	433	198	192
512	192	192	492	198	192
576	192	192	552	199	192
640	192	192	613	200	192
704	192	192	672	201	192
768	192	192	732	202	193
832	192	192	794	204	193
896	192	192	854	204	192
960	192	192	913	206	191
1023	192	192	972	207	191
0	256	192	87	260	193
64	256	192	103	260	193
128	256	192	147	260	193
192	256	192	200	260	193
256	256	192	258	261	193
320	256	192	317	261	193
384	256	192	376	261	193
448	256	192	436	262	193
512	256	192	494	263	193
576	256	192	554	263	193
640	256	192	615	263	193
704	256	192	673	265	193
768	256	192	733	266	193
832	256	192	795	267	193
896	256	192	855	267	193
960	256	192	915	268	193
1023	256	192	973	269	193
0	320	192	103	324	194
64	320	192	117	324	194
128	320	192	156	324	194
192	320	192	207	325	194
256	320	192	262	325	194
320	320	192	321	325	194
384	320	192	379	326	194
448	320	192	438	327	194
512	320	192	497	327	194
576	320	192	556	327	194
640	320	192	617	328	194
704	320	192	675	328	194
768	320	192	735	329	194
832	320	192	797	330	194
896	320	192	857	330	193
960	320	192	916	331	193
1023	320	192	975	332	193
0	384	192	120	388	196
64	384	192	133	388	196
128	384	192	167	389	196
192	384	192	215	389	196
256	384	192	269	389	196
320	384	192	326	389	196
384	384	192	384	390	196
448	384	192	442	390	196
512	384	192	500	390	196
576	384	192	559	391	195
640	384	192	619	391	194
704	384	192	677	392	194
768	384	192	736	392	195
832	384	192	798	393	195
896	384	192	858	393	195
960	384	192	917	394	194
1023	384	192	975	395	194
0	448	192	141	450	198
64	448	192	150	450	198
128	448	192	180	450	198
192	448	192	225	450	198
256	448	192	276	451	198
320	448	192	331	451	197
384	448	192	388	451	197
448	448	192	446	451	197
512	448	192	503	452	197
576	448	192	562	452	198
640	448	192	621	452	198
704	448	192	679	453	198
768	448	192	739	453	198
832	448	192	800	454	197
896	448	192	860	454	197
960	448	192	918	454	196
1023	448	192	977	455	196
0	512	192	159	511	200
64	512	192	167	511	200
128	512	192	195	512	200
192	512	192	236	512	199
256	512	192	286	512	199
320	512	192	339	512	199
384	512	192	394	512	199
448	512	192	451	512	199
512	512	192	508	512	199
576	512	192	566	513	199
640	512	192	625	513	199
704	512	192	682	514	199
768	512	192	741	514	199
832	512	192	802	514	198
896	512	192	862	515	198
960	512	192	920	515	198
1023	512	192	978	516	198
0	576	192	178	575	202
64	576	192	185	575	202
128	576	192	210	575	202
192	576	192	248	575	202
256	576	192	296	575	202
320	576	192	346	575	202
384	576	192	401	575	201
448	576	192	456	576	202
512	576	192	512	576	201
576	576	192	570	576	201
640	576	192	628	576	201
704	576	192	686	577	201
768	576	192	744	577	201
832	576	192	805	578	201
896	576	192	865	578	201
960	576	192	922	578	201
1023	576	192	980	578	201
0	640	192	196	636	205
64	640	192	203	636	205
128	640	192	226	636	205
192	640	192	262	637	205
256	640	192	306	637	204
320	640	192	355	637	204
384	640	192	408	637	203
448	640	192	462	637	203
512	640	192	517	637	204
576	640	192	575	638	203
640	640	192	633	638	203
704	640	192	690	639	204
768	640	192	748	639	203
832	640	192	809	639	203
896	640	192	868	640	203
960	640	192	925	640	202
1023	640	192	983	640	202
0	704	192	215	698	207
64	704	192	222	698	207
128	704	192	242	698	207
192	704	192	275	698	207
256	704	192	318	698	207
320	704	192	365	698	207
384	704	192	417	699	207
448	704	192	469	699	206
512	704	192	524	699	206
576	704	192	581	699	206
640	704	192	637	699	206
704	704	192	694	700	206
768	704	192	752	701	206
832	704	192	812	701	206
896	704	192	871	701	206
960	704	192	928	701	206
1023	704	192	986	702	206
0	768	192	235	761	210
64	768	192	240	761	210
128	768	192	259	761	210
192	768	192	290	761	209
256	768	192	330	761	209
320	768	192	376	761	209
384	768	192	425	761	209
448	768	192	477	761	209
512	768	192	531	762	209
576	768	192	587	762	209
640	768	192	642	762	209
704	768	192	699	763	209
768	768	192	757	763	209
832	768	192	816	764	209
896	768	192	874	764	209
960	768	192	931	764	209
1023	768	192	989	765	209
0	832	192	255	824	213
64	832	192	259	824	213
128	832	192	277	825	213
192	832	192	306	825	213
256	832	192	343	825	213
320	832	192	387	825	213
384	832	192	435	825	213
448	832	192	485	825	212
512	832	192	538	825	212
576	832	192	593	826	212
640	832	192	648	826	212
704	832	192	704	827	212
768	832	192	762	827	212
832	832	192	820	827	212
896	832	192	879	827	212
960	832	192	935	827	212
1023	832	192	993	828	212
0	896	192	273	886	217
64	896	192	279	886	217
128	896	192	294	886	216
192	896	192	321	886	216
256	896	192	357	886	216
320	896	192	399	887	216
384	896	192	445	887	216
448	896	192	494	887	216
512	896	192	546	888	216
576	896	192	601	888	216
640	896	192	655	888	215
704	896	192	710	888	215
768	896	192	768	889	216
832	896	192	825	889	216
896	896	192	883	889	215
960	896	192	940	890	215
1023	896	192	997	890	216
0	960	192	293	948	220
64	960	192	298	948	220
128	960	192	313	948	220
192	960	192	337	948	220
256	960	192	371	948	220
320	960	192	412	948	220
384	960	192	456	949	220
448	960	192	504	949	220
512	960	192	555	949	220
576	960	192	609	949	220
640	960	192	661	949	220
704	960	192	717	950	220
768	960	192	774	950	219
832	960	192	830	950	219
896	960	192	889	951	219
960	960	192	945	951	219
1023	960	192	1001	951	219
0	1023	192	313	1009	223
64	1023	192	317	1009	223
128	1023	192	330	1009	223
192	1023	192	354	1009	223
256	1023	192	386	1009	223
320	1023	192	424	1009	223
384	1023	192	467	1010	223
448	1023	192	514	1010	223
512	1023	192	564	1010	223
576	1023	192	617	1011	223
640	1023	192	669	1011	223
704	1023	192	724	1012	223
768	1023	192	780	1012	223
832	1023	192	836	1012	223
896	1023	192	893	1012	223
960	1023	192	950	1013	223
1023	1023	192	1006	1013	223
0	0	256	57	0	253
64	0	256	82	0	253
128	0	256	133	0	253
192	0	256	193	23	254
256	0	256	253	23	254
320	0	256	313	23	253
384	0	256	373	32	253
448	0	256	432	38	254
512	0	256	491	44	254
576	0	256	551	44	254
640	0	256	611	53	255
704	0	256	670	53	255
768	0	256	730	60	255
832	0	256	793	66	255
896	0	256	853	69	255
960	0	256	912	77	255
1023	0	256	971	77	255
0	64	256	57	63	254
64	64	256	82	63	254
128	64	256	134	63	254
192	64	256	193	66	254
256	64	256	253	66	254
320	64	256	313	69	254
384	64	256	373	72	253
448	64	256	432	72	254
512	64	256	491	75	254
576	64	256	551	77	254
640	64	256	611	82	255
704	64	256	670	82	255
768	64	256	730	87	255
832	64	256	793	91	255
896	64	256	853	93	255
960	64	256	912	97	255
1023	64	256	971	99	255
0	128	256	63	130	255
64	128	256	89	130	255
128	128	256	137	130	255
192	128	256	194	132	255
256	128	256	254	132	255
320	128	256	314	132	255
384	128	256	373	133	255
448	128	256	433	134	255
512	128	256	492	136	255
576	128	256	551	136	255
640	128	256	612	138	255
704	128	256	671	139	255
768	128	256	731	141	255
832	128	256	793	144	255
896	128	256	853	145	255
960	128	256	913	148	255
1023	128	256	971	149	255
0	192	256	80	196	255
64	192	256	97	195	255
128	192	256	142	195	255
192	192	256	198	195	255
256	192	256	256	196	255
320	192	256	316	196	255
384	192	256	375	198	254
448	192	256	434	198	255
512	192	256	493	199	255
576	192	256	553	199	255
640	192	256	613	201	255
704	192	256	672	202	255
768	192	256	732	202	255
832	192	256	794	204	256
896	192	256	854	205	256
960	192	256	913	206	255
1023	192	256	972	208	255
0	256	256	93	261	255
64	256	256	108	261	255
128	256	256	150	261	255
192	256	256	202	261	255
256	256	256	260	261	255
320	256	256	318	261	255
384	256	256	377	262	255
448	256	256	436	262	255
512	256	256	495	263	255
576	256	256	554	264	255
640	256	256	615	264	255
704	256	256	673	266	256
768	256	256	733	266	256
832	256	256	795	267	255
896	256	256	855	269	256
960	256	256	914	269	256
1023	256	256	973	270	255
0	320	256	108	325	257
64	320	256	122	325	257
128	320	256	159	325	257
192	320	256	209	325	257
256	320	256	264	325	257
320	320	256	322	325	257
384	320	256	381	326	257
448	320	256	438	327	257
512	320	256	497	327	257
576	320	256	557	328	257
640	320	256	617	328	257
704	320	256	675	329	258
768	320	256	734	330	258
832	320	256	796	331	258
896	320	256	856	331	257
960	320	256	915	331	257
1023	320	256	974	333	257
0	384	256	125	389	259
64	384	256	137	389	259
128	384	256	171	389	259
192	384	256	218	389	259
256	384	256	271	389	259
320	384	256	327	390	258
384	384	256	384	390	258
448	384	256	442	390	258
512	384	256	500	391	258
576	384	256	559	392	258
640	384	256	619	392	258
704	384	256	677	392	258
768	384	256	736	393	258
832	384	256	798	394	258
896	384	256	857	394	258
960	384	256	916	395	258
1023	384	256	975	395	258
0	448	256	143	451	261
64	448	256	152	451	260
128	448	256	184	451	260
192	448	256	228	451	259
256	448	256	279	451	259
320	448	256	333	451	259
384	448	256	389	452	259
448	448	256	446	452	259
512	448	256	504	452	259
576	448	256	562	453	259
640	448	256	622	453	259
704	448	256	680	454	259
768	448	256	738	454	260
832	448	256	800	454	259
896	448	256	859	455	259
960	448	256	918	455	259
1023	448	256	976	456	259
0	512	256	162	512	262
64	512	256	170	512	262
128	512	256	198	512	262
192	512	256	238	512	262
256	512	256	288	512	261
320	512	256	340	513	261
384	512	256	395	513	261
448	512	256	451	513	261
512	512	256	508	513	261
576	512	256	567	514	261
640	512	256	625	514	261
704	512	256	682	514	261
768	512	256	741	515	261
832	512	256	802	515	261
896	512	256	862	516	261
960	512	256	920	516	261
1023	512	256	978	517	261
0	576	256	180	575	263
64	576	256	188	576	263
128	576	256	212	576	263
192	576	256	250	576	263
256	576	256	297	576	263
320	576	256	348	576	263
384	576	256	402	576	263
448	576	256	457	577	263
512	576	256	513	577	263
576	576	256	570	577	263
640	576	256	628	577	262
704	576	256	686	578	262
768	576	256	744	578	262
832	576	256	805	579	263
896	576	256	864	579	263
960	576	256	922	579	263
1023	576	256	980	580	263
0	640	256	199	637	266
64	640	256	206	637	266
128	640	256	229	637	265
192	640	256	263	637	265
256	640	256	308	637	265
320	640	256	356	637	265
384	640	256	409	638	265
448	640	256	463	638	265
512	640	256	518	638	265
576	640	256	575	638	264
640	640	256	633	639	264
704	640	256	690	640	264
768	640	256	748	640	265
832	640	256	808	641	265
896	640	256	867	641	265
960	640	256	924	641	265
1023	640	256	982	641	264
0	704	256	218	699	267
64	704	256	224	699	267
128	704	256	245	699	267
192	704	256	277	699	267
256	704	256	319	699	267
320	704	256	366	699	267
384	704	256	417	699	266
448	704	256	470	700	266
512	704	256	525	700	266
576	704	256	581	700	266
640	704	256	637	700	266
704	704	256	694	701	267
768	704	256	752	702	267
832	704	256	813	703	267
896	704	256	870	702	266
960	704	256	927	702	266
1023	704	256	985	703	266
0	768	256	237	762	270
64	768	256	242	762	270
128	768	256	261	762	269
192	768	256	292	762	269
256	768	256	331	762	269
320	768	256	377	762	269
384	768	256	426	762	269
448	768	256	477	762	269
512	768	256	531	763	269
576	768	256	587	763	269
640	768	256	642	763	269
704	768	256	699	764	269
768	768	256	756	764	269
832	768	256	815	764	269
896	768	256	874	765	269
960	768	256	931	766	269
1023	768	256	988	765	269
0	832	256	256	825	272
64	832	256	261	825	272
128	832	256	279	825	272
192	832	256	307	826	271
256	832	256	344	826	271
320	832	256	388	826	271
384	832	256	436	826	271
448	832	256	486	826	271
512	832	256	538	826	270
576	832	256	594	826	270
640	832	256	648	827	271
704	832	256	704	827	271
768	832	256	762	828	271
832	832	256	820	829	271
896	832	256	879	829	271
960	832	256	935	828	271
1023	832	256	992	829	270
0	896	256	275	887	275
64	896	256	280	887	275
128	896	256	295	886	275
192	896	256	322	887	274
256	896	256	358	887	274
320	896	256	400	888	274
384	896	256	446	888	274
448	896	256	495	888	274
512	896	256	546	888	274
576	896	256	601	889	273
640	896	256	655	889	273
704	896	256	710	890	273
768	896	256	768	890	274
832	896	256	825	890	274
896	896	256	883	890	274
960	896	256	940	891	273
1023	896	256	997	892	274
0	960	256	295	948	277
64	960	256	299	948	276
128	960	256	314	949	276
192	960	256	338	949	276
256	960	256	373	949	276
320	960	256	413	949	277
384	960	256	457	950	277
448	960	256	505	950	277
512	960	256	555	950	276
576	960	256	609	950	277
640	960	256	662	951	277
704	960	256	717	951	277
768	960	256	774	951	277
832	960	256	830	951	276
896	960	256	888	952	276
960	960	256	945	952	276
1023	960	256	1000	952	276
0	1023	256	314	1010	280
64	1023	256	317	1010	280
128	1023	256	331	1010	280
192	1023	256	355	1010	280
256	1023	256	387	1010	280
320	1023	256	425	1010	280
384	1023	256	468	1011	280
448	1023	256	515	1011	280
512	1023	256	564	1011	279
576	1023	256	617	1012	279
640	1023	256	669	1012	279
704	1023	256	723	1013	280
768	1023	256	780	1013	279
832	1023	256	836	1014	279
896	1023	256	893	1014	279
960	1023	256	949	1014	279
1023	1023	256	1005	1015	279
0	0	320	72	0	317
64	0	320	91	0	317
128	0	320	139	0	317
192	0	320	196	23	319
256	0	320	255	23	318
320	0	320	315	23	318
384	0	320	374	32	318
448	0	320	434	38	318
512	0	320	492	44	318
576	0	320	552	44	318
640	0	320	612	53	318
704	0	320	671	53	318
768	0	320	731	60	318
832	0	320	793	66	318
896	0	320	853	69	318
960	0	320	913	77	318
1023	0	320	971	80	318
0	64	320	72	63	319
64	64	320	93	63	319
128	64	320	139	69	319
192	64	320	196	69	319
256	64	320	255	69	318
320	64	320	316	69	318
384	64	320	374	72	318
448	64	320	434	75	318
512	64	320	492	75	318
576	64	320	552	77	318
640	64	320	613	82	318
704	64	320	671	82	318
768	64	320	731	87	318
832	64	320	793	91	318
896	64	320	854	93	318
960	64	320	913	97	318
1023	64	320	971	101	318
0	128	320	80	130	319
64	128	320	97	130	319
128	128	320	142	132	319
192	128	320	198	132	319
256	128	320	257	132	318
320	128	320	317	132	318
384	128	320	375	133	318
448	128	320	434	136	318
512	128	320	493	136	318
576	128	320	552	136	318
640	128	320	613	138	318
704	128	320	672	139	318
768	128	320	731	141	318
832	128	320	794	144	319
896	128	320	854	145	319
960	128	320	913	148	318
1023	128	320	971	150	318
0	192	320	89	196	319
64	192	320	104	196	319
128	192	320	148	196	319
192	192	320	201	196	319
256	192	320	259	197	319
320	192	320	318	197	318
384	192	320	376	198	318
448	192	320	436	198	318
512	192	320	494	199	318
576	192	320	553	200	318
640	192	320	614	201	318
704	192	320	672	202	319
768	192	320	732	203	319
832	192	320	794	205	319
896	192	320	854	206	319
960	192	320	913	207	318
1023	192	320	972	208	318
0	256	320	101	261	320
64	256	320	114	261	320
128	256	320	155	261	320
192	256	320	206	261	320
256	256	320	262	261	319
320	256	320	320	262	319
384	256	320	379	262	318
448	256	320	438	263	318
512	256	320	496	264	319
576	256	320	555	265	319
640	256	320	615	265	319
704	256	320	674	266	319
768	256	320	733	267	319
832	256	320	795	267	319
896	256	320	855	269	319
960	256	320	914	269	319
1023	256	320	972	271	319
0	320	320	114	326	321
64	320	320	128	326	321
128	320	320	163	326	321
192	320	320	212	326	321
256	320	320	266	326	320
320	320	320	324	326	320
384	320	320	382	327	320
448	320	320	440	327	320
512	320	320	498	327	320
576	320	320	557	328	320
640	320	320	618	329	320
704	320	320	675	330	320
768	320	320	735	330	321
832	320	320	797	331	320
896	320	320	856	331	320
960	320	320	915	332	320
1023	320	320	973	333	320
0	384	320	130	390	322
64	384	320	142	390	322
128	384	320	174	390	322
192	384	320	221	390	322
256	384	320	273	390	321
320	384	320	328	390	321
384	384	320	386	390	321
448	384	320	443	391	320
512	384	320	501	392	320
576	384	320	560	392	320
640	384	320	620	393	321
704	384	320	678	393	321
768	384	320	737	394	321
832	384	320	798	394	321
896	384	320	857	395	321
960	384	320	916	395	321
1023	384	320	974	396	321
0	448	320	148	451	322
64	448	320	158	451	322
128	448	320	188	451	322
192	448	320	230	451	322
256	448	320	281	451	322
320	448	320	334	452	322
384	448	320	391	452	322
448	448	320	447	452	322
512	448	320	505	453	322
576	448	320	563	454	322
640	448	320	623	454	322
704	448	320	680	454	322
768	448	320	739	454	322
832	448	320	800	455	322
896	448	320	859	456	322
960	448	320	917	456	322
1023	448	320	975	457	322
0	512	320	166	513	324
64	512	320	175	513	324
128	512	320	201	513	324
192	512	320	241	513	324
256	512	320	289	513	323
320	512	320	341	513	323
384	512	320	397	514	323
448	512	320	452	514	323
512	512	320	509	514	323
576	512	320	567	514	323
640	512	320	626	515	323
704	512	320	683	515	323
768	512	320	741	515	323
832	512	320	802	516	323
896	512	320	861	516	323
960	512	320	920	517	323
1023	512	320	977	517	322
0	576	320	184	576	326
64	576	320	191	576	326
128	576	320	215	576	326
192	576	320	253	576	325
256	576	320	299	577	325
320	576	320	350	577	325
384	576	320	404	577	324
448	576	320	458	577	325
512	576	320	514	577	324
576	576	320	571	578	324
640	576	320	629	578	324
704	576	320	686	578	324
768	576	320	744	579	324
832	576	320	805	580	325
896	576	320	864	580	324
960	576	320	922	580	324
1023	576	320	979	580	324
0	640	320	202	638	327
64	640	320	209	638	327
128	640	320	231	638	327
192	640	320	265	638	326
256	640	320	309	638	326
320	640	320	358	638	326
384	640	320	410	638	326
448	640	320	464	639	326
512	640	320	519	639	326
576	640	320	576	639	325
640	640	320	633	640	326
704	640	320	690	640	326
768	640	320	748	641	326
832	640	320	809	641	326
896	640	320	868	642	326
960	640	320	924	642	325
1023	640	320	982	642	325
0	704	320	221	699	328
64	704	320	227	699	328
128	704	320	247	699	328
192	704	320	280	700	327
256	704	320	321	700	327
320	704	320	368	700	327
384	704	320	419	700	327
448	704	320	471	700	327
512	704	320	525	701	327
576	704	320	582	701	327
640	704	320	638	701	327
704	704	320	694	702	327
768	704	320	753	703	328
832	704	320	813	704	327
896	704	320	870	703	327
960	704	320	927	703	327
1023	704	320	986	704	327
0	768	320	240	762	330
64	768	320	245	762	330
128	768	320	263	762	330
192	768	320	294	763	329
256	768	320	333	763	329
320	768	320	379	763	329
384	768	320	428	763	329
448	768	320	478	763	329
512	768	320	532	763	329
576	768	320	588	764	329
640	768	320	643	764	328
704	768	320	699	765	328
768	768	320	757	765	329
832	768	320	815	765	329
896	768	320	874	766	329
960	768	320	931	766	329
1023	768	320	988	766	328
0	832	320	259	826	332
64	832	320	263	826	332
128	832	320	281	826	332
192	832	320	309	826	331
256	832	320	346	827	331
320	832	320	390	826	331
384	832	320	437	827	331
448	832	320	486	826	331
512	832	320	539	826	331
576	832	320	594	827	331
640	832	320	648	827	330
704	832	320	704	828	331
768	832	320	762	829	331
832	832	320	820	829	331
896	832	320	879	830	331
960	832	320	935	829	330
1023	832	320	992	830	330
0	896	320	277	887	334
64	896	320	282	887	334
128	896	320	298	887	333
192	896	320	324	887	333
256	896	320	359	888	333
320	896	320	401	888	333
384	896	320	447	888	333
448	896	320	496	889	333
512	896	320	547	889	332
576	896	320	602	889	332
640	896	320	655	890	332
704	896	320	711	891	333
768	896	320	768	891	333
832	896	320	825	891	333
896	896	320	883	891	333
960	896	320	940	892	332
1023	896	320	997	893	332
0	960	320	296	949	335
64	960	320	301	949	335
128	960	320	316	949	335
192	960	320	340	949	335
256	960	320	374	950	335
320	960	320	414	950	335
384	960	320	458	951	335
448	960	320	506	951	335
512	960	320	557	951	335
576	960	320	610	951	334
640	960	320	662	951	334
704	960	320	717	952	334
768	960	320	774	952	334
832	960	320	831	952	334
896	960	320	889	953	334
960	960	320	945	953	334
1023	960	320	1000	953	334
0	1023	320	316	1011	337
64	1023	320	319	1011	337
128	1023	320	333	1011	337
192	1023	320	356	1011	337
256	1023	320	388	1011	337
320	1023	320	426	1011	337
384	1023	320	469	1012	337
448	1023	320	515	1012	337
512	1023	320	565	1012	337
576	1023	320	618	1013	337
640	1023	320	670	1013	337
704	1023	320	724	1014	337
768	1023	320	781	1014	337
832	1023	320	837	1015	337
896	1023	320	893	1014	336
960	1023	320	949	1015	336
1023	1023	320	1006	1016	337
0	0	384	85	0	379
64	0	384	101	0	379
128	0	384	147	23	380
192	0	384	200	23	380
256	0	384	259	23	380
320	0	384	317	23	379
384	0	384	376	32	379
448	0	384	435	44	379
512	0	384	493	44	379
576	0	384	553	44	379
640	0	384	614	53	379
704	0	384	672	53	380
768	0	384	732	63	380
832	0	384	794	66	380
896	0	384	854	69	380
960	0	384	913	75	380
1023	0	384	972	80	379
0	64	384	87	69	380
64	64	384	103	69	380
128	64	384	147	69	380
192	64	384	201	69	380
256	64	384	259	69	380
320	64	384	318	72	379
384	64	384	376	72	379
448	64	384	435	75	379
512	64	384	494	77	379
576	64	384	553	77	379
640	64	384	614	82	379
704	64	384	672	82	380
768	64	384	732	87	380
832	64	384	794	91	380
896	64	384	854	95	380
960	64	384	913	97	380
1023	64	384	972	101	379
0	128	384	91	132	380
64	128	384	106	132	380
128	128	384	150	132	380
192	128	384	202	132	380
256	128	384	261	132	380
320	128	384	319	133	379
384	128	384	377	133	379
448	128	384	436	136	379
512	128	384	494	136	379
576	128	384	554	138	380
640	128	384	614	138	380
704	128	384	672	139	380
768	128	384	732	142	380
832	128	384	795	144	380
896	128	384	855	145	380
960	128	384	913	148	380
1023	128	384	972	150	380
0	192	384	99	196	381
64	192	384	113	196	381
128	192	384	155	196	381
192	192	384	206	197	381
256	192	384	262	197	381
320	192	384	320	197	380
384	192	384	379	198	380
448	192	384	437	198	379
512	192	384	495	199	380
576	192	384	555	201	380
640	192	384	615	201	380
704	192	384	674	202	380
768	192	384	733	203	380
832	192	384	795	206	381
896	192	384	855	206	380
960	192	384	914	207	380
1023	192	384	972	209	380
0	256	384	109	261	381
64	256	384	123	261	381
128	256	384	161	261	381
192	256	384	211	261	381
256	256	384	265	262	381
320	256	384	323	262	380
384	256	384	381	263	380
448	256	384	439	263	380
512	256	384	497	264	380
576	256	384	557	265	380
640	256	384	617	265	380
704	256	384	675	266	380
768	256	384	734	267	381
832	256	384	797	268	381
896	256	384	856	269	381
960	256	384	914	270	380
1023	256	384	973	270	380
0	320	384	123	326	383
64	320	384	134	326	382
128	320	384	169	326	382
192	320	384	216	326	382
256	320	384	270	326	382
320	320	384	326	327	382
384	320	384	384	327	382
448	320	384	442	328	382
512	320	384	500	328	382
576	320	384	559	329	382
640	320	384	619	329	382
704	320	384	677	330	382
768	320	384	736	331	382
832	320	384	798	331	382
896	320	384	857	332	382
960	320	384	915	332	381
1023	320	384	974	333	381
0	384	384	138	390	384
64	384	384	149	390	384
128	384	384	179	390	384
192	384	384	224	390	384
256	384	384	276	390	384
320	384	384	331	390	382
384	384	384	388	391	382
448	384	384	444	392	382
512	384	384	502	392	382
576	384	384	561	393	382
640	384	384	621	393	382
704	384	384	678	394	382
768	384	384	738	394	382
832	384	384	799	395	382
896	384	384	858	395	382
960	384	384	917	396	382
1023	384	384	975	397	382
0	448	384	155	451	384
64	448	384	163	451	384
128	448	384	192	452	384
192	448	384	234	452	384
256	448	384	283	452	384
320	448	384	337	452	383
384	448	384	393	453	383
448	448	384	449	453	383
512	448	384	506	453	383
576	448	384	564	454	383
640	448	384	623	454	383
704	448	384	681	454	383
768	448	384	739	455	383
832	448	384	801	455	383
896	448	384	860	456	383
960	448	384	918	457	383
1023	448	384	976	457	383
0	512	384	171	513	385
64	512	384	180	513	385
128	512	384	205	513	385
192	512	384	245	513	385
256	512	384	292	513	385
320	512	384	344	514	385
384	512	384	399	514	384
448	512	384	454	514	384
512	512	384	510	514	384
576	512	384	568	515	384
640	512	384	626	515	383
704	512	384	683	515	384
768	512	384	742	516	384
832	512	384	803	516	384
896	512	384	862	517	384
960	512	384	920	517	384
1023	512	384	977	517	383
0	576	384	188	576	386
64	576	384	196	576	386
128	576	384	219	576	386
192	576	384	256	576	386
256	576	384	301	577	385
320	576	384	351	577	385
384	576	384	405	577	385
448	576	384	459	577	385
512	576	384	515	577	385
576	576	384	572	578	385
640	576	384	630	578	385
704	576	384	687	578	385
768	576	384	745	579	385
832	576	384	806	580	385
896	576	384	865	580	385
960	576	384	923	581	385
1023	576	384	980	580	385
0	640	384	206	638	388
64	640	384	212	638	388
128	640	384	234	638	388
192	640	384	269	638	388
256	640	384	312	638	386
320	640	384	360	638	387
384	640	384	412	638	386
448	640	384	465	639	386
512	640	384	520	639	386
576	640	384	578	640	386
640	640	384	634	640	386
704	640	384	691	641	386
768	640	384	749	641	386
832	640	384	809	642	386
896	640	384	868	642	387
960	640	384	925	642	386
1023	640	384	983	642	386
0	704	384	225	700	388
64	704	384	230	700	388
128	704	384	250	700	388
192	704	384	282	700	388
256	704	384	323	700	388
320	704	384	370	700	388
384	704	384	420	700	388
448	704	384	472	701	388
512	704	384	527	701	387
576	704	384	583	702	388
640	704	384	639	702	387
704	704	384	695	702	387
768	704	384	753	703	388
832	704	384	813	703	388
896	704	384	871	703	388
960	704	384	929	704	388
1023	704	384	986	705	388
0	768	384	243	763	390
64	768	384	248	763	390
128	768	384	266	763	390
192	768	384	296	763	389
256	768	384	335	763	389
320	768	384	380	763	389
384	768	384	429	764	389
448	768	384	480	764	389
512	768	384	533	764	389
576	768	384	589	764	389
640	768	384	644	764	389
704	768	384	700	765	389
768	768	384	758	766	389
832	768	384	816	766	389
896	768	384	875	767	389
960	768	384	932	767	389
1023	768	384	989	767	389
0	832	384	262	827	392
64	832	384	267	827	392
128	832	384	284	827	392
192	832	384	312	827	391
256	832	384	348	827	391
320	832	384	392	827	391
384	832	384	438	827	390
448	832	384	488	827	390
512	832	384	540	827	390
576	832	384	596	827	390
640	832	384	650	828	390
704	832	384	705	829	390
768	832	384	763	830	391
832	832	384	821	830	390
896	832	384	879	830	390
960	832	384	936	830	390
1023	832	384	993	831	390
0	896	384	281	888	395
64	896	384	285	888	395
128	896	384	301	888	393
192	896	384	327	888	393
256	896	384	361	888	393
320	896	384	403	888	393
384	896	384	449	889	392
448	896	384	497	889	392
512	896	384	548	890	392
576	896	384	603	890	392
640	896	384	656	890	392
704	896	384	711	891	393
768	896	384	769	892	393
832	896	384	826	891	392
896	896	384	884	892	392
960	896	384	941	893	392
1023	896	384	997	893	392
0	960	384	299	949	394
64	960	384	303	949	394
128	960	384	317	949	394
192	960	384	342	950	394
256	960	384	376	950	394
320	960	384	416	951	394
384	960	384	460	951	394
448	960	384	507	951	394
512	960	384	557	951	394
576	960	384	611	951	394
640	960	384	662	951	394
704	960	384	717	952	394
768	960	384	775	952	394
832	960	384	832	953	394
896	960	384	889	953	394
960	960	384	945	953	394
1023	960	384	1001	954	394
0	1023	384	317	1011	397
64	1023	384	322	1011	397
128	1023	384	335	1011	397
192	1023	384	358	1012	397
256	1023	384	390	1012	397
320	1023	384	428	1012	396
384	1023	384	470	1012	396
448	1023	384	517	1013	396
512	1023	384	567	1013	396
576	1023	384	619	1013	396
640	1023	384	671	1015	396
704	1023	384	725	1015	396
768	1023	384	782	1015	396
832	1023	384	838	1015	396
896	1023	384	894	1015	396
960	1023	384	950	1016	395
1023	1023	384	1006	1017	396
0	0	448	97	23	444
64	0	448	113	23	444
128	0	448	153	23	443
192	0	448	206	23	443
256	0	448	262	23	443
320	0	448	320	32	443
384	0	448	379	38	443
448	0	448	437	44	443
512	0	448	495	44	443
576	0	448	554	44	443
640	0	448	616	53	443
704	0	448	673	53	443
768	0	448	733	63	443
832	0	448	796	66	443
896	0	448	855	72	443
960	0	448	914	75	443
1023	0	448	973	82	443
0	64	448	99	69	444
64	64	448	113	69	444
128	64	448	155	69	444
192	64	448	206	69	443
256	64	448	262	69	443
320	64	448	321	72	443
384	64	448	379	72	443
448	64	448	438	75	443
512	64	448	496	77	443
576	64	448	555	82	443
640	64	448	616	82	443
704	64	448	674	85	443
768	64	448	733	87	443
832	64	448	796	91	443
896	64	448	855	95	443
960	64	448	914	97	443
1023	64	448	973	101	443
0	128	448	103	132	444
64	128	448	119	132	444
128	128	448	157	132	444
192	128	448	207	132	443
256	128	448	263	132	443
320	128	448	322	134	443
384	128	448	380	134	443
448	128	448	438	136	443
512	128	448	496	137	443
576	128	448	555	138	443
640	128	448	616	138	443
704	128	448	674	141	443
768	128	448	734	142	443
832	128	448	796	144	443
896	128	448	856	145	443
960	128	448	914	148	443
1023	128	448	973	150	443
0	192	448	109	196	444
64	192	448	125	196	444
128	192	448	161	197	444
192	192	448	210	197	444
256	192	448	266	197	443
320	192	448	323	198	443
384	192	448	381	198	443
448	192	448	439	199	443
512	192	448	498	200	443
576	192	448	557	201	443
640	192	448	617	201	443
704	192	448	675	202	443
768	192	448	734	203	443
832	192	448	797	206	443
896	192	448	856	206	443
960	192	448	915	207	443
1023	192	448	973	209	443
0	256	448	120	261	444
64	256	448	133	262	444
128	256	448	168	262	444
192	256	448	215	262	444
256	256	448	269	262	444
320	256	448	326	262	443
384	256	448	383	263	443
448	256	448	441	263	443
512	256	448	499	265	443
576	256	448	559	265	443
640	256	448	618	266	443
704	256	448	676	266	443
768	256	448	735	267	443
832	256	448	798	269	443
896	256	448	857	269	443
960	256	448	915	270	443
1023	256	448	974	271	443
0	320	448	132	326	446
64	320	448	143	326	446
128	320	448	176	326	446
192	320	448	221	327	445
256	320	448	274	327	445
320	320	448	329	327	444
384	320	448	386	327	444
448	320	448	444	328	444
512	320	448	501	329	444
576	320	448	561	330	444
640	320	448	620	330	444
704	320	448	678	330	444
768	320	448	737	331	444
832	320	448	799	331	444
896	320	448	858	332	444
960	320	448	916	333	444
1023	320	448	974	334	444
0	384	448	147	390	447
64	384	448	156	390	447
128	384	448	186	390	447
192	384	448	228	391	446
256	384	448	280	391	446
320	384	448	333	392	445
384	384	448	390	392	445
448	384	448	447	392	445
512	384	448	504	393	444
576	384	448	563	393	445
640	384	448	622	394	444
704	384	448	680	394	444
768	384	448	739	395	444
832	384	448	800	395	445
896	384	448	859	396	444
960	384	448	917	397	444
1023	384	448	975	397	444
0	448	448	161	452	447
64	448	448	169	452	447
128	448	448	198	452	447
192	448	448	238	452	447
256	448	448	286	452	446
320	448	448	339	453	446
384	448	448	395	453	446
448	448	448	451	453	445
512	448	448	508	454	445
576	448	448	566	454	445
640	448	448	624	454	445
704	448	448	682	454	445
768	448	448	740	455	445
832	448	448	802	456	446
896	448	448	861	457	445
960	448	448	919	457	445
1023	448	448	977	457	445
0	512	448	178	513	448
64	512	448	185	513	448
128	512	448	210	513	447
192	512	448	248	513	447
256	512	448	295	514	446
320	512	448	346	514	446
384	512	448	401	514	446
448	512	448	455	514	446
512	512	448	511	514	446
576	512	448	569	515	446
640	512	448	627	515	446
704	512	448	684	515	446
768	512	448	743	516	446
832	512	448	804	517	446
896	512	448	863	517	446
960	512	448	921	518	446
1023	512	448	978	518	446
0	576	448	193	576	449
64	576	448	201	576	449
128	576	448	223	576	448
192	576	448	259	576	448
256	576	448	304	576	447
320	576	448	354	577	447
384	576	448	407	577	447
448	576	448	461	577	447
512	576	448	516	578	447
576	576	448	574	578	447
640	576	448	631	578	447
704	576	448	688	579	447
768	576	448	746	579	447
832	576	448	807	580	447
896	576	448	866	581	447
960	576	448	923	581	447
1023	576	448	981	581	447
0	640	448	211	638	449
64	640	448	218	638	449
128	640	448	238	638	449
192	640	448	272	638	449
256	640	448	315	638	448
320	640	448	363	639	448
384	640	448	414	639	448
448	640	448	467	639	448
512	640	448	522	640	448
576	640	448	579	640	448
640	640	448	635	640	448
704	640	448	692	641	447
768	640	448	750	641	448
832	640	448	810	642	448
896	640	448	869	642	448
960	640	448	926	643	448
1023	640	448	984	643	448
0	704	448	229	700	450
64	704	448	234	700	450
128	704	448	254	700	450
192	704	448	285	700	450
256	704	448	326	701	450
320	704	448	372	701	449
384	704	448	423	701	449
448	704	448	474	702	449
512	704	448	528	702	449
576	704	448	584	702	449
640	704	448	640	702	449
704	704	448	696	703	449
768	704	448	754	703	449
832	704	448	813	703	449
896	704	448	872	704	449
960	704	448	929	704	449
1023	704	448	987	705	449
0	768	448	247	763	452
64	768	448	252	763	452
128	768	448	270	763	452
192	768	448	299	763	451
256	768	448	337	763	451
320	768	448	382	764	451
384	768	448	431	764	451
448	768	448	481	764	451
512	768	448	535	764	450
576	768	448	590	764	450
640	768	448	645	765	450
704	768	448	701	765	450
768	768	448	759	766	450
832	768	448	818	767	451
896	768	448	876	767	450
960	768	448	932	767	450
1023	768	448	990	767	450
0	832	448	265	827	453
64	832	448	270	827	453
128	832	448	287	827	453
192	832	448	314	827	452
256	832	448	350	827	452
320	832	448	393	827	452
384	832	448	440	827	452
448	832	448	490	827	452
512	832	448	542	828	452
576	832	448	597	828	452
640	832	448	651	829	452
704	832	448	707	829	452
768	832	448	765	830	452
832	832	448	822	830	452
896	832	448	880	830	451
960	832	448	937	831	452
1023	832	448	994	831	451
0	896	448	283	889	455
64	896	448	288	889	455
128	896	448	303	889	454
192	896	448	330	889	454
256	896	448	364	889	454
320	896	448	405	889	454
384	896	448	451	890	454
448	896	448	499	890	454
512	896	448	550	891	453
576	896	448	604	890	453
640	896	448	657	891	453
704	896	448	713	892	453
768	896	448	770	892	453
832	896	448	827	892	453
896	896	448	885	892	453
960	896	448	942	893	453
1023	896	448	998	893	453
0	960	448	302	950	456
64	960	448	307	950	456
128	960	448	321	951	456
192	960	448	345	951	456
256	960	448	378	951	455
320	960	448	418	951	455
384	960	448	461	951	455
448	960	448	509	951	455
512	960	448	559	952	455
576	960	448	612	951	455
640	960	448	664	952	455
704	960	448	719	953	455
768	960	448	777	953	455
832	960	448	833	954	455
896	960	448	890	954	455
960	960	448	946	954	455
1023	960	448	1002	955	455
0	1023	448	321	1012	457
64	1023	448	324	1012	457
128	1023	448	337	1012	457
192	1023	448	361	1012	457
256	1023	448	392	1012	457
320	1023	448	430	1013	457
384	1023	448	472	1013	457
448	1023	448	519	1014	457
512	1023	448	568	1014	457
576	1023	448	620	1014	457
640	1023	448	672	1015	457
704	1023	448	725	1015	456
768	1023	448	783	1015	457
832	1023	448	838	1016	456
896	1023	448	895	1016	456
960	1023	448	951	1017	456
1023	1023	448	1007	1017	456
0	0	512	111	23	507
64	0	512	125	23	507
128	0	512	162	23	506
192	0	512	210	23	506
256	0	512	266	23	506
320	0	512	323	32	506
384	0	512	382	38	506
448	0	512	440	44	506
512	0	512	498	44	505
576	0	512	557	53	505
640	0	512	617	57	505
704	0	512	675	60	505
768	0	512	735	63	505
832	0	512	797	66	505
896	0	512	856	72	505
960	0	512	915	77	505
1023	0	512	974	82	505
0	64	512	113	69	507
64	64	512	126	69	507
128	64	512	163	69	506
192	64	512	212	69	506
256	64	512	267	72	506
320	64	512	324	72	506
384	64	512	382	75	506
448	64	512	440	75	506
512	64	512	498	77	505
576	64	512	557	82	505
640	64	512	618	82	505
704	64	512	675	85	505
768	64	512	735	87	505
832	64	512	797	91	505
896	64	512	856	95	505
960	64	512	916	99	505
1023	64	512	974	101	505
0	128	512	116	132	507
64	128	512	129	132	507
128	128	512	165	132	506
192	128	512	213	132	506
256	128	512	267	134	506
320	128	512	325	134	506
384	128	512	383	134	506
448	128	512	441	136	506
512	128	512	498	138	505
576	128	512	557	138	505
640	128	512	618	141	505
704	128	512	676	141	505
768	128	512	735	142	505
832	128	512	797	144	505
896	128	512	857	145	505
960	128	512	916	148	505
1023	128	512	975	150	505
0	192	512	122	197	507
64	192	512	134	197	507
128	192	512	169	198	507
192	192	512	216	198	506
256	192	512	270	198	506
320	192	512	326	198	506
384	192	512	384	198	506
448	192	512	442	199	506
512	192	512	500	201	506
576	192	512	559	201	505
640	192	512	619	201	505
704	192	512	676	202	505
768	192	512	736	204	505
832	192	512	798	206	505
896	192	512	857	206	505
960	192	512	916	207	505
1023	192	512	975	209	505
0	256	512	130	262	508
64	256	512	143	262	508
128	256	512	175	262	507
192	256	512	221	262	507
256	256	512	273	262	506
320	256	512	329	263	506
384	256	512	386	263	506
448	256	512	443	264	506
512	256	512	501	265	506
576	256	512	560	265	505
640	256	512	620	266	505
704	256	512	677	266	505
768	256	512	736	267	506
832	256	512	798	269	506
896	256	512	858	270	506
960	256	512	917	271	505
1023	256	512	975	271	505
0	320	512	143	327	509
64	320	512	152	327	509
128	320	512	183	327	509
192	320	512	226	327	508
256	320	512	277	327	508
320	320	512	332	327	507
384	320	512	389	328	507
448	320	512	446	328	506
512	320	512	503	329	506
576	320	512	562	329	506
640	320	512	621	330	506
704	320	512	679	330	506
768	320	512	738	331	506
832	320	512	800	332	506
896	320	512	859	333	506
960	320	512	917	333	506
1023	320	512	975	334	506
0	384	512	156	391	509
64	384	512	164	391	509
128	384	512	192	391	509
192	384	512	234	391	509
256	384	512	283	392	508
320	384	512	337	392	508
384	384	512	393	392	508
448	384	512	449	392	507
512	384	512	506	393	507
576	384	512	564	393	506
640	384	512	623	393	506
704	384	512	681	394	506
768	384	512	739	395	506
832	384	512	801	396	507
896	384	512	860	396	506
960	384	512	918	397	506
1023	384	512	976	397	506
0	448	512	169	452	510
64	448	512	177	452	510
128	448	512	203	452	510
192	448	512	242	452	509
256	448	512	290	453	509
320	448	512	342	453	508
384	448	512	397	453	508
448	448	512	453	453	507
512	448	512	509	454	507
576	448	512	567	454	507
640	448	512	626	454	507
704	448	512	683	455	507
768	448	512	742	456	507
832	448	512	803	456	507
896	448	512	862	457	507
960	448	512	920	457	507
1023	448	512	978	458	507
0	512	512	184	513	510
64	512	512	192	513	510
128	512	512	215	513	510
192	512	512	253	514	509
256	512	512	298	513	508
320	512	512	349	514	508
384	512	512	403	514	508
448	512	512	457	514	508
512	512	512	513	515	508
576	512	512	571	515	508
640	512	512	629	516	508
704	512	512	686	516	508
768	512	512	744	516	508
832	512	512	805	517	508
896	512	512	865	517	508
960	512	512	922	518	508
1023	512	512	980	519	508
0	576	512	199	576	511
64	576	512	206	576	510
128	576	512	228	576	510
192	576	512	263	577	510
256	576	512	307	577	509
320	576	512	357	577	509
384	576	512	409	577	509
448	576	512	463	578	509
512	576	512	518	578	509
576	576	512	575	578	509
640	576	512	633	579	509
704	576	512	689	579	509
768	576	512	748	580	509
832	576	512	808	581	509
896	576	512	867	581	509
960	576	512	924	581	509
1023	576	512	982	582	509
0	640	512	216	639	512
64	640	512	223	639	512
128	640	512	243	639	511
192	640	512	276	639	511
256	640	512	318	639	510
320	640	512	366	639	510
384	640	512	417	640	510
448	640	512	469	640	510
512	640	512	524	640	510
576	640	512	580	641	510
640	640	512	637	641	510
704	640	512	693	641	509
768	640	512	751	641	510
832	640	512	811	642	510
896	640	512	870	642	510
960	640	512	927	643	510
1023	640	512	985	643	510
0	704	512	234	700	512
64	704	512	240	700	512
128	704	512	258	700	512
192	704	512	289	700	511
256	704	512	329	701	511
320	704	512	375	701	511
384	704	512	425	702	511
448	704	512	476	702	511
512	704	512	530	702	511
576	704	512	586	702	511
640	704	512	641	702	510
704	704	512	698	703	511
768	704	512	755	703	511
832	704	512	814	704	511
896	704	512	874	705	510
960	704	512	930	704	510
1023	704	512	987	705	511
0	768	512	251	763	513
64	768	512	256	763	513
128	768	512	274	763	513
192	768	512	303	764	512
256	768	512	340	764	512
320	768	512	385	764	512
384	768	512	433	764	512
448	768	512	483	764	512
512	768	512	537	765	511
576	768	512	592	765	512
640	768	512	647	766	512
704	768	512	703	766	512
768	768	512	761	767	512
832	768	512	819	768	512
896	768	512	877	767	511
960	768	512	934	768	512
1023	768	512	991	769	512
0	832	512	269	827	514
64	832	512	274	827	514
128	832	512	290	827	514
192	832	512	317	827	514
256	832	512	353	828	514
320	832	512	396	828	514
384	832	512	443	828	514
448	832	512	492	829	514
512	832	512	544	829	513
576	832	512	599	829	513
640	832	512	653	829	513
704	832	512	708	830	513
768	832	512	766	830	513
832	832	512	823	830	513
896	832	512	881	831	513
960	832	512	938	832	513
1023	832	512	995	832	513
0	896	512	288	890	516
64	896	512	292	890	516
128	896	512	307	890	515
192	896	512	332	890	515
256	896	512	366	890	515
320	896	512	408	890	515
384	896	512	453	890	515
448	896	512	501	890	515
512	896	512	552	891	514
576	896	512	606	891	514
640	896	512	659	892	514
704	896	512	714	892	514
768	896	512	772	893	514
832	896	512	829	893	514
896	896	512	886	893	514
960	896	512	943	894	514
1023	896	512	999	894	514
0	960	512	306	951	517
64	960	512	310	951	517
128	960	512	324	951	517
192	960	512	348	951	517
256	960	512	381	951	517
320	960	512	420	951	516
384	960	512	463	951	516
448	960	512	510	952	516
512	960	512	561	952	516
576	960	512	614	952	516
640	960	512	666	953	516
704	960	512	720	953	516
768	960	512	778	954	516
832	960	512	834	955	516
896	960	512	891	954	516
960	960	512	947	955	516
1023	960	512	1004	956	516
0	1023	512	324	1013	518
64	1023	512	327	1013	518
128	1023	512	340	1013	518
192	1023	512	363	1013	518
256	1023	512	395	1013	518
320	1023	512	432	1014	518
384	1023	512	475	1014	518
448	1023	512	520	1015	518
512	1023	512	570	1015	518
576	1023	512	622	1015	517
640	1023	512	673	1015	517
704	1023	512	727	1015	517
768	1023	512	784	1016	517
832	1023	512	840	1016	517
896	1023	512	897	1017	517
960	1023	512	952	1017	517
1023	1023	512	1008	1017	517
0	0	576	126	23	570
64	0	576	137	23	570
128	0	576	171	23	570
192	0	576	218	32	569
256	0	576	271	38	569
320	0	576	327	38	568
384	0	576	385	44	568
448	0	576	443	44	568
512	0	576	500	44	568
576	0	576	559	53	567
640	0	576	619	57	567
704	0	576	677	60	567
768	0	576	736	63	568
832	0	576	798	69	567
896	0	576	858	72	568
960	0	576	917	77	568
1023	0	576	975	82	567
0	64	576	128	69	570
64	64	576	138	69	570
128	64	576	171	69	570
192	64	576	218	72	569
256	64	576	272	72	569
320	64	576	327	72	568
384	64	576	385	75	568
448	64	576	443	77	568
512	64	576	501	80	568
576	64	576	560	82	567
640	64	576	619	82	567
704	64	576	677	87	567
768	64	576	736	87	568
832	64	576	798	93	567
896	64	576	858	95	568
960	64	576	917	99	568
1023	64	576	975	103	567
0	128	576	130	133	570
64	128	576	141	133	570
128	128	576	173	133	570
192	128	576	219	134	569
256	128	576	273	134	569
320	128	576	329	134	568
384	128	576	385	136	568
448	128	576	443	136	568
512	128	576	501	138	568
576	128	576	560	138	568
640	128	576	620	141	568
704	128	576	678	141	568
768	128	576	736	143	568
832	128	576	798	145	567
896	128	576	858	147	568
960	128	576	917	148	568
1023	128	576	975	150	567
0	192	576	136	198	570
64	192	576	145	198	570
128	192	576	178	198	570
192	192	576	222	198	570
256	192	576	275	198	569
320	192	576	330	198	569
384	192	576	387	199	568
448	192	576	444	200	568
512	192	576	502	201	568
576	192	576	561	201	568
640	192	576	620	202	568
704	192	576	678	203	568
768	192	576	737	205	568
832	192	576	799	206	568
896	192	576	859	207	568
960	192	576	917	207	568
1023	192	576	976	209	568
0	256	576	143	262	570
64	256	576	153	262	570
128	256	576	183	262	570
192	256	576	227	263	570
256	256	576	277	263	569
320	256	576	332	263	569
384	256	576	389	264	568
448	256	576	446	264	568
512	256	576	504	265	568
576	256	576	562	265	568
640	256	576	621	266	568
704	256	576	679	267	568
768	256	576	738	269	568
832	256	576	800	269	568
896	256	576	860	270	568
960	256	576	918	271	568
1023	256	576	976	272	568
0	320	576	152	327	571
64	320	576	162	327	571
128	320	576	190	327	571
192	320	576	232	327	570
256	320	576	282	327	570
320	320	576	335	327	569
384	320	576	392	328	569
448	320	576	448	328	569
512	320	576	505	329	569
576	320	576	564	329	568
640	320	576	623	330	568
704	320	576	681	331	568
768	320	576	740	331	569
832	320	576	801	332	569
896	320	576	861	333	568
960	320	576	918	334	568
1023	320	576	976	334	568
0	384	576	163	390	572
64	384	576	172	390	572
128	384	576	198	391	572
192	384	576	239	391	571
256	384	576	287	391	570
320	384	576	340	392	570
384	384	576	395	392	570
448	384	576	451	392	569
512	384	576	508	393	569
576	384	576	566	393	569
640	384	576	625	394	569
704	384	576	683	394	569
768	384	576	741	395	569
832	384	576	803	396	569
896	384	576	862	396	569
960	384	576	919	397	569
1023	384	576	978	398	569
0	448	576	178	452	572
64	448	576	186	452	572
128	448	576	209	452	572
192	448	576	247	452	571
256	448	576	294	453	570
320	448	576	346	453	570
384	448	576	400	454	570
448	448	576	455	454	570
512	448	576	512	454	569
576	448	576	569	455	569
640	448	576	628	455	569
704	448	576	685	456	569
768	448	576	743	456	569
832	448	576	804	457	569
896	448	576	863	457	569
960	448	576	921	458	569
1023	448	576	979	458	569
0	512	576	192	513	573
64	512	576	198	514	573
128	512	576	222	514	572
192	512	576	258	514	572
256	512	576	302	514	571
320	512	576	353	514	571
384	512	576	406	515	571
448	512	576	460	515	570
512	512	576	516	515	570
576	512	576	573	516	570
640	512	576	631	516	570
704	512	576	688	516	570
768	512	576	746	517	570
832	512	576	807	518	570
896	512	576	866	518	570
960	512	576	923	518	570
1023	512	576	981	519	570
0	576	576	206	577	573
64	576	576	213	577	573
128	576	576	234	577	573
192	576	576	269	577	573
256	576	576	311	577	571
320	576	576	360	578	571
384	576	576	412	578	571
448	576	576	465	578	571
512	576	576	521	579	571
576	576	576	578	579	571
640	576	576	635	579	571
704	576	576	691	580	570
768	576	576	749	580	571
832	576	576	809	581	571
896	576	576	868	581	571
960	576	576	926	582	571
1023	576	576	983	582	571
0	640	576	223	639	574
64	640	576	228	639	574
128	640	576	248	640	574
192	640	576	281	640	574
256	640	576	322	640	572
320	640	576	368	640	572
384	640	576	419	640	572
448	640	576	472	641	572
512	640	576	526	641	572
576	640	576	582	641	572
640	640	576	639	641	572
704	640	576	695	642	571
768	640	576	753	642	572
832	640	576	813	643	572
896	640	576	871	643	572
960	640	576	928	643	571
1023	640	576	986	644	572
0	704	576	239	700	574
64	704	576	245	701	574
128	704	576	263	701	573
192	704	576	293	701	573
256	704	576	332	701	573
320	704	576	378	701	573
384	704	576	427	702	573
448	704	576	478	702	573
512	704	576	532	702	573
576	704	576	588	703	573
640	704	576	643	703	573
704	704	576	700	705	573
768	704	576	758	705	573
832	704	576	817	705	573
896	704	576	875	705	572
960	704	576	931	705	573
1023	704	576	989	706	573
0	768	576	256	764	575
64	768	576	261	764	575
128	768	576	278	764	575
192	768	576	307	765	574
256	768	576	344	765	574
320	768	576	388	765	574
384	768	576	436	765	574
448	768	576	486	765	574
512	768	576	539	766	574
576	768	576	595	767	574
640	768	576	649	767	574
704	768	576	704	767	574
768	768	576	762	768	574
832	768	576	820	768	574
896	768	576	879	768	573
960	768	576	936	769	574
1023	768	576	993	770	574
0	832	576	274	828	576
64	832	576	279	828	576
128	832	576	294	828	576
192	832	576	322	828	576
256	832	576	357	829	576
320	832	576	400	829	575
384	832	576	446	829	575
448	832	576	495	830	575
512	832	576	546	830	575
576	832	576	601	830	575
640	832	576	654	830	574
704	832	576	710	830	574
768	832	576	767	831	575
832	832	576	825	832	575
896	832	576	883	832	575
960	832	576	939	832	574
1023	832	576	996	832	575
0	896	576	292	890	578
64	896	576	296	890	577
128	896	576	311	890	577
192	896	576	335	890	577
256	896	576	370	890	577
320	896	576	410	890	576
384	896	576	455	891	576
448	896	576	503	891	576
512	896	576	554	891	576
576	896	576	608	892	576
640	896	576	661	893	576
704	896	576	716	893	576
768	896	576	774	894	576
832	896	576	830	894	576
896	896	576	887	893	576
960	896	576	944	895	576
1023	896	576	1001	896	576
0	960	576	309	951	578
64	960	576	314	951	578
128	960	576	327	951	578
192	960	576	351	951	578
256	960	576	383	951	578
320	960	576	422	952	578
384	960	576	465	952	578
448	960	576	512	952	578
512	960	576	563	953	578
576	960	576	616	953	577
640	960	576	668	954	578
704	960	576	722	954	577
768	960	576	780	955	578
832	960	576	835	955	577
896	960	576	892	955	577
960	960	576	949	956	577
1023	960	576	1005	956	577
0	1023	576	327	1014	579
64	1023	576	331	1014	579
128	1023	576	344	1014	579
192	1023	576	366	1014	579
256	1023	576	398	1014	579
320	1023	576	435	1015	579
384	1023	576	477	1015	579
448	1023	576	523	1015	579
512	1023	576	572	1015	579
576	1023	576	623	1015	578
640	1023	576	675	1015	578
704	1023	576	728	1016	578
768	1023	576	786	1017	579
832	1023	576	841	1017	578
896	1023	576	898	1018	578
960	1023	576	953	1018	578
1023	1023	576	1009	1018	578
0	0	640	139	32	632
64	0	640	149	32	632
128	0	640	180	32	632
192	0	640	225	38	631
256	0	640	276	38	631
320	0	640	331	38	630
384	0	640	388	44	630
448	0	640	445	44	630
512	0	640	503	48	630
576	0	640	561	53	630
640	0	640	621	57	630
704	0	640	679	60	630
768	0	640	738	63	630
832	0	640	800	72	630
896	0	640	860	75	630
960	0	640	918	80	630
1023	0	640	977	82	630
0	64	640	141	72	632
64	64	640	150	72	632
128	64	640	181	72	632
192	64	640	225	72	631
256	64	640	277	72	631
320	64	640	332	75	630
384	64	640	388	77	630
448	64	640	446	77	630
512	64	640	503	80	630
576	64	640	562	82	630
640	64	640	621	82	630
704	64	640	679	87	630
768	64	640	738	91	630
832	64	640	800	93	630
896	64	640	860	95	630
960	64	640	918	99	630
1023	64	640	977	103	630
0	128	640	143	133	632
64	128	640	152	134	632
128	128	640	182	134	632
192	128	640	226	134	631
256	128	640	277	134	631
320	128	640	332	136	630
384	128	640	389	136	630
448	128	640	446	138	630
512	128	640	504	138	630
576	128	640	562	138	630
640	128	640	622	141	630
704	128	640	679	142	630
768	128	640	739	144	630
832	128	640	800	145	630
896	128	640	860	148	630
960	128	640	919	150	630
1023	128	640	977	152	630
0	192	640	148	198	632
64	192	640	157	198	632
128	192	640	186	198	632
192	192	640	230	198	632
256	192	640	280	198	631
320	192	640	334	198	630
384	192	640	390	199	630
448	192	640	447	200	630
512	192	640	504	201	630
576	192	640	563	202	630
640	192	640	623	202	630
704	192	640	680	204	630
768	192	640	739	205	630
832	192	640	801	207	630
896	192	640	861	207	630
960	192	640	919	209	630
1023	192	640	977	210	630
0	256	640	155	263	633
64	256	640	164	263	633
128	256	640	191	263	632
192	256	640	233	263	632
256	256	640	282	263	632
320	256	640	336	263	631
384	256	640	393	264	631
448	256	640	449	265	630
512	256	640	506	265	630
576	256	640	565	266	630
640	256	640	624	267	630
704	256	640	681	268	630
768	256	640	740	269	630
832	256	640	802	269	630
896	256	640	861	271	630
960	256	640	919	271	630
1023	256	640	977	272	630
0	320	640	163	327	633
64	320	640	171	327	633
128	320	640	198	327	633
192	320	640	238	327	633
256	320	640	286	327	632
320	320	640	339	328	632
384	320	640	395	329	632
448	320	640	451	329	631
512	320	640	508	330	631
576	320	640	567	330	631
640	320	640	625	331	631
704	320	640	683	331	631
768	320	640	742	332	631
832	320	640	803	333	631
896	320	640	862	334	630
960	320	640	920	334	630
1023	320	640	978	335	630
0	384	640	174	392	635
64	384	640	181	392	635
128	384	640	207	392	634
192	384	640	245	392	634
256	384	640	292	392	632
320	384	640	344	392	632
384	384	640	399	393	632
448	384	640	454	393	632
512	384	640	511	394	631
576	384	640	569	394	632
640	384	640	627	395	631
704	384	640	685	395	631
768	384	640	743	396	631
832	384	640	804	397	631
896	384	640	863	397	631
960	384	640	921	398	630
1023	384	640	979	398	631
0	448	640	186	453	635
64	448	640	193	453	634
128	448	640	217	453	634
192	448	640	253	453	634
256	448	640	299	453	633
320	448	640	350	454	633
384	448	640	404	454	632
448	448	640	458	455	632
512	448	640	514	455	632
576	448	640	572	455	632
640	448	640	630	456	632
704	448	640	687	456	631
768	448	640	745	457	631
832	448	640	806	457	631
896	448	640	865	457	631
960	448	640	922	458	631
1023	448	640	980	459	631
0	512	640	200	514	635
64	512	640	207	514	635
128	512	640	228	514	635
192	512	640	263	514	634
256	512	640	307	515	633
320	512	640	357	515	633
384	512	640	409	516	633
448	512	640	463	516	633
512	512	640	519	516	632
576	512	640	576	516	632
640	512	640	633	517	632
704	512	640	689	517	632
768	512	640	748	517	632
832	512	640	808	518	632
896	512	640	867	519	632
960	512	640	924	519	632
1023	512	640	982	519	632
0	576	640	215	578	636
64	576	640	221	578	636
128	576	640	240	578	635
192	576	640	274	578	635
256	576	640	316	578	634
320	576	640	364	578	633
384	576	640	415	578	633
448	576	640	468	579	633
512	576	640	523	579	633
576	576	640	580	580	633
640	576	640	637	580	633
704	576	640	693	580	633
768	576	640	751	581	633
832	576	640	811	582	633
896	576	640	870	582	633
960	576	640	927	582	633
1023	576	640	985	583	633
0	640	640	229	640	637
64	640	640	236	640	637
128	640	640	255	640	636
192	640	640	285	640	636
256	640	640	326	640	634
320	640	640	372	640	634
384	640	640	422	641	634
448	640	640	474	641	634
512	640	640	529	641	634
576	640	640	585	642	634
640	640	640	641	642	634
704	640	640	697	643	633
768	640	640	755	643	634
832	640	640	815	644	634
896	640	640	873	643	633
960	640	640	930	644	633
1023	640	640	988	645	634
0	704	640	246	701	636
64	704	640	251	701	636
128	704	640	269	702	635
192	704	640	298	702	635
256	704	640	336	702	635
320	704	640	382	702	635
384	704	640	431	703	635
448	704	640	481	703	635
512	704	640	535	703	635
576	704	640	591	704	634
640	704	640	645	704	634
704	704	640	702	705	635
768	704	640	760	705	634
832	704	640	818	705	634
896	704	640	876	706	634
960	704	640	933	706	635
1023	704	640	990	706	634
0	768	640	262	765	637
64	768	640	267	765	637
128	768	640	283	765	637
192	768	640	311	765	636
256	768	640	348	765	636
320	768	640	392	766	636
384	768	640	439	766	636
448	768	640	489	766	636
512	768	640	541	767	635
576	768	640	597	767	635
640	768	640	651	767	635
704	768	640	706	767	635
768	768	640	764	768	635
832	768	640	822	768	635
896	768	640	881	769	635
960	768	640	937	769	635
1023	768	640	994	770	635
0	832	640	280	829	638
64	832	640	284	829	638
128	832	640	299	829	637
192	832	640	326	829	637
256	832	640	361	829	637
320	832	640	402	829	637
384	832	640	448	830	637
448	832	640	497	830	636
512	832	640	548	830	636
576	832	640	603	830	636
640	832	640	656	831	636
704	832	640	712	831	637
768	832	640	769	832	637
832	832	640	827	833	637
896	832	640	885	833	636
960	832	640	941	833	636
1023	832	640	998	833	636
0	896	640	296	891	638
64	896	640	300	891	638
128	896	640	315	891	638
192	896	640	340	891	638
256	896	640	373	891	638
320	896	640	413	891	638
384	896	640	458	892	637
448	896	640	506	892	637
512	896	640	557	892	637
576	896	640	611	893	638
640	896	640	663	894	637
704	896	640	718	894	637
768	896	640	775	895	638
832	896	640	831	894	637
896	896	640	889	894	637
960	896	640	945	895	637
1023	896	640	1002	896	637
0	960	640	314	953	639
64	960	640	318	953	639
128	960	640	332	953	639
192	960	640	355	953	639
256	960	640	387	953	639
320	960	640	426	953	639
384	960	640	468	953	639
448	960	640	515	954	639
512	960	640	565	954	639
576	960	640	618	954	639
640	960	640	670	955	639
704	960	640	724	955	638
768	960	640	781	956	639
832	960	640	837	955	638
896	960	640	895	956	638
960	960	640	950	956	639
1023	960	640	1006	956	639
0	1023	640	332	1014	641
64	1023	640	335	1014	641
128	1023	640	348	1014	641
192	1023	640	370	1015	641
256	1023	640	401	1015	641
320	1023	640	438	1015	640
384	1023	640	479	1016	640
448	1023	640	525	1016	640
512	1023	640	574	1016	640
576	1023	640	626	1017	640
640	1023	640	677	1017	640
704	1023	640	731	1018	640
768	1023	640	788	1018	640
832	1023	640	843	1018	640
896	1023	640	899	1018	640
960	1023	640	955	1019	639
1023	1023	640	1011	1020	640
0	0	704	152	38	693
64	0	704	162	38	693
128	0	704	190	38	693
192	0	704	233	38	693
256	0	704	283	38	693
320	0	704	336	44	692
384	0	704	392	44	692
448	0	704	449	48	692
512	0	704	506	53	692
576	0	704	564	53	692
640	0	704	624	57	692
704	0	704	681	63	692
768	0	704	740	66	693
832	0	704	801	72	692
896	0	704	861	77	692
960	0	704	919	80	692
1023	0	704	978	87	692
0	64	704	152	72	693
64	64	704	163	72	693
128	64	704	191	72	693
192	64	704	233	72	693
256	64	704	283	72	693
320	64	704	336	77	692
384	64	704	393	77	692
448	64	704	449	80	692
512	64	704	506	82	692
576	64	704	564	82	692
640	64	704	624	87	692
704	64	704	681	89	692
768	64	704	740	91	693
832	64	704	801	95	692
896	64	704	861	99	692
960	64	704	919	101	692
1023	64	704	978	103	692
0	128	704	155	134	693
64	128	704	165	134	693
128	128	704	193	134	693
192	128	704	234	134	693
256	128	704	283	134	693
320	128	704	337	136	693
384	128	704	393	136	692
448	128	704	449	138	692
512	128	704	506	138	692
576	128	704	565	141	692
640	128	704	624	142	692
704	128	704	682	143	692
768	128	704	741	144	693
832	128	704	802	147	692
896	128	704	861	148	692
960	128	704	920	150	692
1023	128	704	978	152	692
0	192	704	161	198	694
64	192	704	169	198	694
128	192	704	196	198	694
192	192	704	237	199	693
256	192	704	286	199	693
320	192	704	339	199	693
384	192	704	394	201	693
448	192	704	451	201	692
512	192	704	508	201	692
576	192	704	566	202	692
640	192	704	624	202	692
704	192	704	682	204	692
768	192	704	741	206	693
832	192	704	802	207	692
896	192	704	862	207	692
960	192	704	920	209	692
1023	192	704	978	211	692
0	256	704	167	263	694
64	256	704	175	263	694
128	256	704	201	263	694
192	256	704	240	263	694
256	256	704	288	264	693
320	256	704	340	264	693
384	256	704	396	265	693
448	256	704	452	265	692
512	256	704	509	266	693
576	256	704	567	267	693
640	256	704	626	267	692
704	256	704	683	268	692
768	256	704	742	269	693
832	256	704	803	270	693
896	256	704	862	271	692
960	256	704	921	272	692
1023	256	704	978	272	692
0	320	704	174	327	696
64	320	704	182	327	696
128	320	704	207	328	695
192	320	704	246	328	695
256	320	704	292	328	694
320	320	704	344	328	694
384	320	704	399	329	694
448	320	704	454	330	694
512	320	704	511	330	694
576	320	704	569	331	693
640	320	704	627	331	693
704	320	704	684	332	693
768	320	704	743	332	693
832	320	704	804	333	693
896	320	704	863	334	693
960	320	704	921	334	693
1023	320	704	979	335	693
0	384	704	184	392	698
64	384	704	191	392	698
128	384	704	215	392	697
192	384	704	252	392	697
256	384	704	297	393	695
320	384	704	348	393	695
384	384	704	402	393	694
448	384	704	457	393	694
512	384	704	513	394	694
576	384	704	571	394	694
640	384	704	629	395	693
704	384	704	686	395	693
768	384	704	744	396	693
832	384	704	805	396	693
896	384	704	865	397	693
960	384	704	922	398	693
1023	384	704	980	398	693
0	448	704	195	454	698
64	448	704	202	454	697
128	448	704	225	454	697
192	448	704	260	454	697
256	448	704	304	454	695
320	448	704	354	454	695
384	448	704	407	454	694
448	448	704	461	455	694
512	448	704	517	455	694
576	448	704	574	455	694
640	448	704	631	456	694
704	448	704	688	457	694
768	448	704	747	457	693
832	448	704	807	457	693
896	448	704	866	458	693
960	448	704	924	458	693
1023	448	704	982	459	693
0	512	704	209	515	697
64	512	704	215	515	697
128	512	704	236	515	697
192	512	704	269	515	697
256	512	704	312	515	695
320	512	704	360	515	695
384	512	704	412	515	694
448	512	704	466	516	694
512	512	704	521	516	694
576	512	704	578	517	694
640	512	704	635	517	694
704	512	704	692	517	694
768	512	704	750	518	694
832	512	704	810	519	695
896	512	704	869	519	694
960	512	704	926	519	694
1023	512	704	984	520	694
0	576	704	222	578	698
64	576	704	228	578	698
128	576	704	248	578	698
192	576	704	279	578	698
256	576	704	321	578	696
320	576	704	368	578	696
384	576	704	419	579	695
448	576	704	471	579	695
512	576	704	526	580	695
576	576	704	582	580	695
640	576	704	639	580	695
704	576	704	695	581	695
768	576	704	754	582	696
832	576	704	813	582	696
896	576	704	871	582	695
960	576	704	928	582	695
1023	576	704	987	583	695
0	640	704	237	640	699
64	640	704	242	640	699
128	640	704	261	640	699
192	640	704	291	640	698
256	640	704	331	641	697
320	640	704	376	641	697
384	640	704	426	641	696
448	640	704	477	641	696
512	640	704	531	642	696
576	640	704	587	642	696
640	640	704	643	642	696
704	640	704	699	642	696
768	640	704	757	643	696
832	640	704	816	644	696
896	640	704	874	644	695
960	640	704	931	645	695
1023	640	704	989	645	696
0	704	704	252	702	698
64	704	704	257	702	698
128	704	704	274	702	698
192	704	704	303	702	697
256	704	704	340	702	697
320	704	704	385	702	697
384	704	704	434	703	697
448	704	704	484	703	696
512	704	704	537	703	696
576	704	704	593	704	696
640	704	704	647	704	696
704	704	704	703	705	697
768	704	704	761	705	697
832	704	704	819	706	697
896	704	704	878	706	696
960	704	704	934	706	697
1023	704	704	992	707	697
0	768	704	268	766	700
64	768	704	272	766	700
128	768	704	289	766	700
192	768	704	317	766	698
256	768	704	352	766	698
320	768	704	395	766	698
384	768	704	442	766	698
448	768	704	491	767	697
512	768	704	544	767	697
576	768	704	599	767	697
640	768	704	653	768	697
704	768	704	708	769	698
768	768	704	766	769	698
832	768	704	824	769	698
896	768	704	882	769	697
960	768	704	938	770	697
1023	768	704	996	771	697
0	832	704	285	829	700
64	832	704	289	830	700
128	832	704	304	830	699
192	832	704	330	830	699
256	832	704	365	830	699
320	832	704	406	830	699
384	832	704	452	831	699
448	832	704	500	831	699
512	832	704	551	831	699
576	832	704	606	832	699
640	832	704	659	832	699
704	832	704	714	832	699
768	832	704	771	832	698
832	832	704	828	833	698
896	832	704	886	833	698
960	832	704	942	833	698
1023	832	704	999	833	698
0	896	704	301	891	700
64	896	704	306	891	700
128	896	704	320	892	700
192	896	704	344	892	700
256	896	704	378	892	700
320	896	704	417	892	700
384	896	704	461	892	700
448	896	704	508	892	700
512	896	704	559	892	700
576	896	704	612	892	699
640	896	704	664	893	699
704	896	704	719	893	699
768	896	704	776	894	699
832	896	704	833	895	699
896	896	704	890	895	699
960	896	704	946	895	699
1023	896	704	1002	895	699
0	960	704	318	952	702
64	960	704	322	952	702
128	960	704	336	952	702
192	960	704	359	952	702
256	960	704	391	953	702
320	960	704	429	953	701
384	960	704	471	953	701
448	960	704	518	954	700
512	960	704	568	954	700
576	960	704	620	954	700
640	960	704	672	955	700
704	960	704	726	955	700
768	960	704	783	956	700
832	960	704	839	956	701
896	960	704	895	956	700
960	960	704	951	956	700
1023	960	704	1008	957	700
0	1023	704	336	1015	702
64	1023	704	340	1015	702
128	1023	704	353	1015	702
192	1023	704	374	1015	702
256	1023	704	405	1015	702
320	1023	704	441	1016	702
384	1023	704	482	1016	702
448	1023	704	528	1017	702
512	1023	704	577	1017	702
576	1023	704	628	1017	702
640	1023	704	679	1017	702
704	1023	704	732	1018	702
768	1023	704	790	1019	702
832	1023	704	844	1019	701
896	1023	704	901	1019	701
960	1023	704	957	1020	701
1023	1023	704	1012	1019	702
0	0	768	165	38	758
64	0	768	174	38	758
128	0	768	200	38	757
192	0	768	240	38	756
256	0	768	288	44	755
320	0	768	340	44	755
384	0	768	395	48	755
448	0	768	451	53	755
512	0	768	509	53	755
576	0	768	567	57	755
640	0	768	626	60	755
704	0	768	683	66	755
768	0	768	742	69	754
832	0	768	803	72	755
896	0	768	863	77	754
960	0	768	921	82	754
1023	0	768	979	87	754
0	64	768	166	72	758
64	64	768	175	72	758
128	64	768	201	72	757
192	64	768	240	77	757
256	64	768	288	77	755
320	64	768	340	77	755
384	64	768	396	80	755
448	64	768	452	80	755
512	64	768	509	82	755
576	64	768	567	85	755
640	64	768	626	87	755
704	64	768	683	89	755
768	64	768	742	91	754
832	64	768	803	97	755
896	64	768	863	99	754
960	64	768	921	103	754
1023	64	768	979	104	754
0	128	768	169	136	758
64	128	768	177	136	758
128	128	768	202	136	757
192	128	768	242	136	756
256	128	768	289	136	755
320	128	768	341	136	755
384	128	768	397	137	755
448	128	768	452	138	755
512	128	768	509	141	755
576	128	768	567	141	755
640	128	768	626	142	755
704	128	768	684	144	755
768	128	768	742	145	755
832	128	768	803	148	755
896	128	768	863	149	754
960	128	768	921	151	754
1023	128	768	979	152	754
0	192	768	172	198	758
64	192	768	180	198	758
128	192	768	206	198	758
192	192	768	244	199	757
256	192	768	291	199	755
320	192	768	343	200	755
384	192	768	398	201	755
448	192	768	453	201	755
512	192	768	510	202	755
576	192	768	568	203	755
640	192	768	627	204	755
704	192	768	684	206	755
768	192	768	743	206	755
832	192	768	804	207	755
896	192	768	863	208	754
960	192	768	921	209	754
1023	192	768	979	211	754
0	256	768	179	263	758
64	256	768	186	263	758
128	256	768	210	263	758
192	256	768	247	263	757
256	256	768	293	264	755
320	256	768	345	264	755
384	256	768	400	265	755
448	256	768	455	265	755
512	256	768	511	266	755
576	256	768	570	267	755
640	256	768	628	267	755
704	256	768	685	269	755
768	256	768	743	269	755
832	256	768	805	270	755
896	256	768	863	271	754
960	256	768	921	272	754
1023	256	768	980	273	754
0	320	768	185	328	758
64	320	768	192	328	758
128	320	768	215	328	758
192	320	768	252	328	757
256	320	768	297	328	756
320	320	768	348	328	756
384	320	768	402	329	756
448	320	768	457	330	756
512	320	768	514	330	755
576	320	768	571	331	755
640	320	768	629	331	755
704	320	768	687	332	755
768	320	768	745	333	755
832	320	768	806	334	755
896	320	768	865	334	755
960	320	768	922	334	755
1023	320	768	980	336	755
0	384	768	194	392	759
64	384	768	201	392	759
128	384	768	223	392	759
192	384	768	258	392	758
256	384	768	302	392	756
320	384	768	353	393	756
384	384	768	406	393	756
448	384	768	460	394	756
512	384	768	516	394	756
576	384	768	574	395	756
640	384	768	631	395	756
704	384	768	688	396	756
768	384	768	746	396	755
832	384	768	807	397	755
896	384	768	866	398	755
960	384	768	924	398	755
1023	384	768	982	399	755
0	448	768	205	453	759
64	448	768	212	453	759
128	448	768	232	453	759
192	448	768	266	454	758
256	448	768	309	454	757
320	448	768	358	454	757
384	448	768	411	455	756
448	448	768	464	455	756
512	448	768	520	455	756
576	448	768	577	456	756
640	448	768	634	456	755
704	448	768	691	457	756
768	448	768	749	457	756
832	448	768	809	458	756
896	448	768	868	458	756
960	448	768	926	459	756
1023	448	768	983	460	756
0	512	768	218	515	760
64	512	768	223	515	760
128	512	768	242	515	759
192	512	768	275	515	759
256	512	768	317	515	757
320	512	768	365	516	757
384	512	768	416	516	757
448	512	768	469	517	757
512	512	768	524	517	757
576	512	768	581	517	756
640	512	768	637	517	756
704	512	768	694	518	756
768	512	768	752	518	756
832	512	768	812	519	757
896	512	768	871	519	756
960	512	768	928	520	757
1023	512	768	985	520	756
0	576	768	230	578	760
64	576	768	236	579	760
128	576	768	255	579	760
192	576	768	285	579	759
256	576	768	326	579	758
320	576	768	372	579	758
384	576	768	422	580	758
448	576	768	475	580	758
512	576	768	529	580	757
576	576	768	585	580	757
640	576	768	641	581	757
704	576	768	697	581	757
768	576	768	755	582	757
832	576	768	815	582	757
896	576	768	873	582	757
960	576	768	930	583	757
1023	576	768	988	583	757
0	640	768	243	640	760
64	640	768	249	640	760
128	640	768	266	640	760
192	640	768	296	640	758
256	640	768	335	641	758
320	640	768	380	641	758
384	640	768	429	641	758
448	640	768	480	641	758
512	640	768	534	642	758
576	640	768	590	642	758
640	640	768	645	643	758
704	640	768	701	643	758
768	640	768	759	644	758
832	640	768	818	645	758
896	640	768	876	644	757
960	640	768	933	645	758
1023	640	768	991	646	758
0	704	768	259	702	760
64	704	768	263	702	760
128	704	768	281	702	760
192	704	768	308	703	759
256	704	768	346	703	759
320	704	768	390	703	759
384	704	768	437	704	759
448	704	768	487	704	759
512	704	768	540	704	759
576	704	768	596	705	759
640	704	768	650	705	759
704	704	768	705	705	758
768	704	768	763	706	759
832	704	768	821	706	758
896	704	768	880	707	759
960	704	768	937	707	759
1023	704	768	994	708	758
0	768	768	274	766	761
64	768	768	279	766	761
128	768	768	294	766	760
192	768	768	321	766	760
256	768	768	357	766	760
320	768	768	400	767	760
384	768	768	446	767	760
448	768	768	495	767	760
512	768	768	547	768	760
576	768	768	602	768	759
640	768	768	655	768	759
704	768	768	710	768	759
768	768	768	768	769	759
832	768	768	825	769	759
896	768	768	884	770	759
960	768	768	940	770	759
1023	768	768	996	770	759
0	832	768	290	830	761
64	832	768	294	830	761
128	832	768	310	830	761
192	832	768	334	830	761
256	832	768	369	830	761
320	832	768	409	830	761
384	832	768	454	830	760
448	832	768	502	830	760
512	832	768	553	831	761
576	832	768	608	831	760
640	832	768	660	831	761
704	832	768	715	832	761
768	832	768	773	833	761
832	832	768	830	833	760
896	832	768	888	833	760
960	832	768	944	834	760
1023	832	768	1001	834	760
0	896	768	307	892	762
64	896	768	311	892	762
128	896	768	325	892	762
192	896	768	349	892	762
256	896	768	382	892	762
320	896	768	421	892	762
384	896	768	464	893	762
448	896	768	511	893	762
512	896	768	562	894	762
576	896	768	615	894	762
640	896	768	667	894	761
704	896	768	722	895	762
768	896	768	779	895	762
832	896	768	835	895	761
896	896	768	892	895	761
960	896	768	948	896	761
1023	896	768	1005	896	761
0	960	768	324	953	764
64	960	768	327	953	764
128	960	768	340	953	764
192	960	768	364	953	764
256	960	768	395	954	763
320	960	768	432	954	763
384	960	768	474	954	763
448	960	768	521	954	763
512	960	768	570	955	763
576	960	768	623	955	763
640	960	768	674	955	762
704	960	768	728	956	762
768	960	768	785	956	762
832	960	768	840	956	762
896	960	768	897	957	763
960	960	768	953	958	763
1023	960	768	1009	957	762
0	1023	768	340	1015	764
64	1023	768	344	1015	764
128	1023	768	356	1015	764
192	1023	768	379	1015	764
256	1023	768	408	1015	764
320	1023	768	444	1016	764
384	1023	768	485	1016	763
448	1023	768	530	1016	764
512	1023	768	579	1017	763
576	1023	768	629	1017	763
640	1023	768	681	1018	764
704	1023	768	734	1018	764
768	1023	768	791	1018	763
832	1023	768	845	1018	763
896	1023	768	902	1019	763
960	1023	768	958	1020	763
1023	1023	768	1013	1020	763
0	0	832	179	38	820
64	0	832	187	38	820
128	0	832	210	44	820
192	0	832	248	44	819
256	0	832	294	44	819
320	0	832	346	44	819
384	0	832	400	53	819
448	0	832	456	53	819
512	0	832	512	53	819
576	0	832	570	57	818
640	0	832	628	63	818
704	0	832	685	66	818
768	0	832	744	69	818
832	0	832	805	77	818
896	0	832	865	77	818
960	0	832	923	82	818
1023	0	832	980	87	818
0	64	832	179	77	820
64	64	832	188	77	820
128	64	832	211	77	820
192	64	832	248	77	819
256	64	832	294	77	819
320	64	832	346	80	819
384	64	832	401	80	819
448	64	832	456	82	819
512	64	832	512	82	819
576	64	832	570	87	818
640	64	832	628	87	818
704	64	832	685	89	818
768	64	832	744	95	818
832	64	832	805	97	818
896	64	832	865	99	818
960	64	832	923	103	818
1023	64	832	981	106	818
0	128	832	181	136	820
64	128	832	189	136	820
128	128	832	212	136	820
192	128	832	250	136	820
256	128	832	295	137	819
320	128	832	347	138	819
384	128	832	401	138	819
448	128	832	457	139	819
512	128	832	513	141	819
576	128	832	571	141	818
640	128	832	629	142	819
704	128	832	686	143	818
768	128	832	744	147	818
832	128	832	805	148	818
896	128	832	865	149	818
960	128	832	923	151	818
1023	128	832	981	153	818
0	192	832	185	199	821
64	192	832	192	199	821
128	192	832	215	199	820
192	192	832	252	199	820
256	192	832	298	200	819
320	192	832	348	200	819
384	192	832	402	202	819
448	192	832	457	202	819
512	192	832	514	202	819
576	192	832	571	203	819
640	192	832	629	204	819
704	192	832	686	205	818
768	192	832	745	206	818
832	192	832	806	209	818
896	192	832	866	209	818
960	192	832	923	210	818
1023	192	832	981	211	818
0	256	832	190	263	821
64	256	832	197	263	821
128	256	832	219	264	821
192	256	832	255	264	821
256	256	832	300	265	819
320	256	832	350	265	819
384	256	832	404	265	819
448	256	832	459	266	819
512	256	832	515	266	819
576	256	832	573	267	819
640	256	832	630	268	819
704	256	832	687	269	818
768	256	832	746	270	818
832	256	832	807	271	818
896	256	832	866	271	819
960	256	832	923	272	818
1023	256	832	981	273	818
0	320	832	197	328	822
64	320	832	203	328	822
128	320	832	225	328	822
192	320	832	260	328	822
256	320	832	304	329	820
320	320	832	354	329	820
384	320	832	407	330	820
448	320	832	461	330	820
512	320	832	517	331	819
576	320	832	574	331	819
640	320	832	631	331	819
704	320	832	689	332	819
768	320	832	747	334	819
832	320	832	808	334	819
896	320	832	867	334	819
960	320	832	924	335	819
1023	320	832	982	336	818
0	384	832	205	393	825
64	384	832	211	393	825
128	384	832	232	393	824
192	384	832	265	393	824
256	384	832	308	393	820
320	384	832	358	393	820
384	384	832	411	393	820
448	384	832	464	394	820
512	384	832	519	394	820
576	384	832	576	395	819
640	384	832	634	395	819
704	384	832	691	396	819
768	384	832	749	397	819
832	384	832	810	398	820
896	384	832	869	398	819
960	384	832	925	399	819
1023	384	832	983	399	819
0	448	832	215	454	824
64	448	832	221	454	824
128	448	832	241	454	824
192	448	832	274	454	824
256	448	832	315	454	820
320	448	832	363	454	820
384	448	832	415	455	820
448	448	832	468	455	820
512	448	832	523	455	820
576	448	832	580	456	819
640	448	832	636	456	819
704	448	832	693	457	819
768	448	832	751	458	820
832	448	832	811	458	820
896	448	832	870	459	820
960	448	832	927	459	819
1023	448	832	985	460	819
0	512	832	226	515	824
64	512	832	232	515	824
128	512	832	251	515	823
192	512	832	282	515	823
256	512	832	323	515	821
320	512	832	369	516	821
384	512	832	420	516	820
448	512	832	472	516	820
512	512	832	527	517	820
576	512	832	584	517	820
640	512	832	640	517	820
704	512	832	696	518	820
768	512	832	754	519	820
832	512	832	813	519	820
896	512	832	872	519	820
960	512	832	929	520	820
1023	512	832	987	521	820
0	576	832	239	578	824
64	576	832	244	578	824
128	576	832	262	578	824
192	576	832	291	578	821
256	576	832	331	579	821
320	576	832	377	579	821
384	576	832	426	579	821
448	576	832	478	580	821
512	576	832	532	580	821
576	576	832	588	581	821
640	576	832	643	581	821
704	576	832	699	581	821
768	576	832	758	582	821
832	576	832	816	582	821
896	576	832	875	583	820
960	576	832	932	583	821
1023	576	832	989	584	820
0	640	832	252	641	825
64	640	832	257	641	825
128	640	832	274	641	825
192	640	832	302	641	822
256	640	832	341	641	822
320	640	832	385	642	822
384	640	832	433	642	822
448	640	832	484	642	822
512	640	832	537	642	822
576	640	832	593	643	822
640	640	832	647	643	821
704	640	832	703	643	821
768	640	832	762	645	821
832	640	832	820	645	821
896	640	832	879	645	821
960	640	832	935	645	821
1023	640	832	992	646	821
0	704	832	266	702	823
64	704	832	271	702	823
128	704	832	286	703	822
192	704	832	314	703	822
256	704	832	350	703	822
320	704	832	394	703	822
384	704	832	441	704	822
448	704	832	490	704	822
512	704	832	543	704	822
576	704	832	598	704	821
640	704	832	651	705	821
704	704	832	708	705	822
768	704	832	766	706	822
832	704	832	824	707	822
896	704	832	881	707	822
960	704	832	938	707	822
1023	704	832	995	708	822
0	768	832	280	766	825
64	768	832	284	766	825
128	768	832	300	766	823
192	768	832	327	766	823
256	768	832	361	766	823
320	768	832	403	766	822
384	768	832	449	767	822
448	768	832	498	767	822
512	768	832	549	768	822
576	768	832	604	768	822
640	768	832	657	768	822
704	768	832	712	769	822
768	768	832	770	769	822
832	768	832	827	770	822
896	768	832	885	770	822
960	768	832	942	771	822
1023	768	832	998	771	822
0	832	832	297	830	824
64	832	832	301	830	824
128	832	832	316	830	824
192	832	832	340	830	824
256	832	832	374	830	824
320	832	832	414	831	824
384	832	832	458	831	824
448	832	832	506	831	824
512	832	832	557	831	824
576	832	832	611	832	824
640	832	832	663	832	824
704	832	832	718	832	823
768	832	832	775	833	823
832	832	832	832	833	823
896	832	832	889	834	823
960	832	832	945	834	823
1023	832	832	1001	834	823
0	896	832	313	893	826
64	896	832	317	893	826
128	896	832	331	893	826
192	896	832	354	892	826
256	896	832	386	892	826
320	896	832	425	893	825
384	896	832	468	893	825
448	896	832	514	893	825
512	896	832	564	893	824
576	896	832	617	894	824
640	896	832	669	895	824
704	896	832	723	895	824
768	896	832	781	895	824
832	896	832	837	896	824
896	896	832	894	896	825
960	896	832	950	896	824
1023	896	832	1006	897	824
0	960	832	329	953	826
64	960	832	333	953	826
128	960	832	346	953	826
192	960	832	368	953	826
256	960	832	399	954	826
320	960	832	436	954	825
384	960	832	477	954	825
448	960	832	524	954	826
512	960	832	573	955	825
576	960	832	625	955	825
640	960	832	676	956	826
704	960	832	730	956	826
768	960	832	787	957	825
832	960	832	843	957	825
896	960	832	899	957	826
960	960	832	955	958	825
1023	960	832	1011	959	825
0	1023	832	346	1016	828
64	1023	832	350	1016	828
128	1023	832	362	1016	828
192	1023	832	383	1017	828
256	1023	832	413	1017	827
320	1023	832	448	1017	827
384	1023	832	489	1017	827
448	1023	832	533	1017	827
512	1023	832	582	1017	827
576	1023	832	632	1018	827
640	1023	832	683	1018	827
704	1023	832	736	1018	827
768	1023	832	793	1019	827
832	1023	832	848	1020	826
896	1023	832	904	1020	826
960	1023	832	959	1019	826
1023	1023	832	1015	1021	826
0	0	896	192	44	883
64	0	896	198	44	883
128	0	896	221	44	882
192	0	896	257	44	882
256	0	896	301	48	881
320	0	896	352	53	881
384	0	896	405	53	881
448	0	896	460	53	881
512	0	896	516	57	880
576	0	896	573	63	880
640	0	896	631	66	880
704	0	896	689	69	880
768	0	896	747	72	880
832	0	896	808	77	880
896	0	896	867	82	879
960	0	896	925	85	879
1023	0	896	983	89	880
0	64	896	193	77	883
64	64	896	199	77	883
128	64	896	221	77	882
192	64	896	258	77	882
256	64	896	302	80	881
320	64	896	352	80	881
384	64	896	406	82	881
448	64	896	460	82	881
512	64	896	516	85	880
576	64	896	574	87	880
640	64	896	631	91	880
704	64	896	689	93	880
768	64	896	747	95	880
832	64	896	808	97	880
896	64	896	867	101	879
960	64	896	925	104	879
1023	64	896	983	106	880
0	128	896	194	136	883
64	128	896	201	136	883
128	128	896	223	136	883
192	128	896	258	137	882
256	128	896	303	138	881
320	128	896	353	138	881
384	128	896	406	138	881
448	128	896	461	141	881
512	128	896	516	141	880
576	128	896	574	143	880
640	128	896	632	144	880
704	128	896	689	145	880
768	128	896	747	147	880
832	128	896	808	149	880
896	128	896	867	150	879
960	128	896	925	152	879
1023	128	896	983	155	880
0	192	896	198	199	883
64	192	896	204	200	883
128	192	896	225	200	883
192	192	896	261	200	883
256	192	896	304	201	881
320	192	896	354	202	881
384	192	896	407	202	881
448	192	896	462	202	881
512	192	896	517	203	881
576	192	896	575	204	880
640	192	896	633	205	880
704	192	896	690	206	880
768	192	896	748	207	880
832	192	896	808	209	880
896	192	896	867	209	880
960	192	896	925	210	880
1023	192	896	983	212	880
0	256	896	202	264	884
64	256	896	209	264	884
128	256	896	230	265	884
192	256	896	264	265	883
256	256	896	307	265	881
320	256	896	357	265	881
384	256	896	409	266	881
448	256	896	463	266	881
512	256	896	519	267	881
576	256	896	576	267	881
640	256	896	633	269	880
704	256	896	691	270	880
768	256	896	749	270	880
832	256	896	809	271	880
896	256	896	868	271	880
960	256	896	925	273	880
1023	256	896	984	274	880
0	320	896	209	329	884
64	320	896	215	329	884
128	320	896	236	329	884
192	320	896	268	329	883
256	320	896	311	330	882
320	320	896	359	330	882
384	320	896	411	331	881
448	320	896	465	331	881
512	320	896	520	331	881
576	320	896	578	331	881
640	320	896	635	332	881
704	320	896	692	333	881
768	320	896	750	334	881
832	320	896	810	334	881
896	320	896	869	334	880
960	320	896	926	336	880
1023	320	896	984	336	880
0	384	896	215	393	886
64	384	896	222	393	886
128	384	896	242	393	886
192	384	896	274	393	885
256	384	896	316	394	882
320	384	896	363	394	882
384	384	896	415	394	881
448	384	896	468	394	881
512	384	896	523	395	881
576	384	896	580	395	881
640	384	896	637	397	881
704	384	896	694	397	881
768	384	896	752	397	881
832	384	896	812	398	881
896	384	896	871	398	880
960	384	896	928	399	880
1023	384	896	985	400	880
0	448	896	225	454	885
64	448	896	231	454	885
128	448	896	250	455	885
192	448	896	281	455	885
256	448	896	322	455	882
320	448	896	369	455	882
384	448	896	419	455	882
448	448	896	472	456	881
512	448	896	526	456	881
576	448	896	583	457	881
640	448	896	639	457	881
704	448	896	696	457	881
768	448	896	754	458	881
832	448	896	814	458	881
896	448	896	873	459	881
960	448	896	929	460	881
1023	448	896	987	460	880
0	512	896	236	515	885
64	512	896	241	515	885
128	512	896	259	516	885
192	512	896	289	516	882
256	512	896	329	516	882
320	512	896	375	516	882
384	512	896	425	516	881
448	512	896	476	517	881
512	512	896	531	517	881
576	512	896	587	517	881
640	512	896	642	518	881
704	512	896	698	518	881
768	512	896	757	519	881
832	512	896	816	519	881
896	512	896	875	520	881
960	512	896	931	520	881
1023	512	896	989	521	881
0	576	896	247	579	885
64	576	896	253	579	885
128	576	896	269	579	885
192	576	896	298	579	883
256	576	896	336	579	883
320	576	896	382	579	882
384	576	896	431	580	882
448	576	896	481	580	882
512	576	896	535	581	882
576	576	896	591	581	882
640	576	896	646	581	881
704	576	896	702	582	882
768	576	896	760	582	882
832	576	896	819	583	882
896	576	896	877	583	882
960	576	896	934	584	882
1023	576	896	991	584	881
0	640	896	260	641	886
64	640	896	265	641	886
128	640	896	281	641	886
192	640	896	309	641	883
256	640	896	346	641	883
320	640	896	390	642	883
384	640	896	438	642	883
448	640	896	488	642	883
512	640	896	541	643	883
576	640	896	596	643	882
640	640	896	650	643	882
704	640	896	706	644	882
768	640	896	764	645	883
832	640	896	822	645	882
896	640	896	880	645	882
960	640	896	937	646	882
1023	640	896	994	646	882
0	704	896	274	704	885
64	704	896	279	704	884
128	704	896	294	704	884
192	704	896	321	704	884
256	704	896	357	704	884
320	704	896	399	705	884
384	704	896	445	705	883
448	704	896	494	705	883
512	704	896	546	705	883
576	704	896	601	705	883
640	704	896	654	705	883
704	704	896	710	706	883
768	704	896	768	707	883
832	704	896	825	707	883
896	704	896	884	707	883
960	704	896	940	708	883
1023	704	896	997	708	883
0	768	896	288	767	886
64	768	896	292	767	885
128	768	896	307	767	885
192	768	896	333	767	884
256	768	896	367	767	884
320	768	896	408	767	884
384	768	896	453	767	884
448	768	896	501	768	884
512	768	896	553	768	883
576	768	896	607	768	884
640	768	896	660	769	883
704	768	896	715	769	883
768	768	896	773	770	884
832	768	896	830	770	884
896	768	896	888	771	884
960	768	896	944	771	884
1023	768	896	1000	771	883
0	832	896	303	831	885
64	832	896	308	831	885
128	832	896	322	831	885
192	832	896	346	831	885
256	832	896	379	831	885
320	832	896	418	831	885
384	832	896	462	831	885
448	832	896	510	832	885
512	832	896	560	832	885
576	832	896	613	832	885
640	832	896	666	833	885
704	832	896	721	834	885
768	832	896	779	834	885
832	832	896	835	834	885
896	832	896	892	834	885
960	832	896	948	835	885
1023	832	896	1004	835	885
0	896	896	319	893	887
64	896	896	323	893	887
128	896	896	337	893	886
192	896	896	360	893	886
256	896	896	392	894	886
320	896	896	430	894	886
384	896	896	472	894	886
448	896	896	519	895	886
512	896	896	569	895	886
576	896	896	621	895	886
640	896	896	672	896	886
704	896	896	726	896	886
768	896	896	784	896	886
832	896	896	840	897	886
896	896	896	897	897	885
960	896	896	953	897	886
1023	896	896	1009	898	886
0	960	896	335	955	888
64	960	896	339	955	888
128	960	896	351	955	888
192	960	896	374	955	888
256	960	896	404	955	888
320	960	896	441	955	887
384	960	896	482	955	887
448	960	896	528	956	887
512	960	896	577	956	887
576	960	896	627	956	886
640	960	896	679	956	887
704	960	896	733	957	887
768	960	896	790	957	887
832	960	896	845	958	886
896	960	896	901	958	887
960	960	896	957	958	887
1023	960	896	1013	959	886
0	1023	896	352	1017	888
64	1023	896	355	1017	888
128	1023	896	367	1017	888
192	1023	896	388	1017	888
256	1023	896	417	1017	888
320	1023	896	453	1018	888
384	1023	896	492	1018	887
448	1023	896	537	1018	887
512	1023	896	586	1019	887
576	1023	896	635	1019	888
640	1023	896	686	1019	888
704	1023	896	740	1020	888
768	1023	896	796	1020	888
832	1023	896	850	1020	887
896	1023	896	906	1021	887
960	1023	896	962	1021	887
1023	1023	896	1017	1022	887
0	0	960	205	48	946
64	0	960	211	48	946
128	0	960	232	48	945
192	0	960	265	53	945
256	0	960	308	53	944
320	0	960	357	53	943
384	0	960	410	57	943
448	0	960	465	57	943
512	0	960	520	60	943
576	0	960	578	63	942
640	0	960	635	66	942
704	0	960	691	69	942
768	0	960	750	75	942
832	0	960	810	80	942
896	0	960	869	82	942
960	0	960	927	87	942
1023	0	960	985	91	941
0	64	960	205	77	946
64	64	960	212	77	946
128	64	960	232	80	945
192	64	960	266	82	945
256	64	960	308	82	944
320	64	960	358	82	943
384	64	960	410	82	943
448	64	960	465	85	943
512	64	960	520	87	943
576	64	960	578	89	942
640	64	960	635	91	942
704	64	960	691	93	942
768	64	960	750	97	942
832	64	960	810	99	942
896	64	960	869	103	942
960	64	960	928	104	942
1023	64	960	985	109	941
0	128	960	207	137	946
64	128	960	213	137	946
128	128	960	234	138	945
192	128	960	267	138	945
256	128	960	310	138	944
320	128	960	359	138	943
384	128	960	411	141	943
448	128	960	465	141	943
512	128	960	521	142	943
576	128	960	578	143	942
640	128	960	635	144	942
704	128	960	692	145	942
768	128	960	751	148	942
832	128	960	811	150	942
896	128	960	870	150	942
960	128	960	928	153	942
1023	128	960	985	156	941
0	192	960	210	200	946
64	192	960	215	200	946
128	192	960	236	201	946
192	192	960	269	201	945
256	192	960	312	201	944
320	192	960	360	202	944
384	192	960	412	202	943
448	192	960	466	202	943
512	192	960	522	204	943
576	192	960	579	205	942
640	192	960	636	206	942
704	192	960	693	207	942
768	192	960	751	208	942
832	192	960	811	209	942
896	192	960	870	210	942
960	192	960	928	212	942
1023	192	960	985	212	942
0	256	960	215	265	947
64	256	960	220	265	947
128	256	960	240	265	946
192	256	960	272	265	946
256	256	960	314	266	944
320	256	960	362	266	944
384	256	960	414	266	943
448	256	960	468	267	943
512	256	960	523	268	943
576	256	960	580	269	943
640	256	960	637	269	942
704	256	960	693	270	942
768	256	960	752	271	943
832	256	960	812	272	942
896	256	960	871	272	942
960	256	960	928	274	942
1023	256	960	986	274	942
0	320	960	221	330	947
64	320	960	226	330	947
128	320	960	245	330	946
192	320	960	276	330	945
256	320	960	318	330	944
320	320	960	366	330	944
384	320	960	417	331	943
448	320	960	470	331	943
512	320	960	525	331	943
576	320	960	582	332	942
640	320	960	638	332	942
704	320	960	695	333	942
768	320	960	753	334	943
832	320	960	813	335	943
896	320	960	872	335	942
960	320	960	929	336	942
1023	320	960	987	337	942
0	384	960	227	393	948
64	384	960	233	393	948
128	384	960	251	394	947
192	384	960	282	394	947
256	384	960	322	394	944
320	384	960	370	395	944
384	384	960	420	395	943
448	384	960	473	395	943
512	384	960	527	396	943
576	384	960	584	396	943
640	384	960	640	397	943
704	384	960	697	397	942
768	384	960	755	398	943
832	384	960	815	399	943
896	384	960	873	399	942
960	384	960	930	399	942
1023	384	960	988	401	943
0	448	960	235	455	947
64	448	960	241	455	947
128	448	960	259	455	946
192	448	960	288	455	944
256	448	960	328	455	944
320	448	960	375	455	944
384	448	960	424	456	943
448	448	960	476	456	943
512	448	960	531	457	943
576	448	960	587	457	943
640	448	960	643	458	943
704	448	960	699	458	943
768	448	960	757	459	943
832	448	960	817	460	943
896	448	960	875	459	943
960	448	960	932	460	943
1023	448	960	990	461	943
0	512	960	245	516	947
64	512	960	250	516	947
128	512	960	268	516	946
192	512	960	296	516	944
256	512	960	335	517	944
320	512	960	381	517	944
384	512	960	430	517	944
448	512	960	481	518	944
512	512	960	535	518	943
576	512	960	591	518	944
640	512	960	646	519	944
704	512	960	702	520	944
768	512	960	761	520	944
832	512	960	819	520	944
896	512	960	877	520	943
960	512	960	935	521	944
1023	512	960	992	522	943
0	576	960	257	580	947
64	576	960	262	580	947
128	576	960	277	580	947
192	576	960	306	580	945
256	576	960	344	580	945
320	576	960	388	581	945
384	576	960	436	581	945
448	576	960	486	581	944
512	576	960	539	582	944
576	576	960	595	582	944
640	576	960	649	582	944
704	576	960	706	583	944
768	576	960	764	584	945
832	576	960	822	584	944
896	576	960	880	584	944
960	576	960	937	585	944
1023	576	960	994	585	944
0	640	960	269	642	948
64	640	960	274	642	948
128	640	960	289	643	946
192	640	960	317	643	946
256	640	960	353	643	945
320	640	960	396	643	945
384	640	960	443	643	945
448	640	960	492	643	945
512	640	960	545	644	945
576	640	960	600	644	945
640	640	960	653	644	944
704	640	960	709	645	945
768	640	960	767	646	945
832	640	960	825	646	945
896	640	960	883	646	945
960	640	960	940	646	945
1023	640	960	997	647	944
0	704	960	282	705	947
64	704	960	286	705	946
128	704	960	302	705	946
192	704	960	328	705	946
256	704	960	363	705	946
320	704	960	405	705	945
384	704	960	450	705	945
448	704	960	498	705	945
512	704	960	550	705	945
576	704	960	605	706	945
640	704	960	658	707	945
704	704	960	713	707	945
768	704	960	771	708	946
832	704	960	828	708	945
896	704	960	887	708	945
960	704	960	943	709	945
1023	704	960	1000	709	946
0	768	960	296	768	947
64	768	960	300	768	947
128	768	960	315	768	947
192	768	960	340	768	947
256	768	960	373	768	947
320	768	960	413	768	946
384	768	960	458	768	946
448	768	960	506	769	946
512	768	960	557	769	946
576	768	960	611	769	946
640	768	960	663	770	946
704	768	960	718	770	946
768	768	960	776	771	946
832	768	960	832	771	946
896	768	960	890	771	946
960	768	960	946	772	946
1023	768	960	1003	772	946
0	832	960	311	831	948
64	832	960	315	831	948
128	832	960	329	832	948
192	832	960	353	832	948
256	832	960	385	832	948
320	832	960	423	832	947
384	832	960	467	833	947
448	832	960	514	833	947
512	832	960	564	833	947
576	832	960	617	833	947
640	832	960	669	834	947
704	832	960	724	834	947
768	832	960	781	835	947
832	832	960	837	835	947
896	832	960	895	835	947
960	832	960	951	836	947
1023	832	960	1006	836	947
0	896	960	326	894	949
64	896	960	330	894	949
128	896	960	343	894	949
192	896	960	366	894	949
256	896	960	397	894	949
320	896	960	434	895	948
384	896	960	476	895	948
448	896	960	523	895	948
512	896	960	572	895	948
576	896	960	624	896	947
640	896	960	675	896	947
704	896	960	729	896	947
768	896	960	787	897	947
832	896	960	842	897	948
896	896	960	899	898	948
960	896	960	954	897	947
1023	896	960	1010	898	947
0	960	960	342	955	950
64	960	960	345	955	950
128	960	960	358	955	950
192	960	960	380	955	950
256	960	960	409	956	949
320	960	960	445	956	949
384	960	960	486	956	949
448	960	960	531	956	949
512	960	960	580	957	949
576	960	960	631	957	949
640	960	960	682	958	949
704	960	960	736	958	949
768	960	960	793	959	949
832	960	960	847	958	948
896	960	960	904	959	948
960	960	960	960	960	949
1023	960	960	1015	960	949
0	1023	960	358	1018	951
64	1023	960	361	1018	951
128	1023	960	373	1018	951
192	1023	960	394	1018	951
256	1023	960	422	1018	950
320	1023	960	457	1018	950
384	1023	960	497	1018	950
448	1023	960	541	1019	950
512	1023	960	589	1019	950
576	1023	960	638	1019	949
640	1023	960	689	1020	949
704	1023	960	742	1020	949
768	1023	960	799	1021	949
832	1023	960	853	1022	949
896	1023	960	908	1021	949
960	1023	960	964	1021	949
1023	1023	960	1019	1022	949
0	0	1023	218	53	1007
64	0	1023	223	53	1006
128	0	1023	243	53	1006
192	0	1023	274	53	1005
256	0	1023	316	53	1004
320	0	1023	364	57	1004
384	0	1023	415	57	1004
448	0	1023	468	60	1004
512	0	1023	524	63	1003
576	0	1023	581	66	1003
640	0	1023	637	72	1003
704	0	1023	694	75	1003
768	0	1023	752	77	1003
832	0	1023	812	80	1003
896	0	1023	871	87	1002
960	0	1023	928	87	1002
1023	0	1023	986	93	1002
0	64	1023	218	82	1007
64	64	1023	223	82	1006
128	64	1023	243	82	1006
192	64	1023	275	82	1005
256	64	1023	317	82	1004
320	64	1023	364	82	1004
384	64	1023	415	82	1004
448	64	1023	468	87	1004
512	64	1023	524	89	1003
576	64	1023	581	91	1003
640	64	1023	637	93	1003
704	64	1023	694	97	1003
768	64	1023	752	99	1003
832	64	1023	812	101	1003
896	64	1023	871	103	1003
960	64	1023	929	108	1002
1023	64	1023	986	109	1002
0	128	1023	219	138	1007
64	128	1023	225	138	1007
128	128	1023	245	138	1006
192	128	1023	275	139	1006
256	128	1023	317	141	1005
320	128	1023	365	141	1004
384	128	1023	416	141	1004
448	128	1023	469	142	1004
512	128	1023	524	143	1003
576	128	1023	582	144	1003
640	128	1023	638	145	1003
704	128	1023	694	148	1003
768	128	1023	753	149	1003
832	128	1023	813	150	1003
896	128	1023	872	152	1003
960	128	1023	929	153	1002
1023	128	1023	986	157	1002
0	192	1023	221	201	1007
64	192	1023	227	201	1007
128	192	1023	247	201	1007
192	192	1023	277	201	1006
256	192	1023	319	202	1005
320	192	1023	366	202	1004
384	192	1023	417	202	1004
448	192	1023	470	204	1004
512	192	1023	525	204	1003
576	192	1023	582	205	1003
640	192	1023	638	206	1003
704	192	1023	695	207	1003
768	192	1023	753	209	1003
832	192	1023	813	209	1003
896	192	1023	872	211	1003
960	192	1023	929	212	1002
1023	192	1023	987	214	1002
0	256	1023	225	265	1008
64	256	1023	230	265	1008
128	256	1023	249	265	1007
192	256	1023	280	266	1006
256	256	1023	321	266	1005
320	256	1023	368	266	1005
384	256	1023	419	267	1004
448	256	1023	472	267	1004
512	256	1023	527	268	1004
576	256	1023	583	269	1004
640	256	1023	639	270	1004
704	256	1023	696	270	1003
768	256	1023	754	271	1003
832	256	1023	814	272	1003
896	256	1023	873	272	1003
960	256	1023	930	274	1003
1023	256	1023	988	275	1003
0	320	1023	231	329	1007
64	320	1023	236	329	1007
128	320	1023	254	330	1007
192	320	1023	284	330	1006
256	320	1023	325	330	1004
320	320	1023	372	331	1004
384	320	1023	422	331	1004
448	320	1023	474	331	1004
512	320	1023	528	332	1003
576	320	1023	585	332	1003
640	320	1023	641	333	1003
704	320	1023	697	334	1003
768	320	1023	755	334	1003
832	320	1023	815	334	1003
896	320	1023	874	336	1003
960	320	1023	931	336	1003
1023	320	1023	988	337	1003
0	384	1023	237	393	1009
64	384	1023	243	393	1009
128	384	1023	260	393	1008
192	384	1023	289	394	1005
256	384	1023	329	394	1005
320	384	1023	375	394	1005
384	384	1023	425	395	1004
448	384	1023	477	395	1004
512	384	1023	531	395	1004
576	384	1023	588	396	1003
640	384	1023	643	397	1003
704	384	1023	699	397	1003
768	384	1023	757	398	1003
832	384	1023	816	399	1003
896	384	1023	875	399	1003
960	384	1023	932	400	1003
1023	384	1023	989	400	1003
0	448	1023	245	455	1008
64	448	1023	251	455	1008
128	448	1023	267	455	1008
192	448	1023	296	455	1005
256	448	1023	334	455	1005
320	448	1023	381	456	1004
384	448	1023	429	456	1004
448	448	1023	481	457	1004
512	448	1023	534	457	1004
576	448	1023	590	457	1003
640	448	1023	645	458	1004
704	448	1023	702	458	1003
768	448	1023	760	459	1004
832	448	1023	818	459	1003
896	448	1023	877	460	1003
960	448	1023	934	460	1003
1023	448	1023	991	461	1003
0	512	1023	255	516	1008
64	512	1023	260	516	1008
128	512	1023	276	517	1007
192	512	1023	304	517	1005
256	512	1023	342	517	1005
320	512	1023	387	517	1005
384	512	1023	435	518	1005
448	512	1023	485	518	1004
512	512	1023	538	518	1004
576	512	1023	594	518	1004
640	512	1023	648	519	1004
704	512	1023	705	519	1004
768	512	1023	763	520	1004
832	512	1023	821	520	1004
896	512	1023	880	521	1004
960	512	1023	936	521	1004
1023	512	1023	994	522	1004
0	576	1023	265	580	1008
64	576	1023	270	580	1008
128	576	1023	285	580	1007
192	576	1023	314	580	1005
256	576	1023	350	580	1005
320	576	1023	393	580	1005
384	576	1023	441	581	1005
448	576	1023	490	581	1005
512	576	1023	543	581	1005
576	576	1023	598	582	1005
640	576	1023	652	582	1005
704	576	1023	708	582	1005
768	576	1023	766	583	1005
832	576	1023	824	584	1005
896	576	1023	882	584	1005
960	576	1023	938	584	1004
1023	576	1023	996	585	1004
0	640	1023	277	642	1008
64	640	1023	281	642	1008
128	640	1023	297	642	1006
192	640	1023	323	642	1006
256	640	1023	359	643	1006
320	640	1023	401	643	1005
384	640	1023	447	643	1006
448	640	1023	496	644	1005
512	640	1023	547	644	1005
576	640	1023	603	644	1005
640	640	1023	656	644	1005
704	640	1023	711	645	1005
768	640	1023	769	645	1005
832	640	1023	827	646	1006
896	640	1023	885	646	1005
960	640	1023	941	646	1005
1023	640	1023	998	647	1005
0	704	1023	289	704	1006
64	704	1023	294	704	1006
128	704	1023	308	704	1006
192	704	1023	334	704	1006
256	704	1023	368	705	1006
320	704	1023	409	705	1006
384	704	1023	454	705	1006
448	704	1023	502	705	1006
512	704	1023	554	706	1006
576	704	1023	608	706	1005
640	704	1023	661	707	1006
704	704	1023	716	707	1006
768	704	1023	774	707	1006
832	704	1023	831	708	1006
896	704	1023	888	708	1005
960	704	1023	945	709	1006
1023	704	1023	1001	709	1006
0	768	1023	303	767	1007
64	768	1023	308	767	1007
128	768	1023	322	767	1007
192	768	1023	346	768	1007
256	768	1023	379	768	1007
320	768	1023	418	768	1007
384	768	1023	462	768	1007
448	768	1023	509	768	1006
512	768	1023	560	769	1006
576	768	1023	613	769	1006
640	768	1023	666	770	1006
704	768	1023	721	770	1006
768	768	1023	778	771	1007
832	768	1023	834	771	1006
896	768	1023	892	771	1006
960	768	1023	948	772	1006
1023	768	1023	1005	772	1006
0	832	1023	317	831	1008
64	832	1023	322	831	1008
128	832	1023	335	831	1008
192	832	1023	359	831	1008
256	832	1023	390	832	1008
320	832	1023	428	832	1008
384	832	1023	471	832	1008
448	832	1023	517	833	1008
512	832	1023	567	833	1007
576	832	1023	619	833	1007
640	832	1023	671	833	1007
704	832	1023	726	834	1007
768	832	1023	783	834	1007
832	832	1023	839	835	1008
896	832	1023	896	835	1007
960	832	1023	952	835	1007
1023	832	1023	1008	836	1007
0	896	1023	333	894	1009
64	896	1023	336	894	1009
128	896	1023	350	894	1009
192	896	1023	372	894	1009
256	896	1023	402	894	1009
320	896	1023	439	894	1009
384	896	1023	480	895	1008
448	896	1023	526	895	1008
512	896	1023	575	895	1008
576	896	1023	626	896	1008
640	896	1023	678	896	1008
704	896	1023	732	897	1008
768	896	1023	789	897	1008
832	896	1023	844	897	1008
896	896	1023	900	897	1008
960	896	1023	956	898	1008
1023	896	1023	1012	898	1008
0	960	1023	348	955	1010
64	960	1023	352	955	1010
128	960	1023	364	956	1010
192	960	1023	386	956	1010
256	960	1023	414	956	1010
320	960	1023	450	956	1010
384	960	1023	490	956	1009
448	960	1023	535	956	1009
512	960	1023	584	956	1009
576	960	1023	634	957	1009
640	960	1023	685	957	1009
704	960	1023	738	958	1009
768	960	1023	795	959	1009
832	960	1023	850	959	1009
896	960	1023	905	959	1009
960	960	1023	961	959	1009
1023	960	1023	1017	960	1009
0	1023	1023	365	1018	1011
64	1023	1023	368	1018	1011
128	1023	1023	379	1018	1011
192	1023	1023	400	1018	1011
256	1023	1023	427	1019	1011
320	1023	1023	462	1019	1011
384	1023	1023	501	1019	1010
448	1023	1023	544	1019	1010
512	1023	1023	592	1019	1010
576	1023	1023	641	1020	1010
640	1023	1023	692	1020	1010
704	1023	1023	744	1021	1010
768	1023	1023	801	1021	1010
832	1023	1023	855	1021	1010
896	1023	1023	910	1021	1009
960	1023	1023	966	1022	1010
1023	1023	1023	1021	1023	1010
