0	0	0	0	0	0
64	0	0	63	0	0
128	0	0	130	0	0
192	0	0	195	0	0
256	0	0	259	0	0
320	0	0	323	0	0
384	0	0	388	0	0
448	0	0	451	0	0
512	0	0	513	0	0
576	0	0	577	0	0
640	0	0	639	0	0
704	0	0	702	0	0
768	0	0	766	0	0
832	0	0	830	0	0
896	0	0	893	0	0
960	0	0	956	0	0
1023	0	0	1017	0	0
0	64	0	0	63	0
64	64	0	63	63	0
128	64	0	130	63	0
192	64	0	195	63	0
256	64	0	259	63	0
320	64	0	323	63	0
384	64	0	388	63	0
448	64	0	451	63	0
512	64	0	513	63	0
576	64	0	577	63	0
640	64	0	639	63	0
704	64	0	702	63	0
768	64	0	767	63	0
832	64	0	830	63	0
896	64	0	893	63	0
960	64	0	957	63	0
1023	64	0	1017	63	0
0	128	0	0	129	0
64	128	0	63	129	0
128	128	0	130	129	0
192	128	0	195	129	0
256	128	0	259	129	0
320	128	0	324	129	0
384	128	0	388	129	0
448	128	0	451	129	0
512	128	0	514	129	0
576	128	0	578	129	0
640	128	0	640	129	0
704	128	0	702	129	0
768	128	0	767	129	0
832	128	0	830	129	0
896	128	0	894	129	0
960	128	0	957	129	0
1023	128	0	1017	128	0
0	192	0	0	193	0
64	192	0	63	193	0
128	192	0	130	193	0
192	192	0	195	193	0
256	192	0	259	193	0
320	192	0	324	194	0
384	192	0	389	194	0
448	192	0	451	194	0
512	192	0	514	194	0
576	192	0	578	194	0
640	192	0	640	194	0
704	192	0	703	194	0
768	192	0	767	194	0
832	192	0	831	193	0
896	192	0	894	193	0
960	192	0	957	193	0
1023	192	0	1018	193	0
0	256	0	0	257	0
64	256	0	63	257	0
128	256	0	130	257	0
192	256	0	195	258	0
256	256	0	260	258	0
320	256	0	324	258	0
384	256	0	389	258	0
448	256	0	452	258	0
512	256	0	515	259	0
576	256	0	579	259	0
640	256	0	641	258	0
704	256	0	704	259	0
768	256	0	768	258	0
832	256	0	831	258	0
896	256	0	895	257	0
960	256	0	958	257	0
1023	256	0	1018	256	0
0	320	0	0	322	0
64	320	0	63	322	0
128	320	0	130	322	0
192	320	0	195	322	0
256	320	0	259	322	0
320	320	0	324	322	0
384	320	0	389	323	0
448	320	0	452	323	0
512	320	0	515	323	0
576	320	0	579	323	0
640	320	0	641	323	0
704	320	0	704	323	0
768	320	0	768	322	0
832	320	0	831	322	0
896	320	0	895	322	0
960	320	0	958	322	0
1023	320	0	1018	321	0
0	384	0	0	385	0
64	384	0	63	385	0
128	384	0	129	385	0
192	384	0	195	385	0
256	384	0	259	386	0
320	384	0	323	386	0
384	384	0	389	387	0
448	384	0	452	387	0
512	384	0	515	387	0
576	384	0	579	387	0
640	384	0	641	386	0
704	384	0	704	387	0
768	384	0	768	386	0
832	384	0	831	385	0
896	384	0	895	385	0
960	384	0	958	385	0
1023	384	0	1018	385	0
0	448	0	0	447	0
64	448	0	63	447	0
128	448	0	130	447	0
192	448	0	195	447	0
256	448	0	259	447	0
320	448	0	324	447	23
384	448	0	389	447	23
448	448	0	452	447	23
512	448	0	515	447	23
576	448	0	579	447	23
640	448	0	641	447	23
704	448	0	704	447	23
768	448	0	769	447	23
832	448	0	832	447	23
896	448	0	895	446	23
960	448	0	958	446	23
1023	448	0	1018	445	23
0	512	0	0	508	23
64	512	0	63	508	23
128	512	0	130	508	23
192	512	0	195	508	23
256	512	0	260	508	23
320	512	0	324	509	23
384	512	0	389	509	23
448	512	0	453	509	23
512	512	0	516	509	23
576	512	0	580	509	23
640	512	0	642	509	23
704	512	0	704	508	23
768	512	0	769	508	23
832	512	0	832	508	23
896	512	0	895	507	23
960	512	0	958	508	23
1023	512	0	1018	507	23
0	576	0	0	571	23
64	576	0	63	571	23
128	576	0	130	571	23
192	576	0	195	572	23
256	576	0	260	572	23
320	576	0	324	572	23
384	576	0	390	573	23
448	576	0	453	573	23
512	576	0	516	573	23
576	576	0	580	573	23
640	576	0	642	573	23
704	576	0	705	573	23
768	576	0	769	572	23
832	576	0	832	572	23
896	576	0	895	572	23
960	576	0	958	572	23
1023	576	0	1018	571	23
0	640	0	0	632	23
64	640	0	66	632	23
128	640	0	130	632	23
192	640	0	196	632	23
256	640	0	261	632	23
320	640	0	325	632	23
384	640	0	390	633	23
448	640	0	454	633	23
512	640	0	516	633	23
576	640	0	581	633	23
640	640	0	643	633	23
704	640	0	705	633	23
768	640	0	770	633	23
832	640	0	832	632	23
896	640	0	896	632	23
960	640	0	958	631	23
1023	640	0	1019	631	23
0	704	0	23	692	23
64	704	0	69	692	23
128	704	0	132	693	23
192	704	0	196	693	23
256	704	0	262	694	23
320	704	0	326	694	23
384	704	0	391	694	23
448	704	0	454	694	23
512	704	0	517	694	23
576	704	0	581	694	23
640	704	0	643	693	23
704	704	0	706	694	23
768	704	0	770	694	23
832	704	0	833	693	23
896	704	0	896	693	23
960	704	0	959	693	23
1023	704	0	1019	693	23
0	768	0	32	756	23
64	768	0	69	756	23
128	768	0	133	756	23
192	768	0	197	756	23
256	768	0	262	756	23
320	768	0	326	756	23
384	768	0	391	757	23
448	768	0	454	757	23
512	768	0	517	757	23
576	768	0	581	757	23
640	768	0	643	756	23
704	768	0	705	756	23
768	768	0	770	757	23
832	768	0	833	756	23
896	768	0	897	756	23
960	768	0	959	757	23
1023	768	0	1020	756	32
0	832	0	38	818	32
64	832	0	72	818	32
128	832	0	134	818	32
192	832	0	198	819	32
256	832	0	263	819	32
320	832	0	327	820	32
384	832	0	392	820	32
448	832	0	455	819	32
512	832	0	518	819	32
576	832	0	582	819	32
640	832	0	644	819	32
704	832	0	707	820	32
768	832	0	771	820	32
832	832	0	834	819	32
896	832	0	898	819	32
960	832	0	960	820	32
1023	832	0	1021	820	32
0	896	0	44	880	32
64	896	0	75	880	32
128	896	0	136	880	32
192	896	0	199	880	32
256	896	0	264	880	32
320	896	0	328	880	32
384	896	0	393	881	32
448	896	0	457	881	32
512	896	0	519	881	32
576	896	0	583	881	32
640	896	0	645	880	32
704	896	0	708	880	32
768	896	0	773	881	32
832	896	0	836	881	32
896	896	0	899	880	32
960	896	0	961	880	32
1023	896	0	1022	881	32
0	960	0	48	942	32
64	960	0	77	942	32
128	960	0	137	942	32
192	960	0	200	942	32
256	960	0	265	942	32
320	960	0	329	942	32
384	960	0	394	942	32
448	960	0	457	943	32
512	960	0	520	943	32
576	960	0	584	943	32
640	960	0	646	942	32
704	960	0	708	943	32
768	960	0	773	944	32
832	960	0	836	943	32
896	960	0	899	943	32
960	960	0	962	943	32
1023	960	0	1022	943	32
0	1023	0	53	1003	32
64	1023	0	82	1003	32
128	1023	0	139	1003	32
192	1023	0	202	1003	32
256	1023	0	266	1003	32
320	1023	0	330	1003	32
384	1023	0	394	1004	32
448	1023	0	457	1004	38
512	1023	0	520	1005	32
576	1023	0	584	1005	38
640	1023	0	646	1004	38
704	1023	0	708	1004	38
768	1023	0	773	1005	38
832	1023	0	837	1005	32
896	1023	0	900	1005	32
960	1023	0	962	1005	32
1023	1023	0	1023	1005	32
0	0	64	0	0	60
64	0	64	63	0	60
128	0	64	130	0	60
192	0	64	195	0	60
256	0	64	259	0	60
320	0	64	323	0	60
384	0	64	388	0	60
448	0	64	451	0	60
512	0	64	513	0	60
576	0	64	577	0	60
640	0	64	639	0	60
704	0	64	702	0	60
768	0	64	766	0	60
832	0	64	830	0	60
896	0	64	893	0	60
960	0	64	956	0	60
1023	0	64	1017	0	63
0	64	64	0	63	63
64	64	64	63	63	63
128	64	64	130	63	63
192	64	64	195	63	63
256	64	64	259	63	63
320	64	64	323	63	63
384	64	64	388	63	63
448	64	64	451	63	63
512	64	64	513	63	63
576	64	64	577	63	63
640	64	64	639	63	63
704	64	64	702	63	63
768	64	64	767	63	63
832	64	64	830	63	63
896	64	64	893	63	63
960	64	64	956	63	63
1023	64	64	1017	63	63
0	128	64	0	129	63
64	128	64	63	129	63
128	128	64	130	129	63
192	128	64	195	129	63
256	128	64	259	129	63
320	128	64	324	129	63
384	128	64	388	129	63
448	128	64	451	129	63
512	128	64	514	129	63
576	128	64	578	129	63
640	128	64	640	129	63
704	128	64	702	129	63
768	128	64	767	129	63
832	128	64	830	129	63
896	128	64	893	129	63
960	128	64	957	129	63
1023	128	64	1017	128	63
0	192	64	0	193	63
64	192	64	63	193	63
128	192	64	130	193	63
192	192	64	195	193	63
256	192	64	259	193	63
320	192	64	324	194	63
384	192	64	389	194	63
448	192	64	451	194	63
512	192	64	514	194	63
576	192	64	578	194	63
640	192	64	640	194	63
704	192	64	703	194	63
768	192	64	767	194	63
832	192	64	831	193	63
896	192	64	894	193	63
960	192	64	957	193	63
1023	192	64	1018	193	63
0	256	64	0	257	63
64	256	64	63	257	63
128	256	64	130	257	63
192	256	64	195	258	63
256	256	64	260	258	63
320	256	64	324	258	63
384	256	64	389	259	63
448	256	64	452	259	63
512	256	64	514	259	63
576	256	64	579	259	63
640	256	64	641	259	63
704	256	64	704	259	63
768	256	64	768	258	63
832	256	64	831	258	63
896	256	64	894	258	63
960	256	64	957	257	63
1023	256	64	1018	256	63
0	320	64	0	322	63
64	320	64	63	322	63
128	320	64	130	322	63
192	320	64	195	322	63
256	320	64	259	322	63
320	320	64	324	322	63
384	320	64	389	323	63
448	320	64	452	323	63
512	320	64	515	323	63
576	320	64	579	323	63
640	320	64	641	323	63
704	320	64	704	323	63
768	320	64	768	322	63
832	320	64	831	322	63
896	320	64	895	322	63
960	320	64	958	322	63
1023	320	64	1018	321	63
0	384	64	0	385	63
64	384	64	63	385	63
128	384	64	129	385	63
192	384	64	195	386	63
256	384	64	259	386	63
320	384	64	323	386	63
384	384	64	389	387	63
448	384	64	452	387	63
512	384	64	515	387	63
576	384	64	579	387	63
640	384	64	641	386	63
704	384	64	704	387	63
768	384	64	768	386	63
832	384	64	831	385	63
896	384	64	895	386	63
960	384	64	958	385	63
1023	384	64	1018	385	63
0	448	64	0	447	63
64	448	64	63	447	63
128	448	64	130	447	63
192	448	64	195	447	63
256	448	64	259	447	63
320	448	64	324	447	63
384	448	64	389	447	63
448	448	64	452	447	63
512	448	64	515	448	63
576	448	64	579	448	63
640	448	64	641	447	63
704	448	64	704	447	63
768	448	64	769	447	63
832	448	64	832	447	63
896	448	64	895	446	63
960	448	64	957	446	63
1023	448	64	1018	446	63
0	512	64	0	508	63
64	512	64	63	508	63
128	512	64	130	508	63
192	512	64	195	508	63
256	512	64	260	508	63
320	512	64	324	509	63
384	512	64	389	509	63
448	512	64	453	509	63
512	512	64	516	509	63
576	512	64	580	509	63
640	512	64	642	509	63
704	512	64	704	508	63
768	512	64	769	508	63
832	512	64	832	508	63
896	512	64	895	508	63
960	512	64	957	508	63
1023	512	64	1018	507	63
0	576	64	0	571	66
64	576	64	63	571	66
128	576	64	130	571	66
192	576	64	195	572	66
256	576	64	260	572	66
320	576	64	324	572	63
384	576	64	390	573	66
448	576	64	453	573	66
512	576	64	516	573	63
576	576	64	580	573	63
640	576	64	642	573	66
704	576	64	705	573	66
768	576	64	769	573	66
832	576	64	832	572	66
896	576	64	895	572	66
960	576	64	958	572	66
1023	576	64	1018	571	66
0	640	64	0	632	66
64	640	64	66	632	66
128	640	64	130	632	66
192	640	64	196	632	66
256	640	64	261	632	66
320	640	64	325	632	66
384	640	64	390	633	66
448	640	64	454	633	66
512	640	64	516	633	66
576	640	64	581	633	66
640	640	64	643	633	66
704	640	64	705	633	66
768	640	64	770	633	66
832	640	64	832	632	66
896	640	64	896	632	66
960	640	64	958	632	66
1023	640	64	1019	632	66
0	704	64	23	692	66
64	704	64	69	692	66
128	704	64	132	693	66
192	704	64	196	693	66
256	704	64	262	694	66
320	704	64	326	694	66
384	704	64	391	694	66
448	704	64	454	694	66
512	704	64	516	694	66
576	704	64	580	694	66
640	704	64	643	693	66
704	704	64	706	694	66
768	704	64	770	694	66
832	704	64	833	693	66
896	704	64	896	693	66
960	704	64	959	693	66
1023	704	64	1019	693	66
0	768	64	32	756	66
64	768	64	69	756	66
128	768	64	133	756	66
192	768	64	197	756	66
256	768	64	262	756	66
320	768	64	326	757	66
384	768	64	391	757	66
448	768	64	454	757	66
512	768	64	517	757	66
576	768	64	581	757	66
640	768	64	643	756	66
704	768	64	705	756	66
768	768	64	770	757	66
832	768	64	833	757	66
896	768	64	896	756	66
960	768	64	959	757	66
1023	768	64	1019	757	66
0	832	64	38	818	66
64	832	64	72	818	66
128	832	64	134	818	66
192	832	64	198	819	66
256	832	64	263	819	66
320	832	64	327	820	66
384	832	64	392	820	66
448	832	64	455	819	66
512	832	64	518	819	66
576	832	64	582	819	66
640	832	64	644	820	66
704	832	64	707	820	66
768	832	64	771	820	66
832	832	64	834	819	66
896	832	64	898	819	66
960	832	64	960	820	66
1023	832	64	1021	820	66
0	896	64	44	880	69
64	896	64	75	880	69
128	896	64	136	880	69
192	896	64	198	880	69
256	896	64	264	880	69
320	896	64	328	880	69
384	896	64	393	881	69
448	896	64	457	881	69
512	896	64	519	881	66
576	896	64	583	881	69
640	896	64	645	880	69
704	896	64	708	880	69
768	896	64	773	881	69
832	896	64	836	881	69
896	896	64	899	880	69
960	896	64	961	880	69
1023	896	64	1022	881	69
0	960	64	48	942	69
64	960	64	77	942	69
128	960	64	137	942	69
192	960	64	200	942	69
256	960	64	265	942	69
320	960	64	329	942	69
384	960	64	394	943	69
448	960	64	457	943	69
512	960	64	520	943	69
576	960	64	584	943	69
640	960	64	646	943	69
704	960	64	708	943	69
768	960	64	773	944	69
832	960	64	836	944	69
896	960	64	899	943	69
960	960	64	962	944	69
1023	960	64	1022	943	66
0	1023	64	53	1003	69
64	1023	64	82	1003	69
128	1023	64	139	1003	69
192	1023	64	201	1003	69
256	1023	64	266	1003	69
320	1023	64	329	1003	69
384	1023	64	394	1004	69
448	1023	64	457	1004	69
512	1023	64	520	1005	69
576	1023	64	584	1005	69
640	1023	64	646	1004	69
704	1023	64	708	1004	69
768	1023	64	773	1005	69
832	1023	64	837	1005	69
896	1023	64	900	1005	66
960	1023	64	962	1005	69
1023	1023	64	1023	1006	69
0	0	128	0	0	123
64	0	128	63	0	123
128	0	128	130	0	123
192	0	128	195	0	123
256	0	128	259	0	123
320	0	128	323	0	123
384	0	128	388	0	123
448	0	128	451	0	125
512	0	128	513	0	125
576	0	128	577	0	125
640	0	128	639	0	125
704	0	128	702	0	125
768	0	128	766	0	125
832	0	128	830	0	125
896	0	128	893	0	125
960	0	128	956	0	125
1023	0	128	1017	0	125
0	64	128	0	63	126
64	64	128	63	63	126
128	64	128	130	63	125
192	64	128	195	63	125
256	64	128	259	63	125
320	64	128	323	63	125
384	64	128	388	63	125
448	64	128	451	63	125
512	64	128	513	63	125
576	64	128	577	63	125
640	64	128	639	63	125
704	64	128	702	63	125
768	64	128	766	63	125
832	64	128	830	63	125
896	64	128	893	63	125
960	64	128	956	63	125
1023	64	128	1017	63	125
0	128	128	0	129	126
64	128	128	63	129	126
128	128	128	130	129	125
192	128	128	195	129	125
256	128	128	259	129	125
320	128	128	323	129	125
384	128	128	388	129	125
448	128	128	451	129	125
512	128	128	514	129	125
576	128	128	577	129	125
640	128	128	639	129	125
704	128	128	702	129	125
768	128	128	767	129	125
832	128	128	830	129	125
896	128	128	893	129	125
960	128	128	956	129	125
1023	128	128	1017	128	125
0	192	128	0	193	126
64	192	128	63	193	126
128	192	128	130	193	125
192	192	128	195	193	125
256	192	128	259	194	125
320	192	128	324	194	125
384	192	128	388	194	125
448	192	128	451	194	125
512	192	128	514	194	125
576	192	128	578	194	125
640	192	128	640	194	125
704	192	128	702	194	125
768	192	128	767	194	125
832	192	128	830	193	125
896	192	128	894	193	125
960	192	128	957	193	125
1023	192	128	1017	193	125
0	256	128	0	257	126
64	256	128	63	257	126
128	256	128	130	258	125
192	256	128	195	258	125
256	256	128	259	258	125
320	256	128	324	259	125
384	256	128	389	259	125
448	256	128	452	259	125
512	256	128	514	259	125
576	256	128	578	259	125
640	256	128	640	259	125
704	256	128	703	259	125
768	256	128	767	259	125
832	256	128	831	258	125
896	256	128	894	258	125
960	256	128	957	258	125
1023	256	128	1017	256	125
0	320	128	0	322	126
64	320	128	63	322	126
128	320	128	130	322	126
192	320	128	195	322	126
256	320	128	259	322	126
320	320	128	324	323	125
384	320	128	389	323	125
448	320	128	452	323	125
512	320	128	515	323	125
576	320	128	579	323	125
640	320	128	641	323	125
704	320	128	704	323	125
768	320	128	768	323	126
832	320	128	831	322	125
896	320	128	894	322	125
960	320	128	957	322	126
1023	320	128	1018	322	126
0	384	128	0	386	126
64	384	128	63	386	126
128	384	128	129	386	126
192	384	128	195	386	126
256	384	128	259	386	126
320	384	128	323	386	125
384	384	128	389	387	125
448	384	128	452	387	125
512	384	128	515	387	125
576	384	128	579	387	125
640	384	128	641	387	125
704	384	128	704	387	125
768	384	128	768	387	126
832	384	128	831	386	125
896	384	128	895	386	125
960	384	128	957	386	126
1023	384	128	1018	385	126
0	448	128	0	447	126
64	448	128	63	447	126
128	448	128	130	447	126
192	448	128	195	447	126
256	448	128	259	447	126
320	448	128	324	447	126
384	448	128	389	448	126
448	448	128	452	448	126
512	448	128	515	448	126
576	448	128	579	448	126
640	448	128	641	448	126
704	448	128	704	448	126
768	448	128	768	448	126
832	448	128	831	447	126
896	448	128	894	447	126
960	448	128	957	447	126
1023	448	128	1017	446	126
0	512	128	0	508	126
64	512	128	63	508	126
128	512	128	130	508	126
192	512	128	195	508	126
256	512	128	260	509	126
320	512	128	324	509	126
384	512	128	389	509	126
448	512	128	452	509	126
512	512	128	515	509	126
576	512	128	579	509	126
640	512	128	641	509	126
704	512	128	704	509	126
768	512	128	768	509	126
832	512	128	831	508	126
896	512	128	894	508	126
960	512	128	957	508	126
1023	512	128	1017	508	126
0	576	128	0	572	128
64	576	128	63	572	128
128	576	128	130	572	128
192	576	128	195	572	128
256	576	128	260	572	126
320	576	128	324	573	126
384	576	128	390	573	126
448	576	128	453	574	126
512	576	128	516	574	126
576	576	128	580	573	126
640	576	128	642	573	126
704	576	128	704	573	126
768	576	128	769	573	126
832	576	128	831	572	126
896	576	128	895	572	126
960	576	128	957	572	126
1023	576	128	1017	572	126
0	640	128	0	632	128
64	640	128	66	632	128
128	640	128	130	632	128
192	640	128	196	632	128
256	640	128	261	632	128
320	640	128	325	633	126
384	640	128	390	633	126
448	640	128	453	633	126
512	640	128	516	633	126
576	640	128	580	633	126
640	640	128	643	633	126
704	640	128	705	633	126
768	640	128	770	633	126
832	640	128	832	632	126
896	640	128	896	633	126
960	640	128	957	632	126
1023	640	128	1018	632	126
0	704	128	23	693	128
64	704	128	66	693	128
128	704	128	132	693	128
192	704	128	196	694	128
256	704	128	262	694	128
320	704	128	326	695	128
384	704	128	391	695	128
448	704	128	454	694	128
512	704	128	516	694	128
576	704	128	580	694	128
640	704	128	643	694	128
704	704	128	705	694	128
768	704	128	770	694	128
832	704	128	832	694	128
896	704	128	895	693	128
960	704	128	958	694	128
1023	704	128	1018	693	128
0	768	128	23	756	129
64	768	128	69	756	129
128	768	128	132	756	129
192	768	128	196	756	128
256	768	128	262	757	128
320	768	128	326	757	128
384	768	128	391	757	128
448	768	128	454	757	128
512	768	128	517	757	128
576	768	128	581	757	128
640	768	128	643	757	128
704	768	128	705	757	128
768	768	128	770	757	128
832	768	128	833	757	128
896	768	128	896	757	128
960	768	128	958	757	128
1023	768	128	1019	757	128
0	832	128	38	819	129
64	832	128	72	819	129
128	832	128	134	819	129
192	832	128	198	819	129
256	832	128	263	820	128
320	832	128	327	820	128
384	832	128	392	820	128
448	832	128	455	820	128
512	832	128	517	820	128
576	832	128	582	820	128
640	832	128	644	820	128
704	832	128	707	821	128
768	832	128	771	820	128
832	832	128	833	820	128
896	832	128	897	820	128
960	832	128	960	820	128
1023	832	128	1020	821	128
0	896	128	44	880	129
64	896	128	75	880	129
128	896	128	136	880	129
192	896	128	198	880	129
256	896	128	263	880	129
320	896	128	328	881	128
384	896	128	393	881	128
448	896	128	456	881	128
512	896	128	519	881	128
576	896	128	583	882	128
640	896	128	645	881	128
704	896	128	707	881	128
768	896	128	772	882	128
832	896	128	835	881	128
896	896	128	898	881	128
960	896	128	960	881	128
1023	896	128	1022	882	128
0	960	128	48	942	130
64	960	128	77	942	130
128	960	128	137	942	129
192	960	128	200	942	129
256	960	128	265	942	129
320	960	128	328	943	129
384	960	128	394	943	129
448	960	128	457	943	129
512	960	128	519	944	129
576	960	128	583	944	129
640	960	128	645	943	129
704	960	128	708	944	129
768	960	128	773	944	129
832	960	128	836	944	129
896	960	128	899	944	129
960	960	128	961	944	129
1023	960	128	1021	944	128
0	1023	128	53	1003	130
64	1023	128	82	1003	130
128	1023	128	139	1003	130
192	1023	128	201	1004	130
256	1023	128	266	1004	129
320	1023	128	329	1004	129
384	1023	128	394	1005	129
448	1023	128	457	1005	129
512	1023	128	520	1005	129
576	1023	128	584	1005	129
640	1023	128	646	1005	129
704	1023	128	708	1005	129
768	1023	128	773	1006	129
832	1023	128	836	1006	129
896	1023	128	899	1006	128
960	1023	128	961	1006	128
1023	1023	128	1022	1006	128
0	0	192	0	0	187
64	0	192	63	0	186
128	0	192	130	0	186
192	0	192	195	0	186
256	0	192	259	0	186
320	0	192	323	0	186
384	0	192	388	0	186
448	0	192	451	0	187
512	0	192	513	0	187
576	0	192	577	0	187
640	0	192	639	0	187
704	0	192	701	0	187
768	0	192	766	0	187
832	0	192	830	0	187
896	0	192	893	0	187
960	0	192	955	0	187
1023	0	192	1016	0	187
0	64	192	0	63	188
64	64	192	63	63	188
128	64	192	130	63	188
192	64	192	195	63	188
256	64	192	259	63	188
320	64	192	323	63	187
384	64	192	388	63	187
448	64	192	451	63	187
512	64	192	513	63	187
576	64	192	577	63	187
640	64	192	639	63	187
704	64	192	701	63	187
768	64	192	766	63	188
832	64	192	830	63	188
896	64	192	893	63	187
960	64	192	955	63	188
1023	64	192	1016	63	188
0	128	192	0	129	188
64	128	192	63	129	188
128	128	192	130	129	188
192	128	192	195	129	188
256	128	192	259	129	188
320	128	192	323	129	187
384	128	192	388	130	187
448	128	192	451	130	187
512	128	192	513	130	187
576	128	192	577	130	187
640	128	192	639	130	187
704	128	192	702	130	187
768	128	192	766	129	188
832	128	192	830	129	188
896	128	192	893	129	187
960	128	192	956	129	188
1023	128	192	1016	129	188
0	192	192	0	193	188
64	192	192	63	193	188
128	192	192	130	193	188
192	192	192	195	194	188
256	192	192	259	194	188
320	192	192	323	195	187
384	192	192	388	195	187
448	192	192	451	195	187
512	192	192	514	195	187
576	192	192	578	195	187
640	192	192	639	195	187
704	192	192	702	195	187
768	192	192	767	195	188
832	192	192	830	194	188
896	192	192	893	194	187
960	192	192	956	193	188
1023	192	192	1016	193	188
0	256	192	0	258	188
64	256	192	63	258	188
128	256	192	130	258	188
192	256	192	195	258	188
256	256	192	259	259	188
320	256	192	323	259	187
384	256	192	389	259	187
448	256	192	451	259	187
512	256	192	514	259	187
576	256	192	578	259	187
640	256	192	640	259	187
704	256	192	703	259	187
768	256	192	767	259	188
832	256	192	830	259	188
896	256	192	893	258	188
960	256	192	956	258	188
1023	256	192	1017	257	188
0	320	192	0	322	189
64	320	192	63	322	188
128	320	192	130	322	188
192	320	192	195	323	188
256	320	192	259	323	188
320	320	192	323	323	188
384	320	192	389	324	188
448	320	192	452	324	188
512	320	192	514	324	188
576	320	192	578	324	188
640	320	192	640	324	188
704	320	192	703	324	188
768	320	192	767	324	188
832	320	192	830	323	188
896	320	192	894	322	188
960	320	192	956	322	188
1023	320	192	1017	322	188
0	384	192	0	386	189
64	384	192	63	386	189
128	384	192	129	386	188
192	384	192	194	387	188
256	384	192	259	387	188
320	384	192	323	387	188
384	384	192	389	388	188
448	384	192	452	388	188
512	384	192	515	388	188
576	384	192	578	388	188
640	384	192	641	388	188
704	384	192	703	388	188
768	384	192	767	388	188
832	384	192	830	386	188
896	384	192	894	386	188
960	384	192	956	386	188
1023	384	192	1017	386	188
0	448	192	0	448	189
64	448	192	63	448	189
128	448	192	129	448	189
192	448	192	195	448	188
256	448	192	259	448	188
320	448	192	323	448	188
384	448	192	389	449	188
448	448	192	452	449	188
512	448	192	515	449	188
576	448	192	579	449	188
640	448	192	641	449	188
704	448	192	703	449	188
768	448	192	767	448	188
832	448	192	830	448	188
896	448	192	893	447	188
960	448	192	956	447	188
1023	448	192	1016	447	188
0	512	192	0	509	189
64	512	192	63	509	189
128	512	192	130	509	189
192	512	192	195	509	189
256	512	192	260	509	188
320	512	192	324	510	188
384	512	192	389	510	188
448	512	192	452	510	188
512	512	192	515	510	188
576	512	192	579	510	188
640	512	192	641	510	188
704	512	192	703	510	188
768	512	192	768	510	188
832	512	192	830	509	188
896	512	192	893	509	188
960	512	192	956	509	188
1023	512	192	1016	509	188
0	576	192	0	572	190
64	576	192	63	572	189
128	576	192	130	573	189
192	576	192	195	573	189
256	576	192	260	573	189
320	576	192	324	573	188
384	576	192	389	574	188
448	576	192	453	574	188
512	576	192	515	574	188
576	576	192	579	574	188
640	576	192	641	574	188
704	576	192	704	574	188
768	576	192	768	574	188
832	576	192	830	573	188
896	576	192	894	573	188
960	576	192	956	573	188
1023	576	192	1016	573	188
0	640	192	0	633	190
64	640	192	66	633	190
128	640	192	130	633	190
192	640	192	196	633	190
256	640	192	261	633	189
320	640	192	325	633	189
384	640	192	390	634	189
448	640	192	453	634	189
512	640	192	516	634	188
576	640	192	580	634	188
640	640	192	642	634	188
704	640	192	704	634	188
768	640	192	769	634	188
832	640	192	831	633	188
896	640	192	895	633	188
960	640	192	957	633	188
1023	640	192	1017	633	188
0	704	192	23	694	191
64	704	192	66	694	190
128	704	192	132	694	190
192	704	192	196	695	190
256	704	192	261	695	189
320	704	192	326	695	189
384	704	192	390	695	189
448	704	192	453	695	189
512	704	192	516	695	189
576	704	192	580	695	189
640	704	192	642	695	189
704	704	192	704	695	189
768	704	192	769	695	189
832	704	192	832	695	189
896	704	192	895	694	189
960	704	192	957	695	189
1023	704	192	1017	694	189
0	768	192	23	757	191
64	768	192	69	757	191
128	768	192	132	757	191
192	768	192	196	757	190
256	768	192	261	757	190
320	768	192	326	758	189
384	768	192	390	758	189
448	768	192	454	758	189
512	768	192	516	758	189
576	768	192	580	758	189
640	768	192	642	758	189
704	768	192	704	758	189
768	768	192	769	758	189
832	768	192	832	758	189
896	768	192	895	758	189
960	768	192	957	758	189
1023	768	192	1018	758	189
0	832	192	32	819	191
64	832	192	72	819	191
128	832	192	134	819	191
192	832	192	198	820	191
256	832	192	262	820	190
320	832	192	327	821	190
384	832	192	392	821	190
448	832	192	454	821	190
512	832	192	517	821	189
576	832	192	581	821	189
640	832	192	643	821	189
704	832	192	706	821	189
768	832	192	770	821	190
832	832	192	832	820	189
896	832	192	896	821	189
960	832	192	959	821	189
1023	832	192	1019	821	189
0	896	192	38	881	192
64	896	192	75	881	192
128	896	192	136	881	192
192	896	192	198	881	191
256	896	192	263	881	191
320	896	192	327	881	190
384	896	192	393	882	190
448	896	192	456	882	190
512	896	192	518	882	190
576	896	192	582	882	190
640	896	192	644	882	190
704	896	192	707	882	190
768	896	192	771	883	190
832	896	192	834	882	190
896	896	192	897	882	190
960	896	192	959	882	190
1023	896	192	1020	883	190
0	960	192	44	943	192
64	960	192	77	943	192
128	960	192	137	943	192
192	960	192	199	943	192
256	960	192	264	943	191
320	960	192	328	943	190
384	960	192	393	944	191
448	960	192	456	944	190
512	960	192	519	945	190
576	960	192	583	945	190
640	960	192	645	944	190
704	960	192	707	945	190
768	960	192	772	946	190
832	960	192	835	945	190
896	960	192	898	945	190
960	960	192	960	945	190
1023	960	192	1020	945	190
0	1023	192	53	1004	193
64	1023	192	82	1004	192
128	1023	192	139	1004	192
192	1023	192	201	1004	192
256	1023	192	265	1005	191
320	1023	192	329	1005	191
384	1023	192	394	1006	191
448	1023	192	457	1006	191
512	1023	192	519	1006	191
576	1023	192	583	1006	191
640	1023	192	645	1006	191
704	1023	192	707	1006	191
768	1023	192	772	1007	191
832	1023	192	835	1007	190
896	1023	192	898	1007	190
960	1023	192	960	1007	190
1023	1023	192	1021	1008	190
0	0	256	0	0	248
64	0	256	63	0	247
128	0	256	129	0	247
192	0	256	194	0	247
256	0	256	259	0	247
320	0	256	323	0	247
384	0	256	388	0	247
448	0	256	451	0	248
512	0	256	513	0	248
576	0	256	577	0	248
640	0	256	638	0	248
704	0	256	701	0	248
768	0	256	766	0	248
832	0	256	829	0	248
896	0	256	892	0	248
960	0	256	954	0	248
1023	0	256	1015	0	248
0	64	256	0	63	248
64	64	256	63	63	248
128	64	256	129	63	248
192	64	256	194	63	248
256	64	256	259	63	248
320	64	256	323	63	248
384	64	256	388	63	248
448	64	256	451	63	248
512	64	256	513	63	248
576	64	256	577	63	248
640	64	256	638	63	248
704	64	256	701	63	248
768	64	256	766	63	248
832	64	256	829	63	248
896	64	256	892	63	248
960	64	256	954	63	248
1023	64	256	1015	63	248
0	128	256	0	129	248
64	128	256	63	129	248
128	128	256	129	129	248
192	128	256	195	129	248
256	128	256	259	130	248
320	128	256	323	130	248
384	128	256	388	130	248
448	128	256	451	130	248
512	128	256	513	130	248
576	128	256	577	130	248
640	128	256	639	130	248
704	128	256	701	130	248
768	128	256	766	130	248
832	128	256	829	130	248
896	128	256	892	129	248
960	128	256	954	129	248
1023	128	256	1015	129	248
0	192	256	0	194	248
64	192	256	63	194	248
128	192	256	129	194	248
192	192	256	195	194	248
256	192	256	259	195	248
320	192	256	323	195	248
384	192	256	388	195	248
448	192	256	451	195	248
512	192	256	513	195	248
576	192	256	577	196	248
640	192	256	639	195	248
704	192	256	701	195	248
768	192	256	766	195	248
832	192	256	829	195	248
896	192	256	892	194	248
960	192	256	955	194	248
1023	192	256	1015	194	248
0	256	256	0	259	248
64	256	256	63	259	248
128	256	256	129	259	248
192	256	256	195	259	248
256	256	256	259	259	248
320	256	256	323	260	248
384	256	256	388	260	248
448	256	256	451	260	248
512	256	256	514	260	248
576	256	256	578	261	248
640	256	256	639	260	248
704	256	256	702	260	248
768	256	256	766	260	248
832	256	256	829	259	248
896	256	256	892	259	248
960	256	256	955	259	248
1023	256	256	1015	258	248
0	320	256	0	323	251
64	320	256	63	323	250
128	320	256	129	323	250
192	320	256	194	324	250
256	320	256	259	324	250
320	320	256	323	324	249
384	320	256	388	325	249
448	320	256	451	325	249
512	320	256	514	325	249
576	320	256	578	325	249
640	320	256	640	325	249
704	320	256	702	325	249
768	320	256	766	325	249
832	320	256	829	324	249
896	320	256	892	323	249
960	320	256	955	323	249
1023	320	256	1015	323	249
0	384	256	0	387	251
64	384	256	63	388	251
128	384	256	129	388	251
192	384	256	194	388	250
256	384	256	259	388	250
320	384	256	323	388	249
384	384	256	388	389	249
448	384	256	451	389	249
512	384	256	514	389	249
576	384	256	578	389	249
640	384	256	640	388	249
704	384	256	702	389	249
768	384	256	766	388	249
832	384	256	829	388	249
896	384	256	892	388	249
960	384	256	955	388	249
1023	384	256	1015	387	249
0	448	256	0	449	252
64	448	256	63	449	251
128	448	256	129	449	251
192	448	256	194	449	251
256	448	256	259	449	250
320	448	256	323	449	250
384	448	256	388	450	250
448	448	256	451	450	250
512	448	256	514	450	250
576	448	256	578	450	250
640	448	256	640	450	249
704	448	256	702	450	250
768	448	256	767	450	250
832	448	256	829	449	249
896	448	256	892	448	249
960	448	256	954	449	249
1023	448	256	1015	448	250
0	512	256	0	509	252
64	512	256	63	510	251
128	512	256	130	510	251
192	512	256	195	510	251
256	512	256	259	510	250
320	512	256	324	511	250
384	512	256	389	511	250
448	512	256	452	511	250
512	512	256	514	511	250
576	512	256	578	511	250
640	512	256	640	511	250
704	512	256	702	511	250
768	512	256	767	511	250
832	512	256	829	510	250
896	512	256	892	510	250
960	512	256	954	510	250
1023	512	256	1015	510	250
0	576	256	0	573	252
64	576	256	63	573	252
128	576	256	130	573	251
192	576	256	195	574	251
256	576	256	260	574	251
320	576	256	324	575	250
384	576	256	389	575	250
448	576	256	452	575	250
512	576	256	514	575	250
576	576	256	578	575	250
640	576	256	640	575	250
704	576	256	702	575	250
768	576	256	767	575	250
832	576	256	829	574	250
896	576	256	892	574	250
960	576	256	955	575	250
1023	576	256	1015	574	250
0	640	256	0	634	252
64	640	256	66	634	252
128	640	256	130	634	252
192	640	256	196	634	252
256	640	256	261	634	252
320	640	256	325	635	250
384	640	256	389	635	250
448	640	256	452	635	250
512	640	256	515	635	250
576	640	256	579	635	250
640	640	256	641	635	250
704	640	256	703	635	250
768	640	256	768	635	250
832	640	256	830	634	250
896	640	256	893	635	250
960	640	256	955	635	250
1023	640	256	1015	634	250
0	704	256	0	695	253
64	704	256	66	695	252
128	704	256	130	696	252
192	704	256	196	696	252
256	704	256	261	696	251
320	704	256	325	697	251
384	704	256	390	696	251
448	704	256	453	696	251
512	704	256	515	696	250
576	704	256	579	696	250
640	704	256	641	696	250
704	704	256	703	696	250
768	704	256	768	697	251
832	704	256	831	696	250
896	704	256	893	696	250
960	704	256	956	697	250
1023	704	256	1015	696	250
0	768	256	23	758	253
64	768	256	66	758	252
128	768	256	132	758	252
192	768	256	196	758	252
256	768	256	261	759	252
320	768	256	325	759	251
384	768	256	390	759	251
448	768	256	453	759	251
512	768	256	516	760	251
576	768	256	580	760	251
640	768	256	641	759	251
704	768	256	703	760	251
768	768	256	768	760	251
832	768	256	831	759	250
896	768	256	894	760	251
960	768	256	956	760	250
1023	768	256	1016	760	250
0	832	256	32	820	253
64	832	256	72	820	252
128	832	256	133	820	252
192	832	256	197	821	252
256	832	256	262	821	252
320	832	256	326	822	252
384	832	256	391	822	252
448	832	256	454	822	251
512	832	256	516	822	251
576	832	256	580	822	251
640	832	256	642	822	251
704	832	256	704	822	251
768	832	256	769	823	251
832	832	256	831	822	251
896	832	256	895	822	251
960	832	256	957	823	251
1023	832	256	1017	823	251
0	896	256	38	881	254
64	896	256	75	881	254
128	896	256	134	881	253
192	896	256	198	881	253
256	896	256	263	882	253
320	896	256	327	882	252
384	896	256	392	883	252
448	896	256	455	883	252
512	896	256	517	883	252
576	896	256	582	884	252
640	896	256	643	883	252
704	896	256	705	883	252
768	896	256	770	884	252
832	896	256	833	883	251
896	896	256	896	884	251
960	896	256	958	884	252
1023	896	256	1019	885	251
0	960	256	44	943	255
64	960	256	77	943	254
128	960	256	136	943	254
192	960	256	198	944	254
256	960	256	263	944	253
320	960	256	327	944	252
384	960	256	393	946	252
448	960	256	455	946	252
512	960	256	518	946	252
576	960	256	582	946	252
640	960	256	644	946	252
704	960	256	706	947	252
768	960	256	771	947	252
832	960	256	833	946	252
896	960	256	896	947	252
960	960	256	958	947	252
1023	960	256	1019	947	252
0	1023	256	53	1005	255
64	1023	256	80	1005	253
128	1023	256	138	1005	253
192	1023	256	200	1005	253
256	1023	256	265	1006	253
320	1023	256	328	1006	253
384	1023	256	393	1007	253
448	1023	256	456	1007	252
512	1023	256	518	1008	252
576	1023	256	582	1008	252
640	1023	256	644	1008	252
704	1023	256	707	1008	252
768	1023	256	771	1009	252
832	1023	256	834	1009	252
896	1023	256	897	1009	252
960	1023	256	959	1009	252
1023	1023	256	1019	1009	252
0	0	320	0	0	310
64	0	320	63	0	310
128	0	320	129	0	310
192	0	320	194	0	310
256	0	320	259	0	310
320	0	320	323	0	309
384	0	320	387	0	310
448	0	320	451	0	310
512	0	320	513	0	310
576	0	320	577	0	310
640	0	320	638	0	310
704	0	320	700	0	310
768	0	320	765	0	310
832	0	320	828	0	310
896	0	320	891	0	310
960	0	320	953	0	310
1023	0	320	1015	0	310
0	64	320	0	63	313
64	64	320	63	63	313
128	64	320	129	63	313
192	64	320	194	63	312
256	64	320	259	63	312
320	64	320	323	63	311
384	64	320	387	63	311
448	64	320	451	63	311
512	64	320	513	63	311
576	64	320	577	63	311
640	64	320	638	63	311
704	64	320	700	63	311
768	64	320	765	63	311
832	64	320	828	63	311
896	64	320	891	63	311
960	64	320	953	63	311
1023	64	320	1015	63	311
0	128	320	0	130	313
64	128	320	63	130	313
128	128	320	129	130	313
192	128	320	194	130	312
256	128	320	259	130	312
320	128	320	323	130	311
384	128	320	388	130	311
448	128	320	451	130	311
512	128	320	513	130	311
576	128	320	577	130	311
640	128	320	638	130	311
704	128	320	700	130	311
768	128	320	765	130	311
832	128	320	828	130	311
896	128	320	891	130	311
960	128	320	953	130	311
1023	128	320	1014	129	311
0	192	320	0	195	313
64	192	320	63	195	313
128	192	320	129	195	313
192	192	320	194	195	312
256	192	320	259	196	312
320	192	320	323	196	311
384	192	320	388	196	311
448	192	320	451	196	311
512	192	320	513	196	311
576	192	320	577	196	311
640	192	320	638	196	311
704	192	320	701	196	311
768	192	320	765	196	311
832	192	320	828	196	311
896	192	320	891	195	311
960	192	320	953	195	311
1023	192	320	1014	194	311
0	256	320	0	259	313
64	256	320	63	259	313
128	256	320	129	259	313
192	256	320	194	260	313
256	256	320	259	261	312
320	256	320	323	261	311
384	256	320	388	261	311
448	256	320	451	261	311
512	256	320	513	261	311
576	256	320	577	261	311
640	256	320	639	261	311
704	256	320	701	261	311
768	256	320	765	261	311
832	256	320	828	261	311
896	256	320	891	260	311
960	256	320	953	259	311
1023	256	320	1014	259	311
0	320	320	0	324	314
64	320	320	63	324	314
128	320	320	129	324	314
192	320	320	194	325	313
256	320	320	259	325	312
320	320	320	323	326	312
384	320	320	388	326	312
448	320	320	451	326	312
512	320	320	513	326	312
576	320	320	577	326	312
640	320	320	639	326	311
704	320	320	701	326	312
768	320	320	765	326	312
832	320	320	828	325	311
896	320	320	891	325	311
960	320	320	953	324	311
1023	320	320	1013	324	312
0	384	320	0	388	314
64	384	320	63	388	314
128	384	320	129	389	314
192	384	320	194	389	313
256	384	320	259	389	313
320	384	320	323	389	312
384	384	320	388	389	312
448	384	320	451	390	312
512	384	320	513	390	312
576	384	320	577	390	312
640	384	320	639	389	311
704	384	320	701	390	312
768	384	320	765	389	312
832	384	320	828	389	311
896	384	320	891	389	311
960	384	320	953	389	311
1023	384	320	1013	388	312
0	448	320	0	450	315
64	448	320	63	450	314
128	448	320	129	450	314
192	448	320	194	450	314
256	448	320	259	450	313
320	448	320	323	451	312
384	448	320	388	451	312
448	448	320	451	451	312
512	448	320	513	451	312
576	448	320	577	451	312
640	448	320	639	451	312
704	448	320	702	451	312
768	448	320	765	451	312
832	448	320	828	450	312
896	448	320	890	450	311
960	448	320	953	450	312
1023	448	320	1013	450	312
0	512	320	0	510	315
64	512	320	63	510	314
128	512	320	129	511	314
192	512	320	195	511	314
256	512	320	259	511	313
320	512	320	323	512	312
384	512	320	388	512	313
448	512	320	451	512	312
512	512	320	513	512	312
576	512	320	577	512	312
640	512	320	640	512	312
704	512	320	702	512	312
768	512	320	766	512	312
832	512	320	828	512	312
896	512	320	890	511	312
960	512	320	953	511	312
1023	512	320	1013	511	312
0	576	320	0	574	315
64	576	320	63	574	315
128	576	320	130	574	315
192	576	320	195	575	314
256	576	320	259	575	313
320	576	320	323	576	313
384	576	320	389	576	313
448	576	320	451	576	313
512	576	320	514	576	312
576	576	320	577	576	312
640	576	320	640	576	312
704	576	320	701	576	312
768	576	320	766	576	312
832	576	320	828	576	312
896	576	320	891	576	312
960	576	320	953	576	312
1023	576	320	1013	575	312
0	640	320	0	635	316
64	640	320	63	635	316
128	640	320	130	635	315
192	640	320	195	635	315
256	640	320	260	636	314
320	640	320	324	636	313
384	640	320	389	636	313
448	640	320	452	636	313
512	640	320	514	636	313
576	640	320	578	636	313
640	640	320	640	636	313
704	640	320	702	637	313
768	640	320	766	637	313
832	640	320	829	636	312
896	640	320	892	636	312
960	640	320	954	636	312
1023	640	320	1014	636	312
0	704	320	0	697	316
64	704	320	63	697	316
128	704	320	130	697	315
192	704	320	196	697	315
256	704	320	261	697	314
320	704	320	325	697	313
384	704	320	389	697	313
448	704	320	452	697	313
512	704	320	514	697	313
576	704	320	578	697	313
640	704	320	640	697	313
704	704	320	702	697	313
768	704	320	767	698	313
832	704	320	829	698	313
896	704	320	892	697	313
960	704	320	954	698	313
1023	704	320	1014	697	313
0	768	320	0	759	317
64	768	320	66	759	316
128	768	320	130	759	316
192	768	320	196	760	315
256	768	320	261	760	314
320	768	320	325	760	314
384	768	320	389	760	313
448	768	320	452	760	313
512	768	320	515	761	313
576	768	320	579	761	313
640	768	320	640	761	313
704	768	320	702	761	313
768	768	320	767	761	313
832	768	320	829	761	313
896	768	320	893	762	313
960	768	320	954	761	313
1023	768	320	1015	762	313
0	832	320	32	821	317
64	832	320	69	821	317
128	832	320	133	821	316
192	832	320	197	822	316
256	832	320	262	822	315
320	832	320	326	823	314
384	832	320	390	823	314
448	832	320	453	823	314
512	832	320	515	823	314
576	832	320	579	823	314
640	832	320	641	823	314
704	832	320	703	824	314
768	832	320	767	824	314
832	832	320	830	823	313
896	832	320	893	824	313
960	832	320	955	825	313
1023	832	320	1015	824	313
0	896	320	38	882	317
64	896	320	72	882	317
128	896	320	134	882	317
192	896	320	198	882	316
256	896	320	262	882	315
320	896	320	326	883	314
384	896	320	391	884	314
448	896	320	454	884	314
512	896	320	517	885	314
576	896	320	581	885	314
640	896	320	642	885	314
704	896	320	704	885	314
768	896	320	769	886	314
832	896	320	831	885	314
896	896	320	895	886	314
960	896	320	956	886	314
1023	896	320	1017	886	314
0	960	320	44	944	317
64	960	320	75	944	317
128	960	320	136	944	317
192	960	320	198	945	317
256	960	320	263	945	316
320	960	320	327	946	315
384	960	320	392	947	315
448	960	320	454	947	315
512	960	320	517	947	315
576	960	320	581	948	315
640	960	320	643	948	314
704	960	320	705	948	314
768	960	320	769	949	314
832	960	320	832	948	314
896	960	320	895	949	314
960	960	320	957	949	314
1023	960	320	1017	949	314
0	1023	320	53	1006	318
64	1023	320	80	1006	317
128	1023	320	138	1006	317
192	1023	320	200	1007	317
256	1023	320	264	1007	316
320	1023	320	328	1008	315
384	1023	320	393	1009	315
448	1023	320	455	1009	315
512	1023	320	517	1009	315
576	1023	320	581	1010	315
640	1023	320	643	1010	315
704	1023	320	705	1011	315
768	1023	320	770	1011	315
832	1023	320	833	1011	315
896	1023	320	895	1011	314
960	1023	320	957	1011	314
1023	1023	320	1018	1011	314
0	0	384	0	0	373
64	0	384	63	0	373
128	0	384	129	0	373
192	0	384	194	0	373
256	0	384	259	0	372
320	0	384	323	0	372
384	0	384	388	0	372
448	0	384	450	0	372
512	0	384	513	0	372
576	0	384	576	0	372
640	0	384	638	0	372
704	0	384	700	0	372
768	0	384	765	0	372
832	0	384	829	0	372
896	0	384	891	0	372
960	0	384	953	0	372
1023	0	384	1014	0	372
0	64	384	0	63	374
64	64	384	63	63	373
128	64	384	129	63	373
192	64	384	194	63	373
256	64	384	259	63	373
320	64	384	323	63	373
384	64	384	388	63	373
448	64	384	450	63	373
512	64	384	513	63	373
576	64	384	576	66	373
640	64	384	638	63	373
704	64	384	700	63	373
768	64	384	765	63	373
832	64	384	828	63	372
896	64	384	891	63	372
960	64	384	953	63	372
1023	64	384	1014	63	372
0	128	384	0	130	374
64	128	384	63	130	374
128	128	384	129	130	373
192	128	384	194	130	373
256	128	384	259	130	373
320	128	384	323	130	373
384	128	384	388	130	373
448	128	384	451	130	373
512	128	384	513	130	373
576	128	384	577	130	373
640	128	384	638	130	373
704	128	384	700	130	373
768	128	384	765	130	373
832	128	384	828	130	372
896	128	384	891	130	372
960	128	384	953	130	372
1023	128	384	1014	129	372
0	192	384	0	195	374
64	192	384	63	195	374
128	192	384	129	195	374
192	192	384	194	195	373
256	192	384	259	196	373
320	192	384	323	196	373
384	192	384	388	196	373
448	192	384	451	196	373
512	192	384	513	196	373
576	192	384	577	196	373
640	192	384	639	196	373
704	192	384	701	196	373
768	192	384	765	196	373
832	192	384	828	196	373
896	192	384	891	195	372
960	192	384	953	195	372
1023	192	384	1014	195	372
0	256	384	0	259	374
64	256	384	63	259	374
128	256	384	129	259	374
192	256	384	194	260	374
256	256	384	259	261	373
320	256	384	323	261	373
384	256	384	388	261	373
448	256	384	451	261	373
512	256	384	513	262	373
576	256	384	577	262	373
640	256	384	639	261	373
704	256	384	701	261	373
768	256	384	765	261	373
832	256	384	828	261	373
896	256	384	891	260	372
960	256	384	953	260	372
1023	256	384	1013	259	372
0	320	384	0	324	376
64	320	384	63	324	375
128	320	384	129	324	375
192	320	384	194	325	375
256	320	384	259	325	375
320	320	384	323	326	374
384	320	384	388	326	374
448	320	384	451	326	373
512	320	384	513	326	373
576	320	384	577	327	373
640	320	384	639	326	373
704	320	384	701	326	373
768	320	384	765	326	373
832	320	384	828	325	373
896	320	384	891	325	373
960	320	384	953	325	373
1023	320	384	1013	324	373
0	384	384	0	389	376
64	384	384	63	389	376
128	384	384	129	389	376
192	384	384	194	389	376
256	384	384	258	389	375
320	384	384	322	389	374
384	384	384	388	390	374
448	384	384	451	390	374
512	384	384	513	390	373
576	384	384	577	390	373
640	384	384	639	390	373
704	384	384	701	390	373
768	384	384	765	390	373
832	384	384	828	389	373
896	384	384	891	389	373
960	384	384	952	389	373
1023	384	384	1013	389	373
0	448	384	0	450	377
64	448	384	63	450	376
128	448	384	129	450	376
192	448	384	194	450	376
256	448	384	259	451	375
320	448	384	323	451	374
384	448	384	388	451	374
448	448	384	451	451	374
512	448	384	513	451	374
576	448	384	577	451	374
640	448	384	639	451	373
704	448	384	701	451	374
768	448	384	765	451	373
832	448	384	828	451	373
896	448	384	890	450	373
960	448	384	952	450	373
1023	448	384	1013	450	373
0	512	384	0	511	377
64	512	384	63	511	376
128	512	384	129	511	376
192	512	384	194	511	376
256	512	384	259	512	375
320	512	384	323	512	374
384	512	384	388	512	374
448	512	384	451	512	374
512	512	384	513	512	374
576	512	384	577	512	374
640	512	384	639	512	374
704	512	384	701	512	374
768	512	384	765	512	374
832	512	384	828	512	373
896	512	384	890	512	373
960	512	384	952	512	373
1023	512	384	1013	511	373
0	576	384	0	575	377
64	576	384	63	575	376
128	576	384	129	575	376
192	576	384	194	575	376
256	576	384	259	575	375
320	576	384	323	576	374
384	576	384	388	576	374
448	576	384	451	576	374
512	576	384	513	576	374
576	576	384	577	576	374
640	576	384	639	577	374
704	576	384	701	576	374
768	576	384	766	577	374
832	576	384	828	576	373
896	576	384	891	576	374
960	576	384	953	576	373
1023	576	384	1013	576	373
0	640	384	0	635	378
64	640	384	63	635	377
128	640	384	130	635	377
192	640	384	195	635	377
256	640	384	259	635	376
320	640	384	324	636	375
384	640	384	389	636	375
448	640	384	452	636	375
512	640	384	514	636	375
576	640	384	578	637	374
640	640	384	640	637	374
704	640	384	702	637	374
768	640	384	766	637	374
832	640	384	829	636	374
896	640	384	891	637	374
960	640	384	953	636	374
1023	640	384	1014	636	374
0	704	384	0	696	378
64	704	384	63	696	376
128	704	384	130	696	376
192	704	384	195	697	376
256	704	384	260	697	375
320	704	384	324	697	375
384	704	384	389	697	375
448	704	384	452	698	375
512	704	384	514	698	375
576	704	384	578	698	375
640	704	384	640	698	374
704	704	384	702	698	374
768	704	384	766	698	375
832	704	384	829	698	374
896	704	384	892	698	374
960	704	384	954	699	375
1023	704	384	1014	699	374
0	768	384	0	759	378
64	768	384	66	759	377
128	768	384	130	759	377
192	768	384	196	760	377
256	768	384	260	760	376
320	768	384	324	760	375
384	768	384	389	761	375
448	768	384	452	761	375
512	768	384	514	761	375
576	768	384	578	761	375
640	768	384	640	761	375
704	768	384	702	762	375
768	768	384	766	762	375
832	768	384	829	761	374
896	768	384	892	762	375
960	768	384	954	762	374
1023	768	384	1014	762	374
0	832	384	23	821	379
64	832	384	69	821	377
128	832	384	132	822	377
192	832	384	196	822	377
256	832	384	261	822	376
320	832	384	325	823	376
384	832	384	390	823	376
448	832	384	453	824	376
512	832	384	515	824	375
576	832	384	579	824	375
640	832	384	641	824	375
704	832	384	703	824	375
768	832	384	767	825	375
832	832	384	830	824	375
896	832	384	893	825	375
960	832	384	955	825	375
1023	832	384	1015	825	375
0	896	384	32	882	379
64	896	384	72	882	379
128	896	384	133	882	379
192	896	384	197	883	379
256	896	384	262	883	378
320	896	384	326	883	376
384	896	384	391	884	376
448	896	384	454	885	376
512	896	384	516	885	376
576	896	384	580	885	375
640	896	384	642	885	375
704	896	384	703	885	375
768	896	384	768	886	376
832	896	384	831	886	375
896	896	384	894	886	375
960	896	384	956	887	375
1023	896	384	1016	886	375
0	960	384	38	945	380
64	960	384	75	945	379
128	960	384	134	945	379
192	960	384	198	945	379
256	960	384	262	946	379
320	960	384	327	946	376
384	960	384	391	947	376
448	960	384	454	947	376
512	960	384	517	948	376
576	960	384	580	948	376
640	960	384	642	948	376
704	960	384	704	949	376
768	960	384	769	949	376
832	960	384	831	949	375
896	960	384	894	949	375
960	960	384	956	950	375
1023	960	384	1017	950	375
0	1023	384	48	1006	380
64	1023	384	77	1006	378
128	1023	384	137	1007	378
192	1023	384	199	1007	377
256	1023	384	264	1008	377
320	1023	384	327	1008	376
384	1023	384	392	1009	376
448	1023	384	454	1009	376
512	1023	384	517	1009	376
576	1023	384	581	1010	376
640	1023	384	643	1010	376
704	1023	384	705	1011	376
768	1023	384	769	1011	376
832	1023	384	832	1011	376
896	1023	384	895	1011	376
960	1023	384	957	1011	375
1023	1023	384	1017	1011	375
0	0	448	0	0	434
64	0	448	63	0	434
128	0	448	129	0	434
192	0	448	194	0	433
256	0	448	259	0	433
320	0	448	322	0	433
384	0	448	388	0	433
448	0	448	450	0	433
512	0	448	512	0	432
576	0	448	576	0	432
640	0	448	638	0	432
704	0	448	700	0	433
768	0	448	765	0	433
832	0	448	828	0	432
896	0	448	891	0	432
960	0	448	954	0	432
1023	0	448	1014	0	432
0	64	448	0	63	436
64	64	448	63	63	436
128	64	448	129	63	435
192	64	448	194	63	435
256	64	448	259	63	434
320	64	448	322	63	434
384	64	448	388	63	433
448	64	448	450	63	433
512	64	448	512	66	433
576	64	448	576	66	433
640	64	448	638	66	433
704	64	448	700	63	433
768	64	448	765	63	433
832	64	448	828	63	432
896	64	448	891	63	433
960	64	448	954	63	432
1023	64	448	1014	63	432
0	128	448	0	130	436
64	128	448	63	130	436
128	128	448	129	130	435
192	128	448	194	130	435
256	128	448	259	130	434
320	128	448	322	130	434
384	128	448	388	130	433
448	128	448	450	130	433
512	128	448	512	130	433
576	128	448	577	130	433
640	128	448	639	130	433
704	128	448	701	130	433
768	128	448	765	130	433
832	128	448	828	130	433
896	128	448	891	130	433
960	128	448	953	130	432
1023	128	448	1014	129	432
0	192	448	0	195	436
64	192	448	63	195	436
128	192	448	129	195	436
192	192	448	194	195	435
256	192	448	259	196	434
320	192	448	322	196	434
384	192	448	388	196	433
448	192	448	451	196	433
512	192	448	513	196	433
576	192	448	577	196	433
640	192	448	639	196	433
704	192	448	701	196	433
768	192	448	765	196	433
832	192	448	828	196	433
896	192	448	891	196	433
960	192	448	953	195	432
1023	192	448	1014	195	432
0	256	448	0	259	436
64	256	448	63	259	436
128	256	448	129	260	436
192	256	448	194	260	435
256	256	448	258	261	435
320	256	448	322	261	434
384	256	448	388	262	434
448	256	448	451	262	433
512	256	448	513	262	433
576	256	448	577	262	433
640	256	448	639	262	433
704	256	448	701	261	433
768	256	448	765	261	433
832	256	448	828	261	433
896	256	448	891	260	433
960	256	448	953	260	432
1023	256	448	1013	259	432
0	320	448	0	324	438
64	320	448	63	324	437
128	320	448	129	325	436
192	320	448	194	325	436
256	320	448	258	325	435
320	320	448	322	326	434
384	320	448	388	326	434
448	320	448	451	327	434
512	320	448	513	327	434
576	320	448	578	327	434
640	320	448	639	327	433
704	320	448	701	326	433
768	320	448	765	326	433
832	320	448	828	325	433
896	320	448	890	325	433
960	320	448	952	325	433
1023	320	448	1012	324	433
0	384	448	0	389	438
64	384	448	63	389	438
128	384	448	129	389	437
192	384	448	194	389	437
256	384	448	258	389	436
320	384	448	322	390	434
384	384	448	388	390	434
448	384	448	450	390	434
512	384	448	513	390	434
576	384	448	577	390	434
640	384	448	639	390	433
704	384	448	701	390	433
768	384	448	765	390	433
832	384	448	828	389	433
896	384	448	890	389	433
960	384	448	952	389	433
1023	384	448	1012	389	433
0	448	448	0	450	438
64	448	448	63	450	438
128	448	448	129	450	437
192	448	448	194	451	437
256	448	448	258	451	436
320	448	448	322	451	434
384	448	448	388	451	434
448	448	448	451	451	434
512	448	448	513	451	434
576	448	448	577	451	434
640	448	448	639	451	434
704	448	448	701	451	433
768	448	448	765	451	433
832	448	448	828	451	433
896	448	448	890	451	433
960	448	448	952	451	433
1023	448	448	1012	450	433
0	512	448	0	511	438
64	512	448	63	511	438
128	512	448	129	511	437
192	512	448	194	512	437
256	512	448	259	512	436
320	512	448	323	512	434
384	512	448	388	512	434
448	512	448	451	513	434
512	512	448	513	513	434
576	512	448	577	513	434
640	512	448	639	513	434
704	512	448	701	513	434
768	512	448	765	513	434
832	512	448	828	512	433
896	512	448	890	512	433
960	512	448	952	512	433
1023	512	448	1013	512	433
0	576	448	0	575	438
64	576	448	63	575	438
128	576	448	129	575	438
192	576	448	194	575	437
256	576	448	259	575	436
320	576	448	322	576	434
384	576	448	388	576	434
448	576	448	451	577	434
512	576	448	513	577	434
576	576	448	577	577	434
640	576	448	639	577	434
704	576	448	701	577	434
768	576	448	766	577	434
832	576	448	828	577	434
896	576	448	891	577	434
960	576	448	953	577	434
1023	576	448	1013	577	433
0	640	448	0	635	439
64	640	448	63	635	438
128	640	448	129	635	438
192	640	448	194	636	438
256	640	448	259	636	437
320	640	448	323	636	435
384	640	448	389	637	435
448	640	448	451	637	435
512	640	448	514	637	435
576	640	448	578	637	435
640	640	448	640	637	434
704	640	448	702	637	434
768	640	448	766	637	434
832	640	448	829	637	434
896	640	448	891	637	434
960	640	448	953	637	434
1023	640	448	1014	637	434
0	704	448	0	696	439
64	704	448	63	696	438
128	704	448	130	696	438
192	704	448	195	697	437
256	704	448	260	697	436
320	704	448	324	697	435
384	704	448	389	698	435
448	704	448	452	698	435
512	704	448	514	699	435
576	704	448	578	698	435
640	704	448	640	699	435
704	704	448	702	699	434
768	704	448	766	699	434
832	704	448	829	699	434
896	704	448	892	699	434
960	704	448	954	699	434
1023	704	448	1015	700	434
0	768	448	0	759	439
64	768	448	63	760	438
128	768	448	130	760	438
192	768	448	195	760	438
256	768	448	260	760	437
320	768	448	324	761	435
384	768	448	389	761	435
448	768	448	452	761	435
512	768	448	514	762	435
576	768	448	578	762	435
640	768	448	640	762	435
704	768	448	702	762	435
768	768	448	767	763	435
832	768	448	829	762	434
896	768	448	892	762	434
960	768	448	954	763	434
1023	768	448	1015	763	434
0	832	448	0	822	440
64	832	448	66	822	439
128	832	448	130	822	438
192	832	448	196	822	438
256	832	448	261	823	437
320	832	448	325	823	436
384	832	448	390	824	436
448	832	448	453	824	436
512	832	448	515	824	436
576	832	448	579	825	435
640	832	448	641	825	435
704	832	448	703	825	435
768	832	448	767	826	435
832	832	448	830	825	435
896	832	448	893	825	435
960	832	448	955	826	435
1023	832	448	1015	826	435
0	896	448	23	882	440
64	896	448	69	883	440
128	896	448	132	883	440
192	896	448	196	883	439
256	896	448	262	883	438
320	896	448	326	884	436
384	896	448	390	885	436
448	896	448	454	885	436
512	896	448	516	886	436
576	896	448	580	886	436
640	896	448	641	885	435
704	896	448	703	886	435
768	896	448	768	886	436
832	896	448	831	887	435
896	896	448	893	886	435
960	896	448	956	887	435
1023	896	448	1016	887	435
0	960	448	32	945	441
64	960	448	72	946	441
128	960	448	134	946	440
192	960	448	198	946	440
256	960	448	262	947	439
320	960	448	327	947	437
384	960	448	391	948	437
448	960	448	454	948	436
512	960	448	516	948	436
576	960	448	580	949	436
640	960	448	642	949	436
704	960	448	704	949	436
768	960	448	769	950	436
832	960	448	832	950	436
896	960	448	894	950	435
960	960	448	956	950	436
1023	960	448	1017	951	435
0	1023	448	44	1007	441
64	1023	448	77	1007	439
128	1023	448	136	1007	439
192	1023	448	198	1008	438
256	1023	448	263	1008	438
320	1023	448	327	1009	437
384	1023	448	392	1009	437
448	1023	448	454	1009	436
512	1023	448	517	1010	436
576	1023	448	580	1010	436
640	1023	448	642	1011	436
704	1023	448	704	1011	436
768	1023	448	769	1011	436
832	1023	448	832	1012	436
896	1023	448	895	1012	435
960	1023	448	957	1013	436
1023	1023	448	1017	1012	435
0	0	512	0	0	494
64	0	512	63	0	494
128	0	512	129	0	494
192	0	512	194	0	493
256	0	512	258	0	493
320	0	512	322	0	492
384	0	512	387	0	492
448	0	512	450	0	492
512	0	512	512	0	492
576	0	512	576	0	492
640	0	512	638	0	492
704	0	512	701	0	492
768	0	512	765	0	492
832	0	512	828	0	492
896	0	512	891	0	491
960	0	512	954	0	492
1023	0	512	1014	0	491
0	64	512	0	63	497
64	64	512	63	63	497
128	64	512	129	63	496
192	64	512	194	63	495
256	64	512	258	63	494
320	64	512	322	63	493
384	64	512	387	63	493
448	64	512	450	66	493
512	64	512	512	66	493
576	64	512	576	66	493
640	64	512	638	66	492
704	64	512	701	63	492
768	64	512	765	63	492
832	64	512	828	63	492
896	64	512	891	63	492
960	64	512	954	63	492
1023	64	512	1014	63	492
0	128	512	0	130	497
64	128	512	63	130	497
128	128	512	129	130	496
192	128	512	194	130	495
256	128	512	258	130	494
320	128	512	322	130	493
384	128	512	387	130	493
448	128	512	450	130	493
512	128	512	512	130	493
576	128	512	577	130	493
640	128	512	639	130	492
704	128	512	701	130	492
768	128	512	765	130	492
832	128	512	828	130	492
896	128	512	891	130	492
960	128	512	954	130	492
1023	128	512	1014	130	492
0	192	512	0	195	497
64	192	512	63	195	497
128	192	512	129	195	496
192	192	512	194	195	495
256	192	512	258	196	494
320	192	512	322	196	493
384	192	512	387	196	493
448	192	512	450	196	493
512	192	512	513	196	493
576	192	512	577	196	493
640	192	512	639	196	492
704	192	512	701	196	492
768	192	512	765	196	492
832	192	512	828	196	492
896	192	512	891	196	492
960	192	512	953	195	492
1023	192	512	1014	195	492
0	256	512	0	259	497
64	256	512	63	259	497
128	256	512	129	259	496
192	256	512	193	260	495
256	256	512	258	261	494
320	256	512	322	261	493
384	256	512	387	262	493
448	256	512	451	262	493
512	256	512	513	262	493
576	256	512	577	262	493
640	256	512	639	262	492
704	256	512	701	262	492
768	256	512	765	261	492
832	256	512	828	261	492
896	256	512	891	261	492
960	256	512	952	260	492
1023	256	512	1013	259	492
0	320	512	0	324	498
64	320	512	63	324	497
128	320	512	129	325	497
192	320	512	193	325	496
256	320	512	258	325	495
320	320	512	322	326	494
384	320	512	387	326	493
448	320	512	450	326	493
512	320	512	513	327	493
576	320	512	577	327	493
640	320	512	639	327	492
704	320	512	701	326	492
768	320	512	765	326	492
832	320	512	828	326	492
896	320	512	890	325	492
960	320	512	952	325	492
1023	320	512	1012	324	492
0	384	512	0	389	498
64	384	512	63	389	498
128	384	512	129	389	497
192	384	512	193	389	496
256	384	512	258	390	495
320	384	512	322	390	494
384	384	512	387	390	493
448	384	512	450	390	493
512	384	512	512	390	493
576	384	512	577	390	493
640	384	512	638	390	492
704	384	512	700	390	492
768	384	512	765	390	492
832	384	512	827	390	492
896	384	512	890	389	492
960	384	512	952	389	492
1023	384	512	1012	389	492
0	448	512	0	450	498
64	448	512	63	450	498
128	448	512	129	450	497
192	448	512	194	451	496
256	448	512	258	451	495
320	448	512	322	451	494
384	448	512	387	451	494
448	448	512	450	451	493
512	448	512	513	451	493
576	448	512	577	452	493
640	448	512	639	451	493
704	448	512	700	451	493
768	448	512	765	452	493
832	448	512	828	451	492
896	448	512	890	451	492
960	448	512	953	451	493
1023	448	512	1013	451	492
0	512	512	0	511	498
64	512	512	63	511	498
128	512	512	129	512	498
192	512	512	194	512	497
256	512	512	258	512	495
320	512	512	322	513	494
384	512	512	388	513	494
448	512	512	451	514	494
512	512	512	513	514	494
576	512	512	577	514	494
640	512	512	639	513	493
704	512	512	701	513	493
768	512	512	765	514	493
832	512	512	828	513	493
896	512	512	890	513	492
960	512	512	953	513	493
1023	512	512	1013	513	492
0	576	512	0	576	499
64	576	512	63	576	498
128	576	512	129	576	498
192	576	512	194	576	497
256	576	512	258	576	495
320	576	512	322	576	494
384	576	512	388	577	494
448	576	512	451	577	494
512	576	512	514	577	494
576	576	512	578	578	494
640	576	512	639	577	493
704	576	512	701	577	493
768	576	512	766	578	494
832	576	512	829	578	493
896	576	512	891	577	493
960	576	512	953	578	493
1023	576	512	1013	577	492
0	640	512	0	636	499
64	640	512	63	636	499
128	640	512	129	636	498
192	640	512	194	636	498
256	640	512	259	637	496
320	640	512	323	637	495
384	640	512	388	637	494
448	640	512	451	637	494
512	640	512	514	637	494
576	640	512	578	638	494
640	640	512	639	637	494
704	640	512	701	637	493
768	640	512	766	638	494
832	640	512	829	638	494
896	640	512	892	638	493
960	640	512	954	638	494
1023	640	512	1014	638	493
0	704	512	0	697	499
64	704	512	63	697	498
128	704	512	130	697	498
192	704	512	195	698	497
256	704	512	259	698	496
320	704	512	324	698	495
384	704	512	389	699	495
448	704	512	452	699	494
512	704	512	515	700	494
576	704	512	578	700	494
640	704	512	640	700	494
704	704	512	703	700	494
768	704	512	766	700	494
832	704	512	829	700	494
896	704	512	892	700	493
960	704	512	954	700	493
1023	704	512	1015	701	493
0	768	512	0	760	500
64	768	512	63	760	499
128	768	512	130	760	498
192	768	512	195	761	498
256	768	512	260	761	496
320	768	512	324	762	495
384	768	512	389	762	495
448	768	512	452	763	495
512	768	512	514	763	495
576	768	512	578	763	494
640	768	512	640	763	494
704	768	512	702	764	494
768	768	512	767	764	494
832	768	512	830	764	494
896	768	512	892	763	493
960	768	512	954	763	493
1023	768	512	1015	764	494
0	832	512	0	823	501
64	832	512	63	823	500
128	832	512	130	823	499
192	832	512	196	823	498
256	832	512	261	824	497
320	832	512	325	824	496
384	832	512	389	824	495
448	832	512	452	824	495
512	832	512	515	825	495
576	832	512	579	826	495
640	832	512	641	825	494
704	832	512	703	826	494
768	832	512	767	826	494
832	832	512	830	826	495
896	832	512	893	826	494
960	832	512	955	827	494
1023	832	512	1015	826	494
0	896	512	23	883	501
64	896	512	66	883	500
128	896	512	132	883	500
192	896	512	196	884	499
256	896	512	261	884	498
320	896	512	326	885	496
384	896	512	390	886	496
448	896	512	454	886	496
512	896	512	516	886	495
576	896	512	580	886	495
640	896	512	642	886	495
704	896	512	704	887	495
768	896	512	768	888	495
832	896	512	832	888	495
896	896	512	893	887	494
960	896	512	956	888	494
1023	896	512	1017	889	494
0	960	512	32	946	501
64	960	512	69	946	501
128	960	512	133	946	500
192	960	512	197	947	500
256	960	512	262	948	498
320	960	512	327	949	497
384	960	512	391	949	496
448	960	512	454	949	496
512	960	512	516	949	495
576	960	512	580	950	495
640	960	512	643	951	496
704	960	512	704	951	495
768	960	512	769	951	495
832	960	512	832	952	495
896	960	512	895	952	495
960	960	512	957	952	495
1023	960	512	1017	952	495
0	1023	512	38	1007	501
64	1023	512	75	1007	500
128	1023	512	134	1008	500
192	1023	512	198	1008	499
256	1023	512	263	1009	497
320	1023	512	327	1010	496
384	1023	512	391	1010	496
448	1023	512	454	1011	496
512	1023	512	517	1011	496
576	1023	512	580	1011	495
640	1023	512	643	1012	496
704	1023	512	704	1012	495
768	1023	512	769	1013	495
832	1023	512	832	1012	495
896	1023	512	895	1013	495
960	1023	512	957	1014	495
1023	1023	512	1018	1014	495
0	0	576	0	0	555
64	0	576	63	0	554
128	0	576	129	0	554
192	0	576	193	0	553
256	0	576	258	0	553
320	0	576	322	0	552
384	0	576	387	0	552
448	0	576	450	0	552
512	0	576	512	0	552
576	0	576	577	0	552
640	0	576	639	0	552
704	0	576	700	0	552
768	0	576	765	0	552
832	0	576	828	0	551
896	0	576	891	0	552
960	0	576	954	0	551
1023	0	576	1015	0	552
0	64	576	0	63	557
64	64	576	63	63	557
128	64	576	129	63	557
192	64	576	193	63	556
256	64	576	258	63	554
320	64	576	322	63	553
384	64	576	387	63	553
448	64	576	450	66	553
512	64	576	512	66	553
576	64	576	577	66	553
640	64	576	639	66	553
704	64	576	701	63	552
768	64	576	765	63	552
832	64	576	828	63	552
896	64	576	891	63	553
960	64	576	954	63	552
1023	64	576	1015	63	552
0	128	576	0	130	557
64	128	576	63	130	557
128	128	576	129	130	557
192	128	576	193	130	556
256	128	576	258	130	554
320	128	576	322	130	553
384	128	576	387	130	553
448	128	576	450	130	553
512	128	576	512	130	553
576	128	576	577	130	553
640	128	576	639	130	553
704	128	576	701	130	552
768	128	576	765	130	552
832	128	576	828	130	552
896	128	576	891	130	553
960	128	576	953	130	552
1023	128	576	1015	130	552
0	192	576	0	195	557
64	192	576	63	195	557
128	192	576	129	195	557
192	192	576	193	195	556
256	192	576	258	196	554
320	192	576	322	196	553
384	192	576	387	196	553
448	192	576	450	196	553
512	192	576	513	196	553
576	192	576	577	196	553
640	192	576	639	196	553
704	192	576	701	196	552
768	192	576	765	196	552
832	192	576	828	196	552
896	192	576	891	196	552
960	192	576	953	195	552
1023	192	576	1014	195	552
0	256	576	0	259	557
64	256	576	63	259	557
128	256	576	129	260	557
192	256	576	193	260	556
256	256	576	258	261	554
320	256	576	322	261	553
384	256	576	387	262	553
448	256	576	450	262	553
512	256	576	513	262	553
576	256	576	577	262	553
640	256	576	639	262	553
704	256	576	701	262	552
768	256	576	765	262	552
832	256	576	828	261	552
896	256	576	891	261	552
960	256	576	953	260	552
1023	256	576	1013	260	552
0	320	576	0	324	559
64	320	576	63	324	558
128	320	576	129	325	557
192	320	576	193	325	557
256	320	576	258	326	555
320	320	576	322	326	553
384	320	576	387	326	553
448	320	576	450	327	553
512	320	576	513	327	553
576	320	576	577	327	553
640	320	576	639	327	552
704	320	576	701	327	552
768	320	576	765	327	552
832	320	576	828	326	552
896	320	576	891	326	552
960	320	576	952	325	552
1023	320	576	1013	325	552
0	384	576	0	389	559
64	384	576	63	389	558
128	384	576	129	389	558
192	384	576	193	389	557
256	384	576	257	389	555
320	384	576	322	390	553
384	384	576	386	390	553
448	384	576	450	390	553
512	384	576	512	390	553
576	384	576	576	390	553
640	384	576	638	390	552
704	384	576	701	390	552
768	384	576	765	390	552
832	384	576	827	390	552
896	384	576	890	390	552
960	384	576	953	390	552
1023	384	576	1013	389	552
0	448	576	0	450	559
64	448	576	63	450	558
128	448	576	129	450	558
192	448	576	193	451	557
256	448	576	258	451	555
320	448	576	322	451	554
384	448	576	387	451	553
448	448	576	450	451	553
512	448	576	512	452	553
576	448	576	577	452	553
640	448	576	638	452	553
704	448	576	700	452	553
768	448	576	765	452	553
832	448	576	827	451	552
896	448	576	890	451	552
960	448	576	953	452	553
1023	448	576	1013	451	552
0	512	576	0	511	559
64	512	576	63	511	559
128	512	576	129	512	558
192	512	576	193	512	557
256	512	576	258	512	555
320	512	576	322	513	554
384	512	576	387	513	554
448	512	576	451	513	554
512	512	576	513	514	553
576	512	576	577	514	553
640	512	576	638	513	553
704	512	576	700	513	552
768	512	576	765	514	553
832	512	576	828	513	552
896	512	576	891	513	553
960	512	576	953	514	553
1023	512	576	1014	514	553
0	576	576	0	575	559
64	576	576	63	576	559
128	576	576	129	576	558
192	576	576	193	576	557
256	576	576	258	576	555
320	576	576	322	577	554
384	576	576	388	577	554
448	576	576	451	578	554
512	576	576	513	578	554
576	576	576	577	578	554
640	576	576	639	577	553
704	576	576	700	577	553
768	576	576	765	578	553
832	576	576	828	578	553
896	576	576	891	577	552
960	576	576	953	578	553
1023	576	576	1014	578	552
0	640	576	0	636	560
64	640	576	63	636	560
128	640	576	129	636	559
192	640	576	194	636	558
256	640	576	259	637	556
320	640	576	322	637	555
384	640	576	388	637	554
448	640	576	451	637	554
512	640	576	514	638	554
576	640	576	578	638	554
640	640	576	639	638	554
704	640	576	701	638	553
768	640	576	766	639	553
832	640	576	829	638	553
896	640	576	892	638	553
960	640	576	954	639	553
1023	640	576	1014	638	553
0	704	576	0	697	560
64	704	576	63	697	559
128	704	576	129	697	558
192	704	576	194	698	557
256	704	576	259	698	556
320	704	576	323	699	555
384	704	576	388	699	554
448	704	576	451	699	554
512	704	576	514	699	554
576	704	576	578	700	554
640	704	576	640	700	554
704	704	576	702	701	554
768	704	576	767	701	554
832	704	576	829	701	554
896	704	576	892	700	553
960	704	576	953	700	553
1023	704	576	1015	701	553
0	768	576	0	760	560
64	768	576	63	760	560
128	768	576	129	760	559
192	768	576	194	761	558
256	768	576	259	761	556
320	768	576	323	762	555
384	768	576	389	762	555
448	768	576	452	763	555
512	768	576	514	763	555
576	768	576	578	764	554
640	768	576	640	764	554
704	768	576	703	765	554
768	768	576	767	765	554
832	768	576	830	765	554
896	768	576	892	764	553
960	768	576	955	765	554
1023	768	576	1015	765	553
0	832	576	0	823	561
64	832	576	63	823	560
128	832	576	130	823	560
192	832	576	195	823	559
256	832	576	260	824	557
320	832	576	324	825	556
384	832	576	390	826	555
448	832	576	453	826	555
512	832	576	515	826	555
576	832	576	579	827	555
640	832	576	641	826	554
704	832	576	703	827	554
768	832	576	767	827	554
832	832	576	830	827	554
896	832	576	893	827	554
960	832	576	956	828	554
1023	832	576	1015	827	554
0	896	576	0	884	562
64	896	576	63	884	561
128	896	576	130	885	561
192	896	576	196	885	560
256	896	576	261	886	558
320	896	576	325	886	556
384	896	576	390	886	556
448	896	576	453	887	556
512	896	576	515	887	555
576	896	576	579	887	555
640	896	576	641	887	555
704	896	576	704	888	555
768	896	576	768	889	555
832	896	576	831	889	555
896	896	576	894	888	554
960	896	576	956	889	555
1023	896	576	1017	890	555
0	960	576	0	946	561
64	960	576	66	946	561
128	960	576	132	946	561
192	960	576	196	947	560
256	960	576	262	948	558
320	960	576	326	949	557
384	960	576	390	949	556
448	960	576	453	949	556
512	960	576	516	950	555
576	960	576	580	950	555
640	960	576	642	951	555
704	960	576	704	951	555
768	960	576	768	952	555
832	960	576	832	952	555
896	960	576	894	952	555
960	960	576	957	953	555
1023	960	576	1017	953	554
0	1023	576	32	1008	562
64	1023	576	72	1008	561
128	1023	576	133	1008	561
192	1023	576	197	1009	559
256	1023	576	262	1010	558
320	1023	576	327	1011	556
384	1023	576	391	1011	556
448	1023	576	454	1012	556
512	1023	576	517	1012	556
576	1023	576	580	1012	556
640	1023	576	643	1013	556
704	1023	576	705	1014	556
768	1023	576	769	1014	555
832	1023	576	831	1013	554
896	1023	576	895	1014	555
960	1023	576	958	1015	555
1023	1023	576	1018	1015	555
0	0	640	0	0	617
64	0	640	63	0	617
128	0	640	129	0	616
192	0	640	193	0	615
256	0	640	257	0	614
320	0	640	322	0	614
384	0	640	387	0	614
448	0	640	451	0	614
512	0	640	513	0	614
576	0	640	577	0	614
640	0	640	639	0	614
704	0	640	701	0	613
768	0	640	766	0	614
832	0	640	828	0	613
896	0	640	892	0	613
960	0	640	955	0	614
1023	0	640	1016	0	613
0	64	640	0	63	620
64	64	640	63	63	620
128	64	640	129	63	619
192	64	640	193	63	618
256	64	640	257	63	616
320	64	640	322	63	615
384	64	640	387	66	615
448	64	640	451	66	615
512	64	640	513	66	615
576	64	640	577	66	615
640	64	640	639	66	614
704	64	640	701	63	614
768	64	640	766	66	614
832	64	640	828	63	614
896	64	640	892	63	613
960	64	640	955	63	613
1023	64	640	1015	63	614
0	128	640	0	130	620
64	128	640	63	130	620
128	128	640	129	130	619
192	128	640	193	130	618
256	128	640	257	130	616
320	128	640	322	130	615
384	128	640	387	130	615
448	128	640	450	130	615
512	128	640	513	130	615
576	128	640	577	132	615
640	128	640	639	130	614
704	128	640	701	130	614
768	128	640	766	130	614
832	128	640	828	130	614
896	128	640	892	130	613
960	128	640	955	130	613
1023	128	640	1015	130	614
0	192	640	0	195	620
64	192	640	63	195	620
128	192	640	129	195	619
192	192	640	193	195	618
256	192	640	257	196	616
320	192	640	322	196	615
384	192	640	387	196	615
448	192	640	450	196	615
512	192	640	513	196	615
576	192	640	577	196	615
640	192	640	639	196	614
704	192	640	700	196	614
768	192	640	765	196	614
832	192	640	828	196	614
896	192	640	891	196	613
960	192	640	954	196	613
1023	192	640	1015	196	614
0	256	640	0	259	620
64	256	640	63	260	620
128	256	640	129	260	619
192	256	640	193	260	618
256	256	640	257	261	616
320	256	640	322	261	615
384	256	640	387	262	615
448	256	640	450	262	615
512	256	640	513	262	615
576	256	640	577	262	615
640	256	640	639	262	614
704	256	640	700	261	614
768	256	640	765	262	614
832	256	640	828	261	614
896	256	640	891	261	613
960	256	640	953	261	613
1023	256	640	1014	261	614
0	320	640	0	325	621
64	320	640	63	325	620
128	320	640	129	325	620
192	320	640	193	325	619
256	320	640	257	326	617
320	320	640	322	326	615
384	320	640	387	327	615
448	320	640	450	327	615
512	320	640	513	327	615
576	320	640	577	327	614
640	320	640	639	327	614
704	320	640	700	327	614
768	320	640	765	327	614
832	320	640	828	327	614
896	320	640	890	326	614
960	320	640	953	326	614
1023	320	640	1014	326	614
0	384	640	0	389	621
64	384	640	63	389	621
128	384	640	129	389	620
192	384	640	193	389	619
256	384	640	257	390	617
320	384	640	322	390	615
384	384	640	386	390	615
448	384	640	450	390	615
512	384	640	512	391	615
576	384	640	576	391	614
640	384	640	639	391	614
704	384	640	700	391	614
768	384	640	765	391	614
832	384	640	828	391	614
896	384	640	891	390	614
960	384	640	953	391	614
1023	384	640	1013	390	614
0	448	640	0	451	621
64	448	640	63	451	621
128	448	640	129	451	620
192	448	640	193	451	619
256	448	640	257	451	618
320	448	640	322	452	616
384	448	640	387	452	615
448	448	640	450	452	615
512	448	640	512	452	615
576	448	640	577	452	615
640	448	640	639	452	614
704	448	640	701	452	614
768	448	640	765	453	614
832	448	640	828	452	614
896	448	640	891	452	614
960	448	640	954	453	615
1023	448	640	1014	452	614
0	512	640	0	512	622
64	512	640	63	512	621
128	512	640	129	512	620
192	512	640	193	512	619
256	512	640	258	513	617
320	512	640	322	513	615
384	512	640	387	514	615
448	512	640	450	514	615
512	512	640	513	514	615
576	512	640	577	514	615
640	512	640	639	514	615
704	512	640	701	514	614
768	512	640	765	514	614
832	512	640	828	514	614
896	512	640	892	514	614
960	512	640	954	515	614
1023	512	640	1014	514	614
0	576	640	0	576	622
64	576	640	63	576	621
128	576	640	129	576	621
192	576	640	193	577	620
256	576	640	258	577	618
320	576	640	322	577	616
384	576	640	387	578	615
448	576	640	451	578	615
512	576	640	513	578	615
576	576	640	577	578	615
640	576	640	639	578	615
704	576	640	701	579	615
768	576	640	766	579	615
832	576	640	829	579	615
896	576	640	891	578	614
960	576	640	954	579	615
1023	576	640	1014	579	614
0	640	640	0	636	622
64	640	640	63	636	622
128	640	640	129	636	621
192	640	640	194	637	620
256	640	640	258	637	618
320	640	640	322	638	617
384	640	640	388	638	616
448	640	640	451	638	616
512	640	640	514	639	616
576	640	640	578	639	616
640	640	640	640	639	615
704	640	640	702	639	615
768	640	640	766	639	615
832	640	640	829	639	615
896	640	640	892	639	615
960	640	640	955	640	615
1023	640	640	1015	639	615
0	704	640	0	698	622
64	704	640	63	698	621
128	704	640	129	698	621
192	704	640	194	699	620
256	704	640	259	699	618
320	704	640	323	700	617
384	704	640	389	700	617
448	704	640	452	701	616
512	704	640	514	701	616
576	704	640	578	701	615
640	704	640	640	701	615
704	704	640	702	701	615
768	704	640	767	702	615
832	704	640	830	702	615
896	704	640	892	701	615
960	704	640	955	702	615
1023	704	640	1015	701	615
0	768	640	0	762	623
64	768	640	63	762	623
128	768	640	129	762	622
192	768	640	194	762	620
256	768	640	259	763	619
320	768	640	323	763	617
384	768	640	389	764	617
448	768	640	451	764	616
512	768	640	514	764	616
576	768	640	578	764	616
640	768	640	640	765	616
704	768	640	703	765	616
768	768	640	767	765	615
832	768	640	830	765	615
896	768	640	893	765	615
960	768	640	955	766	615
1023	768	640	1016	766	615
0	832	640	0	824	623
64	832	640	63	824	622
128	832	640	130	825	621
192	832	640	195	825	620
256	832	640	259	825	619
320	832	640	324	825	617
384	832	640	389	825	617
448	832	640	452	826	617
512	832	640	515	826	617
576	832	640	579	827	617
640	832	640	641	827	616
704	832	640	703	828	616
768	832	640	767	828	616
832	832	640	831	829	616
896	832	640	893	828	616
960	832	640	956	829	616
1023	832	640	1017	830	616
0	896	640	0	885	624
64	896	640	63	885	623
128	896	640	130	885	623
192	896	640	196	886	622
256	896	640	261	887	620
320	896	640	325	888	618
384	896	640	390	888	618
448	896	640	453	888	617
512	896	640	515	888	617
576	896	640	580	888	617
640	896	640	642	889	617
704	896	640	704	889	617
768	896	640	768	890	617
832	896	640	831	889	616
896	896	640	894	890	616
960	896	640	957	891	617
1023	896	640	1018	891	616
0	960	640	0	947	624
64	960	640	63	947	623
128	960	640	130	947	623
192	960	640	196	948	622
256	960	640	261	949	620
320	960	640	325	950	618
384	960	640	390	951	618
448	960	640	453	951	618
512	960	640	516	951	617
576	960	640	580	952	617
640	960	640	642	952	617
704	960	640	704	952	617
768	960	640	769	953	617
832	960	640	832	953	617
896	960	640	895	953	617
960	960	640	957	954	617
1023	960	640	1018	954	616
0	1023	640	23	1009	624
64	1023	640	66	1009	623
128	1023	640	132	1009	623
192	1023	640	196	1010	621
256	1023	640	262	1011	620
320	1023	640	326	1012	618
384	1023	640	391	1013	618
448	1023	640	454	1013	618
512	1023	640	517	1013	618
576	1023	640	581	1014	618
640	1023	640	643	1014	617
704	1023	640	705	1014	617
768	1023	640	769	1015	617
832	1023	640	832	1014	616
896	1023	640	895	1015	617
960	1023	640	958	1016	617
1023	1023	640	1019	1016	617
0	0	704	0	0	675
64	0	704	63	0	674
128	0	704	128	0	673
192	0	704	193	0	673
256	0	704	256	0	672
320	0	704	321	0	671
384	0	704	386	0	671
448	0	704	450	0	671
512	0	704	512	0	671
576	0	704	576	0	671
640	0	704	638	0	670
704	0	704	700	0	670
768	0	704	765	0	671
832	0	704	828	0	670
896	0	704	891	0	670
960	0	704	954	0	670
1023	0	704	1016	0	671
0	64	704	0	63	678
64	64	704	63	63	676
128	64	704	128	63	676
192	64	704	193	63	675
256	64	704	256	63	673
320	64	704	321	63	672
384	64	704	386	66	672
448	64	704	450	66	672
512	64	704	512	66	672
576	64	704	576	66	671
640	64	704	638	66	671
704	64	704	700	66	671
768	64	704	765	66	671
832	64	704	828	63	671
896	64	704	891	63	670
960	64	704	954	63	671
1023	64	704	1016	63	670
0	128	704	0	130	678
64	128	704	63	130	676
128	128	704	128	130	676
192	128	704	193	130	675
256	128	704	256	130	673
320	128	704	321	130	672
384	128	704	386	130	672
448	128	704	450	130	672
512	128	704	512	132	672
576	128	704	576	132	671
640	128	704	638	130	671
704	128	704	700	130	671
768	128	704	765	130	671
832	128	704	828	130	671
896	128	704	891	130	670
960	128	704	954	130	671
1023	128	704	1015	130	670
0	192	704	0	195	678
64	192	704	63	195	677
128	192	704	128	195	676
192	192	704	193	196	675
256	192	704	256	196	674
320	192	704	321	196	672
384	192	704	386	196	672
448	192	704	450	196	672
512	192	704	512	196	672
576	192	704	576	196	671
640	192	704	638	196	671
704	192	704	700	196	671
768	192	704	765	196	671
832	192	704	828	196	671
896	192	704	891	196	670
960	192	704	954	196	671
1023	192	704	1015	196	670
0	256	704	0	260	678
64	256	704	63	260	677
128	256	704	128	260	677
192	256	704	193	261	676
256	256	704	256	261	674
320	256	704	321	262	672
384	256	704	386	262	672
448	256	704	450	262	672
512	256	704	512	262	672
576	256	704	577	262	671
640	256	704	639	262	671
704	256	704	701	262	671
768	256	704	765	262	671
832	256	704	828	262	671
896	256	704	891	261	670
960	256	704	953	261	671
1023	256	704	1014	261	670
0	320	704	0	325	679
64	320	704	63	325	677
128	320	704	128	325	677
192	320	704	193	326	676
256	320	704	256	326	674
320	320	704	321	327	673
384	320	704	386	327	672
448	320	704	450	327	672
512	320	704	512	327	672
576	320	704	577	327	672
640	320	704	639	327	672
704	320	704	701	327	671
768	320	704	765	327	671
832	320	704	828	327	671
896	320	704	891	326	671
960	320	704	953	326	671
1023	320	704	1013	326	671
0	384	704	0	389	679
64	384	704	63	389	678
128	384	704	128	389	678
192	384	704	193	390	677
256	384	704	256	390	675
320	384	704	321	391	673
384	384	704	386	391	673
448	384	704	450	391	672
512	384	704	512	391	672
576	384	704	576	392	672
640	384	704	639	392	672
704	384	704	700	391	671
768	384	704	765	392	671
832	384	704	828	391	671
896	384	704	891	391	671
960	384	704	953	391	671
1023	384	704	1014	390	671
0	448	704	0	451	679
64	448	704	63	451	678
128	448	704	128	451	678
192	448	704	193	451	677
256	448	704	256	451	675
320	448	704	321	452	673
384	448	704	386	452	672
448	448	704	450	452	672
512	448	704	512	453	672
576	448	704	577	453	672
640	448	704	639	453	672
704	448	704	700	452	671
768	448	704	765	453	671
832	448	704	828	453	671
896	448	704	891	453	671
960	448	704	953	453	671
1023	448	704	1014	453	671
0	512	704	0	512	679
64	512	704	63	512	678
128	512	704	128	512	677
192	512	704	193	512	676
256	512	704	256	513	675
320	512	704	321	513	673
384	512	704	386	514	672
448	512	704	450	514	672
512	512	704	512	514	672
576	512	704	577	514	672
640	512	704	639	515	672
704	512	704	701	515	672
768	512	704	765	515	672
832	512	704	828	515	671
896	512	704	891	515	671
960	512	704	953	515	671
1023	512	704	1014	515	672
0	576	704	0	576	680
64	576	704	63	576	678
128	576	704	129	576	678
192	576	704	193	577	677
256	576	704	257	577	675
320	576	704	322	578	673
384	576	704	386	578	673
448	576	704	450	578	673
512	576	704	513	578	672
576	576	704	577	579	672
640	576	704	639	579	672
704	576	704	701	579	672
768	576	704	766	579	672
832	576	704	828	579	671
896	576	704	892	579	672
960	576	704	954	580	672
1023	576	704	1015	580	672
0	640	704	0	636	680
64	640	704	63	636	679
128	640	704	129	637	679
192	640	704	193	637	678
256	640	704	258	638	676
320	640	704	322	638	674
384	640	704	387	639	673
448	640	704	451	639	673
512	640	704	513	639	673
576	640	704	578	639	673
640	640	704	640	639	672
704	640	704	702	639	672
768	640	704	766	640	672
832	640	704	829	640	672
896	640	704	892	640	672
960	640	704	954	640	672
1023	640	704	1015	640	672
0	704	704	0	697	680
64	704	704	63	697	678
128	704	704	129	697	677
192	704	704	193	698	676
256	704	704	258	699	675
320	704	704	322	700	674
384	704	704	388	700	674
448	704	704	451	701	673
512	704	704	514	701	673
576	704	704	577	701	673
640	704	704	640	701	672
704	704	704	702	701	672
768	704	704	766	702	672
832	704	704	829	701	672
896	704	704	892	702	672
960	704	704	955	702	672
1023	704	704	1015	702	672
0	768	704	0	761	680
64	768	704	63	761	679
128	768	704	129	761	678
192	768	704	193	762	677
256	768	704	258	762	676
320	768	704	322	763	674
384	768	704	388	764	674
448	768	704	451	764	673
512	768	704	513	764	673
576	768	704	578	765	673
640	768	704	640	765	673
704	768	704	702	765	672
768	768	704	766	765	672
832	768	704	829	765	672
896	768	704	892	766	672
960	768	704	955	766	672
1023	768	704	1015	766	672
0	832	704	0	824	681
64	832	704	63	824	679
128	832	704	129	824	678
192	832	704	194	825	677
256	832	704	259	826	676
320	832	704	323	826	674
384	832	704	389	827	674
448	832	704	452	827	674
512	832	704	514	827	674
576	832	704	578	827	674
640	832	704	641	828	673
704	832	704	703	828	673
768	832	704	767	829	673
832	832	704	830	828	673
896	832	704	893	829	673
960	832	704	956	829	673
1023	832	704	1017	830	673
0	896	704	0	886	682
64	896	704	63	886	681
128	896	704	130	886	681
192	896	704	195	886	680
256	896	704	259	887	678
320	896	704	324	888	675
384	896	704	390	889	675
448	896	704	453	889	675
512	896	704	515	889	675
576	896	704	580	890	674
640	896	704	642	890	674
704	896	704	704	890	674
768	896	704	768	890	674
832	896	704	831	890	673
896	896	704	894	890	673
960	896	704	956	891	673
1023	896	704	1018	891	673
0	960	704	0	948	682
64	960	704	63	948	682
128	960	704	130	949	681
192	960	704	195	949	680
256	960	704	260	950	678
320	960	704	324	951	675
384	960	704	390	951	675
448	960	704	453	952	675
512	960	704	516	952	675
576	960	704	580	952	675
640	960	704	642	953	674
704	960	704	704	953	674
768	960	704	768	954	674
832	960	704	832	954	674
896	960	704	895	954	674
960	960	704	957	954	674
1023	960	704	1018	955	674
0	1023	704	0	1010	683
64	1023	704	63	1011	680
128	1023	704	130	1011	680
192	1023	704	196	1011	678
256	1023	704	261	1012	677
320	1023	704	326	1013	676
384	1023	704	391	1014	676
448	1023	704	454	1014	675
512	1023	704	516	1014	675
576	1023	704	580	1015	675
640	1023	704	642	1015	675
704	1023	704	704	1015	674
768	1023	704	769	1015	674
832	1023	704	832	1016	674
896	1023	704	895	1015	673
960	1023	704	957	1016	674
1023	1023	704	1019	1017	674
0	0	768	0	0	736
64	0	768	63	0	733
128	0	768	128	0	733
192	0	768	192	0	732
256	0	768	256	0	732
320	0	768	320	0	731
384	0	768	385	0	731
448	0	768	449	0	731
512	0	768	511	0	730
576	0	768	575	0	730
640	0	768	638	0	730
704	0	768	700	0	730
768	0	768	764	0	730
832	0	768	828	0	730
896	0	768	890	0	729
960	0	768	953	0	730
1023	0	768	1014	0	730
0	64	768	0	63	737
64	64	768	63	63	734
128	64	768	128	63	734
192	64	768	192	63	733
256	64	768	256	63	732
320	64	768	320	63	731
384	64	768	385	63	731
448	64	768	449	63	731
512	64	768	511	66	731
576	64	768	575	66	730
640	64	768	638	66	730
704	64	768	700	66	731
768	64	768	764	66	730
832	64	768	828	63	729
896	64	768	890	63	730
960	64	768	953	63	730
1023	64	768	1014	63	730
0	128	768	0	129	737
64	128	768	63	129	734
128	128	768	128	130	734
192	128	768	192	130	733
256	128	768	255	130	733
320	128	768	320	130	731
384	128	768	385	130	731
448	128	768	449	130	731
512	128	768	511	130	731
576	128	768	575	130	730
640	128	768	638	130	730
704	128	768	700	130	731
768	128	768	764	130	730
832	128	768	827	130	730
896	128	768	890	130	730
960	128	768	953	130	730
1023	128	768	1014	130	730
0	192	768	0	194	737
64	192	768	63	194	735
128	192	768	128	195	735
192	192	768	192	195	734
256	192	768	255	196	733
320	192	768	320	196	732
384	192	768	385	196	731
448	192	768	449	196	731
512	192	768	511	196	731
576	192	768	575	196	730
640	192	768	638	196	730
704	192	768	700	196	731
768	192	768	764	196	730
832	192	768	827	196	730
896	192	768	890	196	730
960	192	768	953	196	730
1023	192	768	1014	196	730
0	256	768	0	259	737
64	256	768	63	259	736
128	256	768	128	259	736
192	256	768	192	260	735
256	256	768	255	261	734
320	256	768	320	261	732
384	256	768	385	261	732
448	256	768	448	262	731
512	256	768	511	262	731
576	256	768	575	262	730
640	256	768	638	262	730
704	256	768	700	262	731
768	256	768	764	262	730
832	256	768	827	261	730
896	256	768	890	261	730
960	256	768	953	261	730
1023	256	768	1013	260	730
0	320	768	0	324	738
64	320	768	63	324	735
128	320	768	128	324	735
192	320	768	192	325	735
256	320	768	255	325	734
320	320	768	320	326	732
384	320	768	385	327	732
448	320	768	448	327	731
512	320	768	511	327	732
576	320	768	575	327	731
640	320	768	638	327	731
704	320	768	700	327	731
768	320	768	764	327	730
832	320	768	827	326	730
896	320	768	890	326	730
960	320	768	953	326	730
1023	320	768	1013	326	730
0	384	768	0	389	738
64	384	768	63	389	738
128	384	768	128	389	737
192	384	768	192	389	737
256	384	768	255	389	736
320	384	768	319	390	732
384	384	768	385	390	732
448	384	768	448	391	732
512	384	768	511	391	731
576	384	768	576	391	731
640	384	768	638	391	731
704	384	768	700	391	731
768	384	768	764	391	730
832	384	768	827	390	730
896	384	768	890	391	730
960	384	768	952	390	730
1023	384	768	1013	390	731
0	448	768	0	450	739
64	448	768	63	450	737
128	448	768	128	450	737
192	448	768	192	451	736
256	448	768	255	451	735
320	448	768	320	451	732
384	448	768	385	452	732
448	448	768	448	452	732
512	448	768	511	452	732
576	448	768	575	452	731
640	448	768	638	452	731
704	448	768	700	452	731
768	448	768	764	453	731
832	448	768	827	452	730
896	448	768	890	452	730
960	448	768	953	453	730
1023	448	768	1013	452	731
0	512	768	0	511	740
64	512	768	63	511	737
128	512	768	128	512	737
192	512	768	192	512	736
256	512	768	255	512	735
320	512	768	320	513	732
384	512	768	385	514	732
448	512	768	449	514	732
512	512	768	512	514	732
576	512	768	576	514	731
640	512	768	638	514	731
704	512	768	700	514	731
768	512	768	765	515	731
832	512	768	828	515	731
896	512	768	890	515	731
960	512	768	953	515	731
1023	512	768	1014	515	731
0	576	768	0	576	740
64	576	768	63	576	737
128	576	768	128	576	737
192	576	768	192	576	736
256	576	768	256	577	736
320	576	768	320	578	732
384	576	768	386	578	732
448	576	768	449	578	732
512	576	768	512	578	732
576	576	768	576	579	732
640	576	768	639	579	732
704	576	768	701	579	732
768	576	768	765	580	732
832	576	768	828	579	731
896	576	768	891	579	731
960	576	768	953	579	731
1023	576	768	1014	580	731
0	640	768	0	636	740
64	640	768	63	636	739
128	640	768	128	636	738
192	640	768	193	637	738
256	640	768	256	637	737
320	640	768	321	638	733
384	640	768	386	639	733
448	640	768	450	639	733
512	640	768	513	639	732
576	640	768	577	640	732
640	640	768	639	640	732
704	640	768	701	640	732
768	640	768	766	640	732
832	640	768	829	640	732
896	640	768	892	640	732
960	640	768	954	640	731
1023	640	768	1015	641	732
0	704	768	0	698	740
64	704	768	63	698	736
128	704	768	129	698	736
192	704	768	193	699	735
256	704	768	257	700	735
320	704	768	322	700	734
384	704	768	387	701	734
448	704	768	451	701	733
512	704	768	513	701	733
576	704	768	577	701	733
640	704	768	639	702	732
704	704	768	702	702	733
768	704	768	766	702	733
832	704	768	829	702	732
896	704	768	892	703	732
960	704	768	955	703	732
1023	704	768	1015	703	732
0	768	768	0	761	741
64	768	768	63	761	738
128	768	768	129	762	738
192	768	768	193	762	738
256	768	768	257	763	737
320	768	768	322	764	734
384	768	768	387	764	734
448	768	768	451	765	734
512	768	768	513	765	733
576	768	768	577	765	733
640	768	768	639	765	733
704	768	768	702	766	732
768	768	768	766	766	733
832	768	768	829	766	732
896	768	768	892	766	732
960	768	768	954	767	732
1023	768	768	1015	767	732
0	832	768	0	824	741
64	832	768	63	824	737
128	832	768	129	824	737
192	832	768	193	825	736
256	832	768	258	825	735
320	832	768	322	826	734
384	832	768	388	827	734
448	832	768	451	827	734
512	832	768	514	828	734
576	832	768	578	828	734
640	832	768	640	828	733
704	832	768	702	829	733
768	832	768	767	829	733
832	832	768	829	829	733
896	832	768	893	829	733
960	832	768	955	829	732
1023	832	768	1017	830	733
0	896	768	0	885	742
64	896	768	63	886	741
128	896	768	129	886	741
192	896	768	194	886	741
256	896	768	259	887	740
320	896	768	323	888	735
384	896	768	389	889	735
448	896	768	452	889	735
512	896	768	515	889	734
576	896	768	579	890	734
640	896	768	641	890	734
704	896	768	703	890	734
768	896	768	768	890	734
832	896	768	831	891	733
896	896	768	893	890	733
960	896	768	956	891	733
1023	896	768	1017	892	733
0	960	768	0	948	742
64	960	768	63	948	742
128	960	768	129	949	741
192	960	768	194	949	741
256	960	768	259	950	740
320	960	768	323	951	735
384	960	768	389	952	735
448	960	768	452	952	735
512	960	768	515	952	734
576	960	768	579	953	734
640	960	768	641	953	734
704	960	768	703	953	734
768	960	768	768	954	734
832	960	768	831	954	734
896	960	768	894	954	733
960	960	768	956	954	734
1023	960	768	1017	954	734
0	1023	768	0	1011	743
64	1023	768	63	1011	738
128	1023	768	130	1011	738
192	1023	768	195	1011	737
256	1023	768	260	1012	736
320	1023	768	324	1013	735
384	1023	768	389	1013	735
448	1023	768	453	1013	735
512	1023	768	515	1014	735
576	1023	768	580	1014	734
640	1023	768	642	1015	735
704	1023	768	704	1015	734
768	1023	768	768	1016	734
832	1023	768	832	1016	734
896	1023	768	895	1016	734
960	1023	768	957	1017	734
1023	1023	768	1018	1017	734
0	0	832	0	0	800
64	0	832	63	0	799
128	0	832	128	0	799
192	0	832	191	0	798
256	0	832	255	0	796
320	0	832	319	0	796
384	0	832	385	0	796
448	0	832	449	0	795
512	0	832	512	0	795
576	0	832	576	0	795
640	0	832	638	0	795
704	0	832	700	0	794
768	0	832	764	0	794
832	0	832	827	0	794
896	0	832	891	0	794
960	0	832	953	0	794
1023	0	832	1015	0	794
0	64	832	0	63	803
64	64	832	63	63	802
128	64	832	128	63	801
192	64	832	191	63	800
256	64	832	255	63	797
320	64	832	319	63	796
384	64	832	385	66	796
448	64	832	449	66	795
512	64	832	512	66	795
576	64	832	576	66	795
640	64	832	638	66	794
704	64	832	700	66	794
768	64	832	764	66	794
832	64	832	827	66	794
896	64	832	891	63	794
960	64	832	953	63	794
1023	64	832	1015	63	794
0	128	832	0	130	803
64	128	832	63	130	802
128	128	832	128	130	801
192	128	832	191	130	800
256	128	832	255	130	798
320	128	832	319	130	796
384	128	832	385	130	796
448	128	832	449	130	795
512	128	832	512	130	795
576	128	832	576	132	795
640	128	832	638	130	794
704	128	832	700	130	794
768	128	832	764	130	794
832	128	832	827	130	794
896	128	832	891	130	794
960	128	832	953	130	794
1023	128	832	1015	130	794
0	192	832	0	195	803
64	192	832	63	195	802
128	192	832	128	195	802
192	192	832	191	195	800
256	192	832	255	196	798
320	192	832	319	196	796
384	192	832	385	196	796
448	192	832	448	196	795
512	192	832	511	196	795
576	192	832	575	196	795
640	192	832	638	196	794
704	192	832	700	196	794
768	192	832	764	196	794
832	192	832	827	196	794
896	192	832	891	196	794
960	192	832	953	196	794
1023	192	832	1014	196	794
0	256	832	0	259	803
64	256	832	63	259	803
128	256	832	128	260	802
192	256	832	191	260	800
256	256	832	255	261	798
320	256	832	319	261	796
384	256	832	385	262	796
448	256	832	448	262	795
512	256	832	511	262	795
576	256	832	575	262	795
640	256	832	638	262	794
704	256	832	700	262	794
768	256	832	764	262	794
832	256	832	827	262	794
896	256	832	891	261	794
960	256	832	953	261	794
1023	256	832	1014	261	794
0	320	832	0	324	803
64	320	832	63	324	802
128	320	832	128	325	801
192	320	832	191	325	800
256	320	832	255	326	798
320	320	832	319	327	796
384	320	832	385	327	796
448	320	832	448	327	795
512	320	832	511	327	795
576	320	832	575	327	794
640	320	832	638	327	795
704	320	832	700	327	795
768	320	832	764	327	794
832	320	832	828	327	794
896	320	832	890	327	794
960	320	832	953	327	795
1023	320	832	1013	326	794
0	384	832	0	389	803
64	384	832	63	389	803
128	384	832	128	389	802
192	384	832	192	389	801
256	384	832	255	390	799
320	384	832	319	391	796
384	384	832	385	391	796
448	384	832	448	391	795
512	384	832	511	391	795
576	384	832	575	391	795
640	384	832	638	392	795
704	384	832	700	392	795
768	384	832	764	392	794
832	384	832	828	392	794
896	384	832	891	391	794
960	384	832	953	392	795
1023	384	832	1013	390	794
0	448	832	0	450	804
64	448	832	63	450	803
128	448	832	128	451	803
192	448	832	192	451	801
256	448	832	255	452	799
320	448	832	319	452	796
384	448	832	385	453	796
448	448	832	448	453	796
512	448	832	511	453	795
576	448	832	575	453	795
640	448	832	638	453	795
704	448	832	700	453	795
768	448	832	765	454	795
832	448	832	828	453	795
896	448	832	891	453	795
960	448	832	953	453	795
1023	448	832	1014	453	794
0	512	832	0	512	804
64	512	832	63	512	803
128	512	832	128	512	802
192	512	832	192	513	801
256	512	832	255	513	798
320	512	832	320	514	796
384	512	832	385	515	796
448	512	832	449	515	796
512	512	832	511	515	795
576	512	832	576	515	795
640	512	832	638	515	795
704	512	832	701	515	795
768	512	832	765	515	795
832	512	832	828	516	795
896	512	832	891	515	795
960	512	832	953	515	795
1023	512	832	1014	515	795
0	576	832	0	576	804
64	576	832	63	576	803
128	576	832	128	576	802
192	576	832	192	577	801
256	576	832	255	578	799
320	576	832	320	578	797
384	576	832	385	579	796
448	576	832	449	579	796
512	576	832	512	579	796
576	576	832	576	579	796
640	576	832	638	579	795
704	576	832	701	580	795
768	576	832	765	580	796
832	576	832	828	580	795
896	576	832	891	580	795
960	576	832	954	580	795
1023	576	832	1015	580	795
0	640	832	0	636	804
64	640	832	63	636	803
128	640	832	128	636	803
192	640	832	192	637	801
256	640	832	256	638	799
320	640	832	320	639	797
384	640	832	386	639	797
448	640	832	449	639	796
512	640	832	512	640	796
576	640	832	576	640	796
640	640	832	639	640	796
704	640	832	701	640	796
768	640	832	766	641	796
832	640	832	829	640	796
896	640	832	892	641	795
960	640	832	954	641	796
1023	640	832	1015	641	795
0	704	832	0	698	805
64	704	832	63	699	803
128	704	832	128	699	803
192	704	832	193	699	801
256	704	832	256	700	799
320	704	832	321	701	797
384	704	832	386	701	797
448	704	832	450	701	797
512	704	832	512	702	797
576	704	832	577	702	796
640	704	832	639	702	796
704	704	832	701	702	796
768	704	832	766	703	796
832	704	832	829	703	796
896	704	832	892	703	796
960	704	832	955	704	796
1023	704	832	1015	703	796
0	768	832	0	762	805
64	768	832	63	762	804
128	768	832	128	762	803
192	768	832	193	763	802
256	768	832	256	764	800
320	768	832	321	764	797
384	768	832	386	765	797
448	768	832	450	765	797
512	768	832	513	766	797
576	768	832	577	766	797
640	768	832	639	766	796
704	768	832	702	766	796
768	768	832	766	767	796
832	768	832	829	767	796
896	768	832	893	767	796
960	768	832	955	767	796
1023	768	832	1015	767	796
0	832	832	0	824	805
64	832	832	63	824	804
128	832	832	129	825	804
192	832	832	193	825	802
256	832	832	257	826	800
320	832	832	322	827	799
384	832	832	387	828	798
448	832	832	451	828	798
512	832	832	513	828	798
576	832	832	578	829	798
640	832	832	640	829	797
704	832	832	702	829	797
768	832	832	767	830	797
832	832	832	830	830	797
896	832	832	893	830	796
960	832	832	956	831	797
1023	832	832	1016	831	796
0	896	832	0	886	806
64	896	832	63	886	806
128	896	832	129	887	805
192	896	832	194	887	804
256	896	832	258	889	802
320	896	832	322	890	799
384	896	832	388	890	799
448	896	832	451	890	798
512	896	832	514	890	798
576	896	832	579	890	798
640	896	832	641	891	798
704	896	832	703	891	798
768	896	832	768	892	798
832	896	832	831	891	797
896	896	832	894	892	797
960	896	832	957	893	798
1023	896	832	1018	892	797
0	960	832	0	949	807
64	960	832	63	949	806
128	960	832	129	949	805
192	960	832	194	950	804
256	960	832	258	951	802
320	960	832	322	952	799
384	960	832	388	953	799
448	960	832	452	953	799
512	960	832	515	953	798
576	960	832	579	954	798
640	960	832	641	954	798
704	960	832	704	955	798
768	960	832	768	955	798
832	960	832	831	955	797
896	960	832	894	955	797
960	960	832	957	956	798
1023	960	832	1018	956	797
0	1023	832	0	1011	807
64	1023	832	63	1011	805
128	1023	832	129	1011	805
192	1023	832	195	1012	803
256	1023	832	259	1013	801
320	1023	832	323	1014	800
384	1023	832	389	1015	799
448	1023	832	453	1015	799
512	1023	832	515	1015	799
576	1023	832	580	1016	798
640	1023	832	642	1017	799
704	1023	832	704	1017	799
768	1023	832	769	1018	798
832	1023	832	832	1017	798
896	1023	832	895	1018	798
960	1023	832	957	1018	798
1023	1023	832	1019	1019	798
0	0	896	0	0	859
64	0	896	63	0	856
128	0	896	128	0	856
192	0	896	191	0	856
256	0	896	255	0	856
320	0	896	319	0	855
384	0	896	385	0	855
448	0	896	449	0	854
512	0	896	512	0	854
576	0	896	576	0	853
640	0	896	638	0	854
704	0	896	700	0	853
768	0	896	765	0	853
832	0	896	828	0	853
896	0	896	892	0	853
960	0	896	955	0	853
1023	0	896	1015	0	853
0	64	896	0	63	860
64	64	896	63	63	857
128	64	896	128	63	857
192	64	896	191	63	857
256	64	896	255	66	856
320	64	896	319	66	855
384	64	896	385	66	855
448	64	896	449	66	854
512	64	896	512	66	854
576	64	896	576	66	854
640	64	896	638	66	854
704	64	896	700	66	853
768	64	896	765	66	853
832	64	896	828	66	853
896	64	896	892	66	853
960	64	896	955	63	853
1023	64	896	1015	63	853
0	128	896	0	130	860
64	128	896	63	130	858
128	128	896	128	130	857
192	128	896	191	130	857
256	128	896	255	130	856
320	128	896	319	132	855
384	128	896	385	132	855
448	128	896	449	132	854
512	128	896	512	132	854
576	128	896	576	132	854
640	128	896	638	132	854
704	128	896	700	132	853
768	128	896	765	132	853
832	128	896	828	132	853
896	128	896	892	130	853
960	128	896	955	130	853
1023	128	896	1015	130	853
0	192	896	0	196	860
64	192	896	63	196	858
128	192	896	128	196	858
192	192	896	191	196	858
256	192	896	255	196	857
320	192	896	319	196	855
384	192	896	385	197	855
448	192	896	449	197	854
512	192	896	511	197	854
576	192	896	576	197	854
640	192	896	638	197	854
704	192	896	701	197	853
768	192	896	765	197	853
832	192	896	828	196	853
896	192	896	892	196	853
960	192	896	954	196	853
1023	192	896	1015	196	853
0	256	896	0	261	860
64	256	896	63	261	859
128	256	896	128	261	859
192	256	896	191	261	859
256	256	896	254	262	858
320	256	896	319	262	855
384	256	896	385	263	855
448	256	896	448	263	855
512	256	896	511	263	854
576	256	896	576	263	854
640	256	896	638	263	854
704	256	896	701	263	853
768	256	896	765	263	853
832	256	896	828	262	853
896	256	896	891	262	853
960	256	896	954	262	853
1023	256	896	1015	261	853
0	320	896	0	325	863
64	320	896	63	326	859
128	320	896	128	326	858
192	320	896	191	326	858
256	320	896	254	327	857
320	320	896	319	327	855
384	320	896	385	328	855
448	320	896	448	328	854
512	320	896	511	328	854
576	320	896	576	328	854
640	320	896	638	328	854
704	320	896	701	328	854
768	320	896	765	328	853
832	320	896	828	327	853
896	320	896	891	327	853
960	320	896	953	327	853
1023	320	896	1015	327	853
0	384	896	0	390	863
64	384	896	63	390	862
128	384	896	128	390	862
192	384	896	191	391	862
256	384	896	254	391	861
320	384	896	318	392	855
384	384	896	384	392	855
448	384	896	448	392	855
512	384	896	511	392	854
576	384	896	576	392	854
640	384	896	638	393	854
704	384	896	700	392	854
768	384	896	765	393	853
832	384	896	829	392	853
896	384	896	891	392	853
960	384	896	954	392	853
1023	384	896	1015	392	853
0	448	896	0	451	864
64	448	896	63	451	861
128	448	896	128	452	861
192	448	896	191	452	860
256	448	896	254	453	860
320	448	896	319	453	855
384	448	896	384	454	855
448	448	896	448	454	854
512	448	896	511	454	854
576	448	896	576	454	854
640	448	896	638	454	854
704	448	896	701	454	854
768	448	896	766	454	854
832	448	896	829	454	854
896	448	896	892	454	854
960	448	896	954	454	854
1023	448	896	1015	454	854
0	512	896	0	513	863
64	512	896	63	513	860
128	512	896	128	513	860
192	512	896	191	514	860
256	512	896	255	515	859
320	512	896	319	515	855
384	512	896	385	515	855
448	512	896	449	516	855
512	512	896	512	516	854
576	512	896	576	516	854
640	512	896	638	516	854
704	512	896	701	516	854
768	512	896	766	517	854
832	512	896	829	516	854
896	512	896	892	516	854
960	512	896	954	516	854
1023	512	896	1015	517	854
0	576	896	0	577	863
64	576	896	63	578	860
128	576	896	128	578	860
192	576	896	191	578	860
256	576	896	254	579	859
320	576	896	319	579	855
384	576	896	385	580	855
448	576	896	449	580	855
512	576	896	512	580	855
576	576	896	576	580	854
640	576	896	639	580	854
704	576	896	701	581	854
768	576	896	766	581	854
832	576	896	829	581	854
896	576	896	892	581	854
960	576	896	955	581	854
1023	576	896	1016	581	854
0	640	896	0	638	864
64	640	896	63	638	862
128	640	896	128	638	861
192	640	896	192	639	861
256	640	896	255	639	861
320	640	896	320	640	855
384	640	896	385	640	855
448	640	896	449	641	855
512	640	896	512	641	855
576	640	896	577	641	855
640	640	896	639	641	855
704	640	896	702	641	854
768	640	896	766	642	855
832	640	896	830	642	854
896	640	896	893	642	854
960	640	896	955	642	854
1023	640	896	1016	642	854
0	704	896	0	699	864
64	704	896	63	699	858
128	704	896	128	700	858
192	704	896	192	700	857
256	704	896	255	701	857
320	704	896	320	702	857
384	704	896	386	703	857
448	704	896	450	703	856
512	704	896	513	704	856
576	704	896	578	704	856
640	704	896	640	704	855
704	704	896	702	704	855
768	704	896	767	704	855
832	704	896	830	704	855
896	704	896	893	704	855
960	704	896	955	705	855
1023	704	896	1017	705	855
0	768	896	0	763	864
64	768	896	63	763	861
128	768	896	128	764	861
192	768	896	192	764	861
256	768	896	255	765	860
320	768	896	320	766	857
384	768	896	386	767	857
448	768	896	450	767	856
512	768	896	513	767	856
576	768	896	578	767	856
640	768	896	640	768	855
704	768	896	702	768	855
768	768	896	767	768	855
832	768	896	830	768	855
896	768	896	893	769	855
960	768	896	956	769	855
1023	768	896	1017	769	855
0	832	896	0	827	865
64	832	896	63	827	860
128	832	896	128	827	860
192	832	896	193	828	860
256	832	896	256	829	859
320	832	896	321	829	857
384	832	896	387	830	857
448	832	896	451	830	856
512	832	896	514	830	857
576	832	896	578	831	856
640	832	896	640	831	856
704	832	896	703	831	856
768	832	896	768	832	856
832	832	896	831	832	856
896	832	896	894	832	856
960	832	896	957	832	856
1023	832	896	1017	832	856
0	896	896	0	887	865
64	896	896	63	888	865
128	896	896	129	888	864
192	896	896	193	889	864
256	896	896	257	890	863
320	896	896	322	891	858
384	896	896	388	891	858
448	896	896	451	891	857
512	896	896	514	891	857
576	896	896	578	891	857
640	896	896	641	892	856
704	896	896	704	893	856
768	896	896	768	893	857
832	896	896	831	893	856
896	896	896	895	893	856
960	896	896	957	894	856
1023	896	896	1018	894	856
0	960	896	0	950	866
64	960	896	63	950	865
128	960	896	129	950	865
192	960	896	193	951	865
256	960	896	258	953	864
320	960	896	322	954	858
384	960	896	388	954	858
448	960	896	451	954	858
512	960	896	515	955	858
576	960	896	579	955	857
640	960	896	641	956	857
704	960	896	704	956	857
768	960	896	769	957	857
832	960	896	832	956	857
896	960	896	895	957	857
960	960	896	958	958	857
1023	960	896	1019	957	856
0	1023	896	0	1013	866
64	1023	896	63	1013	861
128	1023	896	129	1013	861
192	1023	896	194	1014	860
256	1023	896	259	1015	860
320	1023	896	323	1016	859
384	1023	896	389	1017	859
448	1023	896	452	1017	858
512	1023	896	515	1017	858
576	1023	896	580	1017	858
640	1023	896	642	1018	857
704	1023	896	704	1018	857
768	1023	896	769	1019	857
832	1023	896	832	1019	857
896	1023	896	896	1019	857
960	1023	896	958	1020	857
1023	1023	896	1020	1020	857
0	0	960	0	0	919
64	0	960	63	0	917
128	0	960	126	0	916
192	0	960	190	0	916
256	0	960	253	0	915
320	0	960	317	0	914
384	0	960	383	0	914
448	0	960	447	0	914
512	0	960	511	0	914
576	0	960	575	0	913
640	0	960	637	0	913
704	0	960	700	0	913
768	0	960	765	0	913
832	0	960	828	0	913
896	0	960	891	0	912
960	0	960	954	0	912
1023	0	960	1014	0	912
0	64	960	0	63	921
64	64	960	63	63	918
128	64	960	126	63	918
192	64	960	190	63	917
256	64	960	253	63	916
320	64	960	317	66	914
384	64	960	383	66	914
448	64	960	447	66	914
512	64	960	511	66	913
576	64	960	575	66	913
640	64	960	637	66	913
704	64	960	700	66	912
768	64	960	765	66	912
832	64	960	828	66	912
896	64	960	891	66	912
960	64	960	954	66	912
1023	64	960	1014	63	912
0	128	960	0	130	921
64	128	960	63	130	918
128	128	960	126	130	918
192	128	960	190	130	917
256	128	960	253	130	916
320	128	960	317	132	914
384	128	960	383	132	914
448	128	960	447	132	914
512	128	960	511	132	913
576	128	960	575	132	913
640	128	960	637	132	913
704	128	960	700	132	912
768	128	960	765	132	913
832	128	960	828	132	912
896	128	960	891	130	912
960	128	960	954	130	912
1023	128	960	1014	130	912
0	192	960	0	195	921
64	192	960	63	195	919
128	192	960	126	196	919
192	192	960	190	196	918
256	192	960	253	196	917
320	192	960	317	196	914
384	192	960	383	196	914
448	192	960	447	197	914
512	192	960	511	197	913
576	192	960	575	197	913
640	192	960	637	197	913
704	192	960	700	197	912
768	192	960	765	197	913
832	192	960	828	196	912
896	192	960	891	196	912
960	192	960	954	196	912
1023	192	960	1014	196	912
0	256	960	0	260	921
64	256	960	63	260	920
128	256	960	126	260	920
192	256	960	190	261	919
256	256	960	253	262	917
320	256	960	317	262	914
384	256	960	384	262	914
448	256	960	447	263	914
512	256	960	511	263	913
576	256	960	575	263	913
640	256	960	638	263	913
704	256	960	700	262	912
768	256	960	765	262	913
832	256	960	828	262	913
896	256	960	891	262	912
960	256	960	953	262	912
1023	256	960	1014	261	912
0	320	960	0	325	923
64	320	960	63	325	919
128	320	960	126	325	919
192	320	960	190	326	918
256	320	960	253	327	917
320	320	960	317	327	914
384	320	960	383	327	914
448	320	960	447	328	913
512	320	960	510	328	913
576	320	960	575	328	913
640	320	960	638	328	913
704	320	960	700	328	913
768	320	960	764	328	913
832	320	960	828	327	912
896	320	960	891	327	912
960	320	960	953	327	913
1023	320	960	1014	327	913
0	384	960	0	389	923
64	384	960	63	389	922
128	384	960	126	390	921
192	384	960	190	390	920
256	384	960	253	391	919
320	384	960	317	392	914
384	384	960	383	392	914
448	384	960	447	392	913
512	384	960	510	392	913
576	384	960	575	392	913
640	384	960	638	392	913
704	384	960	700	393	913
768	384	960	765	392	913
832	384	960	828	392	912
896	384	960	891	392	912
960	384	960	954	392	913
1023	384	960	1015	392	913
0	448	960	0	451	923
64	448	960	63	451	921
128	448	960	126	451	920
192	448	960	190	452	919
256	448	960	253	452	918
320	448	960	317	453	914
384	448	960	384	454	914
448	448	960	447	454	914
512	448	960	511	454	913
576	448	960	575	454	913
640	448	960	638	454	913
704	448	960	700	454	913
768	448	960	765	454	913
832	448	960	828	454	913
896	448	960	891	454	913
960	448	960	954	454	913
1023	448	960	1014	454	913
0	512	960	0	512	922
64	512	960	63	512	920
128	512	960	126	513	919
192	512	960	190	513	919
256	512	960	253	514	917
320	512	960	317	515	914
384	512	960	384	516	914
448	512	960	448	516	914
512	512	960	511	516	914
576	512	960	575	516	913
640	512	960	638	516	913
704	512	960	700	516	913
768	512	960	765	516	913
832	512	960	828	516	913
896	512	960	892	516	913
960	512	960	954	516	913
1023	512	960	1015	516	913
0	576	960	0	577	922
64	576	960	63	577	920
128	576	960	126	577	920
192	576	960	190	578	919
256	576	960	253	579	918
320	576	960	318	579	915
384	576	960	384	580	914
448	576	960	448	580	914
512	576	960	511	580	914
576	576	960	576	581	914
640	576	960	638	581	914
704	576	960	701	581	914
768	576	960	765	581	914
832	576	960	828	581	913
896	576	960	892	581	914
960	576	960	955	581	914
1023	576	960	1015	581	914
0	640	960	0	637	923
64	640	960	63	637	921
128	640	960	126	638	921
192	640	960	190	638	920
256	640	960	253	639	919
320	640	960	318	640	915
384	640	960	384	640	915
448	640	960	448	641	915
512	640	960	512	641	915
576	640	960	576	641	915
640	640	960	639	641	914
704	640	960	701	642	914
768	640	960	766	642	914
832	640	960	829	642	914
896	640	960	893	642	914
960	640	960	955	642	914
1023	640	960	1016	642	914
0	704	960	0	699	923
64	704	960	63	699	919
128	704	960	128	699	919
192	704	960	191	700	918
256	704	960	254	702	917
320	704	960	319	702	915
384	704	960	384	702	915
448	704	960	448	703	915
512	704	960	511	703	915
576	704	960	576	703	915
640	704	960	639	704	915
704	704	960	701	704	914
768	704	960	766	704	915
832	704	960	829	704	914
896	704	960	893	705	914
960	704	960	955	705	915
1023	704	960	1016	705	914
0	768	960	0	763	924
64	768	960	63	763	922
128	768	960	128	763	921
192	768	960	191	764	920
256	768	960	255	765	919
320	768	960	319	766	916
384	768	960	385	767	916
448	768	960	449	767	916
512	768	960	512	767	915
576	768	960	577	768	915
640	768	960	639	768	915
704	768	960	702	768	915
768	768	960	766	768	915
832	768	960	830	768	915
896	768	960	893	769	915
960	768	960	955	769	914
1023	768	960	1016	769	915
0	832	960	0	826	925
64	832	960	63	826	921
128	832	960	128	827	920
192	832	960	192	827	919
256	832	960	255	828	918
320	832	960	320	829	916
384	832	960	385	829	916
448	832	960	450	830	916
512	832	960	512	830	916
576	832	960	577	830	916
640	832	960	640	831	916
704	832	960	702	831	916
768	832	960	767	832	916
832	832	960	830	831	915
896	832	960	893	832	915
960	832	960	956	832	915
1023	832	960	1017	832	915
0	896	960	0	888	925
64	896	960	63	888	925
128	896	960	128	888	924
192	896	960	192	888	923
256	896	960	255	889	922
320	896	960	320	890	917
384	896	960	386	891	917
448	896	960	450	891	917
512	896	960	514	892	917
576	896	960	578	893	916
640	896	960	641	893	916
704	896	960	703	893	916
768	896	960	768	893	916
832	896	960	831	893	916
896	896	960	894	893	916
960	896	960	956	894	916
1023	896	960	1018	894	916
0	960	960	0	951	926
64	960	960	63	951	925
128	960	960	128	951	925
192	960	960	193	952	924
256	960	960	256	953	923
320	960	960	321	953	918
384	960	960	386	954	918
448	960	960	451	955	917
512	960	960	514	955	917
576	960	960	578	956	917
640	960	960	641	956	916
704	960	960	703	956	916
768	960	960	768	956	916
832	960	960	831	956	916
896	960	960	895	957	916
960	960	960	957	957	916
1023	960	960	1019	958	916
0	1023	960	0	1013	926
64	1023	960	63	1013	922
128	1023	960	129	1013	921
192	1023	960	193	1014	920
256	1023	960	257	1015	919
320	1023	960	322	1016	918
384	1023	960	387	1016	918
448	1023	960	451	1017	917
512	1023	960	514	1018	917
576	1023	960	579	1018	917
640	1023	960	641	1018	917
704	1023	960	704	1018	917
768	1023	960	768	1019	917
832	1023	960	832	1019	917
896	1023	960	895	1019	916
960	1023	960	958	1020	917
1023	1023	960	1019	1020	916
0	0	1023	0	0	979
64	0	1023	63	0	977
128	0	1023	126	0	977
192	0	1023	189	0	976
256	0	1023	252	0	975
320	0	1023	317	0	974
384	0	1023	382	0	973
448	0	1023	447	0	973
512	0	1023	510	0	973
576	0	1023	575	0	973
640	0	1023	637	0	973
704	0	1023	700	0	973
768	0	1023	764	0	972
832	0	1023	828	0	972
896	0	1023	891	0	971
960	0	1023	953	0	971
1023	0	1023	1015	0	971
0	64	1023	0	63	981
64	64	1023	63	63	979
128	64	1023	126	63	978
192	64	1023	189	63	977
256	64	1023	252	63	975
320	64	1023	317	66	973
384	64	1023	382	66	973
448	64	1023	447	66	972
512	64	1023	510	66	972
576	64	1023	575	66	972
640	64	1023	637	66	972
704	64	1023	700	66	972
768	64	1023	764	66	972
832	64	1023	828	66	971
896	64	1023	891	66	971
960	64	1023	953	66	972
1023	64	1023	1015	66	972
0	128	1023	0	130	981
64	128	1023	63	130	979
128	128	1023	126	130	978
192	128	1023	189	130	977
256	128	1023	252	130	975
320	128	1023	317	130	973
384	128	1023	382	132	973
448	128	1023	447	132	972
512	128	1023	510	132	972
576	128	1023	575	132	972
640	128	1023	637	132	972
704	128	1023	700	132	972
768	128	1023	764	132	972
832	128	1023	828	132	971
896	128	1023	891	132	971
960	128	1023	954	132	972
1023	128	1023	1015	130	972
0	192	1023	0	195	981
64	192	1023	63	195	979
128	192	1023	126	195	979
192	192	1023	189	196	978
256	192	1023	252	196	976
320	192	1023	316	196	973
384	192	1023	382	196	973
448	192	1023	447	197	972
512	192	1023	510	197	972
576	192	1023	575	197	972
640	192	1023	637	197	972
704	192	1023	700	197	972
768	192	1023	764	197	972
832	192	1023	828	196	971
896	192	1023	891	196	971
960	192	1023	954	196	972
1023	192	1023	1015	196	972
0	256	1023	0	259	981
64	256	1023	63	260	980
128	256	1023	126	260	980
192	256	1023	189	261	978
256	256	1023	252	261	977
320	256	1023	316	262	973
384	256	1023	382	262	973
448	256	1023	447	262	973
512	256	1023	510	263	972
576	256	1023	575	263	972
640	256	1023	637	263	972
704	256	1023	700	263	972
768	256	1023	764	262	972
832	256	1023	827	262	971
896	256	1023	891	262	971
960	256	1023	954	262	972
1023	256	1023	1015	262	972
0	320	1023	0	325	982
64	320	1023	63	325	979
128	320	1023	126	325	978
192	320	1023	189	326	977
256	320	1023	252	327	975
320	320	1023	316	327	973
384	320	1023	382	327	973
448	320	1023	447	328	972
512	320	1023	510	328	972
576	320	1023	575	328	972
640	320	1023	637	328	971
704	320	1023	700	328	971
768	320	1023	764	328	971
832	320	1023	827	327	971
896	320	1023	891	327	971
960	320	1023	954	327	972
1023	320	1023	1015	327	972
0	384	1023	0	390	982
64	384	1023	63	390	981
128	384	1023	126	390	981
192	384	1023	189	390	979
256	384	1023	251	391	978
320	384	1023	316	392	973
384	384	1023	382	392	973
448	384	1023	447	392	972
512	384	1023	510	392	972
576	384	1023	575	393	972
640	384	1023	637	392	971
704	384	1023	700	392	971
768	384	1023	764	392	971
832	384	1023	828	392	971
896	384	1023	891	392	971
960	384	1023	954	392	972
1023	384	1023	1014	392	971
0	448	1023	0	451	982
64	448	1023	63	451	980
128	448	1023	126	451	979
192	448	1023	189	452	978
256	448	1023	252	453	977
320	448	1023	316	453	973
384	448	1023	382	454	973
448	448	1023	447	454	972
512	448	1023	510	454	972
576	448	1023	575	454	972
640	448	1023	637	454	972
704	448	1023	700	454	972
768	448	1023	764	454	972
832	448	1023	828	454	972
896	448	1023	891	454	972
960	448	1023	954	454	972
1023	448	1023	1015	454	972
0	512	1023	0	513	982
64	512	1023	63	513	980
128	512	1023	126	513	979
192	512	1023	189	514	978
256	512	1023	252	514	976
320	512	1023	317	515	973
384	512	1023	382	516	973
448	512	1023	447	516	972
512	512	1023	510	516	972
576	512	1023	575	516	972
640	512	1023	638	516	972
704	512	1023	700	516	972
768	512	1023	765	517	972
832	512	1023	828	516	972
896	512	1023	891	516	972
960	512	1023	954	517	972
1023	512	1023	1015	517	972
0	576	1023	0	577	982
64	576	1023	63	577	980
128	576	1023	126	578	979
192	576	1023	189	578	978
256	576	1023	252	579	976
320	576	1023	317	580	973
384	576	1023	383	580	973
448	576	1023	447	580	973
512	576	1023	510	580	973
576	576	1023	575	581	973
640	576	1023	638	581	973
704	576	1023	700	581	973
768	576	1023	765	581	973
832	576	1023	828	581	972
896	576	1023	891	581	972
960	576	1023	954	581	972
1023	576	1023	1015	581	972
0	640	1023	0	638	982
64	640	1023	63	638	981
128	640	1023	126	638	980
192	640	1023	189	638	979
256	640	1023	252	639	978
320	640	1023	317	640	974
384	640	1023	383	641	974
448	640	1023	447	641	974
512	640	1023	511	641	973
576	640	1023	575	641	973
640	640	1023	638	641	973
704	640	1023	700	642	973
768	640	1023	766	643	974
832	640	1023	829	642	973
896	640	1023	892	642	973
960	640	1023	955	642	973
1023	640	1023	1015	642	973
0	704	1023	0	699	983
64	704	1023	63	699	979
128	704	1023	126	700	978
192	704	1023	189	700	977
256	704	1023	252	701	976
320	704	1023	317	702	975
384	704	1023	384	703	974
448	704	1023	448	703	974
512	704	1023	511	704	973
576	704	1023	576	704	973
640	704	1023	638	704	973
704	704	1023	700	704	973
768	704	1023	765	705	973
832	704	1023	829	705	973
896	704	1023	892	705	973
960	704	1023	955	705	973
1023	704	1023	1017	706	973
0	768	1023	0	763	983
64	768	1023	63	763	981
128	768	1023	126	764	981
192	768	1023	190	765	979
256	768	1023	253	766	978
320	768	1023	317	766	975
384	768	1023	384	767	975
448	768	1023	448	767	974
512	768	1023	511	767	974
576	768	1023	576	768	974
640	768	1023	638	768	974
704	768	1023	701	768	974
768	768	1023	766	768	974
832	768	1023	829	769	973
896	768	1023	893	769	974
960	768	1023	955	769	974
1023	768	1023	1017	769	974
0	832	1023	0	826	984
64	832	1023	63	826	981
128	832	1023	126	827	980
192	832	1023	190	827	979
256	832	1023	253	828	977
320	832	1023	318	829	975
384	832	1023	385	830	975
448	832	1023	448	830	975
512	832	1023	512	830	975
576	832	1023	577	831	975
640	832	1023	639	831	974
704	832	1023	702	832	975
768	832	1023	766	832	975
832	832	1023	830	832	975
896	832	1023	893	832	974
960	832	1023	956	833	975
1023	832	1023	1017	833	975
0	896	1023	0	887	985
64	896	1023	63	888	984
128	896	1023	128	888	984
192	896	1023	191	889	983
256	896	1023	255	890	981
320	896	1023	319	891	976
384	896	1023	385	891	976
448	896	1023	449	892	975
512	896	1023	512	892	975
576	896	1023	577	892	975
640	896	1023	640	893	975
704	896	1023	702	893	975
768	896	1023	767	893	975
832	896	1023	831	893	975
896	896	1023	894	894	975
960	896	1023	957	894	975
1023	896	1023	1018	895	975
0	960	1023	0	951	985
64	960	1023	63	951	985
128	960	1023	128	951	984
192	960	1023	192	952	983
256	960	1023	255	953	981
320	960	1023	320	954	977
384	960	1023	385	955	977
448	960	1023	449	955	976
512	960	1023	513	955	976
576	960	1023	577	956	976
640	960	1023	640	956	976
704	960	1023	703	957	976
768	960	1023	767	957	976
832	960	1023	831	957	975
896	960	1023	894	957	975
960	960	1023	957	959	975
1023	960	1023	1018	958	975
0	1023	1023	0	1013	985
64	1023	1023	63	1013	982
128	1023	1023	128	1014	981
192	1023	1023	193	1014	980
256	1023	1023	256	1016	979
320	1023	1023	321	1017	977
384	1023	1023	386	1017	977
448	1023	1023	450	1018	977
512	1023	1023	513	1018	976
576	1023	1023	578	1018	976
640	1023	1023	641	1018	976
704	1023	1023	704	1019	976
768	1023	1023	768	1020	976
832	1023	1023	832	1020	976
896	1023	1023	895	1020	976
960	1023	1023	958	1020	976
1023	1023	1023	1019	1020	976
