0	0	0	0	0	0
64	0	0	57	0	0
128	0	0	113	32	23
192	0	0	170	44	32
256	0	0	227	57	38
320	0	0	284	69	53
384	0	0	340	85	60
448	0	0	397	101	69
512	0	0	451	114	80
576	0	0	506	128	89
640	0	0	561	143	99
704	0	0	617	157	109
768	0	0	671	171	119
832	0	0	726	186	128
896	0	0	784	199	139
960	0	0	838	213	148
1023	0	0	893	227	158
0	64	0	32	63	23
64	64	0	63	63	23
128	64	0	116	66	23
192	64	0	172	75	32
256	64	0	229	82	48
320	64	0	285	93	57
384	64	0	341	104	63
448	64	0	397	116	72
512	64	0	452	128	82
576	64	0	506	139	91
640	64	0	562	153	99
704	64	0	618	166	111
768	64	0	671	179	120
832	64	0	726	193	129
896	64	0	784	207	139
960	64	0	839	220	149
1023	64	0	893	234	158
0	128	0	66	128	38
64	128	0	85	128	38
128	128	0	129	129	48
192	128	0	179	132	53
256	128	0	234	137	57
320	128	0	289	142	63
384	128	0	344	150	69
448	128	0	400	157	77
512	128	0	454	166	87
576	128	0	509	175	95
640	128	0	564	186	106
704	128	0	619	196	114
768	128	0	673	207	123
832	128	0	728	218	132
896	128	0	786	231	143
960	128	0	840	242	151
1023	128	0	894	254	161
0	192	0	101	190	63
64	192	0	111	191	63
128	192	0	147	192	63
192	192	0	193	193	66
256	192	0	243	196	72
320	192	0	296	201	75
384	192	0	350	205	82
448	192	0	405	211	89
512	192	0	459	217	95
576	192	0	513	224	106
640	192	0	568	232	113
704	192	0	623	240	122
768	192	0	676	249	129
832	192	0	731	258	139
896	192	0	789	267	148
960	192	0	842	277	157
1023	192	0	896	288	166
0	256	0	134	253	80
64	256	0	142	254	80
128	256	0	170	255	82
192	256	0	210	256	85
256	256	0	256	259	87
320	256	0	307	262	91
384	256	0	359	265	97
448	256	0	412	269	103
512	256	0	465	274	109
576	256	0	519	280	116
640	256	0	573	285	123
704	256	0	627	292	130
768	256	0	680	299	139
832	256	0	735	307	148
896	256	0	792	314	157
960	256	0	845	322	165
1023	256	0	899	330	173
0	320	0	167	317	101
64	320	0	174	317	101
128	320	0	196	318	103
192	320	0	231	319	104
256	320	0	273	321	106
320	320	0	321	323	109
384	320	0	371	326	114
448	320	0	422	330	119
512	320	0	474	333	123
576	320	0	526	337	130
640	320	0	580	342	137
704	320	0	633	347	143
768	320	0	685	353	150
832	320	0	739	359	159
896	320	0	796	365	166
960	320	0	849	372	174
1023	320	0	903	379	182
0	384	0	200	380	122
64	384	0	205	380	122
128	384	0	224	381	122
192	384	0	254	382	123
256	384	0	293	384	126
320	384	0	337	385	129
384	384	0	385	388	132
448	384	0	433	390	136
512	384	0	484	394	141
576	384	0	535	397	145
640	384	0	588	401	150
704	384	0	640	405	158
768	384	0	692	409	164
832	384	0	745	414	171
896	384	0	801	419	178
960	384	0	854	424	185
1023	384	0	907	430	192
0	448	0	232	441	142
64	448	0	238	441	142
128	448	0	254	442	141
192	448	0	280	442	142
256	448	0	315	443	144
320	448	0	356	445	148
384	448	0	401	447	150
448	448	0	447	449	153
512	448	0	496	451	158
576	448	0	546	455	162
640	448	0	597	457	166
704	448	0	648	461	173
768	448	0	700	465	179
832	448	0	753	469	184
896	448	0	807	473	191
960	448	0	860	478	198
1023	448	0	912	482	204
0	512	0	267	502	161
64	512	0	270	502	161
128	512	0	284	502	162
192	512	0	308	503	163
256	512	0	339	504	164
320	512	0	377	506	166
384	512	0	419	507	169
448	512	0	463	509	172
512	512	0	510	511	175
576	512	0	558	514	179
640	512	0	609	516	183
704	512	0	658	519	188
768	512	0	709	522	193
832	512	0	762	526	200
896	512	0	815	530	206
960	512	0	867	534	212
1023	512	0	919	539	218
0	576	0	300	565	181
64	576	0	304	565	181
128	576	0	316	565	181
192	576	0	337	566	182
256	576	0	366	567	184
320	576	0	400	568	186
384	576	0	438	570	188
448	576	0	481	571	190
512	576	0	526	573	193
576	576	0	573	575	198
640	576	0	621	578	201
704	576	0	669	581	206
768	576	0	719	584	209
832	576	0	772	587	215
896	576	0	823	591	221
960	576	0	875	595	226
1023	576	0	927	599	232
0	640	0	334	626	201
64	640	0	337	626	201
128	640	0	348	626	201
192	640	0	366	627	202
256	640	0	393	628	204
320	640	0	424	628	206
384	640	0	460	629	207
448	640	0	500	631	209
512	640	0	543	632	212
576	640	0	589	634	215
640	640	0	635	636	218
704	640	0	683	638	223
768	640	0	732	641	228
832	640	0	784	644	232
896	640	0	833	646	236
960	640	0	885	649	242
1023	640	0	936	653	248
0	704	0	368	686	221
64	704	0	370	686	221
128	704	0	380	686	221
192	704	0	397	687	222
256	704	0	420	687	223
320	704	0	449	688	225
384	704	0	483	689	226
448	704	0	520	690	228
512	704	0	562	691	230
576	704	0	606	693	234
640	704	0	650	695	237
704	704	0	696	697	241
768	704	0	744	700	245
832	704	0	796	703	249
896	704	0	845	705	253
960	704	0	895	708	259
1023	704	0	945	712	263
0	768	0	401	747	241
64	768	0	404	747	241
128	768	0	412	748	242
192	768	0	427	748	242
256	768	0	448	749	243
320	768	0	475	750	244
384	768	0	506	751	246
448	768	0	542	752	248
512	768	0	582	754	250
576	768	0	624	755	253
640	768	0	666	757	256
704	768	0	711	759	259
768	768	0	759	762	263
832	768	0	808	764	267
896	768	0	857	767	271
960	768	0	906	771	276
1023	768	0	955	774	280
0	832	0	433	811	261
64	832	0	435	811	261
128	832	0	443	811	262
192	832	0	457	811	262
256	832	0	477	812	263
320	832	0	501	812	264
384	832	0	531	813	265
448	832	0	565	814	267
512	832	0	604	816	270
576	832	0	643	817	272
640	832	0	684	819	275
704	832	0	728	821	278
768	832	0	776	823	281
832	832	0	822	825	284
896	832	0	870	827	289
960	832	0	919	830	293
1023	832	0	966	833	298
0	896	0	467	871	282
64	896	0	468	871	282
128	896	0	475	872	282
192	896	0	488	872	282
256	896	0	506	873	283
320	896	0	530	873	284
384	896	0	558	874	285
448	896	0	591	875	288
512	896	0	626	876	290
576	896	0	663	878	292
640	896	0	704	879	294
704	896	0	746	881	297
768	896	0	794	883	301
832	896	0	838	885	303
896	896	0	885	888	307
960	896	0	934	890	311
1023	896	0	980	893	315
0	960	0	498	932	302
64	960	0	500	932	302
128	960	0	507	933	303
192	960	0	519	933	303
256	960	0	536	934	304
320	960	0	558	935	305
384	960	0	585	935	306
448	960	0	615	936	308
512	960	0	648	937	309
576	960	0	685	939	311
640	960	0	724	941	313
704	960	0	767	943	316
768	960	0	811	944	318
832	960	0	855	946	322
896	960	0	900	948	325
960	960	0	947	951	329
1023	960	0	993	954	332
0	1023	0	531	995	322
64	1023	0	532	995	322
128	1023	0	538	995	322
192	1023	0	549	996	322
256	1023	0	565	996	323
320	1023	0	587	997	324
384	1023	0	613	998	325
448	1023	0	640	999	327
512	1023	0	672	1000	328
576	1023	0	707	1001	330
640	1023	0	745	1003	332
704	1023	0	788	1004	334
768	1023	0	829	1006	337
832	1023	0	872	1007	340
896	1023	0	917	1009	343
960	1023	0	962	1011	346
1023	1023	0	1007	1014	349
0	0	64	0	0	57
64	0	64	57	0	60
128	0	64	114	32	63
192	0	64	171	44	66
256	0	64	227	57	72
320	0	64	284	69	75
384	0	64	340	85	82
448	0	64	396	101	89
512	0	64	451	114	95
576	0	64	506	128	103
640	0	64	561	143	113
704	0	64	617	157	120
768	0	64	671	171	129
832	0	64	726	186	139
896	0	64	784	199	148
960	0	64	838	213	157
1023	0	64	893	227	166
0	64	64	32	63	63
64	64	64	63	63	63
128	64	64	117	66	66
192	64	64	173	75	69
256	64	64	229	82	72
320	64	64	285	93	77
384	64	64	341	104	85
448	64	64	397	116	91
512	64	64	452	128	97
576	64	64	506	141	106
640	64	64	562	153	114
704	64	64	618	166	122
768	64	64	671	180	130
832	64	64	726	193	141
896	64	64	784	207	149
960	64	64	839	220	157
1023	64	64	893	234	167
0	128	64	66	128	72
64	128	64	87	128	72
128	128	64	129	129	72
192	128	64	179	132	75
256	128	64	234	137	80
320	128	64	289	142	85
384	128	64	344	150	89
448	128	64	400	157	95
512	128	64	454	166	101
576	128	64	509	176	111
640	128	64	564	186	117
704	128	64	619	197	126
768	128	64	673	207	133
832	128	64	728	218	143
896	128	64	786	231	151
960	128	64	840	242	160
1023	128	64	894	254	169
0	192	64	101	190	82
64	192	64	113	191	82
128	192	64	147	192	85
192	192	64	193	193	87
256	192	64	243	196	89
320	192	64	297	201	93
384	192	64	350	205	97
448	192	64	405	211	103
512	192	64	459	217	111
576	192	64	513	224	117
640	192	64	567	232	125
704	192	64	623	241	132
768	192	64	676	249	141
832	192	64	731	258	148
896	192	64	788	268	157
960	192	64	842	277	165
1023	192	64	896	288	174
0	256	64	134	253	99
64	256	64	143	254	99
128	256	64	170	255	99
192	256	64	210	256	101
256	256	64	256	259	104
320	256	64	307	262	108
384	256	64	359	265	111
448	256	64	413	270	116
512	256	64	465	274	122
576	256	64	518	280	128
640	256	64	573	285	133
704	256	64	627	292	142
768	256	64	680	299	149
832	256	64	734	307	157
896	256	64	792	314	164
960	256	64	845	322	172
1023	256	64	899	330	180
0	320	64	167	317	114
64	320	64	174	317	114
128	320	64	196	318	114
192	320	64	231	319	116
256	320	64	274	321	119
320	320	64	321	323	122
384	320	64	371	327	125
448	320	64	422	330	130
512	320	64	474	333	136
576	320	64	526	337	141
640	320	64	580	342	145
704	320	64	633	347	152
768	320	64	685	353	160
832	320	64	739	359	166
896	320	64	796	365	173
960	320	64	849	372	181
1023	320	64	902	379	188
0	384	64	200	381	132
64	384	64	206	381	132
128	384	64	224	381	133
192	384	64	254	382	134
256	384	64	293	384	136
320	384	64	337	385	138
384	384	64	385	388	142
448	384	64	434	391	145
512	384	64	484	394	149
576	384	64	535	397	153
640	384	64	588	401	160
704	384	64	639	405	165
768	384	64	692	409	172
832	384	64	745	414	179
896	384	64	801	419	185
960	384	64	854	424	193
1023	384	64	907	430	199
0	448	64	233	441	150
64	448	64	238	441	150
128	448	64	254	442	151
192	448	64	280	443	152
256	448	64	315	443	153
320	448	64	356	445	156
384	448	64	401	447	159
448	448	64	447	449	162
512	448	64	496	451	165
576	448	64	546	455	170
640	448	64	598	458	175
704	448	64	648	461	179
768	448	64	700	465	185
832	448	64	753	469	192
896	448	64	807	473	198
960	448	64	860	478	205
1023	448	64	912	482	211
0	512	64	267	502	169
64	512	64	271	502	169
128	512	64	284	502	169
192	512	64	308	503	170
256	512	64	339	504	172
320	512	64	377	506	174
384	512	64	419	507	176
448	512	64	463	509	179
512	512	64	510	511	182
576	512	64	558	514	187
640	512	64	609	516	190
704	512	64	658	519	195
768	512	64	709	523	201
832	512	64	762	526	206
896	512	64	815	530	211
960	512	64	867	534	217
1023	512	64	919	539	223
0	576	64	300	565	188
64	576	64	304	565	188
128	576	64	316	566	188
192	576	64	337	566	189
256	576	64	365	567	190
320	576	64	400	568	193
384	576	64	439	570	194
448	576	64	481	571	197
512	576	64	525	573	200
576	576	64	573	575	203
640	576	64	621	578	207
704	576	64	669	581	211
768	576	64	719	584	216
832	576	64	772	588	221
896	576	64	823	591	226
960	576	64	875	595	232
1023	576	64	927	599	238
0	640	64	334	626	207
64	640	64	337	626	207
128	640	64	348	626	208
192	640	64	366	627	209
256	640	64	393	628	209
320	640	64	424	629	211
384	640	64	460	630	213
448	640	64	500	631	215
512	640	64	543	632	218
576	640	64	589	634	221
640	640	64	635	636	225
704	640	64	682	638	228
768	640	64	731	641	232
832	640	64	784	644	238
896	640	64	833	646	242
960	640	64	885	649	247
1023	640	64	936	653	253
0	704	64	368	686	227
64	704	64	370	686	227
128	704	64	380	686	228
192	704	64	397	687	228
256	704	64	420	687	229
320	704	64	449	688	230
384	704	64	483	689	232
448	704	64	520	690	234
512	704	64	561	691	236
576	704	64	606	693	239
640	704	64	650	695	242
704	704	64	696	697	246
768	704	64	744	700	250
832	704	64	796	703	254
896	704	64	844	705	259
960	704	64	895	708	263
1023	704	64	945	712	269
0	768	64	401	747	246
64	768	64	404	748	246
128	768	64	412	748	246
192	768	64	427	748	247
256	768	64	448	749	248
320	768	64	475	750	250
384	768	64	507	751	251
448	768	64	542	752	253
512	768	64	582	754	255
576	768	64	624	755	258
640	768	64	666	757	261
704	768	64	711	759	264
768	768	64	759	762	267
832	768	64	808	764	271
896	768	64	856	767	275
960	768	64	906	771	280
1023	768	64	955	774	284
0	832	64	433	811	266
64	832	64	435	811	266
128	832	64	443	811	266
192	832	64	457	811	266
256	832	64	477	812	268
320	832	64	501	813	268
384	832	64	531	813	270
448	832	64	565	814	272
512	832	64	604	816	274
576	832	64	642	817	276
640	832	64	684	819	279
704	832	64	728	821	282
768	832	64	776	823	285
832	832	64	822	825	289
896	832	64	870	828	293
960	832	64	919	830	297
1023	832	64	967	834	301
0	896	64	467	872	286
64	896	64	469	872	286
128	896	64	475	872	286
192	896	64	488	872	287
256	896	64	506	873	288
320	896	64	530	873	289
384	896	64	558	874	290
448	896	64	591	875	292
512	896	64	626	876	293
576	896	64	663	878	295
640	896	64	704	880	298
704	896	64	746	881	301
768	896	64	794	883	304
832	896	64	838	885	307
896	896	64	885	888	311
960	896	64	934	890	314
1023	896	64	980	893	319
0	960	64	499	932	306
64	960	64	500	933	306
128	960	64	507	933	306
192	960	64	519	933	307
256	960	64	536	934	308
320	960	64	558	935	308
384	960	64	585	935	309
448	960	64	615	936	311
512	960	64	648	938	313
576	960	64	685	939	315
640	960	64	724	941	317
704	960	64	767	943	320
768	960	64	811	944	322
832	960	64	855	946	325
896	960	64	900	948	328
960	960	64	947	951	332
1023	960	64	993	954	336
0	1023	64	531	995	325
64	1023	64	532	995	325
128	1023	64	538	995	326
192	1023	64	549	996	326
256	1023	64	566	996	327
320	1023	64	587	997	327
384	1023	64	613	998	328
448	1023	64	640	999	330
512	1023	64	672	1000	331
576	1023	64	707	1001	333
640	1023	64	745	1003	336
704	1023	64	787	1004	337
768	1023	64	829	1006	340
832	1023	64	872	1007	343
896	1023	64	917	1009	346
960	1023	64	962	1011	349
1023	1023	64	1007	1014	353
0	0	128	23	0	117
64	0	128	60	0	119
128	0	128	114	32	120
192	0	128	171	44	122
256	0	128	228	57	123
320	0	128	284	69	126
384	0	128	340	87	130
448	0	128	397	101	134
512	0	128	451	114	139
576	0	128	506	128	144
640	0	128	561	143	150
704	0	128	617	157	156
768	0	128	671	172	162
832	0	128	726	186	170
896	0	128	784	200	177
960	0	128	838	214	184
1023	0	128	892	228	192
0	64	128	38	63	120
64	64	128	66	63	120
128	64	128	119	66	122
192	64	128	174	75	123
256	64	128	229	82	125
320	64	128	285	93	128
384	64	128	341	104	130
448	64	128	397	116	134
512	64	128	452	128	141
576	64	128	507	141	145
640	64	128	562	153	151
704	64	128	618	167	157
768	64	128	671	180	163
832	64	128	726	193	170
896	64	128	784	207	178
960	64	128	839	221	184
1023	64	128	893	234	193
0	128	128	69	128	123
64	128	128	89	128	126
128	128	128	130	129	125
192	128	128	180	132	126
256	128	128	234	137	129
320	128	128	289	143	130
384	128	128	345	150	134
448	128	128	400	158	139
512	128	128	455	166	143
576	128	128	509	176	148
640	128	128	564	186	153
704	128	128	619	197	159
768	128	128	673	207	165
832	128	128	728	219	173
896	128	128	786	231	179
960	128	128	840	243	188
1023	128	128	894	255	194
0	192	128	103	190	132
64	192	128	114	191	132
128	192	128	148	192	133
192	192	128	193	193	134
256	192	128	243	197	136
320	192	128	297	201	137
384	192	128	350	206	141
448	192	128	406	211	144
512	192	128	459	217	149
576	192	128	513	225	153
640	192	128	568	232	159
704	192	128	623	241	164
768	192	128	676	249	171
832	192	128	730	259	177
896	192	128	788	268	183
960	192	128	842	277	191
1023	192	128	896	288	198
0	256	128	136	254	141
64	256	128	144	255	141
128	256	128	171	255	141
192	256	128	211	257	142
256	256	128	257	259	144
320	256	128	307	262	147
384	256	128	359	266	149
448	256	128	413	270	152
512	256	128	466	274	156
576	256	128	519	280	161
640	256	128	573	286	166
704	256	128	627	292	172
768	256	128	680	299	178
832	256	128	734	307	184
896	256	128	792	314	190
960	256	128	845	322	198
1023	256	128	899	331	204
0	320	128	168	317	152
64	320	128	175	317	152
128	320	128	197	319	152
192	320	128	232	320	153
256	320	128	274	322	156
320	320	128	321	324	158
384	320	128	371	327	160
448	320	128	422	330	163
512	320	128	474	334	166
576	320	128	526	337	171
640	320	128	580	343	175
704	320	128	633	348	181
768	320	128	685	353	186
832	320	128	739	359	192
896	320	128	796	366	198
960	320	128	849	372	205
1023	320	128	902	379	211
0	384	128	201	381	165
64	384	128	206	381	165
128	384	128	225	382	166
192	384	128	255	382	167
256	384	128	293	384	167
320	384	128	337	386	169
384	384	128	385	388	171
448	384	128	434	391	174
512	384	128	484	394	179
576	384	128	535	397	182
640	384	128	588	401	187
704	384	128	639	405	192
768	384	128	692	410	197
832	384	128	745	414	202
896	384	128	801	419	209
960	384	128	854	425	214
1023	384	128	906	430	221
0	448	128	234	442	179
64	448	128	238	442	179
128	448	128	254	442	180
192	448	128	281	443	180
256	448	128	316	444	181
320	448	128	356	446	183
384	448	128	401	447	186
448	448	128	447	449	188
512	448	128	496	452	192
576	448	128	546	455	195
640	448	128	598	458	199
704	448	128	648	461	203
768	448	128	700	465	209
832	448	128	753	469	213
896	448	128	807	474	219
960	448	128	860	478	225
1023	448	128	912	483	231
0	512	128	267	502	195
64	512	128	271	502	195
128	512	128	285	503	195
192	512	128	308	504	195
256	512	128	340	505	198
320	512	128	378	506	199
384	512	128	419	508	201
448	512	128	464	509	203
512	512	128	510	511	206
576	512	128	558	514	209
640	512	128	609	517	212
704	512	128	658	520	218
768	512	128	709	523	222
832	512	128	761	527	226
896	512	128	814	531	231
960	512	128	867	535	237
1023	512	128	919	539	242
0	576	128	301	565	211
64	576	128	304	565	211
128	576	128	316	566	212
192	576	128	337	567	212
256	576	128	366	567	213
320	576	128	401	569	215
384	576	128	439	570	216
448	576	128	481	572	218
512	576	128	525	574	221
576	576	128	573	576	224
640	576	128	621	578	228
704	576	128	669	581	232
768	576	128	719	584	236
832	576	128	772	588	240
896	576	128	823	591	245
960	576	128	875	595	250
1023	576	128	927	600	255
0	640	128	334	626	228
64	640	128	337	626	228
128	640	128	348	627	228
192	640	128	367	627	229
256	640	128	393	628	230
320	640	128	424	629	232
384	640	128	461	630	233
448	640	128	500	631	235
512	640	128	543	633	238
576	640	128	589	634	240
640	640	128	635	636	243
704	640	128	682	639	247
768	640	128	731	641	251
832	640	128	784	644	255
896	640	128	833	646	259
960	640	128	884	649	263
1023	640	128	936	653	270
0	704	128	368	686	245
64	704	128	371	686	245
128	704	128	381	687	246
192	704	128	397	687	247
256	704	128	420	687	247
320	704	128	449	688	248
384	704	128	483	689	250
448	704	128	520	690	252
512	704	128	561	692	254
576	704	128	606	693	257
640	704	128	650	695	260
704	704	128	696	698	263
768	704	128	744	700	267
832	704	128	796	704	270
896	704	128	844	706	275
960	704	128	894	709	279
1023	704	128	944	712	284
0	768	128	401	748	263
64	768	128	404	748	263
128	768	128	412	748	263
192	768	128	427	749	264
256	768	128	448	749	265
320	768	128	475	750	266
384	768	128	507	751	267
448	768	128	542	753	270
512	768	128	582	754	272
576	768	128	624	756	274
640	768	128	666	757	276
704	768	128	711	760	280
768	768	128	759	763	283
832	768	128	808	765	286
896	768	128	856	768	290
960	768	128	906	771	295
1023	768	128	954	775	299
0	832	128	433	811	281
64	832	128	435	811	282
128	832	128	443	811	282
192	832	128	457	812	282
256	832	128	477	812	283
320	832	128	501	813	284
384	832	128	531	814	285
448	832	128	565	815	288
512	832	128	604	816	289
576	832	128	642	817	291
640	832	128	684	819	294
704	832	128	728	821	297
768	832	128	775	824	300
832	832	128	822	825	303
896	832	128	870	828	307
960	832	128	919	831	311
1023	832	128	967	834	315
0	896	128	467	872	301
64	896	128	468	872	301
128	896	128	475	872	301
192	896	128	488	872	302
256	896	128	506	873	302
320	896	128	530	874	303
384	896	128	558	875	304
448	896	128	591	876	306
512	896	128	626	877	308
576	896	128	663	878	309
640	896	128	704	880	312
704	896	128	746	882	315
768	896	128	794	883	317
832	896	128	838	885	320
896	896	128	885	888	324
960	896	128	934	890	327
1023	896	128	980	893	331
0	960	128	499	933	319
64	960	128	501	933	319
128	960	128	507	933	319
192	960	128	519	934	320
256	960	128	536	934	321
320	960	128	558	935	322
384	960	128	585	936	322
448	960	128	616	936	324
512	960	128	648	938	326
576	960	128	685	939	327
640	960	128	724	941	330
704	960	128	767	943	332
768	960	128	811	944	335
832	960	128	855	946	337
896	960	128	900	948	340
960	960	128	947	951	344
1023	960	128	993	954	348
0	1023	128	531	995	337
64	1023	128	533	995	337
128	1023	128	538	996	337
192	1023	128	549	996	338
256	1023	128	566	996	339
320	1023	128	587	997	340
384	1023	128	613	998	340
448	1023	128	640	999	342
512	1023	128	672	1000	343
576	1023	128	707	1001	346
640	1023	128	745	1003	347
704	1023	128	788	1004	350
768	1023	128	829	1006	352
832	1023	128	872	1007	354
896	1023	128	917	1009	357
960	1023	128	962	1011	361
1023	1023	128	1007	1014	363
0	0	192	38	0	178
64	0	192	66	0	178
128	0	192	117	32	180
192	0	192	173	44	181
256	0	192	229	57	181
320	0	192	285	69	183
384	0	192	341	87	185
448	0	192	397	101	188
512	0	192	452	114	192
576	0	192	507	129	195
640	0	192	562	143	199
704	0	192	617	158	203
768	0	192	671	172	208
832	0	192	726	187	213
896	0	192	784	200	218
960	0	192	838	214	224
1023	0	192	892	228	231
0	64	192	48	63	180
64	64	192	72	63	180
128	64	192	120	66	180
192	64	192	175	75	181
256	64	192	230	82	183
320	64	192	286	93	184
384	64	192	342	104	186
448	64	192	398	116	188
512	64	192	452	128	192
576	64	192	507	141	196
640	64	192	562	153	199
704	64	192	618	167	204
768	64	192	671	180	208
832	64	192	726	194	214
896	64	192	784	207	219
960	64	192	838	221	225
1023	64	192	892	234	231
0	128	192	75	128	182
64	128	192	91	128	182
128	128	192	133	129	183
192	128	192	182	133	184
256	128	192	236	137	185
320	128	192	290	143	186
384	128	192	345	150	188
448	128	192	400	158	190
512	128	192	455	167	194
576	128	192	509	176	198
640	128	192	564	187	202
704	128	192	619	197	206
768	128	192	673	207	210
832	128	192	728	219	215
896	128	192	786	232	221
960	128	192	839	243	227
1023	128	192	893	255	233
0	192	192	106	191	186
64	192	192	116	191	187
128	192	192	150	192	187
192	192	192	195	194	188
256	192	192	245	197	188
320	192	192	297	202	189
384	192	192	351	206	193
448	192	192	406	212	195
512	192	192	459	218	198
576	192	192	513	225	201
640	192	192	568	233	205
704	192	192	623	242	209
768	192	192	676	250	214
832	192	192	730	259	219
896	192	192	788	269	225
960	192	192	841	278	230
1023	192	192	895	288	236
0	256	192	137	255	192
64	256	192	145	255	192
128	256	192	173	256	193
192	256	192	212	257	193
256	256	192	258	259	194
320	256	192	308	263	196
384	256	192	360	266	198
448	256	192	413	270	200
512	256	192	466	275	203
576	256	192	519	281	206
640	256	192	573	286	211
704	256	192	627	293	215
768	256	192	680	300	220
832	256	192	734	307	225
896	256	192	792	315	230
960	256	192	844	322	235
1023	256	192	898	331	241
0	320	192	170	318	201
64	320	192	176	318	201
128	320	192	198	319	202
192	320	192	232	320	202
256	320	192	275	322	202
320	320	192	322	324	204
384	320	192	372	327	206
448	320	192	422	331	208
512	320	192	474	334	212
576	320	192	526	338	215
640	320	192	580	343	218
704	320	192	633	348	222
768	320	192	685	354	226
832	320	192	739	360	232
896	320	192	796	366	236
960	320	192	848	373	241
1023	320	192	902	380	247
0	384	192	202	381	211
64	384	192	207	381	211
128	384	192	226	382	211
192	384	192	256	383	212
256	384	192	294	385	212
320	384	192	338	386	214
384	384	192	385	389	215
448	384	192	434	392	218
512	384	192	484	394	220
576	384	192	535	398	223
640	384	192	588	401	226
704	384	192	639	406	231
768	384	192	692	410	235
832	384	192	745	415	240
896	384	192	801	420	244
960	384	192	853	425	249
1023	384	192	906	431	255
0	448	192	234	442	222
64	448	192	240	442	222
128	448	192	255	443	221
192	448	192	282	443	222
256	448	192	316	445	223
320	448	192	357	446	225
384	448	192	402	448	226
448	448	192	447	450	228
512	448	192	496	452	230
576	448	192	546	456	234
640	448	192	597	459	237
704	448	192	648	462	241
768	448	192	699	466	244
832	448	192	752	470	249
896	448	192	807	474	253
960	448	192	859	479	258
1023	448	192	911	483	263
0	512	192	268	503	234
64	512	192	272	503	234
128	512	192	286	504	234
192	512	192	309	504	234
256	512	192	340	505	235
320	512	192	378	507	236
384	512	192	420	509	238
448	512	192	464	510	240
512	512	192	510	512	242
576	512	192	558	515	245
640	512	192	609	517	248
704	512	192	658	520	252
768	512	192	708	524	256
832	512	192	761	528	260
896	512	192	814	531	264
960	512	192	866	535	269
1023	512	192	918	540	273
0	576	192	302	566	247
64	576	192	305	566	247
128	576	192	317	567	247
192	576	192	337	567	248
256	576	192	366	568	249
320	576	192	401	570	250
384	576	192	439	571	252
448	576	192	481	572	253
512	576	192	526	574	255
576	576	192	573	576	258
640	576	192	621	579	261
704	576	192	669	582	263
768	576	192	718	585	267
832	576	192	771	589	271
896	576	192	822	592	275
960	576	192	874	596	280
1023	576	192	926	600	284
0	640	192	335	627	261
64	640	192	338	627	261
128	640	192	348	627	261
192	640	192	367	628	262
256	640	192	393	629	263
320	640	192	425	629	264
384	640	192	460	630	265
448	640	192	500	632	267
512	640	192	543	633	269
576	640	192	589	635	272
640	640	192	635	637	274
704	640	192	682	639	277
768	640	192	731	642	280
832	640	192	784	645	284
896	640	192	832	647	288
960	640	192	884	650	292
1023	640	192	935	654	297
0	704	192	368	687	276
64	704	192	371	687	276
128	704	192	381	687	276
192	704	192	398	688	277
256	704	192	421	688	278
320	704	192	449	689	279
384	704	192	483	690	280
448	704	192	520	691	282
512	704	192	561	693	283
576	704	192	606	694	286
640	704	192	649	696	289
704	704	192	695	698	291
768	704	192	743	701	294
832	704	192	796	705	298
896	704	192	844	707	302
960	704	192	894	709	306
1023	704	192	944	713	309
0	768	192	401	748	292
64	768	192	404	748	292
128	768	192	412	749	292
192	768	192	427	749	293
256	768	192	448	750	293
320	768	192	475	750	294
384	768	192	506	752	296
448	768	192	542	753	297
512	768	192	582	755	299
576	768	192	624	756	301
640	768	192	666	758	304
704	768	192	711	761	306
768	768	192	759	763	309
832	768	192	808	766	312
896	768	192	856	768	316
960	768	192	906	772	320
1023	768	192	954	775	323
0	832	192	433	812	308
64	832	192	436	812	308
128	832	192	443	812	308
192	832	192	457	812	309
256	832	192	477	813	309
320	832	192	502	813	310
384	832	192	531	814	311
448	832	192	566	815	313
512	832	192	604	817	315
576	832	192	643	818	317
640	832	192	684	820	319
704	832	192	728	822	322
768	832	192	776	824	325
832	832	192	822	825	327
896	832	192	870	828	330
960	832	192	919	831	334
1023	832	192	967	834	338
0	896	192	467	872	325
64	896	192	469	872	325
128	896	192	476	872	325
192	896	192	489	873	326
256	896	192	506	873	327
320	896	192	530	874	327
384	896	192	558	875	328
448	896	192	591	876	330
512	896	192	626	877	331
576	896	192	663	878	333
640	896	192	704	880	335
704	896	192	747	882	338
768	896	192	794	883	340
832	896	192	838	885	343
896	896	192	885	888	346
960	896	192	934	890	349
1023	896	192	980	893	353
0	960	192	499	933	342
64	960	192	501	933	342
128	960	192	508	933	342
192	960	192	519	934	343
256	960	192	536	934	343
320	960	192	558	935	344
384	960	192	585	936	345
448	960	192	616	936	346
512	960	192	649	938	348
576	960	192	685	939	349
640	960	192	724	941	352
704	960	192	767	943	354
768	960	192	811	944	356
832	960	192	855	946	359
896	960	192	900	948	361
960	960	192	948	951	365
1023	960	192	993	955	368
0	1023	192	531	996	359
64	1023	192	533	996	359
128	1023	192	539	996	359
192	1023	192	550	996	359
256	1023	192	566	997	360
320	1023	192	587	997	361
384	1023	192	613	998	362
448	1023	192	640	999	363
512	1023	192	672	1000	364
576	1023	192	707	1001	366
640	1023	192	745	1002	368
704	1023	192	788	1004	370
768	1023	192	829	1006	372
832	1023	192	872	1007	375
896	1023	192	917	1010	378
960	1023	192	962	1012	381
1023	1023	192	1007	1014	383
0	0	256	48	0	237
64	0	256	72	0	237
128	0	256	122	32	238
192	0	256	176	44	239
256	0	256	230	57	240
320	0	256	286	69	241
384	0	256	342	87	242
448	0	256	398	101	244
512	0	256	452	114	247
576	0	256	507	129	250
640	0	256	562	143	253
704	0	256	617	158	256
768	0	256	671	172	259
832	0	256	726	187	263
896	0	256	784	201	268
960	0	256	838	215	272
1023	0	256	892	228	277
0	64	256	60	63	238
64	64	256	77	63	238
128	64	256	125	69	238
192	64	256	178	75	239
256	64	256	232	85	240
320	64	256	287	93	242
384	64	256	343	104	243
448	64	256	398	116	245
512	64	256	453	129	248
576	64	256	508	141	250
640	64	256	563	155	253
704	64	256	618	167	256
768	64	256	671	181	260
832	64	256	726	195	264
896	64	256	784	208	268
960	64	256	838	221	272
1023	64	256	892	235	277
0	128	256	82	128	240
64	128	256	97	128	240
128	128	256	136	129	240
192	128	256	184	133	241
256	128	256	237	138	242
320	128	256	292	143	243
384	128	256	346	150	244
448	128	256	401	159	246
512	128	256	456	167	249
576	128	256	510	177	252
640	128	256	564	187	255
704	128	256	620	198	258
768	128	256	673	209	261
832	128	256	728	220	265
896	128	256	785	232	270
960	128	256	839	244	274
1023	128	256	893	256	279
0	192	256	109	192	243
64	192	256	120	192	243
128	192	256	152	193	243
192	192	256	197	194	244
256	192	256	247	198	245
320	192	256	299	202	245
384	192	256	352	207	247
448	192	256	406	212	250
512	192	256	460	218	252
576	192	256	514	225	255
640	192	256	568	234	257
704	192	256	623	242	261
768	192	256	675	250	263
832	192	256	730	260	268
896	192	256	788	270	272
960	192	256	841	279	276
1023	192	256	894	289	281
0	256	256	141	255	247
64	256	256	149	256	247
128	256	256	175	256	248
192	256	256	213	258	248
256	256	256	260	260	249
320	256	256	309	263	250
384	256	256	361	267	252
448	256	256	414	271	254
512	256	256	466	276	256
576	256	256	519	281	258
640	256	256	573	287	262
704	256	256	627	294	264
768	256	256	680	301	269
832	256	256	734	308	273
896	256	256	791	316	277
960	256	256	844	323	281
1023	256	256	897	332	286
0	320	256	172	319	255
64	320	256	179	319	255
128	320	256	200	320	255
192	320	256	234	321	255
256	320	256	276	323	256
320	320	256	323	325	257
384	320	256	372	328	259
448	320	256	423	331	261
512	320	256	474	335	262
576	320	256	526	339	265
640	320	256	580	344	267
704	320	256	632	349	270
768	320	256	685	355	274
832	320	256	738	361	278
896	320	256	795	367	282
960	320	256	848	374	286
1023	320	256	900	381	291
0	384	256	204	382	262
64	384	256	209	383	262
128	384	256	228	383	262
192	384	256	257	384	263
256	384	256	295	385	263
320	384	256	339	387	264
384	384	256	386	389	265
448	384	256	434	392	267
512	384	256	485	395	269
576	384	256	535	399	272
640	384	256	588	402	274
704	384	256	639	406	278
768	384	256	691	411	281
832	384	256	744	416	284
896	384	256	800	421	288
960	384	256	853	426	293
1023	384	256	905	432	297
0	448	256	236	443	271
64	448	256	241	443	271
128	448	256	256	443	271
192	448	256	283	444	271
256	448	256	317	446	272
320	448	256	358	447	273
384	448	256	402	449	274
448	448	256	448	451	276
512	448	256	496	454	278
576	448	256	546	457	280
640	448	256	598	460	282
704	448	256	648	463	285
768	448	256	699	467	289
832	448	256	752	471	292
896	448	256	806	475	296
960	448	256	859	480	300
1023	448	256	910	485	304
0	512	256	269	504	280
64	512	256	274	504	280
128	512	256	286	505	281
192	512	256	310	505	281
256	512	256	342	506	281
320	512	256	379	508	282
384	512	256	420	510	284
448	512	256	464	511	285
512	512	256	510	513	287
576	512	256	558	516	290
640	512	256	609	518	292
704	512	256	658	521	295
768	512	256	708	525	298
832	512	256	761	529	302
896	512	256	813	532	305
960	512	256	865	536	309
1023	512	256	917	541	313
0	576	256	302	567	291
64	576	256	306	567	291
128	576	256	318	568	291
192	576	256	339	568	292
256	576	256	367	569	293
320	576	256	401	571	294
384	576	256	439	572	295
448	576	256	481	573	296
512	576	256	525	575	298
576	576	256	572	577	300
640	576	256	621	580	302
704	576	256	668	583	306
768	576	256	718	586	308
832	576	256	771	589	311
896	576	256	822	593	315
960	576	256	874	596	318
1023	576	256	926	601	322
0	640	256	336	628	303
64	640	256	338	628	303
128	640	256	349	628	303
192	640	256	368	629	304
256	640	256	394	630	305
320	640	256	425	630	306
384	640	256	461	631	307
448	640	256	500	632	308
512	640	256	543	634	310
576	640	256	589	636	312
640	640	256	635	638	314
704	640	256	682	640	317
768	640	256	731	643	320
832	640	256	784	645	322
896	640	256	832	647	325
960	640	256	884	651	329
1023	640	256	935	654	333
0	704	256	369	687	316
64	704	256	372	688	316
128	704	256	381	688	316
192	704	256	398	688	316
256	704	256	421	689	317
320	704	256	450	689	318
384	704	256	483	690	319
448	704	256	521	692	320
512	704	256	562	693	322
576	704	256	606	695	324
640	704	256	650	697	326
704	704	256	696	699	329
768	704	256	744	702	331
832	704	256	796	705	334
896	704	256	844	707	337
960	704	256	894	710	340
1023	704	256	944	713	344
0	768	256	402	749	328
64	768	256	404	749	328
128	768	256	413	749	329
192	768	256	428	749	329
256	768	256	448	750	330
320	768	256	475	751	331
384	768	256	507	752	332
448	768	256	543	754	334
512	768	256	582	755	335
576	768	256	624	756	336
640	768	256	666	758	339
704	768	256	711	761	341
768	768	256	759	763	343
832	768	256	808	766	346
896	768	256	856	768	349
960	768	256	906	772	353
1023	768	256	955	775	356
0	832	256	434	812	343
64	832	256	436	812	343
128	832	256	444	812	343
192	832	256	458	813	343
256	832	256	477	813	344
320	832	256	502	814	345
384	832	256	532	815	346
448	832	256	566	816	347
512	832	256	604	817	348
576	832	256	643	819	350
640	832	256	685	820	352
704	832	256	728	822	355
768	832	256	776	824	357
832	832	256	822	826	359
896	832	256	870	828	363
960	832	256	919	831	365
1023	832	256	967	834	369
0	896	256	467	872	358
64	896	256	469	872	358
128	896	256	476	872	358
192	896	256	489	873	358
256	896	256	507	873	359
320	896	256	531	874	360
384	896	256	558	875	361
448	896	256	592	876	362
512	896	256	626	877	363
576	896	256	663	878	365
640	896	256	704	880	366
704	896	256	747	882	369
768	896	256	794	883	371
832	896	256	838	885	373
896	896	256	886	888	376
960	896	256	934	891	380
1023	896	256	980	893	383
0	960	256	500	933	373
64	960	256	502	933	373
128	960	256	508	933	373
192	960	256	520	934	374
256	960	256	537	935	374
320	960	256	559	935	375
384	960	256	586	936	376
448	960	256	617	937	377
512	960	256	649	938	378
576	960	256	685	939	380
640	960	256	725	941	382
704	960	256	767	943	384
768	960	256	811	945	386
832	960	256	855	947	388
896	960	256	900	948	391
960	960	256	948	952	394
1023	960	256	994	955	397
0	1023	256	532	996	388
64	1023	256	533	996	389
128	1023	256	539	996	389
192	1023	256	550	997	389
256	1023	256	566	997	389
320	1023	256	588	997	390
384	1023	256	613	998	391
448	1023	256	641	999	392
512	1023	256	672	1000	393
576	1023	256	707	1001	395
640	1023	256	745	1002	397
704	1023	256	788	1004	398
768	1023	256	829	1006	400
832	1023	256	872	1007	402
896	1023	256	917	1010	405
960	1023	256	962	1012	408
1023	1023	256	1008	1014	410
0	0	320	63	0	296
64	0	320	85	23	300
128	0	320	126	32	300
192	0	320	179	44	300
256	0	320	233	57	300
320	0	320	288	75	301
384	0	320	343	87	302
448	0	320	399	101	303
512	0	320	454	116	305
576	0	320	508	129	307
640	0	320	563	144	309
704	0	320	618	158	311
768	0	320	671	173	315
832	0	320	726	188	318
896	0	320	784	201	321
960	0	320	838	215	324
1023	0	320	891	229	328
0	64	320	69	63	300
64	64	320	89	63	300
128	64	320	129	69	300
192	64	320	180	77	300
256	64	320	234	85	301
320	64	320	289	93	301
384	64	320	344	104	302
448	64	320	399	117	303
512	64	320	454	129	305
576	64	320	509	142	307
640	64	320	563	155	309
704	64	320	618	168	312
768	64	320	671	181	315
832	64	320	726	195	318
896	64	320	784	209	321
960	64	320	838	222	325
1023	64	320	892	235	328
0	128	320	91	129	301
64	128	320	103	129	301
128	128	320	141	132	302
192	128	320	188	134	302
256	128	320	239	138	302
320	128	320	293	143	302
384	128	320	347	151	303
448	128	320	402	159	305
512	128	320	456	168	306
576	128	320	511	177	308
640	128	320	565	188	311
704	128	320	620	198	313
768	128	320	673	209	316
832	128	320	728	221	319
896	128	320	785	232	323
960	128	320	839	244	326
1023	128	320	893	256	330
0	192	320	116	193	304
64	192	320	125	193	304
128	192	320	157	193	303
192	192	320	199	195	304
256	192	320	248	199	304
320	192	320	300	202	305
384	192	320	353	208	306
448	192	320	407	212	307
512	192	320	460	220	308
576	192	320	514	226	311
640	192	320	569	234	313
704	192	320	623	242	316
768	192	320	676	251	318
832	192	320	730	260	321
896	192	320	788	270	325
960	192	320	841	280	328
1023	192	320	894	290	332
0	256	320	144	256	307
64	256	320	152	256	307
128	256	320	179	257	307
192	256	320	216	259	307
256	256	320	261	261	307
320	256	320	310	264	308
384	256	320	362	267	309
448	256	320	414	272	310
512	256	320	467	276	312
576	256	320	519	282	314
640	256	320	573	288	316
704	256	320	627	295	318
768	256	320	680	301	322
832	256	320	734	308	325
896	256	320	791	317	328
960	256	320	844	324	331
1023	256	320	897	332	335
0	320	320	176	320	311
64	320	320	181	320	312
128	320	320	203	321	311
192	320	320	236	322	312
256	320	320	277	324	312
320	320	320	324	327	312
384	320	320	373	329	314
448	320	320	424	332	315
512	320	320	475	336	317
576	320	320	527	340	318
640	320	320	580	344	321
704	320	320	633	349	323
768	320	320	685	355	326
832	320	320	738	361	329
896	320	320	795	368	332
960	320	320	848	374	336
1023	320	320	901	381	339
0	384	320	207	383	317
64	384	320	212	384	317
128	384	320	230	384	317
192	384	320	259	385	317
256	384	320	297	386	317
320	384	320	340	388	318
384	384	320	387	390	319
448	384	320	435	393	321
512	384	320	485	396	322
576	384	320	536	399	324
640	384	320	588	403	326
704	384	320	639	407	329
768	384	320	691	412	332
832	384	320	744	416	334
896	384	320	800	421	337
960	384	320	853	427	341
1023	384	320	905	432	344
0	448	320	238	444	324
64	448	320	243	444	324
128	448	320	259	444	323
192	448	320	284	445	323
256	448	320	319	447	324
320	448	320	359	448	325
384	448	320	403	450	326
448	448	320	449	451	327
512	448	320	497	454	329
576	448	320	546	457	331
640	448	320	598	460	333
704	448	320	648	464	335
768	448	320	699	467	338
832	448	320	752	471	340
896	448	320	806	476	343
960	448	320	859	480	347
1023	448	320	911	485	350
0	512	320	271	505	331
64	512	320	275	505	331
128	512	320	289	505	331
192	512	320	312	506	331
256	512	320	343	507	332
320	512	320	380	508	333
384	512	320	421	510	334
448	512	320	465	511	335
512	512	320	510	514	337
576	512	320	559	516	338
640	512	320	609	519	340
704	512	320	658	522	343
768	512	320	708	525	345
832	512	320	761	529	348
896	512	320	814	533	351
960	512	320	866	537	354
1023	512	320	918	541	357
0	576	320	304	567	340
64	576	320	308	567	340
128	576	320	319	568	340
192	576	320	340	568	340
256	576	320	368	569	341
320	576	320	402	570	342
384	576	320	440	572	343
448	576	320	482	573	344
512	576	320	526	575	346
576	576	320	573	578	347
640	576	320	621	580	349
704	576	320	669	583	351
768	576	320	719	586	354
832	576	320	772	590	357
896	576	320	822	593	359
960	576	320	874	597	362
1023	576	320	927	601	366
0	640	320	337	628	350
64	640	320	340	628	350
128	640	320	350	628	350
192	640	320	369	629	350
256	640	320	395	630	351
320	640	320	426	631	352
384	640	320	462	632	353
448	640	320	501	633	354
512	640	320	544	634	355
576	640	320	590	636	357
640	640	320	635	638	359
704	640	320	682	640	361
768	640	320	731	643	363
832	640	320	783	645	366
896	640	320	833	648	368
960	640	320	884	651	372
1023	640	320	935	654	375
0	704	320	370	687	360
64	704	320	373	687	360
128	704	320	382	688	360
192	704	320	399	688	361
256	704	320	422	689	361
320	704	320	451	690	362
384	704	320	484	691	363
448	704	320	521	692	364
512	704	320	562	693	366
576	704	320	607	695	367
640	704	320	650	697	369
704	704	320	696	699	371
768	704	320	744	702	374
832	704	320	796	705	376
896	704	320	844	707	378
960	704	320	895	710	382
1023	704	320	945	714	385
0	768	320	403	749	372
64	768	320	406	749	372
128	768	320	413	749	372
192	768	320	428	749	372
256	768	320	449	750	373
320	768	320	476	751	373
384	768	320	508	752	375
448	768	320	543	754	376
512	768	320	583	755	376
576	768	320	624	757	378
640	768	320	666	759	380
704	768	320	711	761	382
768	768	320	759	764	384
832	768	320	808	766	386
896	768	320	856	769	389
960	768	320	906	772	392
1023	768	320	955	776	395
0	832	320	435	812	384
64	832	320	438	813	384
128	832	320	445	813	384
192	832	320	459	813	385
256	832	320	478	814	385
320	832	320	503	814	385
384	832	320	533	815	386
448	832	320	567	816	388
512	832	320	605	817	389
576	832	320	644	819	390
640	832	320	685	821	392
704	832	320	729	823	394
768	832	320	777	825	396
832	832	320	823	826	399
896	832	320	871	829	401
960	832	320	919	831	404
1023	832	320	967	834	407
0	896	320	468	873	397
64	896	320	470	873	397
128	896	320	477	873	397
192	896	320	490	873	397
256	896	320	508	874	398
320	896	320	531	874	399
384	896	320	559	875	399
448	896	320	592	876	400
512	896	320	627	877	402
576	896	320	664	878	403
640	896	320	704	880	405
704	896	320	747	883	407
768	896	320	794	884	409
832	896	320	839	886	411
896	896	320	886	888	413
960	896	320	934	891	416
1023	896	320	980	894	419
0	960	320	500	934	410
64	960	320	502	934	411
128	960	320	509	934	411
192	960	320	520	934	411
256	960	320	537	935	411
320	960	320	559	936	412
384	960	320	586	936	413
448	960	320	617	937	414
512	960	320	649	938	415
576	960	320	686	940	416
640	960	320	725	942	418
704	960	320	768	944	419
768	960	320	811	945	421
832	960	320	856	948	423
896	960	320	901	949	425
960	960	320	948	952	428
1023	960	320	994	956	431
0	1023	320	532	996	424
64	1023	320	534	996	424
128	1023	320	540	997	424
192	1023	320	551	997	424
256	1023	320	567	997	425
320	1023	320	588	998	425
384	1023	320	613	998	426
448	1023	320	641	999	427
512	1023	320	672	1000	428
576	1023	320	708	1002	429
640	1023	320	745	1003	431
704	1023	320	789	1005	432
768	1023	320	830	1007	434
832	1023	320	873	1008	436
896	1023	320	918	1010	438
960	1023	320	963	1013	440
1023	1023	320	1008	1015	443
0	0	384	75	0	356
64	0	384	93	23	358
128	0	384	133	32	357
192	0	384	183	44	358
256	0	384	236	57	358
320	0	384	290	75	358
384	0	384	345	87	359
448	0	384	400	101	361
512	0	384	454	116	362
576	0	384	509	130	364
640	0	384	564	144	365
704	0	384	619	158	367
768	0	384	672	173	370
832	0	384	727	188	373
896	0	384	784	202	375
960	0	384	838	215	378
1023	0	384	892	229	381
0	64	384	80	63	358
64	64	384	97	66	358
128	64	384	136	69	358
192	64	384	185	77	358
256	64	384	237	85	358
320	64	384	291	95	359
384	64	384	346	104	360
448	64	384	401	117	361
512	64	384	455	129	362
576	64	384	509	142	364
640	64	384	564	155	366
704	64	384	619	168	368
768	64	384	672	182	370
832	64	384	727	195	373
896	64	384	785	209	376
960	64	384	839	222	379
1023	64	384	892	235	382
0	128	384	99	129	359
64	128	384	111	129	359
128	128	384	145	132	359
192	128	384	191	134	359
256	128	384	242	138	359
320	128	384	295	144	360
384	128	384	349	151	361
448	128	384	404	159	362
512	128	384	458	168	363
576	128	384	511	177	365
640	128	384	566	188	367
704	128	384	621	198	369
768	128	384	674	209	371
832	128	384	728	221	374
896	128	384	786	233	376
960	128	384	840	244	379
1023	128	384	893	256	382
0	192	384	122	193	361
64	192	384	132	193	361
128	192	384	161	193	361
192	192	384	203	196	361
256	192	384	252	199	361
320	192	384	302	202	361
384	192	384	355	208	362
448	192	384	409	214	364
512	192	384	462	220	365
576	192	384	515	227	367
640	192	384	570	234	369
704	192	384	624	243	371
768	192	384	677	251	373
832	192	384	731	261	375
896	192	384	789	271	379
960	192	384	841	280	381
1023	192	384	895	290	384
0	256	384	150	256	364
64	256	384	158	256	364
128	256	384	182	258	363
192	256	384	219	259	364
256	256	384	263	262	364
320	256	384	312	265	365
384	256	384	364	269	365
448	256	384	416	272	366
512	256	384	468	277	368
576	256	384	521	282	370
640	256	384	575	289	371
704	256	384	628	295	373
768	256	384	681	302	376
832	256	384	735	309	379
896	256	384	792	317	381
960	256	384	844	325	384
1023	256	384	897	333	387
0	320	384	179	320	368
64	320	384	186	321	368
128	320	384	206	321	368
192	320	384	239	322	368
256	320	384	280	324	368
320	320	384	326	327	369
384	320	384	375	329	370
448	320	384	425	332	371
512	320	384	476	336	372
576	320	384	528	340	374
640	320	384	581	345	375
704	320	384	634	350	378
768	320	384	686	356	380
832	320	384	739	362	382
896	320	384	795	368	385
960	320	384	848	375	388
1023	320	384	901	382	390
0	384	384	209	383	373
64	384	384	215	384	373
128	384	384	232	384	373
192	384	384	262	385	374
256	384	384	299	386	373
320	384	384	342	388	373
384	384	384	388	390	375
448	384	384	437	393	376
512	384	384	486	396	376
576	384	384	537	400	378
640	384	384	589	404	380
704	384	384	640	408	382
768	384	384	692	412	385
832	384	384	745	417	387
896	384	384	800	421	389
960	384	384	853	427	392
1023	384	384	906	432	395
0	448	384	242	444	378
64	448	384	246	444	378
128	448	384	261	445	379
192	448	384	286	446	379
256	448	384	320	447	378
320	448	384	360	448	379
384	448	384	405	450	380
448	448	384	450	452	381
512	448	384	498	455	382
576	448	384	547	457	384
640	448	384	599	460	386
704	448	384	648	464	388
768	448	384	700	467	390
832	448	384	752	471	392
896	448	384	807	476	394
960	448	384	859	480	397
1023	448	384	911	485	400
0	512	384	274	505	385
64	512	384	277	505	385
128	512	384	291	505	385
192	512	384	313	506	384
256	512	384	344	507	385
320	512	384	381	508	386
384	512	384	422	510	386
448	512	384	466	511	387
512	512	384	511	514	389
576	512	384	560	516	390
640	512	384	610	519	392
704	512	384	658	522	394
768	512	384	709	525	396
832	512	384	762	529	398
896	512	384	814	533	401
960	512	384	866	537	403
1023	512	384	919	542	407
0	576	384	306	567	391
64	576	384	309	567	391
128	576	384	321	567	391
192	576	384	341	568	392
256	576	384	369	569	392
320	576	384	404	570	393
384	576	384	441	572	394
448	576	384	483	573	394
512	576	384	527	575	396
576	576	384	574	578	397
640	576	384	622	581	399
704	576	384	670	583	401
768	576	384	719	586	403
832	576	384	772	590	406
896	576	384	823	593	408
960	576	384	875	597	410
1023	576	384	927	602	414
0	640	384	338	628	399
64	640	384	341	628	399
128	640	384	352	628	400
192	640	384	371	629	400
256	640	384	397	630	401
320	640	384	427	631	401
384	640	384	463	632	402
448	640	384	502	633	403
512	640	384	544	635	404
576	640	384	590	637	406
640	640	384	636	638	408
704	640	384	683	641	409
768	640	384	732	643	411
832	640	384	784	645	413
896	640	384	834	648	416
960	640	384	885	651	418
1023	640	384	935	655	421
0	704	384	372	687	409
64	704	384	374	687	409
128	704	384	384	688	409
192	704	384	400	688	409
256	704	384	423	689	410
320	704	384	452	690	410
384	704	384	486	691	411
448	704	384	523	692	412
512	704	384	563	693	413
576	704	384	607	695	414
640	704	384	651	697	416
704	704	384	697	700	417
768	704	384	745	702	420
832	704	384	796	705	422
896	704	384	845	707	424
960	704	384	895	711	426
1023	704	384	945	714	429
0	768	384	404	749	418
64	768	384	407	749	418
128	768	384	415	749	419
192	768	384	430	750	419
256	768	384	451	750	419
320	768	384	477	751	420
384	768	384	509	753	420
448	768	384	544	754	421
512	768	384	584	756	423
576	768	384	625	757	424
640	768	384	667	759	425
704	768	384	712	762	427
768	768	384	760	764	429
832	768	384	809	767	431
896	768	384	857	769	432
960	768	384	907	773	435
1023	768	384	956	776	438
0	832	384	436	813	429
64	832	384	438	813	429
128	832	384	446	813	429
192	832	384	460	813	429
256	832	384	479	814	430
320	832	384	504	815	430
384	832	384	534	816	431
448	832	384	568	817	432
512	832	384	606	818	432
576	832	384	645	820	434
640	832	384	686	821	435
704	832	384	730	823	438
768	832	384	777	825	439
832	832	384	824	827	441
896	832	384	871	829	443
960	832	384	920	832	445
1023	832	384	968	835	448
0	896	384	469	873	440
64	896	384	471	873	440
128	896	384	478	873	440
192	896	384	491	874	440
256	896	384	509	874	441
320	896	384	532	875	441
384	896	384	560	876	442
448	896	384	593	877	443
512	896	384	628	878	443
576	896	384	665	879	445
640	896	384	705	881	446
704	896	384	748	883	448
768	896	384	795	885	450
832	896	384	840	887	452
896	896	384	886	888	454
960	896	384	935	892	457
1023	896	384	981	895	459
0	960	384	502	934	451
64	960	384	503	934	451
128	960	384	510	935	452
192	960	384	521	935	452
256	960	384	538	936	452
320	960	384	560	936	453
384	960	384	588	937	454
448	960	384	618	938	454
512	960	384	651	939	456
576	960	384	687	941	457
640	960	384	726	943	458
704	960	384	769	945	460
768	960	384	813	946	461
832	960	384	857	948	463
896	960	384	902	950	465
960	960	384	949	953	467
1023	960	384	995	957	470
0	1023	384	534	997	464
64	1023	384	535	997	464
128	1023	384	541	998	464
192	1023	384	552	998	464
256	1023	384	568	998	464
320	1023	384	589	998	465
384	1023	384	614	999	465
448	1023	384	642	1000	466
512	1023	384	673	1001	467
576	1023	384	708	1002	468
640	1023	384	746	1004	469
704	1023	384	790	1006	471
768	1023	384	830	1007	473
832	1023	384	874	1009	474
896	1023	384	918	1011	476
960	1023	384	964	1014	478
1023	1023	384	1009	1016	481
0	0	448	91	23	418
64	0	448	104	23	418
128	0	448	141	32	418
192	0	448	188	44	418
256	0	448	239	57	418
320	0	448	293	75	417
384	0	448	347	87	418
448	0	448	402	101	419
512	0	448	456	116	420
576	0	448	510	130	421
640	0	448	565	145	423
704	0	448	620	160	424
768	0	448	673	173	426
832	0	448	728	188	429
896	0	448	785	202	431
960	0	448	839	215	433
1023	0	448	892	229	435
0	64	448	95	63	418
64	64	448	108	66	418
128	64	448	143	69	418
192	64	448	189	77	418
256	64	448	240	85	418
320	64	448	294	95	418
384	64	448	348	104	418
448	64	448	403	117	419
512	64	448	457	129	420
576	64	448	511	143	422
640	64	448	565	156	423
704	64	448	620	169	425
768	64	448	674	182	427
832	64	448	728	195	429
896	64	448	786	209	431
960	64	448	839	222	433
1023	64	448	893	236	435
0	128	448	108	129	419
64	128	448	119	130	419
128	128	448	152	132	419
192	128	448	196	134	419
256	128	448	245	138	419
320	128	448	298	145	418
384	128	448	351	151	419
448	128	448	406	160	420
512	128	448	459	168	421
576	128	448	512	179	422
640	128	448	567	188	424
704	128	448	622	198	425
768	128	448	675	209	427
832	128	448	729	221	430
896	128	448	787	233	431
960	128	448	840	245	434
1023	128	448	894	256	436
0	192	448	129	193	420
64	192	448	138	193	420
128	192	448	167	194	420
192	192	448	208	196	420
256	192	448	255	199	420
320	192	448	305	203	420
384	192	448	357	208	421
448	192	448	410	214	421
512	192	448	463	220	423
576	192	448	516	227	424
640	192	448	571	235	425
704	192	448	625	243	427
768	192	448	678	252	429
832	192	448	732	261	431
896	192	448	789	271	433
960	192	448	842	280	435
1023	192	448	895	291	437
0	256	448	156	257	422
64	256	448	163	257	423
128	256	448	188	258	422
192	256	448	223	259	422
256	256	448	267	262	422
320	256	448	315	265	422
384	256	448	366	269	423
448	256	448	417	273	424
512	256	448	469	277	424
576	256	448	522	283	426
640	256	448	576	289	427
704	256	448	629	295	429
768	256	448	682	302	431
832	256	448	735	309	433
896	256	448	792	317	435
960	256	448	845	325	438
1023	256	448	898	333	440
0	320	448	183	321	425
64	320	448	190	321	426
128	320	448	210	321	425
192	320	448	243	322	425
256	320	448	282	324	425
320	320	448	328	327	425
384	320	448	377	329	426
448	320	448	427	333	427
512	320	448	477	336	428
576	320	448	529	341	429
640	320	448	583	346	431
704	320	448	635	350	432
768	320	448	687	356	434
832	320	448	740	362	436
896	320	448	796	368	438
960	320	448	849	375	440
1023	320	448	902	382	443
0	384	448	213	384	429
64	384	448	218	384	429
128	384	448	236	384	429
192	384	448	265	385	429
256	384	448	301	386	428
320	384	448	344	389	429
384	384	448	390	391	430
448	384	448	438	393	431
512	384	448	487	397	431
576	384	448	538	400	433
640	384	448	590	404	434
704	384	448	641	408	436
768	384	448	693	412	438
832	384	448	745	417	440
896	384	448	801	422	442
960	384	448	854	427	444
1023	384	448	906	433	446
0	448	448	245	445	433
64	448	448	249	445	433
128	448	448	264	445	434
192	448	448	289	446	433
256	448	448	323	447	433
320	448	448	363	448	433
384	448	448	406	450	434
448	448	448	451	452	435
512	448	448	499	455	436
576	448	448	548	458	437
640	448	448	600	461	439
704	448	448	649	464	440
768	448	448	700	468	442
832	448	448	753	472	444
896	448	448	808	476	446
960	448	448	860	481	448
1023	448	448	912	486	451
0	512	448	276	505	438
64	512	448	280	505	438
128	512	448	294	506	438
192	512	448	316	506	438
256	512	448	346	507	438
320	512	448	383	509	439
384	512	448	424	510	440
448	512	448	467	512	441
512	512	448	513	514	441
576	512	448	561	517	443
640	512	448	611	519	444
704	512	448	659	522	445
768	512	448	710	526	447
832	512	448	763	530	449
896	512	448	815	533	451
960	512	448	868	538	454
1023	512	448	919	542	456
0	576	448	308	568	443
64	576	448	312	568	443
128	576	448	323	568	443
192	576	448	343	569	444
256	576	448	371	570	444
320	576	448	405	571	445
384	576	448	443	573	446
448	576	448	485	574	447
512	576	448	529	576	448
576	576	448	575	578	449
640	576	448	623	581	450
704	576	448	671	584	451
768	576	448	720	587	454
832	576	448	773	591	456
896	576	448	824	594	457
960	576	448	876	598	460
1023	576	448	928	603	462
0	640	448	341	628	451
64	640	448	344	629	451
128	640	448	354	629	451
192	640	448	372	629	451
256	640	448	398	630	451
320	640	448	429	631	452
384	640	448	464	632	452
448	640	448	504	633	454
512	640	448	546	635	455
576	640	448	592	637	456
640	640	448	637	639	457
704	640	448	684	641	458
768	640	448	732	643	460
832	640	448	785	646	462
896	640	448	835	649	464
960	640	448	886	652	466
1023	640	448	936	655	469
0	704	448	374	688	459
64	704	448	376	688	459
128	704	448	386	689	459
192	704	448	402	689	459
256	704	448	425	690	460
320	704	448	454	691	460
384	704	448	487	692	460
448	704	448	524	693	461
512	704	448	565	695	462
576	704	448	609	696	463
640	704	448	652	699	465
704	704	448	699	701	467
768	704	448	746	703	468
832	704	448	797	706	469
896	704	448	846	708	471
960	704	448	896	711	473
1023	704	448	946	715	475
0	768	448	407	750	467
64	768	448	409	750	467
128	768	448	417	751	467
192	768	448	431	751	467
256	768	448	452	751	468
320	768	448	479	752	468
384	768	448	510	753	469
448	768	448	546	755	469
512	768	448	585	756	470
576	768	448	626	758	471
640	768	448	669	760	473
704	768	448	714	763	474
768	768	448	762	766	476
832	768	448	811	768	478
896	768	448	858	770	479
960	768	448	907	773	481
1023	768	448	956	776	484
0	832	448	438	813	476
64	832	448	440	813	476
128	832	448	447	813	476
192	832	448	461	813	477
256	832	448	481	814	477
320	832	448	505	815	477
384	832	448	535	817	478
448	832	448	570	818	478
512	832	448	607	818	479
576	832	448	645	820	480
640	832	448	687	822	482
704	832	448	730	824	483
768	832	448	778	826	485
832	832	448	824	828	487
896	832	448	872	830	488
960	832	448	921	833	491
1023	832	448	968	836	493
0	896	448	471	874	486
64	896	448	473	874	486
128	896	448	480	874	486
192	896	448	492	874	486
256	896	448	510	875	486
320	896	448	533	875	487
384	896	448	561	876	487
448	896	448	594	877	488
512	896	448	629	878	489
576	896	448	665	880	490
640	896	448	706	882	492
704	896	448	749	884	493
768	896	448	796	886	495
832	896	448	841	888	496
896	896	448	886	889	497
960	896	448	935	893	500
1023	896	448	982	895	502
0	960	448	503	935	496
64	960	448	505	935	496
128	960	448	511	935	496
192	960	448	523	936	496
256	960	448	539	936	497
320	960	448	562	937	497
384	960	448	589	938	498
448	960	448	619	939	499
512	960	448	652	940	500
576	960	448	688	942	501
640	960	448	727	943	502
704	960	448	770	945	503
768	960	448	814	947	505
832	960	448	857	949	506
896	960	448	903	951	508
960	960	448	950	954	510
1023	960	448	996	957	512
0	1023	448	535	998	507
64	1023	448	537	998	507
128	1023	448	543	998	507
192	1023	448	553	999	507
256	1023	448	570	999	508
320	1023	448	590	1000	508
384	1023	448	615	1000	508
448	1023	448	643	1001	509
512	1023	448	674	1002	510
576	1023	448	709	1003	511
640	1023	448	747	1005	512
704	1023	448	790	1006	514
768	1023	448	830	1007	515
832	1023	448	874	1009	516
896	1023	448	919	1012	518
960	1023	448	965	1015	520
1023	1023	448	1010	1016	522
0	0	512	103	23	473
64	0	512	114	23	473
128	0	512	148	32	473
192	0	512	193	44	473
256	0	512	243	60	473
320	0	512	296	75	473
384	0	512	350	89	474
448	0	512	404	101	475
512	0	512	458	117	476
576	0	512	512	130	477
640	0	512	566	145	478
704	0	512	621	160	479
768	0	512	674	173	481
832	0	512	729	188	483
896	0	512	787	202	486
960	0	512	840	216	487
1023	0	512	893	230	489
0	64	512	106	66	473
64	64	512	117	66	473
128	64	512	151	69	473
192	64	512	195	77	473
256	64	512	245	87	473
320	64	512	297	95	473
384	64	512	351	106	474
448	64	512	405	117	475
512	64	512	459	129	476
576	64	512	512	143	477
640	64	512	567	157	478
704	64	512	622	169	479
768	64	512	675	182	481
832	64	512	729	195	483
896	64	512	787	209	486
960	64	512	840	222	487
1023	64	512	894	236	489
0	128	512	119	130	473
64	128	512	129	130	473
128	128	512	159	132	474
192	128	512	201	134	474
256	128	512	249	138	474
320	128	512	300	145	474
384	128	512	354	151	475
448	128	512	408	160	475
512	128	512	461	168	477
576	128	512	514	179	477
640	128	512	569	188	479
704	128	512	623	199	480
768	128	512	676	210	482
832	128	512	730	221	484
896	128	512	788	233	486
960	128	512	841	245	488
1023	128	512	894	257	490
0	192	512	138	193	475
64	192	512	147	193	475
128	192	512	173	194	475
192	192	512	212	196	475
256	192	512	258	199	476
320	192	512	307	203	475
384	192	512	359	208	476
448	192	512	412	214	477
512	192	512	465	220	477
576	192	512	518	227	479
640	192	512	572	235	480
704	192	512	626	243	481
768	192	512	679	252	483
832	192	512	733	261	485
896	192	512	790	271	488
960	192	512	843	281	489
1023	192	512	896	291	491
0	256	512	163	256	477
64	256	512	169	257	477
128	256	512	192	258	477
192	256	512	228	259	478
256	256	512	270	262	478
320	256	512	317	265	477
384	256	512	368	269	478
448	256	512	420	273	479
512	256	512	471	277	479
576	256	512	524	283	481
640	256	512	578	289	482
704	256	512	630	296	483
768	256	512	683	302	485
832	256	512	736	309	488
896	256	512	793	317	489
960	256	512	846	325	491
1023	256	512	899	334	493
0	320	512	189	321	480
64	320	512	195	321	480
128	320	512	215	321	480
192	320	512	246	322	481
256	320	512	285	325	481
320	320	512	330	327	481
384	320	512	379	330	482
448	320	512	429	333	482
512	320	512	479	337	483
576	320	512	531	341	484
640	320	512	584	346	485
704	320	512	635	350	486
768	320	512	687	356	488
832	320	512	741	362	490
896	320	512	797	368	491
960	320	512	850	375	494
1023	320	512	902	382	495
0	384	512	218	384	486
64	384	512	223	384	486
128	384	512	240	385	486
192	384	512	268	385	486
256	384	512	304	387	483
320	384	512	346	389	484
384	384	512	392	391	485
448	384	512	439	393	485
512	384	512	488	397	486
576	384	512	539	400	487
640	384	512	591	404	488
704	384	512	642	408	490
768	384	512	693	412	492
832	384	512	747	417	493
896	384	512	802	422	495
960	384	512	855	428	497
1023	384	512	907	433	499
0	448	512	249	445	488
64	448	512	253	445	488
128	448	512	267	445	488
192	448	512	292	446	487
256	448	512	325	447	488
320	448	512	365	449	488
384	448	512	408	450	489
448	448	512	453	452	489
512	448	512	500	455	490
576	448	512	550	458	491
640	448	512	601	461	492
704	448	512	650	464	494
768	448	512	702	468	495
832	448	512	755	473	497
896	448	512	809	477	498
960	448	512	861	481	501
1023	448	512	913	487	503
0	512	512	280	505	492
64	512	512	283	506	492
128	512	512	296	506	492
192	512	512	319	507	492
256	512	512	349	508	492
320	512	512	385	509	493
384	512	512	426	511	494
448	512	512	469	513	495
512	512	512	515	515	495
576	512	512	563	517	496
640	512	512	613	520	497
704	512	512	660	522	498
768	512	512	711	526	500
832	512	512	764	530	502
896	512	512	816	534	503
960	512	512	869	538	505
1023	512	512	920	542	507
0	576	512	311	568	497
64	576	512	315	568	497
128	576	512	326	569	497
192	576	512	346	569	497
256	576	512	374	570	498
320	576	512	408	572	498
384	576	512	445	573	499
448	576	512	486	575	499
512	576	512	530	577	500
576	576	512	577	579	501
640	576	512	624	581	502
704	576	512	672	584	503
768	576	512	721	588	505
832	576	512	774	591	507
896	576	512	825	595	509
960	576	512	877	598	510
1023	576	512	928	603	512
0	640	512	343	629	503
64	640	512	346	629	503
128	640	512	357	629	503
192	640	512	375	630	504
256	640	512	400	630	504
320	640	512	431	631	504
384	640	512	466	632	505
448	640	512	505	634	505
512	640	512	547	636	507
576	640	512	593	637	507
640	640	512	638	639	508
704	640	512	685	641	510
768	640	512	733	644	511
832	640	512	786	646	513
896	640	512	836	650	515
960	640	512	887	653	517
1023	640	512	937	656	519
0	704	512	376	689	510
64	704	512	379	689	510
128	704	512	388	689	510
192	704	512	405	689	510
256	704	512	427	690	511
320	704	512	456	691	511
384	704	512	489	692	511
448	704	512	526	694	512
512	704	512	567	695	513
576	704	512	610	697	514
640	704	512	654	699	515
704	704	512	700	702	517
768	704	512	747	704	518
832	704	512	798	706	519
896	704	512	847	709	521
960	704	512	897	712	523
1023	704	512	947	716	525
0	768	512	408	751	517
64	768	512	411	751	517
128	768	512	419	751	517
192	768	512	433	751	518
256	768	512	454	752	518
320	768	512	481	753	518
384	768	512	512	754	519
448	768	512	547	755	519
512	768	512	587	757	520
576	768	512	628	759	521
640	768	512	670	761	522
704	768	512	715	764	524
768	768	512	763	766	525
832	768	512	811	769	527
896	768	512	859	771	528
960	768	512	909	774	530
1023	768	512	957	778	532
0	832	512	440	814	525
64	832	512	442	814	525
128	832	512	450	814	526
192	832	512	464	815	526
256	832	512	483	816	526
320	832	512	508	816	527
384	832	512	537	817	527
448	832	512	571	819	527
512	832	512	609	820	528
576	832	512	646	820	529
640	832	512	687	822	530
704	832	512	732	825	532
768	832	512	779	827	533
832	832	512	825	829	535
896	832	512	873	831	536
960	832	512	922	833	538
1023	832	512	970	837	540
0	896	512	472	874	534
64	896	512	474	874	534
128	896	512	481	874	534
192	896	512	494	875	534
256	896	512	511	875	535
320	896	512	535	876	535
384	896	512	563	877	536
448	896	512	595	878	536
512	896	512	630	879	537
576	896	512	667	880	538
640	896	512	707	882	538
704	896	512	750	884	540
768	896	512	797	886	541
832	896	512	842	888	543
896	896	512	888	890	544
960	896	512	936	893	547
1023	896	512	983	896	549
0	960	512	505	936	543
64	960	512	506	936	543
128	960	512	513	936	543
192	960	512	524	936	544
256	960	512	541	937	544
320	960	512	563	938	544
384	960	512	590	938	545
448	960	512	620	939	546
512	960	512	652	941	546
576	960	512	689	942	547
640	960	512	728	944	548
704	960	512	771	946	550
768	960	512	814	948	551
832	960	512	858	949	552
896	960	512	904	952	554
960	960	512	950	955	556
1023	960	512	996	957	558
0	1023	512	536	999	553
64	1023	512	538	999	553
128	1023	512	544	999	553
192	1023	512	555	999	553
256	1023	512	571	1000	553
320	1023	512	592	1001	554
384	1023	512	617	1001	554
448	1023	512	644	1002	555
512	1023	512	675	1003	556
576	1023	512	710	1004	557
640	1023	512	749	1006	558
704	1023	512	791	1007	559
768	1023	512	831	1008	560
832	1023	512	875	1010	562
896	1023	512	920	1013	564
960	1023	512	966	1015	566
1023	1023	512	1010	1017	567
0	0	576	116	23	530
64	0	576	125	23	530
128	0	576	157	32	530
192	0	576	199	48	530
256	0	576	247	60	530
320	0	576	299	75	530
384	0	576	353	89	531
448	0	576	407	103	531
512	0	576	460	117	532
576	0	576	514	130	533
640	0	576	568	145	534
704	0	576	623	160	536
768	0	576	676	174	537
832	0	576	730	188	538
896	0	576	788	202	540
960	0	576	841	216	541
1023	0	576	895	230	543
0	64	576	119	66	531
64	64	576	129	66	531
128	64	576	159	69	531
192	64	576	201	80	531
256	64	576	248	87	531
320	64	576	300	95	530
384	64	576	353	106	531
448	64	576	408	119	532
512	64	576	461	130	532
576	64	576	514	143	533
640	64	576	569	157	534
704	64	576	623	169	536
768	64	576	676	182	537
832	64	576	730	196	538
896	64	576	788	210	540
960	64	576	841	223	542
1023	64	576	895	237	544
0	128	576	129	130	531
64	128	576	138	130	531
128	128	576	167	132	531
192	128	576	207	134	531
256	128	576	253	139	531
320	128	576	304	145	531
384	128	576	357	152	532
448	128	576	410	160	532
512	128	576	463	169	533
576	128	576	516	179	534
640	128	576	570	188	535
704	128	576	625	199	536
768	128	576	678	210	538
832	128	576	732	221	539
896	128	576	789	234	541
960	128	576	842	245	542
1023	128	576	896	258	544
0	192	576	147	193	533
64	192	576	155	193	533
128	192	576	179	194	533
192	192	576	217	197	533
256	192	576	262	199	533
320	192	576	311	204	532
384	192	576	363	208	533
448	192	576	415	214	533
512	192	576	467	220	534
576	192	576	520	228	535
640	192	576	574	235	536
704	192	576	628	243	537
768	192	576	680	252	538
832	192	576	734	262	540
896	192	576	791	271	542
960	192	576	844	281	543
1023	192	576	898	291	545
0	256	576	170	257	535
64	256	576	177	258	535
128	256	576	198	258	535
192	256	576	232	260	535
256	256	576	274	262	535
320	256	576	321	265	534
384	256	576	371	269	534
448	256	576	421	273	535
512	256	576	473	277	536
576	256	576	525	283	537
640	256	576	579	289	538
704	256	576	632	295	539
768	256	576	684	302	541
832	256	576	737	310	542
896	256	576	794	317	543
960	256	576	847	325	545
1023	256	576	900	334	548
0	320	576	195	321	537
64	320	576	201	321	537
128	320	576	221	322	537
192	320	576	251	323	537
256	320	576	289	325	537
320	320	576	334	327	537
384	320	576	381	330	537
448	320	576	431	333	538
512	320	576	481	337	539
576	320	576	532	341	539
640	320	576	585	346	541
704	320	576	637	350	542
768	320	576	689	356	543
832	320	576	742	363	544
896	320	576	798	369	546
960	320	576	851	376	547
1023	320	576	903	382	550
0	384	576	223	384	541
64	384	576	228	384	542
128	384	576	244	385	542
192	384	576	271	386	542
256	384	576	308	387	539
320	384	576	349	389	539
384	384	576	395	391	540
448	384	576	441	394	541
512	384	576	490	397	541
576	384	576	540	400	542
640	384	576	592	404	543
704	384	576	643	408	544
768	384	576	695	413	546
832	384	576	748	418	547
896	384	576	803	422	548
960	384	576	856	428	551
1023	384	576	908	434	553
0	448	576	253	445	544
64	448	576	257	445	545
128	448	576	271	446	544
192	448	576	296	446	542
256	448	576	329	447	542
320	448	576	367	449	543
384	448	576	410	450	543
448	448	576	455	452	544
512	448	576	502	455	544
576	448	576	551	458	545
640	448	576	603	461	547
704	448	576	652	465	547
768	448	576	703	468	549
832	448	576	756	473	551
896	448	576	809	477	552
960	448	576	862	482	554
1023	448	576	914	487	556
0	512	576	283	506	548
64	512	576	287	506	548
128	512	576	299	506	546
192	512	576	322	507	546
256	512	576	352	508	547
320	512	576	388	509	547
384	512	576	428	511	547
448	512	576	471	512	548
512	512	576	516	515	549
576	512	576	564	517	550
640	512	576	614	520	551
704	512	576	661	523	551
768	512	576	711	526	553
832	512	576	765	530	555
896	512	576	817	534	557
960	512	576	869	538	558
1023	512	576	921	543	560
0	576	576	314	568	551
64	576	576	317	568	551
128	576	576	329	569	551
192	576	576	349	569	551
256	576	576	376	570	552
320	576	576	410	572	552
384	576	576	447	573	553
448	576	576	488	575	554
512	576	576	532	577	554
576	576	576	579	579	555
640	576	576	626	582	556
704	576	576	672	584	557
768	576	576	723	588	558
832	576	576	776	592	560
896	576	576	826	595	562
960	576	576	878	599	563
1023	576	576	929	603	565
0	640	576	346	629	557
64	640	576	349	629	557
128	640	576	359	630	557
192	640	576	377	630	557
256	640	576	402	631	557
320	640	576	432	632	558
384	640	576	468	633	558
448	640	576	507	634	559
512	640	576	549	636	560
576	640	576	595	638	561
640	640	576	640	640	562
704	640	576	686	642	563
768	640	576	735	645	564
832	640	576	787	647	566
896	640	576	837	650	567
960	640	576	888	653	569
1023	640	576	939	657	571
0	704	576	379	689	563
64	704	576	381	689	563
128	704	576	390	690	563
192	704	576	407	690	563
256	704	576	429	691	564
320	704	576	457	691	564
384	704	576	490	693	564
448	704	576	527	694	565
512	704	576	568	696	566
576	704	576	612	698	567
640	704	576	655	700	568
704	704	576	701	702	569
768	704	576	749	705	570
832	704	576	800	707	572
896	704	576	848	710	573
960	704	576	898	713	575
1023	704	576	948	716	577
0	768	576	411	751	570
64	768	576	413	751	570
128	768	576	421	751	570
192	768	576	436	752	570
256	768	576	456	753	570
320	768	576	483	754	571
384	768	576	514	755	571
448	768	576	548	756	572
512	768	576	588	758	573
576	768	576	629	760	574
640	768	576	671	762	575
704	768	576	716	764	576
768	768	576	764	767	577
832	768	576	813	769	578
896	768	576	861	772	580
960	768	576	910	775	582
1023	768	576	959	779	584
0	832	576	443	815	578
64	832	576	445	815	578
128	832	576	452	815	578
192	832	576	466	816	578
256	832	576	485	816	578
320	832	576	509	817	579
384	832	576	538	818	579
448	832	576	573	819	579
512	832	576	610	820	580
576	832	576	647	821	581
640	832	576	689	823	582
704	832	576	733	825	584
768	832	576	781	827	585
832	832	576	827	830	586
896	832	576	874	832	587
960	832	576	923	834	589
1023	832	576	971	838	591
0	896	576	474	875	586
64	896	576	476	875	586
128	896	576	483	875	586
192	896	576	495	875	586
256	896	576	514	876	586
320	896	576	537	877	586
384	896	576	564	878	587
448	896	576	597	879	588
512	896	576	632	880	588
576	896	576	668	882	589
640	896	576	709	883	590
704	896	576	752	885	591
768	896	576	798	887	592
832	896	576	843	889	594
896	896	576	889	891	595
960	896	576	938	894	598
1023	896	576	984	898	600
0	960	576	507	937	594
64	960	576	508	937	594
128	960	576	515	937	595
192	960	576	526	937	595
256	960	576	543	938	595
320	960	576	565	939	595
384	960	576	592	939	596
448	960	576	622	940	597
512	960	576	654	942	597
576	960	576	690	943	598
640	960	576	729	945	599
704	960	576	772	947	600
768	960	576	815	949	601
832	960	576	860	950	603
896	960	576	905	953	604
960	960	576	952	956	605
1023	960	576	997	958	608
0	1023	576	538	1000	603
64	1023	576	540	1000	603
128	1023	576	546	1000	604
192	1023	576	557	1000	603
256	1023	576	573	1001	604
320	1023	576	593	1001	604
384	1023	576	618	1002	604
448	1023	576	646	1003	605
512	1023	576	677	1004	606
576	1023	576	712	1005	606
640	1023	576	749	1006	607
704	1023	576	793	1008	608
768	1023	576	833	1009	610
832	1023	576	876	1011	611
896	1023	576	921	1013	613
960	1023	576	966	1016	614
1023	1023	576	1012	1018	616
0	0	640	128	23	590
64	0	640	137	32	589
128	0	640	164	38	590
192	0	640	205	48	589
256	0	640	253	60	589
320	0	640	303	77	589
384	0	640	356	89	590
448	0	640	410	103	590
512	0	640	463	117	591
576	0	640	516	130	592
640	0	640	570	145	593
704	0	640	625	160	594
768	0	640	677	174	595
832	0	640	731	188	597
896	0	640	789	202	598
960	0	640	842	217	599
1023	0	640	896	230	601
0	64	640	130	66	590
64	64	640	139	66	590
128	64	640	166	72	590
192	64	640	206	80	589
256	64	640	254	87	589
320	64	640	304	95	590
384	64	640	357	106	590
448	64	640	410	119	591
512	64	640	463	130	592
576	64	640	516	143	592
640	64	640	571	157	593
704	64	640	625	169	594
768	64	640	678	183	595
832	64	640	732	197	597
896	64	640	790	209	598
960	64	640	842	223	599
1023	64	640	896	236	601
0	128	640	141	130	590
64	128	640	149	130	590
128	128	640	175	132	590
192	128	640	212	136	590
256	128	640	258	139	590
320	128	640	308	145	590
384	128	640	360	152	591
448	128	640	413	161	591
512	128	640	466	169	592
576	128	640	518	179	593
640	128	640	573	188	594
704	128	640	626	199	595
768	128	640	679	211	596
832	128	640	733	223	597
896	128	640	790	234	598
960	128	640	843	246	600
1023	128	640	897	258	602
0	192	640	157	193	592
64	192	640	164	193	592
128	192	640	188	194	592
192	192	640	223	197	592
256	192	640	266	200	592
320	192	640	314	204	591
384	192	640	365	209	592
448	192	640	418	214	592
512	192	640	470	221	593
576	192	640	522	228	594
640	192	640	576	236	595
704	192	640	629	244	596
768	192	640	681	252	597
832	192	640	735	262	598
896	192	640	792	271	600
960	192	640	845	282	601
1023	192	640	898	292	603
0	256	640	178	258	593
64	256	640	184	258	593
128	256	640	205	258	594
192	256	640	238	260	593
256	256	640	278	262	593
320	256	640	324	265	592
384	256	640	374	269	593
448	256	640	424	273	594
512	256	640	475	278	594
576	256	640	527	283	595
640	256	640	581	289	596
704	256	640	633	296	597
768	256	640	685	302	598
832	256	640	739	310	600
896	256	640	795	317	601
960	256	640	848	326	603
1023	256	640	901	334	604
0	320	640	202	321	595
64	320	640	208	321	595
128	320	640	225	322	595
192	320	640	255	323	595
256	320	640	293	325	595
320	320	640	337	327	595
384	320	640	385	330	596
448	320	640	433	334	596
512	320	640	483	337	597
576	320	640	534	341	598
640	320	640	587	346	598
704	320	640	638	351	599
768	320	640	690	357	600
832	320	640	743	363	602
896	320	640	799	369	603
960	320	640	852	376	605
1023	320	640	905	383	606
0	384	640	229	384	600
64	384	640	234	385	600
128	384	640	250	385	600
192	384	640	276	386	600
256	384	640	311	388	597
320	384	640	352	389	598
384	384	640	398	392	598
448	384	640	444	394	599
512	384	640	492	397	600
576	384	640	542	400	600
640	384	640	595	405	601
704	384	640	645	408	602
768	384	640	697	413	603
832	384	640	749	418	604
896	384	640	805	423	606
960	384	640	857	429	607
1023	384	640	910	435	610
0	448	640	258	445	603
64	448	640	261	445	603
128	448	640	276	446	603
192	448	640	300	447	600
256	448	640	332	448	601
320	448	640	370	449	601
384	448	640	413	451	601
448	448	640	458	453	602
512	448	640	505	456	602
576	448	640	553	459	603
640	448	640	605	462	604
704	448	640	654	465	605
768	448	640	705	469	606
832	448	640	757	473	607
896	448	640	811	478	609
960	448	640	864	483	610
1023	448	640	916	488	612
0	512	640	288	506	606
64	512	640	291	506	606
128	512	640	304	507	604
192	512	640	326	507	604
256	512	640	355	509	604
320	512	640	391	510	605
384	512	640	431	511	605
448	512	640	473	513	606
512	512	640	518	515	606
576	512	640	566	518	607
640	512	640	615	520	608
704	512	640	664	524	609
768	512	640	714	527	610
832	512	640	767	531	611
896	512	640	819	535	613
960	512	640	871	539	614
1023	512	640	923	544	615
0	576	640	318	569	608
64	576	640	321	569	608
128	576	640	332	570	608
192	576	640	352	570	608
256	576	640	379	571	609
320	576	640	412	572	609
384	576	640	449	573	609
448	576	640	490	575	610
512	576	640	534	578	611
576	576	640	580	580	612
640	576	640	628	582	612
704	576	640	675	585	613
768	576	640	724	588	614
832	576	640	777	592	616
896	576	640	828	596	617
960	576	640	879	600	618
1023	576	640	931	604	619
0	640	640	350	630	614
64	640	640	353	630	614
128	640	640	363	631	614
192	640	640	381	631	614
256	640	640	406	632	614
320	640	640	436	633	614
384	640	640	471	634	614
448	640	640	509	635	615
512	640	640	551	637	616
576	640	640	597	639	616
640	640	640	642	641	617
704	640	640	688	643	618
768	640	640	736	645	619
832	640	640	789	648	620
896	640	640	838	651	621
960	640	640	889	654	622
1023	640	640	940	658	624
0	704	640	382	690	619
64	704	640	385	691	619
128	704	640	394	691	619
192	704	640	410	691	619
256	704	640	432	692	619
320	704	640	460	693	619
384	704	640	493	694	619
448	704	640	530	695	620
512	704	640	570	697	620
576	704	640	613	698	621
640	704	640	656	700	621
704	704	640	702	703	623
768	704	640	750	706	624
832	704	640	801	708	625
896	704	640	850	711	626
960	704	640	899	713	627
1023	704	640	949	717	629
0	768	640	413	752	624
64	768	640	416	752	624
128	768	640	424	753	624
192	768	640	438	753	624
256	768	640	459	753	624
320	768	640	485	754	624
384	768	640	516	755	625
448	768	640	551	757	625
512	768	640	590	758	626
576	768	640	631	760	626
640	768	640	673	762	627
704	768	640	718	765	628
768	768	640	765	767	629
832	768	640	813	770	630
896	768	640	862	773	631
960	768	640	911	776	633
1023	768	640	959	779	634
0	832	640	444	815	629
64	832	640	447	815	629
128	832	640	454	815	629
192	832	640	467	816	630
256	832	640	487	816	630
320	832	640	511	817	630
384	832	640	540	818	630
448	832	640	574	819	631
512	832	640	611	820	632
576	832	640	649	822	632
640	832	640	691	824	633
704	832	640	734	826	634
768	832	640	782	828	636
832	832	640	828	830	637
896	832	640	876	833	638
960	832	640	925	836	639
1023	832	640	972	839	641
0	896	640	477	876	637
64	896	640	479	876	637
128	896	640	486	876	637
192	896	640	498	877	637
256	896	640	516	877	637
320	896	640	538	878	637
384	896	640	567	879	638
448	896	640	599	880	638
512	896	640	634	882	639
576	896	640	671	883	640
640	896	640	710	884	640
704	896	640	753	886	641
768	896	640	800	888	642
832	896	640	844	890	643
896	896	640	891	893	644
960	896	640	938	895	646
1023	896	640	985	898	647
0	960	640	509	937	644
64	960	640	510	938	644
128	960	640	517	938	644
192	960	640	528	938	644
256	960	640	545	939	644
320	960	640	567	939	644
384	960	640	593	940	645
448	960	640	623	941	645
512	960	640	655	943	646
576	960	640	691	944	646
640	960	640	730	946	647
704	960	640	773	948	648
768	960	640	817	950	649
832	960	640	861	951	650
896	960	640	906	954	651
960	960	640	952	956	653
1023	960	640	998	959	654
0	1023	640	540	1001	651
64	1023	640	542	1001	651
128	1023	640	548	1001	651
192	1023	640	559	1001	651
256	1023	640	575	1002	651
320	1023	640	595	1002	652
384	1023	640	620	1003	652
448	1023	640	647	1003	652
512	1023	640	678	1004	653
576	1023	640	713	1006	654
640	1023	640	752	1008	654
704	1023	640	794	1008	655
768	1023	640	834	1010	656
832	1023	640	877	1012	657
896	1023	640	922	1014	658
960	1023	640	967	1016	660
1023	1023	640	1013	1019	662
0	0	704	141	32	645
64	0	704	148	32	645
128	0	704	174	38	645
192	0	704	212	48	645
256	0	704	258	60	645
320	0	704	307	77	645
384	0	704	359	89	645
448	0	704	413	104	645
512	0	704	465	117	646
576	0	704	518	133	647
640	0	704	573	145	647
704	0	704	626	161	648
768	0	704	679	175	649
832	0	704	733	189	650
896	0	704	791	203	651
960	0	704	844	217	653
1023	0	704	897	230	654
0	64	704	143	66	645
64	64	704	151	69	645
128	64	704	176	75	645
192	64	704	214	80	645
256	64	704	259	87	645
320	64	704	308	97	645
384	64	704	360	108	645
448	64	704	413	119	645
512	64	704	466	132	646
576	64	704	519	144	647
640	64	704	573	157	647
704	64	704	627	170	648
768	64	704	679	183	649
832	64	704	734	197	651
896	64	704	791	210	651
960	64	704	844	224	653
1023	64	704	897	237	654
0	128	704	151	130	646
64	128	704	159	132	646
128	128	704	183	133	646
192	128	704	220	136	646
256	128	704	263	141	646
320	128	704	312	147	645
384	128	704	363	152	645
448	128	704	416	161	646
512	128	704	468	169	646
576	128	704	521	179	647
640	128	704	575	189	648
704	128	704	628	199	648
768	128	704	681	211	649
832	128	704	735	223	651
896	128	704	792	234	652
960	128	704	846	247	653
1023	128	704	898	258	654
0	192	704	166	194	647
64	192	704	173	194	647
128	192	704	196	195	647
192	192	704	230	198	647
256	192	704	271	201	647
320	192	704	319	204	646
384	192	704	369	209	646
448	192	704	420	215	647
512	192	704	472	221	647
576	192	704	524	228	648
640	192	704	578	236	649
704	192	704	631	244	649
768	192	704	683	253	650
832	192	704	737	263	651
896	192	704	794	272	652
960	192	704	847	282	654
1023	192	704	900	292	655
0	256	704	186	258	649
64	256	704	192	258	649
128	256	704	212	259	649
192	256	704	243	261	649
256	256	704	283	263	649
320	256	704	328	266	647
384	256	704	378	270	647
448	256	704	427	274	648
512	256	704	478	279	648
576	256	704	529	284	649
640	256	704	583	290	650
704	256	704	635	296	650
768	256	704	687	303	652
832	256	704	741	310	654
896	256	704	798	319	655
960	256	704	850	327	655
1023	256	704	903	335	657
0	320	704	209	322	650
64	320	704	215	322	650
128	320	704	232	322	651
192	320	704	261	324	651
256	320	704	298	326	649
320	320	704	341	328	650
384	320	704	388	331	650
448	320	704	436	334	650
512	320	704	486	337	651
576	320	704	536	342	651
640	320	704	589	346	652
704	320	704	640	352	653
768	320	704	692	357	654
832	320	704	745	364	655
896	320	704	801	370	656
960	320	704	854	376	657
1023	320	704	907	384	659
0	384	704	235	385	655
64	384	704	240	385	655
128	384	704	256	386	655
192	384	704	281	387	656
256	384	704	316	388	652
320	384	704	357	390	652
384	384	704	401	392	652
448	384	704	447	395	653
512	384	704	495	398	653
576	384	704	545	401	654
640	384	704	597	406	654
704	384	704	647	409	655
768	384	704	698	413	655
832	384	704	752	419	657
896	384	704	806	424	658
960	384	704	859	429	660
1023	384	704	912	435	661
0	448	704	263	446	657
64	448	704	267	446	657
128	448	704	280	447	657
192	448	704	304	447	654
256	448	704	336	448	654
320	448	704	374	450	655
384	448	704	416	452	655
448	448	704	461	454	655
512	448	704	508	457	655
576	448	704	556	459	656
640	448	704	607	462	656
704	448	704	655	465	657
768	448	704	706	469	658
832	448	704	759	474	660
896	448	704	813	478	661
960	448	704	865	483	663
1023	448	704	917	488	664
0	512	704	292	507	659
64	512	704	295	507	656
128	512	704	308	507	657
192	512	704	329	508	657
256	512	704	359	509	657
320	512	704	394	510	657
384	512	704	433	512	658
448	512	704	476	514	658
512	512	704	521	516	658
576	512	704	568	518	659
640	512	704	618	521	660
704	512	704	665	524	661
768	512	704	716	528	662
832	512	704	768	532	664
896	512	704	820	536	664
960	512	704	872	540	666
1023	512	704	924	545	667
0	576	704	322	570	661
64	576	704	326	570	661
128	576	704	336	570	661
192	576	704	356	570	661
256	576	704	382	572	661
320	576	704	415	573	661
384	576	704	452	574	661
448	576	704	493	576	662
512	576	704	536	578	662
576	576	704	582	580	663
640	576	704	629	583	664
704	576	704	677	586	665
768	576	704	726	589	666
832	576	704	779	593	667
896	576	704	829	596	668
960	576	704	881	600	670
1023	576	704	932	605	671
0	640	704	353	631	665
64	640	704	356	631	665
128	640	704	366	631	665
192	640	704	384	632	665
256	640	704	408	632	665
320	640	704	438	633	666
384	640	704	473	634	666
448	640	704	511	636	667
512	640	704	553	637	667
576	640	704	598	639	668
640	640	704	643	641	668
704	640	704	689	643	669
768	640	704	738	646	671
832	640	704	791	649	672
896	640	704	839	651	672
960	640	704	890	655	674
1023	640	704	941	658	676
0	704	704	385	691	670
64	704	704	388	691	670
128	704	704	397	691	670
192	704	704	412	691	670
256	704	704	434	692	670
320	704	704	462	693	671
384	704	704	495	694	671
448	704	704	531	695	671
512	704	704	572	697	672
576	704	704	615	699	672
640	704	704	658	701	673
704	704	704	703	703	674
768	704	704	751	705	675
832	704	704	802	708	676
896	704	704	850	711	677
960	704	704	900	714	679
1023	704	704	950	717	680
0	768	704	416	753	675
64	768	704	418	753	675
128	768	704	426	753	675
192	768	704	440	753	675
256	768	704	461	754	675
320	768	704	487	754	675
384	768	704	518	756	676
448	768	704	553	757	677
512	768	704	592	759	677
576	768	704	632	761	678
640	768	704	674	762	679
704	768	704	718	765	679
768	768	704	766	767	680
832	768	704	814	770	681
896	768	704	863	773	683
960	768	704	912	776	684
1023	768	704	960	780	686
0	832	704	447	816	681
64	832	704	449	816	681
128	832	704	457	816	681
192	832	704	470	816	681
256	832	704	489	817	681
320	832	704	513	817	682
384	832	704	542	818	682
448	832	704	576	820	682
512	832	704	613	821	683
576	832	704	651	823	684
640	832	704	692	825	685
704	832	704	736	827	686
768	832	704	783	828	687
832	832	704	829	830	688
896	832	704	876	833	689
960	832	704	925	835	690
1023	832	704	972	839	692
0	896	704	479	877	688
64	896	704	481	877	688
128	896	704	488	877	688
192	896	704	500	877	688
256	896	704	518	878	689
320	896	704	541	879	689
384	896	704	569	880	689
448	896	704	601	880	690
512	896	704	635	881	690
576	896	704	671	883	690
640	896	704	711	884	691
704	896	704	754	886	692
768	896	704	800	888	693
832	896	704	845	890	694
896	896	704	891	892	696
960	896	704	939	895	697
1023	896	704	985	898	699
0	960	704	510	938	695
64	960	704	512	938	695
128	960	704	518	938	695
192	960	704	530	938	695
256	960	704	547	939	696
320	960	704	568	940	696
384	960	704	595	940	696
448	960	704	624	941	696
512	960	704	657	943	697
576	960	704	693	944	698
640	960	704	731	946	699
704	960	704	774	948	700
768	960	704	817	950	700
832	960	704	861	951	701
896	960	704	907	954	703
960	960	704	953	956	704
1023	960	704	999	959	706
0	1023	704	542	1001	703
64	1023	704	543	1001	703
128	1023	704	549	1001	703
192	1023	704	560	1001	703
256	1023	704	576	1002	703
320	1023	704	597	1002	703
384	1023	704	622	1003	704
448	1023	704	649	1004	704
512	1023	704	680	1005	705
576	1023	704	715	1006	705
640	1023	704	752	1008	706
704	1023	704	795	1009	707
768	1023	704	835	1011	708
832	1023	704	879	1013	709
896	1023	704	923	1015	710
960	1023	704	968	1017	712
1023	1023	704	1014	1019	713
0	0	768	151	32	701
64	0	768	159	32	701
128	0	768	184	38	701
192	0	768	220	53	701
256	0	768	263	63	701
320	0	768	311	77	701
384	0	768	363	91	702
448	0	768	415	104	702
512	0	768	467	119	702
576	0	768	520	133	703
640	0	768	573	147	705
704	0	768	627	161	705
768	0	768	680	174	706
832	0	768	734	188	707
896	0	768	791	203	708
960	0	768	844	217	709
1023	0	768	898	232	711
0	64	768	153	69	701
64	64	768	161	69	701
128	64	768	186	72	701
192	64	768	221	80	702
256	64	768	264	89	702
320	64	768	312	97	701
384	64	768	363	109	702
448	64	768	415	119	702
512	64	768	468	133	703
576	64	768	520	144	703
640	64	768	574	158	705
704	64	768	628	170	705
768	64	768	680	183	706
832	64	768	734	197	707
896	64	768	792	211	708
960	64	768	844	224	709
1023	64	768	898	238	711
0	128	768	162	132	702
64	128	768	169	132	702
128	128	768	192	133	702
192	128	768	226	136	702
256	128	768	269	142	703
320	128	768	316	147	702
384	128	768	366	152	702
448	128	768	418	161	702
512	128	768	470	169	703
576	128	768	522	179	705
640	128	768	576	190	705
704	128	768	629	200	706
768	128	768	682	211	707
832	128	768	735	222	708
896	128	768	793	234	708
960	128	768	845	245	709
1023	128	768	899	258	711
0	192	768	177	193	704
64	192	768	183	194	704
128	192	768	203	195	704
192	192	768	236	198	704
256	192	768	276	201	704
320	192	768	322	205	703
384	192	768	372	209	703
448	192	768	423	215	703
512	192	768	474	221	705
576	192	768	526	228	706
640	192	768	579	236	706
704	192	768	632	243	707
768	192	768	684	253	707
832	192	768	738	262	708
896	192	768	794	271	709
960	192	768	847	281	710
1023	192	768	901	292	712
0	256	768	195	258	706
64	256	768	201	258	706
128	256	768	219	259	706
192	256	768	249	261	706
256	256	768	287	263	706
320	256	768	332	266	704
384	256	768	380	269	705
448	256	768	430	274	706
512	256	768	480	279	706
576	256	768	531	284	707
640	256	768	584	290	707
704	256	768	636	296	708
768	256	768	688	303	709
832	256	768	741	310	710
896	256	768	797	318	710
960	256	768	850	326	712
1023	256	768	904	335	713
0	320	768	217	321	709
64	320	768	222	322	709
128	320	768	238	322	708
192	320	768	266	324	707
256	320	768	302	326	706
320	320	768	345	327	707
384	320	768	391	331	707
448	320	768	438	334	707
512	320	768	488	337	708
576	320	768	538	342	708
640	320	768	591	346	709
704	320	768	642	352	710
768	320	768	693	357	710
832	320	768	746	363	711
896	320	768	801	370	712
960	320	768	854	376	713
1023	320	768	907	384	714
0	384	768	241	385	710
64	384	768	245	385	710
128	384	768	260	385	709
192	384	768	285	386	708
256	384	768	319	388	708
320	384	768	360	390	708
384	384	768	404	393	709
448	384	768	450	395	709
512	384	768	497	398	710
576	384	768	547	401	710
640	384	768	599	405	711
704	384	768	649	409	711
768	384	768	699	413	712
832	384	768	752	418	713
896	384	768	807	423	714
960	384	768	860	429	715
1023	384	768	912	435	717
0	448	768	267	445	711
64	448	768	271	445	711
128	448	768	284	446	711
192	448	768	308	447	710
256	448	768	339	448	710
320	448	768	377	449	710
384	448	768	418	451	711
448	448	768	462	453	711
512	448	768	509	456	711
576	448	768	557	459	712
640	448	768	608	462	713
704	448	768	656	465	714
768	448	768	707	469	714
832	448	768	760	474	716
896	448	768	813	478	717
960	448	768	866	483	718
1023	448	768	918	488	719
0	512	768	296	506	713
64	512	768	300	506	713
128	512	768	311	507	713
192	512	768	333	508	713
256	512	768	362	508	713
320	512	768	397	510	714
384	512	768	435	511	714
448	512	768	478	513	714
512	512	768	523	516	715
576	512	768	570	518	715
640	512	768	619	521	716
704	512	768	667	525	717
768	512	768	717	528	718
832	512	768	770	532	719
896	512	768	821	535	720
960	512	768	873	540	721
1023	512	768	925	545	722
0	576	768	326	570	717
64	576	768	329	570	717
128	576	768	340	570	717
192	576	768	359	571	717
256	576	768	386	572	717
320	576	768	418	573	717
384	576	768	455	574	717
448	576	768	495	576	718
512	576	768	538	578	718
576	576	768	584	580	719
640	576	768	631	583	720
704	576	768	678	586	721
768	576	768	727	590	721
832	576	768	780	593	722
896	576	768	830	596	723
960	576	768	881	600	724
1023	576	768	933	605	726
0	640	768	357	631	721
64	640	768	359	631	721
128	640	768	370	631	721
192	640	768	387	632	721
256	640	768	411	633	721
320	640	768	441	633	721
384	640	768	475	634	722
448	640	768	514	636	722
512	640	768	555	638	723
576	640	768	601	639	723
640	640	768	645	641	724
704	640	768	691	644	724
768	640	768	740	646	726
832	640	768	792	649	726
896	640	768	841	652	727
960	640	768	891	655	728
1023	640	768	942	659	730
0	704	768	388	691	725
64	704	768	391	691	725
128	704	768	400	691	725
192	704	768	415	692	725
256	704	768	437	693	725
320	704	768	465	693	726
384	704	768	497	695	726
448	704	768	533	696	726
512	704	768	574	697	727
576	704	768	617	699	727
640	704	768	659	701	728
704	704	768	705	704	729
768	704	768	753	706	730
832	704	768	803	709	730
896	704	768	852	711	731
960	704	768	902	715	732
1023	704	768	951	718	734
0	768	768	419	753	729
64	768	768	421	753	729
128	768	768	429	753	729
192	768	768	443	754	730
256	768	768	464	754	730
320	768	768	489	755	730
384	768	768	520	756	730
448	768	768	554	757	730
512	768	768	594	759	731
576	768	768	634	761	732
640	768	768	675	763	732
704	768	768	720	765	733
768	768	768	768	768	734
832	768	768	816	770	735
896	768	768	864	773	736
960	768	768	913	777	737
1023	768	768	962	781	738
0	832	768	450	817	735
64	832	768	452	817	735
128	832	768	460	817	735
192	832	768	473	817	735
256	832	768	491	818	735
320	832	768	515	818	735
384	832	768	544	819	736
448	832	768	578	820	736
512	832	768	615	822	736
576	832	768	653	823	737
640	832	768	694	825	738
704	832	768	737	827	739
768	832	768	785	829	740
832	832	768	830	831	740
896	832	768	878	833	742
960	832	768	927	837	743
1023	832	768	973	839	744
0	896	768	482	877	741
64	896	768	484	877	741
128	896	768	490	878	741
192	896	768	502	878	741
256	896	768	520	878	741
320	896	768	543	879	741
384	896	768	570	880	742
448	896	768	603	881	742
512	896	768	637	882	742
576	896	768	673	883	743
640	896	768	713	885	744
704	896	768	756	887	745
768	896	768	802	888	745
832	896	768	847	891	746
896	896	768	892	892	748
960	896	768	940	895	749
1023	896	768	987	898	751
0	960	768	513	938	747
64	960	768	515	938	747
128	960	768	521	938	747
192	960	768	532	939	747
256	960	768	548	939	747
320	960	768	570	940	747
384	960	768	597	941	748
448	960	768	627	942	748
512	960	768	658	942	749
576	960	768	694	944	749
640	960	768	733	947	750
704	960	768	776	948	751
768	960	768	819	950	752
832	960	768	863	952	753
896	960	768	908	954	754
960	960	768	954	957	756
1023	960	768	1000	959	757
0	1023	768	544	1001	754
64	1023	768	546	1001	754
128	1023	768	551	1002	754
192	1023	768	562	1002	754
256	1023	768	578	1002	754
320	1023	768	599	1002	754
384	1023	768	623	1003	755
448	1023	768	650	1004	755
512	1023	768	682	1005	756
576	1023	768	716	1007	757
640	1023	768	754	1008	758
704	1023	768	796	1009	758
768	1023	768	837	1011	759
832	1023	768	880	1013	760
896	1023	768	925	1015	761
960	1023	768	969	1018	763
1023	1023	768	1015	1020	764
0	0	832	164	32	762
64	0	832	171	38	762
128	0	832	193	44	762
192	0	832	227	53	761
256	0	832	269	63	760
320	0	832	317	80	759
384	0	832	367	91	760
448	0	832	418	104	760
512	0	832	471	119	760
576	0	832	523	132	761
640	0	832	576	147	762
704	0	832	630	161	762
768	0	832	682	176	763
832	0	832	736	189	764
896	0	832	793	203	765
960	0	832	846	218	767
1023	0	832	899	232	768
0	64	832	166	69	762
64	64	832	173	69	762
128	64	832	195	77	762
192	64	832	229	82	761
256	64	832	270	89	760
320	64	832	317	97	760
384	64	832	368	109	760
448	64	832	419	120	760
512	64	832	471	132	760
576	64	832	523	144	761
640	64	832	577	158	762
704	64	832	630	170	762
768	64	832	683	184	764
832	64	832	736	198	764
896	64	832	793	211	765
960	64	832	846	224	767
1023	64	832	900	238	768
0	128	832	174	132	763
64	128	832	180	132	763
128	128	832	201	133	762
192	128	832	234	137	762
256	128	832	274	141	761
320	128	832	321	147	760
384	128	832	371	153	760
448	128	832	422	162	761
512	128	832	473	170	761
576	128	832	525	179	762
640	128	832	579	189	762
704	128	832	632	200	763
768	128	832	684	212	764
832	128	832	737	223	765
896	128	832	794	235	766
960	128	832	847	247	767
1023	128	832	901	259	768
0	192	832	187	194	763
64	192	832	193	194	763
128	192	832	212	195	763
192	192	832	243	198	762
256	192	832	282	201	762
320	192	832	327	205	761
384	192	832	376	209	761
448	192	832	426	215	761
512	192	832	477	221	762
576	192	832	529	228	763
640	192	832	582	236	763
704	192	832	634	245	764
768	192	832	687	253	765
832	192	832	739	262	766
896	192	832	796	272	767
960	192	832	849	282	768
1023	192	832	902	293	769
0	256	832	204	258	765
64	256	832	209	258	765
128	256	832	227	259	764
192	256	832	255	261	764
256	256	832	292	263	762
320	256	832	336	266	762
384	256	832	384	269	762
448	256	832	433	274	762
512	256	832	483	278	763
576	256	832	534	284	764
640	256	832	586	290	764
704	256	832	638	297	765
768	256	832	690	303	766
832	256	832	743	310	767
896	256	832	799	318	768
960	256	832	852	327	769
1023	256	832	905	335	771
0	320	832	224	322	766
64	320	832	229	322	765
128	320	832	245	322	765
192	320	832	271	324	764
256	320	832	307	326	764
320	320	832	349	328	764
384	320	832	394	331	764
448	320	832	441	334	764
512	320	832	490	337	765
576	320	832	540	342	765
640	320	832	593	346	766
704	320	832	644	352	767
768	320	832	695	357	768
832	320	832	748	364	768
896	320	832	803	370	770
960	320	832	856	377	771
1023	320	832	909	384	772
0	384	832	248	385	768
64	384	832	252	385	768
128	384	832	266	386	768
192	384	832	291	387	765
256	384	832	324	388	766
320	384	832	363	390	766
384	384	832	407	392	766
448	384	832	452	395	766
512	384	832	500	398	766
576	384	832	549	401	767
640	384	832	601	405	768
704	384	832	650	409	769
768	384	832	702	414	770
832	384	832	755	419	771
896	384	832	809	424	772
960	384	832	862	430	773
1023	384	832	914	436	775
0	448	832	274	446	770
64	448	832	277	446	770
128	448	832	290	447	768
192	448	832	313	447	768
256	448	832	344	448	768
320	448	832	381	450	768
384	448	832	422	452	768
448	448	832	466	454	769
512	448	832	512	457	769
576	448	832	560	460	770
640	448	832	610	462	770
704	448	832	659	466	771
768	448	832	709	470	772
832	448	832	763	474	774
896	448	832	815	479	775
960	448	832	868	484	776
1023	448	832	920	489	778
0	512	832	301	507	771
64	512	832	305	507	771
128	512	832	317	507	771
192	512	832	337	508	771
256	512	832	366	509	771
320	512	832	401	510	771
384	512	832	439	512	771
448	512	832	481	514	772
512	512	832	525	516	772
576	512	832	573	519	773
640	512	832	621	521	773
704	512	832	668	525	774
768	512	832	719	528	776
832	512	832	772	532	777
896	512	832	823	536	778
960	512	832	875	540	779
1023	512	832	927	546	780
0	576	832	331	570	774
64	576	832	334	570	774
128	576	832	344	570	774
192	576	832	363	571	774
256	576	832	390	572	774
320	576	832	421	573	774
384	576	832	458	574	775
448	576	832	497	576	775
512	576	832	540	578	776
576	576	832	586	581	776
640	576	832	633	583	777
704	576	832	680	586	778
768	576	832	729	590	779
832	576	832	782	593	780
896	576	832	832	597	781
960	576	832	883	601	782
1023	576	832	935	605	784
0	640	832	361	631	778
64	640	832	364	631	778
128	640	832	374	632	778
192	640	832	391	632	779
256	640	832	414	633	778
320	640	832	444	634	779
384	640	832	478	635	779
448	640	832	516	636	780
512	640	832	557	638	780
576	640	832	602	639	780
640	640	832	646	641	781
704	640	832	693	644	782
768	640	832	741	647	783
832	640	832	794	650	784
896	640	832	842	652	785
960	640	832	893	655	786
1023	640	832	944	660	788
0	704	832	392	691	783
64	704	832	394	691	783
128	704	832	404	692	783
192	704	832	419	692	783
256	704	832	440	693	783
320	704	832	468	694	784
384	704	832	500	695	783
448	704	832	536	696	784
512	704	832	576	698	785
576	704	832	619	699	785
640	704	832	661	701	786
704	704	832	707	704	787
768	704	832	755	706	788
832	704	832	805	709	789
896	704	832	853	712	790
960	704	832	903	715	791
1023	704	832	953	719	793
0	768	832	422	754	788
64	768	832	425	754	788
128	768	832	432	754	788
192	768	832	447	755	788
256	768	832	467	755	788
320	768	832	492	756	788
384	768	832	523	757	789
448	768	832	557	758	789
512	768	832	596	760	790
576	768	832	636	761	790
640	768	832	678	763	791
704	768	832	722	766	792
768	768	832	770	769	793
832	768	832	817	771	793
896	768	832	866	774	795
960	768	832	915	777	795
1023	768	832	963	781	797
0	832	832	453	817	793
64	832	832	455	817	793
128	832	832	462	817	793
192	832	832	475	817	793
256	832	832	494	818	793
320	832	832	518	819	794
384	832	832	547	820	794
448	832	832	580	821	794
512	832	832	617	822	794
576	832	832	654	823	795
640	832	832	695	825	796
704	832	832	739	827	798
768	832	832	787	830	798
832	832	832	832	832	799
896	832	832	880	834	800
960	832	832	928	837	801
1023	832	832	976	840	802
0	896	832	485	878	799
64	896	832	486	878	799
128	896	832	493	878	799
192	896	832	505	878	799
256	896	832	523	879	800
320	896	832	545	880	800
384	896	832	573	881	800
448	896	832	605	882	800
512	896	832	639	883	801
576	896	832	675	884	801
640	896	832	715	886	802
704	896	832	758	888	803
768	896	832	804	890	803
832	896	832	848	892	804
896	896	832	895	894	805
960	896	832	943	897	807
1023	896	832	988	900	808
0	960	832	516	939	805
64	960	832	517	939	805
128	960	832	524	939	805
192	960	832	535	940	805
256	960	832	551	941	805
320	960	832	573	941	805
384	960	832	600	942	806
448	960	832	629	943	806
512	960	832	661	944	806
576	960	832	697	946	807
640	960	832	735	948	808
704	960	832	778	949	808
768	960	832	821	951	809
832	960	832	865	953	810
896	960	832	910	956	811
960	960	832	956	959	812
1023	960	832	1002	961	813
0	1023	832	547	1002	811
64	1023	832	548	1002	811
128	1023	832	554	1002	811
192	1023	832	565	1003	811
256	1023	832	581	1003	811
320	1023	832	602	1004	811
384	1023	832	626	1005	811
448	1023	832	653	1006	812
512	1023	832	684	1007	813
576	1023	832	719	1008	813
640	1023	832	756	1010	814
704	1023	832	799	1011	814
768	1023	832	839	1013	815
832	1023	832	882	1014	816
896	1023	832	927	1017	816
960	1023	832	971	1019	817
1023	1023	832	1017	1021	819
0	0	896	177	38	820
64	0	896	183	38	820
128	0	896	202	44	820
192	0	896	235	53	820
256	0	896	276	69	820
320	0	896	322	80	820
384	0	896	372	91	820
448	0	896	423	106	820
512	0	896	474	119	820
576	0	896	526	134	820
640	0	896	580	148	821
704	0	896	633	162	822
768	0	896	685	176	822
832	0	896	738	190	823
896	0	896	796	205	824
960	0	896	849	218	825
1023	0	896	902	232	826
0	64	896	179	72	820
64	64	896	185	75	820
128	64	896	205	77	820
192	64	896	237	82	820
256	64	896	277	89	820
320	64	896	323	99	820
384	64	896	373	109	820
448	64	896	423	120	820
512	64	896	475	133	820
576	64	896	526	145	820
640	64	896	580	158	821
704	64	896	633	172	822
768	64	896	685	184	822
832	64	896	739	198	823
896	64	896	796	212	824
960	64	896	849	225	825
1023	64	896	902	238	826
0	128	896	186	132	821
64	128	896	191	133	821
128	128	896	210	134	821
192	128	896	242	137	821
256	128	896	281	142	820
320	128	896	326	148	820
384	128	896	376	155	820
448	128	896	426	162	820
512	128	896	477	171	821
576	128	896	528	180	821
640	128	896	582	190	821
704	128	896	634	201	822
768	128	896	687	212	823
832	128	896	740	223	823
896	128	896	797	236	824
960	128	896	850	247	825
1023	128	896	903	259	826
0	192	896	197	195	822
64	192	896	202	195	822
128	192	896	221	197	822
192	192	896	250	198	822
256	192	896	288	202	822
320	192	896	333	205	821
384	192	896	381	210	821
448	192	896	431	216	821
512	192	896	481	222	821
576	192	896	532	229	821
640	192	896	585	237	822
704	192	896	637	245	822
768	192	896	689	254	824
832	192	896	742	263	824
896	192	896	799	273	825
960	192	896	852	283	826
1023	192	896	905	293	827
0	256	896	213	259	824
64	256	896	218	259	824
128	256	896	235	260	824
192	256	896	263	262	824
256	256	896	299	264	821
320	256	896	342	267	822
384	256	896	389	271	822
448	256	896	437	275	822
512	256	896	487	280	822
576	256	896	537	284	822
640	256	896	590	291	823
704	256	896	641	297	823
768	256	896	693	304	824
832	256	896	746	311	825
896	256	896	802	320	826
960	256	896	855	328	827
1023	256	896	908	336	828
0	320	896	233	323	824
64	320	896	238	323	824
128	320	896	253	323	824
192	320	896	278	325	824
256	320	896	313	327	823
320	320	896	354	329	823
384	320	896	399	331	823
448	320	896	446	335	823
512	320	896	494	338	823
576	320	896	544	343	824
640	320	896	596	348	824
704	320	896	646	353	825
768	320	896	698	358	826
832	320	896	751	365	826
896	320	896	806	371	827
960	320	896	859	378	829
1023	320	896	911	385	829
0	384	896	255	386	830
64	384	896	259	386	830
128	384	896	273	387	830
192	384	896	297	388	824
256	384	896	330	389	824
320	384	896	368	391	824
384	384	896	411	393	825
448	384	896	457	396	825
512	384	896	504	399	825
576	384	896	553	402	825
640	384	896	604	406	826
704	384	896	652	410	826
768	384	896	704	415	828
832	384	896	758	420	829
896	384	896	811	425	829
960	384	896	864	431	830
1023	384	896	916	436	831
0	448	896	280	447	830
64	448	896	283	447	830
128	448	896	296	447	826
192	448	896	319	448	826
256	448	896	349	449	826
320	448	896	386	451	826
384	448	896	426	453	826
448	448	896	469	455	827
512	448	896	515	457	827
576	448	896	563	460	827
640	448	896	613	463	827
704	448	896	661	467	828
768	448	896	712	471	830
832	448	896	765	475	831
896	448	896	818	480	831
960	448	896	870	485	833
1023	448	896	922	490	833
0	512	896	308	508	828
64	512	896	310	508	828
128	512	896	322	509	828
192	512	896	343	509	828
256	512	896	371	510	828
320	512	896	405	511	828
384	512	896	443	513	829
448	512	896	485	515	830
512	512	896	529	517	830
576	512	896	576	520	830
640	512	896	624	523	831
704	512	896	671	526	831
768	512	896	721	530	833
832	512	896	774	533	833
896	512	896	825	537	834
960	512	896	877	541	835
1023	512	896	929	546	836
0	576	896	336	571	832
64	576	896	339	571	832
128	576	896	350	572	832
192	576	896	368	572	832
256	576	896	395	573	832
320	576	896	426	575	832
384	576	896	462	576	832
448	576	896	501	578	833
512	576	896	544	580	833
576	576	896	590	582	834
640	576	896	636	585	834
704	576	896	683	587	834
768	576	896	732	591	835
832	576	896	784	594	836
896	576	896	834	598	837
960	576	896	886	602	838
1023	576	896	937	607	839
0	640	896	366	632	835
64	640	896	369	632	835
128	640	896	379	633	835
192	640	896	395	633	835
256	640	896	419	634	835
320	640	896	448	635	835
384	640	896	482	636	836
448	640	896	520	638	836
512	640	896	561	639	836
576	640	896	606	641	837
640	640	896	649	643	837
704	640	896	695	645	838
768	640	896	744	648	839
832	640	896	796	650	840
896	640	896	845	654	840
960	640	896	895	656	841
1023	640	896	946	660	843
0	704	896	397	693	839
64	704	896	399	693	839
128	704	896	408	693	839
192	704	896	423	694	839
256	704	896	444	694	839
320	704	896	471	695	839
384	704	896	504	696	840
448	704	896	539	698	840
512	704	896	580	699	840
576	704	896	622	701	841
640	704	896	664	703	841
704	704	896	710	706	842
768	704	896	758	708	842
832	704	896	808	711	843
896	704	896	856	714	844
960	704	896	906	716	845
1023	704	896	955	720	847
0	768	896	426	755	843
64	768	896	429	755	843
128	768	896	436	755	843
192	768	896	450	755	843
256	768	896	470	756	843
320	768	896	496	757	843
384	768	896	526	758	844
448	768	896	561	760	844
512	768	896	600	761	844
576	768	896	639	763	845
640	768	896	681	765	845
704	768	896	725	768	846
768	768	896	773	770	847
832	768	896	820	773	847
896	768	896	869	776	848
960	768	896	918	779	849
1023	768	896	966	783	851
0	832	896	457	819	848
64	832	896	459	819	848
128	832	896	467	819	848
192	832	896	479	819	848
256	832	896	498	820	848
320	832	896	522	821	848
384	832	896	550	822	848
448	832	896	584	823	849
512	832	896	620	824	849
576	832	896	657	825	849
640	832	896	699	827	850
704	832	896	742	830	851
768	832	896	790	832	852
832	832	896	835	834	853
896	832	896	882	836	853
960	832	896	931	839	854
1023	832	896	978	842	856
0	896	896	488	879	852
64	896	896	489	879	852
128	896	896	496	879	853
192	896	896	508	880	853
256	896	896	526	880	853
320	896	896	548	881	853
384	896	896	576	882	853
448	896	896	608	883	854
512	896	896	641	884	854
576	896	896	678	886	854
640	896	896	718	887	855
704	896	896	761	889	856
768	896	896	806	891	857
832	896	896	850	893	857
896	896	896	897	895	858
960	896	896	944	898	860
1023	896	896	991	901	861
0	960	896	519	941	858
64	960	896	521	941	858
128	960	896	527	941	858
192	960	896	538	941	858
256	960	896	554	942	858
320	960	896	576	943	859
384	960	896	603	944	859
448	960	896	632	945	859
512	960	896	663	946	860
576	960	896	699	948	861
640	960	896	738	949	861
704	960	896	781	951	861
768	960	896	823	952	862
832	960	896	867	954	863
896	960	896	912	957	864
960	960	896	959	960	865
1023	960	896	1004	962	866
0	1023	896	550	1004	864
64	1023	896	552	1004	863
128	1023	896	557	1004	864
192	1023	896	568	1005	864
256	1023	896	584	1005	864
320	1023	896	605	1006	864
384	1023	896	628	1006	864
448	1023	896	655	1007	864
512	1023	896	687	1008	865
576	1023	896	721	1010	866
640	1023	896	759	1011	866
704	1023	896	801	1012	867
768	1023	896	841	1014	867
832	1023	896	884	1016	868
896	1023	896	929	1018	870
960	1023	896	973	1020	871
1023	1023	896	1019	1023	872
0	0	960	188	38	879
64	0	960	194	38	879
128	0	960	214	48	879
192	0	960	244	57	878
256	0	960	283	69	877
320	0	960	328	80	876
384	0	960	377	93	877
448	0	960	427	108	877
512	0	960	478	120	877
576	0	960	530	134	877
640	0	960	583	149	877
704	0	960	635	162	878
768	0	960	687	177	878
832	0	960	741	191	879
896	0	960	797	205	880
960	0	960	851	219	881
1023	0	960	904	232	882
0	64	960	190	75	879
64	64	960	196	75	879
128	64	960	215	77	879
192	64	960	245	85	878
256	64	960	284	91	877
320	64	960	329	99	877
384	64	960	378	111	877
448	64	960	428	122	877
512	64	960	479	134	877
576	64	960	530	145	877
640	64	960	583	159	878
704	64	960	636	172	878
768	64	960	688	185	879
832	64	960	741	198	879
896	64	960	798	212	880
960	64	960	851	225	881
1023	64	960	904	239	882
0	128	960	197	133	880
64	128	960	202	133	880
128	128	960	221	134	879
192	128	960	250	138	878
256	128	960	288	143	877
320	128	960	333	148	877
384	128	960	381	156	877
448	128	960	430	162	877
512	128	960	481	172	877
576	128	960	532	181	877
640	128	960	585	191	878
704	128	960	637	202	878
768	128	960	689	212	879
832	128	960	743	224	880
896	128	960	799	236	880
960	128	960	852	248	881
1023	128	960	905	260	882
0	192	960	208	195	880
64	192	960	213	196	880
128	192	960	230	198	880
192	192	960	258	199	879
256	192	960	295	202	877
320	192	960	339	206	878
384	192	960	386	211	878
448	192	960	435	216	878
512	192	960	485	223	878
576	192	960	535	230	878
640	192	960	588	237	878
704	192	960	640	246	879
768	192	960	692	255	880
832	192	960	745	264	880
896	192	960	801	273	881
960	192	960	854	283	882
1023	192	960	906	293	883
0	256	960	223	259	881
64	256	960	228	260	881
128	256	960	243	261	881
192	256	960	270	262	880
256	256	960	305	265	878
320	256	960	348	268	878
384	256	960	394	271	879
448	256	960	441	275	878
512	256	960	490	280	878
576	256	960	540	285	879
640	256	960	593	291	879
704	256	960	644	298	880
768	256	960	695	305	880
832	256	960	749	312	881
896	256	960	804	320	882
960	256	960	857	328	883
1023	256	960	909	336	884
0	320	960	242	323	881
64	320	960	246	323	881
128	320	960	261	325	881
192	320	960	285	326	880
256	320	960	319	327	879
320	320	960	360	330	879
384	320	960	404	332	879
448	320	960	450	335	879
512	320	960	498	339	879
576	320	960	547	343	879
640	320	960	599	348	880
704	320	960	649	353	881
768	320	960	700	359	881
832	320	960	753	365	882
896	320	960	808	371	883
960	320	960	861	378	884
1023	320	960	913	385	885
0	384	960	263	387	884
64	384	960	267	387	884
128	384	960	280	388	884
192	384	960	303	389	881
256	384	960	335	390	881
320	384	960	374	392	881
384	384	960	415	394	881
448	384	960	460	397	881
512	384	960	507	399	881
576	384	960	555	402	881
640	384	960	607	407	882
704	384	960	656	411	882
768	384	960	707	415	883
832	384	960	760	420	884
896	384	960	813	425	884
960	384	960	866	431	886
1023	384	960	918	437	887
0	448	960	286	448	884
64	448	960	290	448	882
128	448	960	303	448	882
192	448	960	325	449	882
256	448	960	355	450	882
320	448	960	390	452	883
384	448	960	430	454	882
448	448	960	473	456	883
512	448	960	519	458	883
576	448	960	567	461	883
640	448	960	616	464	884
704	448	960	664	467	884
768	448	960	714	471	885
832	448	960	767	476	886
896	448	960	819	480	886
960	448	960	872	485	888
1023	448	960	924	490	889
0	512	960	313	509	884
64	512	960	317	509	884
128	512	960	328	509	884
192	512	960	348	510	884
256	512	960	376	511	885
320	512	960	409	512	885
384	512	960	447	514	885
448	512	960	488	515	885
512	512	960	532	518	885
576	512	960	579	520	886
640	512	960	626	523	886
704	512	960	674	526	886
768	512	960	723	530	887
832	512	960	776	534	888
896	512	960	827	537	889
960	512	960	879	542	890
1023	512	960	931	547	891
0	576	960	341	572	887
64	576	960	344	572	887
128	576	960	355	572	887
192	576	960	373	573	887
256	576	960	399	574	887
320	576	960	429	575	887
384	576	960	465	576	887
448	576	960	504	578	888
512	576	960	547	580	888
576	576	960	593	582	888
640	576	960	638	585	889
704	576	960	685	588	889
768	576	960	734	591	890
832	576	960	787	595	891
896	576	960	836	598	891
960	576	960	887	602	892
1023	576	960	939	607	894
0	640	960	370	633	890
64	640	960	373	633	890
128	640	960	383	633	890
192	640	960	400	634	890
256	640	960	423	634	890
320	640	960	451	635	890
384	640	960	485	636	890
448	640	960	523	638	891
512	640	960	564	640	891
576	640	960	608	641	892
640	640	960	652	643	892
704	640	960	698	646	893
768	640	960	746	648	894
832	640	960	798	651	894
896	640	960	847	654	895
960	640	960	897	657	897
1023	640	960	948	661	898
0	704	960	400	693	894
64	704	960	403	693	894
128	704	960	411	693	894
192	704	960	426	693	894
256	704	960	447	694	894
320	704	960	474	695	894
384	704	960	506	696	894
448	704	960	542	698	895
512	704	960	582	699	895
576	704	960	624	701	895
640	704	960	666	703	895
704	704	960	712	706	897
768	704	960	759	708	897
832	704	960	809	711	897
896	704	960	858	714	899
960	704	960	907	717	900
1023	704	960	956	720	901
0	768	960	430	756	898
64	768	960	432	756	898
128	768	960	440	756	898
192	768	960	454	756	898
256	768	960	474	757	898
320	768	960	499	758	898
384	768	960	529	759	898
448	768	960	563	760	899
512	768	960	602	762	899
576	768	960	641	763	899
640	768	960	683	766	900
704	768	960	727	768	901
768	768	960	775	770	901
832	768	960	822	773	902
896	768	960	870	776	903
960	768	960	919	779	904
1023	768	960	967	783	905
0	832	960	460	819	902
64	832	960	462	819	902
128	832	960	469	819	902
192	832	960	482	819	902
256	832	960	501	820	902
320	832	960	524	821	902
384	832	960	553	821	902
448	832	960	586	823	903
512	832	960	622	824	903
576	832	960	659	825	903
640	832	960	700	827	904
704	832	960	744	829	906
768	832	960	792	832	906
832	832	960	836	833	907
896	832	960	884	836	908
960	832	960	932	839	909
1023	832	960	979	841	909
0	896	960	491	880	907
64	896	960	493	880	907
128	896	960	500	880	907
192	896	960	511	880	907
256	896	960	529	881	907
320	896	960	551	881	908
384	896	960	579	882	908
448	896	960	611	883	908
512	896	960	644	885	909
576	896	960	680	886	909
640	896	960	720	888	910
704	896	960	763	890	910
768	896	960	808	891	911
832	896	960	852	893	912
896	896	960	898	896	912
960	896	960	945	898	913
1023	896	960	992	901	915
0	960	960	522	941	912
64	960	960	523	941	912
128	960	960	530	941	912
192	960	960	541	941	912
256	960	960	557	942	912
320	960	960	579	943	912
384	960	960	605	944	913
448	960	960	633	945	913
512	960	960	665	946	913
576	960	960	701	947	914
640	960	960	739	949	915
704	960	960	782	950	915
768	960	960	824	952	916
832	960	960	868	954	916
896	960	960	914	957	917
960	960	960	959	960	918
1023	960	960	1005	963	920
0	1023	960	553	1004	917
64	1023	960	554	1004	917
128	1023	960	560	1004	917
192	1023	960	571	1005	917
256	1023	960	587	1005	918
320	1023	960	607	1006	918
384	1023	960	630	1006	918
448	1023	960	657	1007	918
512	1023	960	688	1008	919
576	1023	960	723	1010	919
640	1023	960	761	1011	920
704	1023	960	802	1013	921
768	1023	960	843	1014	921
832	1023	960	885	1016	922
896	1023	960	930	1018	923
960	1023	960	975	1020	923
1023	1023	960	1020	1022	924
0	0	1023	199	38	936
64	0	1023	205	44	936
128	0	1023	223	48	935
192	0	1023	252	57	934
256	0	1023	289	69	932
320	0	1023	333	82	932
384	0	1023	381	93	932
448	0	1023	430	108	932
512	0	1023	481	120	932
576	0	1023	532	136	932
640	0	1023	585	149	933
704	0	1023	637	163	933
768	0	1023	689	177	934
832	0	1023	743	191	935
896	0	1023	799	205	936
960	0	1023	852	219	936
1023	0	1023	906	233	937
0	64	1023	201	75	936
64	64	1023	206	77	936
128	64	1023	224	80	935
192	64	1023	253	85	934
256	64	1023	290	91	932
320	64	1023	334	101	932
384	64	1023	382	111	932
448	64	1023	431	122	932
512	64	1023	481	134	932
576	64	1023	533	148	932
640	64	1023	586	159	933
704	64	1023	638	172	933
768	64	1023	690	186	934
832	64	1023	743	199	935
896	64	1023	800	212	936
960	64	1023	853	225	936
1023	64	1023	906	239	938
0	128	1023	207	133	936
64	128	1023	212	134	936
128	128	1023	229	136	935
192	128	1023	257	139	934
256	128	1023	294	143	933
320	128	1023	337	149	932
384	128	1023	385	156	932
448	128	1023	433	163	932
512	128	1023	483	172	933
576	128	1023	535	181	933
640	128	1023	588	191	933
704	128	1023	639	202	934
768	128	1023	691	213	934
832	128	1023	745	225	935
896	128	1023	801	236	936
960	128	1023	854	248	937
1023	128	1023	907	260	938
0	192	1023	218	196	936
64	192	1023	222	196	936
128	192	1023	238	197	935
192	192	1023	265	200	934
256	192	1023	301	202	933
320	192	1023	344	206	933
384	192	1023	390	211	932
448	192	1023	438	217	933
512	192	1023	488	223	933
576	192	1023	538	230	933
640	192	1023	591	238	934
704	192	1023	642	246	934
768	192	1023	694	255	935
832	192	1023	747	263	936
896	192	1023	803	274	936
960	192	1023	856	284	937
1023	192	1023	909	294	938
0	256	1023	232	260	937
64	256	1023	236	260	936
128	256	1023	251	261	936
192	256	1023	276	262	935
256	256	1023	311	265	934
320	256	1023	352	267	934
384	256	1023	398	271	933
448	256	1023	444	275	934
512	256	1023	493	281	934
576	256	1023	543	285	934
640	256	1023	595	292	934
704	256	1023	646	298	935
768	256	1023	697	305	936
832	256	1023	751	312	937
896	256	1023	806	320	937
960	256	1023	859	328	938
1023	256	1023	911	337	939
0	320	1023	249	323	936
64	320	1023	253	323	936
128	320	1023	267	324	935
192	320	1023	291	326	934
256	320	1023	325	327	934
320	320	1023	364	330	934
384	320	1023	407	332	934
448	320	1023	453	335	935
512	320	1023	501	339	935
576	320	1023	550	344	935
640	320	1023	602	348	936
704	320	1023	651	353	936
768	320	1023	703	359	937
832	320	1023	756	365	938
896	320	1023	810	372	938
960	320	1023	863	378	940
1023	320	1023	915	385	940
0	384	1023	270	386	937
64	384	1023	274	387	937
128	384	1023	286	388	936
192	384	1023	309	388	936
256	384	1023	341	390	936
320	384	1023	378	392	936
384	384	1023	419	394	936
448	384	1023	464	397	936
512	384	1023	510	399	936
576	384	1023	559	404	937
640	384	1023	610	407	938
704	384	1023	658	411	938
768	384	1023	709	416	939
832	384	1023	762	420	939
896	384	1023	815	425	940
960	384	1023	868	431	941
1023	384	1023	920	437	942
0	448	1023	293	448	937
64	448	1023	297	448	937
128	448	1023	309	448	937
192	448	1023	331	449	937
256	448	1023	359	450	937
320	448	1023	395	452	938
384	448	1023	434	454	938
448	448	1023	477	456	938
512	448	1023	522	458	938
576	448	1023	569	461	939
640	448	1023	618	464	939
704	448	1023	666	468	940
768	448	1023	717	472	940
832	448	1023	770	476	941
896	448	1023	822	480	942
960	448	1023	874	485	943
1023	448	1023	926	491	944
0	512	1023	319	509	939
64	512	1023	322	509	939
128	512	1023	334	509	939
192	512	1023	353	510	939
256	512	1023	381	511	940
320	512	1023	413	512	940
384	512	1023	451	514	940
448	512	1023	491	516	940
512	512	1023	535	518	941
576	512	1023	582	520	941
640	512	1023	629	524	942
704	512	1023	676	527	942
768	512	1023	726	530	943
832	512	1023	779	534	944
896	512	1023	829	538	944
960	512	1023	881	542	945
1023	512	1023	932	547	946
0	576	1023	347	572	942
64	576	1023	350	572	942
128	576	1023	360	572	942
192	576	1023	378	573	942
256	576	1023	403	574	942
320	576	1023	433	575	943
384	576	1023	469	576	943
448	576	1023	508	578	943
512	576	1023	550	581	944
576	576	1023	596	583	944
640	576	1023	641	586	944
704	576	1023	688	588	945
768	576	1023	736	592	946
832	576	1023	789	595	946
896	576	1023	838	598	947
960	576	1023	889	603	948
1023	576	1023	940	607	949
0	640	1023	375	633	945
64	640	1023	378	633	945
128	640	1023	388	634	945
192	640	1023	404	634	946
256	640	1023	427	635	946
320	640	1023	455	636	946
384	640	1023	489	637	946
448	640	1023	526	638	946
512	640	1023	567	640	947
576	640	1023	611	642	947
640	640	1023	654	643	947
704	640	1023	700	646	948
768	640	1023	749	649	949
832	640	1023	800	651	949
896	640	1023	849	654	950
960	640	1023	899	658	951
1023	640	1023	949	661	952
0	704	1023	405	693	949
64	704	1023	407	694	949
128	704	1023	416	694	949
192	704	1023	431	694	949
256	704	1023	451	695	949
320	704	1023	478	696	949
384	704	1023	510	697	949
448	704	1023	545	698	949
512	704	1023	585	700	950
576	704	1023	626	702	950
640	704	1023	669	704	951
704	704	1023	714	706	951
768	704	1023	762	709	952
832	704	1023	811	711	953
896	704	1023	860	714	953
960	704	1023	909	717	954
1023	704	1023	958	721	955
0	768	1023	434	756	952
64	768	1023	436	756	952
128	768	1023	444	756	952
192	768	1023	458	756	952
256	768	1023	477	757	952
320	768	1023	502	758	952
384	768	1023	532	759	953
448	768	1023	566	760	953
512	768	1023	605	762	953
576	768	1023	643	764	954
640	768	1023	685	766	954
704	768	1023	729	768	955
768	768	1023	777	771	956
832	768	1023	824	774	956
896	768	1023	872	776	957
960	768	1023	921	779	958
1023	768	1023	969	783	959
0	832	1023	464	820	956
64	832	1023	466	820	956
128	832	1023	473	820	956
192	832	1023	486	820	956
256	832	1023	504	821	957
320	832	1023	528	821	957
384	832	1023	556	822	957
448	832	1023	589	823	957
512	832	1023	625	825	958
576	832	1023	662	826	958
640	832	1023	703	828	959
704	832	1023	746	830	960
768	832	1023	793	832	960
832	832	1023	838	834	961
896	832	1023	885	837	961
960	832	1023	934	839	962
1023	832	1023	981	842	964
0	896	1023	494	880	961
64	896	1023	496	880	961
128	896	1023	503	880	961
192	896	1023	515	880	961
256	896	1023	532	881	961
320	896	1023	554	882	961
384	896	1023	582	883	962
448	896	1023	613	884	961
512	896	1023	646	885	962
576	896	1023	682	886	962
640	896	1023	722	888	963
704	896	1023	765	890	964
768	896	1023	810	892	965
832	896	1023	854	894	965
896	896	1023	899	895	966
960	896	1023	947	899	968
1023	896	1023	994	902	968
0	960	1023	525	941	966
64	960	1023	526	941	966
128	960	1023	533	941	966
192	960	1023	544	942	966
256	960	1023	560	942	966
320	960	1023	582	943	966
384	960	1023	608	944	966
448	960	1023	636	945	967
512	960	1023	668	946	967
576	960	1023	703	948	968
640	960	1023	741	949	968
704	960	1023	785	951	969
768	960	1023	826	953	970
832	960	1023	870	955	970
896	960	1023	916	958	971
960	960	1023	961	961	972
1023	960	1023	1007	963	973
0	1023	1023	556	1005	971
64	1023	1023	557	1005	971
128	1023	1023	563	1005	971
192	1023	1023	574	1005	971
256	1023	1023	590	1006	971
320	1023	1023	610	1006	971
384	1023	1023	633	1007	972
448	1023	1023	660	1008	972
512	1023	1023	691	1009	973
576	1023	1023	725	1010	973
640	1023	1023	763	1012	973
704	1023	1023	804	1013	974
768	1023	1023	845	1015	975
832	1023	1023	887	1017	975
896	1023	1023	932	1019	976
960	1023	1023	976	1021	977
1023	1023	1023	1021	1023	978
