0	0	0	0	0	0
64	0	0	57	0	0
128	0	0	113	32	23
192	0	0	170	44	32
256	0	0	226	57	38
320	0	0	283	69	53
384	0	0	340	85	60
448	0	0	396	101	69
512	0	0	451	114	80
576	0	0	505	128	89
640	0	0	561	143	99
704	0	0	617	157	109
768	0	0	670	170	119
832	0	0	725	185	128
896	0	0	783	199	138
960	0	0	837	213	148
1023	0	0	892	226	157
0	64	0	32	63	23
64	64	0	63	63	23
128	64	0	116	66	23
192	64	0	172	75	32
256	64	0	228	82	48
320	64	0	284	93	57
384	64	0	341	104	63
448	64	0	397	116	72
512	64	0	451	128	82
576	64	0	506	139	91
640	64	0	561	153	99
704	64	0	617	166	111
768	64	0	671	179	119
832	64	0	726	193	129
896	64	0	783	207	139
960	64	0	838	219	149
1023	64	0	892	233	158
0	128	0	66	128	38
64	128	0	85	128	38
128	128	0	129	129	48
192	128	0	179	132	53
256	128	0	234	137	57
320	128	0	289	142	63
384	128	0	344	150	69
448	128	0	399	157	77
512	128	0	454	165	87
576	128	0	508	175	95
640	128	0	563	186	106
704	128	0	619	197	114
768	128	0	672	207	123
832	128	0	727	218	132
896	128	0	785	230	143
960	128	0	839	242	151
1023	128	0	893	253	161
0	192	0	101	190	63
64	192	0	111	191	63
128	192	0	147	192	63
192	192	0	193	193	66
256	192	0	243	196	72
320	192	0	296	201	75
384	192	0	350	205	82
448	192	0	405	211	89
512	192	0	458	217	95
576	192	0	512	224	103
640	192	0	567	232	113
704	192	0	622	240	120
768	192	0	675	249	129
832	192	0	730	258	139
896	192	0	787	267	148
960	192	0	841	277	157
1023	192	0	895	288	166
0	256	0	134	253	80
64	256	0	142	254	80
128	256	0	170	255	82
192	256	0	210	256	85
256	256	0	256	259	87
320	256	0	307	262	91
384	256	0	359	265	97
448	256	0	412	269	103
512	256	0	465	274	109
576	256	0	518	279	116
640	256	0	573	285	123
704	256	0	627	292	130
768	256	0	680	299	139
832	256	0	734	307	148
896	256	0	791	314	157
960	256	0	844	322	164
1023	256	0	898	330	173
0	320	0	167	317	101
64	320	0	174	317	101
128	320	0	196	318	103
192	320	0	231	319	104
256	320	0	273	321	106
320	320	0	321	323	109
384	320	0	370	326	114
448	320	0	421	330	119
512	320	0	473	333	123
576	320	0	525	337	130
640	320	0	579	342	137
704	320	0	632	347	143
768	320	0	685	353	150
832	320	0	738	359	159
896	320	0	795	365	166
960	320	0	848	372	173
1023	320	0	902	379	182
0	384	0	200	380	122
64	384	0	205	380	122
128	384	0	224	381	122
192	384	0	254	382	123
256	384	0	293	384	126
320	384	0	337	385	129
384	384	0	384	388	132
448	384	0	433	390	136
512	384	0	483	394	141
576	384	0	534	397	145
640	384	0	587	401	150
704	384	0	639	405	158
768	384	0	691	409	163
832	384	0	744	414	171
896	384	0	800	419	178
960	384	0	853	424	185
1023	384	0	906	430	192
0	448	0	232	441	142
64	448	0	238	441	142
128	448	0	254	442	141
192	448	0	280	442	142
256	448	0	315	443	144
320	448	0	355	445	148
384	448	0	400	447	150
448	448	0	447	449	153
512	448	0	495	451	158
576	448	0	545	454	162
640	448	0	597	457	166
704	448	0	647	460	173
768	448	0	699	464	178
832	448	0	752	469	184
896	448	0	807	473	191
960	448	0	859	477	198
1023	448	0	911	482	204
0	512	0	267	502	161
64	512	0	270	502	161
128	512	0	284	502	162
192	512	0	308	503	163
256	512	0	339	504	164
320	512	0	377	505	166
384	512	0	419	507	169
448	512	0	462	509	172
512	512	0	509	511	175
576	512	0	558	513	179
640	512	0	609	516	183
704	512	0	657	519	188
768	512	0	708	522	193
832	512	0	761	526	200
896	512	0	814	529	206
960	512	0	866	534	212
1023	512	0	918	538	218
0	576	0	300	565	181
64	576	0	304	565	181
128	576	0	316	565	181
192	576	0	337	566	182
256	576	0	365	567	184
320	576	0	400	568	186
384	576	0	438	570	188
448	576	0	480	571	190
512	576	0	525	573	193
576	576	0	572	575	198
640	576	0	621	578	201
704	576	0	668	581	206
768	576	0	718	584	209
832	576	0	771	587	215
896	576	0	822	591	221
960	576	0	874	595	226
1023	576	0	926	599	232
0	640	0	334	626	201
64	640	0	337	626	201
128	640	0	348	626	201
192	640	0	366	627	202
256	640	0	392	628	204
320	640	0	424	628	206
384	640	0	460	629	207
448	640	0	500	631	209
512	640	0	542	632	212
576	640	0	588	634	215
640	640	0	635	636	218
704	640	0	682	638	223
768	640	0	731	641	227
832	640	0	783	644	232
896	640	0	832	646	236
960	640	0	884	649	242
1023	640	0	935	653	248
0	704	0	368	686	221
64	704	0	370	686	221
128	704	0	380	686	221
192	704	0	397	687	222
256	704	0	420	687	223
320	704	0	449	688	225
384	704	0	483	689	226
448	704	0	520	690	228
512	704	0	561	691	230
576	704	0	606	693	234
640	704	0	649	695	237
704	704	0	695	697	240
768	704	0	743	700	245
832	704	0	796	703	249
896	704	0	844	705	253
960	704	0	894	708	259
1023	704	0	944	712	263
0	768	0	401	747	241
64	768	0	404	747	241
128	768	0	412	747	242
192	768	0	427	748	242
256	768	0	448	749	243
320	768	0	475	749	244
384	768	0	506	751	246
448	768	0	542	752	248
512	768	0	582	753	250
576	768	0	624	755	253
640	768	0	665	757	256
704	768	0	711	759	259
768	768	0	758	762	263
832	768	0	807	764	267
896	768	0	856	767	271
960	768	0	905	770	276
1023	768	0	954	774	280
0	832	0	433	811	261
64	832	0	435	811	261
128	832	0	443	811	262
192	832	0	457	811	262
256	832	0	476	811	263
320	832	0	501	812	264
384	832	0	531	813	265
448	832	0	565	814	267
512	832	0	603	816	270
576	832	0	642	817	272
640	832	0	683	819	275
704	832	0	727	821	278
768	832	0	775	823	281
832	832	0	821	825	284
896	832	0	869	827	289
960	832	0	918	830	293
1023	832	0	966	833	298
0	896	0	466	871	282
64	896	0	468	871	282
128	896	0	475	871	282
192	896	0	488	872	282
256	896	0	506	872	283
320	896	0	529	873	284
384	896	0	558	874	285
448	896	0	591	875	288
512	896	0	626	876	290
576	896	0	662	877	292
640	896	0	703	879	294
704	896	0	746	881	297
768	896	0	793	883	300
832	896	0	837	884	303
896	896	0	884	887	307
960	896	0	933	890	311
1023	896	0	979	893	315
0	960	0	498	932	302
64	960	0	500	932	302
128	960	0	507	933	303
192	960	0	518	933	303
256	960	0	536	934	304
320	960	0	558	935	305
384	960	0	585	935	306
448	960	0	615	936	308
512	960	0	648	937	309
576	960	0	684	939	311
640	960	0	723	941	313
704	960	0	766	943	316
768	960	0	810	944	318
832	960	0	854	946	322
896	960	0	900	948	325
960	960	0	946	951	329
1023	960	0	992	954	332
0	1023	0	530	995	322
64	1023	0	532	995	322
128	1023	0	538	995	322
192	1023	0	549	996	322
256	1023	0	565	996	323
320	1023	0	587	997	324
384	1023	0	612	998	325
448	1023	0	640	998	327
512	1023	0	671	999	328
576	1023	0	707	1001	330
640	1023	0	744	1002	332
704	1023	0	787	1004	334
768	1023	0	828	1006	337
832	1023	0	871	1007	340
896	1023	0	916	1009	343
960	1023	0	961	1011	346
1023	1023	0	1006	1014	349
0	0	64	0	0	60
64	0	64	57	0	60
128	0	64	113	32	66
192	0	64	170	44	69
256	0	64	227	57	72
320	0	64	283	69	77
384	0	64	340	85	82
448	0	64	396	101	89
512	0	64	451	114	97
576	0	64	505	128	106
640	0	64	561	143	114
704	0	64	617	157	122
768	0	64	670	170	130
832	0	64	725	185	139
896	0	64	783	199	149
960	0	64	837	213	157
1023	0	64	892	226	167
0	64	64	32	63	66
64	64	64	63	63	66
128	64	64	117	66	66
192	64	64	172	75	69
256	64	64	229	82	75
320	64	64	284	93	80
384	64	64	340	104	85
448	64	64	397	116	91
512	64	64	451	128	99
576	64	64	506	141	108
640	64	64	561	153	114
704	64	64	617	166	123
768	64	64	670	179	132
832	64	64	726	193	141
896	64	64	783	207	149
960	64	64	838	219	158
1023	64	64	892	233	167
0	128	64	66	128	72
64	128	64	87	128	72
128	128	64	129	129	75
192	128	64	179	132	77
256	128	64	234	137	80
320	128	64	289	142	85
384	128	64	344	150	91
448	128	64	400	157	97
512	128	64	454	166	103
576	128	64	508	176	111
640	128	64	563	186	119
704	128	64	619	197	126
768	128	64	672	207	134
832	128	64	727	218	144
896	128	64	785	230	152
960	128	64	839	242	160
1023	128	64	893	253	170
0	192	64	101	190	85
64	192	64	113	191	85
128	192	64	147	192	85
192	192	64	193	193	87
256	192	64	243	196	91
320	192	64	296	201	95
384	192	64	350	205	99
448	192	64	405	211	106
512	192	64	458	217	113
576	192	64	512	224	119
640	192	64	567	232	125
704	192	64	622	240	133
768	192	64	675	249	141
832	192	64	730	258	149
896	192	64	787	268	157
960	192	64	841	277	166
1023	192	64	895	288	174
0	256	64	134	253	99
64	256	64	143	254	99
128	256	64	170	255	101
192	256	64	210	256	103
256	256	64	256	259	104
320	256	64	307	262	108
384	256	64	359	265	113
448	256	64	412	270	117
512	256	64	465	274	122
576	256	64	518	279	128
640	256	64	572	285	134
704	256	64	627	292	142
768	256	64	679	299	149
832	256	64	734	307	158
896	256	64	791	314	165
960	256	64	844	322	173
1023	256	64	898	330	181
0	320	64	167	317	114
64	320	64	174	317	114
128	320	64	196	318	116
192	320	64	231	319	117
256	320	64	273	321	119
320	320	64	321	323	122
384	320	64	371	327	128
448	320	64	422	330	132
512	320	64	473	333	136
576	320	64	525	337	141
640	320	64	579	342	147
704	320	64	632	347	152
768	320	64	685	353	160
832	320	64	738	359	167
896	320	64	795	365	175
960	320	64	848	372	182
1023	320	64	902	379	189
0	384	64	200	381	133
64	384	64	206	381	133
128	384	64	224	381	133
192	384	64	254	382	134
256	384	64	293	384	137
320	384	64	337	385	139
384	384	64	384	388	142
448	384	64	433	391	145
512	384	64	483	394	150
576	384	64	534	397	156
640	384	64	587	401	160
704	384	64	639	405	166
768	384	64	691	409	173
832	384	64	744	414	179
896	384	64	800	419	185
960	384	64	853	424	193
1023	384	64	906	430	199
0	448	64	233	441	151
64	448	64	238	441	151
128	448	64	254	442	151
192	448	64	280	443	152
256	448	64	315	443	155
320	448	64	356	445	157
384	448	64	400	447	159
448	448	64	447	449	162
512	448	64	495	451	166
576	448	64	545	454	171
640	448	64	597	457	175
704	448	64	647	460	180
768	448	64	699	465	186
832	448	64	752	469	192
896	448	64	806	473	198
960	448	64	859	477	205
1023	448	64	911	482	211
0	512	64	267	502	169
64	512	64	271	502	170
128	512	64	284	502	170
192	512	64	308	503	171
256	512	64	339	504	172
320	512	64	377	505	174
384	512	64	418	507	177
448	512	64	462	509	179
512	512	64	509	511	182
576	512	64	558	514	187
640	512	64	609	516	191
704	512	64	657	519	195
768	512	64	708	522	201
832	512	64	761	526	206
896	512	64	814	530	212
960	512	64	866	534	218
1023	512	64	918	538	224
0	576	64	300	565	188
64	576	64	304	565	188
128	576	64	316	566	188
192	576	64	337	566	189
256	576	64	365	567	191
320	576	64	400	568	193
384	576	64	438	570	195
448	576	64	480	571	198
512	576	64	525	573	201
576	576	64	572	575	204
640	576	64	621	578	207
704	576	64	668	581	212
768	576	64	718	584	217
832	576	64	771	587	221
896	576	64	822	591	226
960	576	64	874	595	232
1023	576	64	926	599	238
0	640	64	334	626	208
64	640	64	337	626	208
128	640	64	348	626	208
192	640	64	366	627	209
256	640	64	393	628	210
320	640	64	424	629	212
384	640	64	460	630	213
448	640	64	500	631	215
512	640	64	542	632	218
576	640	64	588	634	222
640	640	64	635	636	225
704	640	64	682	638	229
768	640	64	731	641	233
832	640	64	783	644	238
896	640	64	832	646	242
960	640	64	884	649	247
1023	640	64	935	653	253
0	704	64	368	686	228
64	704	64	370	686	228
128	704	64	380	686	228
192	704	64	397	687	228
256	704	64	420	687	230
320	704	64	449	688	231
384	704	64	483	689	232
448	704	64	520	690	234
512	704	64	561	691	237
576	704	64	606	693	240
640	704	64	649	695	242
704	704	64	695	697	247
768	704	64	743	700	250
832	704	64	796	703	255
896	704	64	844	705	259
960	704	64	893	708	263
1023	704	64	944	712	269
0	768	64	401	747	246
64	768	64	404	747	247
128	768	64	412	748	247
192	768	64	427	748	247
256	768	64	448	749	248
320	768	64	474	749	250
384	768	64	506	751	252
448	768	64	542	752	253
512	768	64	582	754	255
576	768	64	624	755	258
640	768	64	666	757	261
704	768	64	711	759	264
768	768	64	758	762	267
832	768	64	807	764	271
896	768	64	856	767	275
960	768	64	905	771	280
1023	768	64	954	774	284
0	832	64	433	811	266
64	832	64	435	811	266
128	832	64	443	811	266
192	832	64	457	811	267
256	832	64	476	812	268
320	832	64	501	812	269
384	832	64	531	813	271
448	832	64	565	814	272
512	832	64	603	816	274
576	832	64	642	817	276
640	832	64	684	819	279
704	832	64	727	821	282
768	832	64	775	823	286
832	832	64	821	825	289
896	832	64	869	827	293
960	832	64	918	830	297
1023	832	64	965	833	302
0	896	64	466	871	286
64	896	64	468	871	286
128	896	64	475	872	286
192	896	64	488	872	287
256	896	64	506	873	288
320	896	64	529	873	289
384	896	64	557	874	290
448	896	64	590	875	292
512	896	64	626	876	294
576	896	64	663	878	296
640	896	64	703	879	298
704	896	64	746	881	302
768	896	64	793	883	305
832	896	64	837	884	307
896	896	64	884	887	311
960	896	64	933	890	315
1023	896	64	979	893	319
0	960	64	498	932	306
64	960	64	500	933	307
128	960	64	507	933	307
192	960	64	519	934	307
256	960	64	536	934	308
320	960	64	558	935	308
384	960	64	585	935	310
448	960	64	615	936	311
512	960	64	648	938	313
576	960	64	684	939	315
640	960	64	723	941	317
704	960	64	766	943	320
768	960	64	810	944	322
832	960	64	854	946	326
896	960	64	900	948	329
960	960	64	947	951	332
1023	960	64	992	954	336
0	1023	64	530	995	326
64	1023	64	532	995	326
128	1023	64	538	995	326
192	1023	64	549	996	326
256	1023	64	565	996	327
320	1023	64	587	997	327
384	1023	64	613	998	329
448	1023	64	640	998	330
512	1023	64	671	999	331
576	1023	64	707	1001	333
640	1023	64	744	1002	336
704	1023	64	787	1004	337
768	1023	64	828	1006	340
832	1023	64	871	1007	343
896	1023	64	916	1009	346
960	1023	64	961	1011	350
1023	1023	64	1006	1014	353
0	0	128	23	0	122
64	0	128	60	0	123
128	0	128	114	32	125
192	0	128	171	44	126
256	0	128	228	57	128
320	0	128	284	69	130
384	0	128	340	87	134
448	0	128	396	101	139
512	0	128	451	114	143
576	0	128	505	128	148
640	0	128	561	143	153
704	0	128	617	157	159
768	0	128	670	171	165
832	0	128	725	185	173
896	0	128	783	200	179
960	0	128	837	214	188
1023	0	128	891	228	194
0	64	128	38	63	126
64	64	128	66	63	126
128	64	128	119	66	128
192	64	128	173	75	129
256	64	128	229	82	129
320	64	128	285	93	132
384	64	128	341	104	134
448	64	128	397	116	139
512	64	128	452	128	144
576	64	128	506	141	149
640	64	128	561	153	155
704	64	128	617	167	160
768	64	128	670	179	167
832	64	128	726	193	173
896	64	128	783	207	179
960	64	128	837	220	188
1023	64	128	892	233	195
0	128	128	69	128	129
64	128	128	89	128	130
128	128	128	130	129	130
192	128	128	180	132	132
256	128	128	234	137	133
320	128	128	289	143	134
384	128	128	345	150	139
448	128	128	400	157	143
512	128	128	454	166	147
576	128	128	508	176	151
640	128	128	563	186	157
704	128	128	619	197	162
768	128	128	672	207	169
832	128	128	727	219	176
896	128	128	785	230	182
960	128	128	839	242	190
1023	128	128	893	254	197
0	192	128	103	191	136
64	192	128	114	191	136
128	192	128	148	192	137
192	192	128	193	193	138
256	192	128	243	197	139
320	192	128	297	201	142
384	192	128	350	206	144
448	192	128	405	211	148
512	192	128	458	217	152
576	192	128	512	225	157
640	192	128	567	232	162
704	192	128	622	240	168
768	192	128	675	249	174
832	192	128	730	259	179
896	192	128	787	268	187
960	192	128	841	277	193
1023	192	128	895	288	200
0	256	128	136	254	144
64	256	128	144	255	144
128	256	128	171	255	144
192	256	128	211	257	145
256	256	128	257	259	148
320	256	128	307	262	150
384	256	128	359	266	152
448	256	128	412	270	156
512	256	128	465	274	159
576	256	128	518	280	164
640	256	128	572	286	169
704	256	128	627	292	174
768	256	128	679	299	180
832	256	128	734	307	187
896	256	128	791	314	193
960	256	128	844	322	200
1023	256	128	897	331	206
0	320	128	168	317	156
64	320	128	175	317	156
128	320	128	197	319	156
192	320	128	232	320	157
256	320	128	274	322	159
320	320	128	321	324	161
384	320	128	371	327	163
448	320	128	422	330	166
512	320	128	473	334	169
576	320	128	525	337	174
640	320	128	579	343	179
704	320	128	632	348	184
768	320	128	685	353	188
832	320	128	738	359	195
896	320	128	795	366	201
960	320	128	848	372	207
1023	320	128	901	379	214
0	384	128	201	381	168
64	384	128	206	381	168
128	384	128	225	382	169
192	384	128	255	382	170
256	384	128	293	384	171
320	384	128	337	386	172
384	384	128	385	388	175
448	384	128	433	391	178
512	384	128	483	394	181
576	384	128	534	397	185
640	384	128	587	401	189
704	384	128	639	405	194
768	384	128	691	409	199
832	384	128	744	414	205
896	384	128	800	419	210
960	384	128	853	425	216
1023	384	128	906	430	223
0	448	128	234	442	182
64	448	128	239	442	182
128	448	128	254	442	183
192	448	128	281	443	184
256	448	128	315	444	184
320	448	128	356	446	186
384	448	128	401	447	188
448	448	128	447	449	191
512	448	128	495	452	194
576	448	128	545	455	198
640	448	128	597	457	202
704	448	128	647	461	206
768	448	128	699	465	211
832	448	128	752	469	215
896	448	128	806	473	221
960	448	128	859	478	227
1023	448	128	910	483	233
0	512	128	267	502	198
64	512	128	271	502	198
128	512	128	285	503	198
192	512	128	308	503	198
256	512	128	340	505	200
320	512	128	378	506	202
384	512	128	419	507	203
448	512	128	463	509	206
512	512	128	509	511	209
576	512	128	558	514	212
640	512	128	609	516	215
704	512	128	657	520	220
768	512	128	708	523	223
832	512	128	760	527	228
896	512	128	813	530	234
960	512	128	866	534	239
1023	512	128	918	539	244
0	576	128	301	565	213
64	576	128	304	566	213
128	576	128	316	566	214
192	576	128	337	567	215
256	576	128	366	567	215
320	576	128	400	569	217
384	576	128	439	570	218
448	576	128	480	572	221
512	576	128	525	574	223
576	576	128	572	576	226
640	576	128	621	578	230
704	576	128	668	581	234
768	576	128	718	584	238
832	576	128	771	588	242
896	576	128	822	591	247
960	576	128	874	595	252
1023	576	128	926	600	257
0	640	128	334	626	230
64	640	128	337	626	230
128	640	128	348	627	231
192	640	128	367	627	232
256	640	128	393	628	232
320	640	128	424	629	234
384	640	128	460	630	235
448	640	128	500	631	237
512	640	128	542	633	240
576	640	128	588	634	242
640	640	128	635	636	245
704	640	128	682	639	249
768	640	128	730	641	253
832	640	128	783	644	256
896	640	128	832	646	261
960	640	128	883	649	266
1023	640	128	935	653	271
0	704	128	368	686	248
64	704	128	371	686	248
128	704	128	381	687	248
192	704	128	397	687	249
256	704	128	420	687	249
320	704	128	449	688	251
384	704	128	483	689	252
448	704	128	520	690	254
512	704	128	561	692	256
576	704	128	606	694	259
640	704	128	649	696	262
704	704	128	695	698	265
768	704	128	743	701	269
832	704	128	795	704	272
896	704	128	843	706	276
960	704	128	893	709	280
1023	704	128	943	712	285
0	768	128	401	748	265
64	768	128	404	748	265
128	768	128	412	748	265
192	768	128	427	748	266
256	768	128	448	749	267
320	768	128	474	750	268
384	768	128	506	751	270
448	768	128	542	753	271
512	768	128	582	754	274
576	768	128	623	755	276
640	768	128	665	757	278
704	768	128	711	760	282
768	768	128	758	762	285
832	768	128	807	765	288
896	768	128	855	768	292
960	768	128	905	771	296
1023	768	128	953	774	300
0	832	128	433	811	283
64	832	128	435	811	283
128	832	128	443	811	283
192	832	128	457	812	284
256	832	128	476	812	284
320	832	128	501	813	285
384	832	128	531	814	287
448	832	128	565	815	289
512	832	128	603	816	291
576	832	128	642	817	293
640	832	128	683	819	295
704	832	128	727	821	298
768	832	128	775	824	302
832	832	128	821	825	305
896	832	128	869	828	308
960	832	128	918	830	312
1023	832	128	966	833	317
0	896	128	466	872	302
64	896	128	468	872	302
128	896	128	475	872	303
192	896	128	488	872	303
256	896	128	506	873	304
320	896	128	529	874	305
384	896	128	557	875	306
448	896	128	591	875	308
512	896	128	626	877	309
576	896	128	663	878	311
640	896	128	703	879	313
704	896	128	746	881	316
768	896	128	793	883	319
832	896	128	837	885	321
896	896	128	884	888	325
960	896	128	933	890	329
1023	896	128	979	893	333
0	960	128	499	933	321
64	960	128	500	933	321
128	960	128	507	933	321
192	960	128	519	934	321
256	960	128	536	934	322
320	960	128	558	935	323
384	960	128	585	936	324
448	960	128	615	936	325
512	960	128	648	938	327
576	960	128	684	939	329
640	960	128	723	941	331
704	960	128	766	943	334
768	960	128	810	944	336
832	960	128	854	946	339
896	960	128	900	948	342
960	960	128	947	951	345
1023	960	128	992	954	349
0	1023	128	531	995	339
64	1023	128	532	995	339
128	1023	128	538	995	339
192	1023	128	549	996	339
256	1023	128	566	996	340
320	1023	128	587	997	341
384	1023	128	613	998	342
448	1023	128	640	998	343
512	1023	128	671	1000	345
576	1023	128	707	1001	347
640	1023	128	744	1002	348
704	1023	128	787	1004	351
768	1023	128	828	1006	353
832	1023	128	871	1007	355
896	1023	128	916	1009	359
960	1023	128	961	1011	362
1023	1023	128	1006	1014	365
0	0	192	38	0	184
64	0	192	66	0	184
128	0	192	117	32	187
192	0	192	173	44	188
256	0	192	228	57	188
320	0	192	284	69	190
384	0	192	341	87	193
448	0	192	397	101	195
512	0	192	451	114	198
576	0	192	506	129	201
640	0	192	561	143	205
704	0	192	617	158	209
768	0	192	670	172	214
832	0	192	725	186	219
896	0	192	783	200	224
960	0	192	837	214	230
1023	0	192	891	228	236
0	64	192	48	63	187
64	64	192	72	63	187
128	64	192	120	66	188
192	64	192	175	75	188
256	64	192	230	82	189
320	64	192	286	93	191
384	64	192	342	104	193
448	64	192	398	116	195
512	64	192	452	129	198
576	64	192	506	141	202
640	64	192	562	153	206
704	64	192	617	167	209
768	64	192	670	179	215
832	64	192	725	193	219
896	64	192	783	208	225
960	64	192	837	220	230
1023	64	192	891	234	236
0	128	192	75	128	188
64	128	192	93	128	188
128	128	192	133	129	189
192	128	192	182	133	190
256	128	192	236	137	191
320	128	192	290	143	193
384	128	192	345	150	195
448	128	192	400	158	198
512	128	192	454	167	200
576	128	192	509	176	203
640	128	192	564	187	207
704	128	192	619	197	211
768	128	192	672	207	216
832	128	192	727	219	221
896	128	192	784	232	227
960	128	192	838	243	232
1023	128	192	892	255	238
0	192	192	106	191	193
64	192	192	117	191	193
128	192	192	150	193	193
192	192	192	195	194	193
256	192	192	245	197	195
320	192	192	297	202	197
384	192	192	351	206	198
448	192	192	405	212	201
512	192	192	459	218	204
576	192	192	512	225	207
640	192	192	567	232	211
704	192	192	622	241	215
768	192	192	675	250	220
832	192	192	729	259	224
896	192	192	787	269	230
960	192	192	840	279	235
1023	192	192	894	289	240
0	256	192	138	255	198
64	256	192	145	255	199
128	256	192	173	256	199
192	256	192	212	257	199
256	256	192	258	259	200
320	256	192	308	263	202
384	256	192	360	266	204
448	256	192	413	270	206
512	256	192	465	275	209
576	256	192	518	281	212
640	256	192	573	286	216
704	256	192	626	293	220
768	256	192	679	300	225
832	256	192	733	308	230
896	256	192	791	315	235
960	256	192	843	322	240
1023	256	192	897	331	245
0	320	192	170	318	206
64	320	192	177	318	207
128	320	192	198	319	207
192	320	192	232	321	208
256	320	192	275	322	209
320	320	192	322	324	210
384	320	192	371	327	212
448	320	192	422	331	215
512	320	192	473	334	217
576	320	192	525	338	220
640	320	192	579	343	223
704	320	192	632	348	227
768	320	192	684	354	232
832	320	192	738	360	236
896	320	192	794	366	242
960	320	192	847	373	247
1023	320	192	900	380	252
0	384	192	202	381	216
64	384	192	208	382	216
128	384	192	226	382	217
192	384	192	256	383	217
256	384	192	294	385	218
320	384	192	338	386	219
384	384	192	385	389	221
448	384	192	433	392	223
512	384	192	483	395	225
576	384	192	534	398	228
640	384	192	587	402	232
704	384	192	639	406	236
768	384	192	691	410	240
832	384	192	744	415	244
896	384	192	800	420	248
960	384	192	852	425	254
1023	384	192	905	431	259
0	448	192	235	443	227
64	448	192	240	443	227
128	448	192	255	443	228
192	448	192	282	443	228
256	448	192	316	445	228
320	448	192	357	446	230
384	448	192	401	448	231
448	448	192	447	450	234
512	448	192	495	452	236
576	448	192	545	456	239
640	448	192	597	458	242
704	448	192	647	462	245
768	448	192	699	466	249
832	448	192	751	470	253
896	448	192	806	474	258
960	448	192	858	479	263
1023	448	192	910	483	267
0	512	192	269	503	239
64	512	192	272	503	239
128	512	192	286	503	239
192	512	192	309	504	239
256	512	192	340	505	241
320	512	192	378	507	242
384	512	192	419	508	243
448	512	192	463	510	245
512	512	192	509	512	247
576	512	192	558	515	250
640	512	192	608	517	253
704	512	192	657	520	256
768	512	192	708	524	260
832	512	192	760	527	264
896	512	192	813	531	268
960	512	192	865	535	272
1023	512	192	917	540	277
0	576	192	301	566	252
64	576	192	305	566	252
128	576	192	317	567	252
192	576	192	337	567	252
256	576	192	366	568	253
320	576	192	401	570	255
384	576	192	439	571	256
448	576	192	480	572	258
512	576	192	525	574	260
576	576	192	572	576	262
640	576	192	621	579	265
704	576	192	668	582	269
768	576	192	718	585	272
832	576	192	770	589	276
896	576	192	821	592	280
960	576	192	873	596	284
1023	576	192	925	601	288
0	640	192	335	627	266
64	640	192	338	627	266
128	640	192	348	628	266
192	640	192	367	628	267
256	640	192	393	629	267
320	640	192	424	630	269
384	640	192	460	630	270
448	640	192	500	632	271
512	640	192	542	633	274
576	640	192	588	635	276
640	640	192	634	637	279
704	640	192	681	639	282
768	640	192	730	642	285
832	640	192	783	645	288
896	640	192	831	647	292
960	640	192	883	650	296
1023	640	192	934	654	300
0	704	192	368	687	281
64	704	192	371	687	281
128	704	192	381	687	281
192	704	192	397	688	281
256	704	192	421	688	282
320	704	192	449	689	283
384	704	192	483	690	284
448	704	192	520	691	286
512	704	192	561	693	288
576	704	192	606	694	290
640	704	192	649	696	292
704	704	192	695	699	295
768	704	192	743	701	299
832	704	192	795	704	302
896	704	192	843	707	305
960	704	192	893	709	309
1023	704	192	943	713	313
0	768	192	401	748	296
64	768	192	404	748	296
128	768	192	412	749	296
192	768	192	427	749	296
256	768	192	448	750	297
320	768	192	474	750	298
384	768	192	506	752	300
448	768	192	542	753	301
512	768	192	582	755	303
576	768	192	623	756	305
640	768	192	665	758	307
704	768	192	710	760	309
768	768	192	758	763	312
832	768	192	807	765	316
896	768	192	855	768	319
960	768	192	905	771	323
1023	768	192	953	775	327
0	832	192	433	811	311
64	832	192	436	812	311
128	832	192	443	812	312
192	832	192	457	812	312
256	832	192	477	813	313
320	832	192	501	813	314
384	832	192	531	814	315
448	832	192	565	815	317
512	832	192	603	816	318
576	832	192	642	818	320
640	832	192	684	820	322
704	832	192	727	822	325
768	832	192	775	824	328
832	832	192	821	825	331
896	832	192	869	828	334
960	832	192	918	831	337
1023	832	192	966	834	341
0	896	192	467	872	329
64	896	192	469	872	329
128	896	192	476	872	329
192	896	192	488	872	329
256	896	192	506	873	330
320	896	192	530	874	331
384	896	192	558	875	332
448	896	192	591	876	333
512	896	192	626	877	334
576	896	192	663	878	336
640	896	192	703	879	338
704	896	192	746	882	341
768	896	192	793	883	343
832	896	192	837	885	346
896	896	192	885	888	349
960	896	192	933	890	353
1023	896	192	979	893	356
0	960	192	499	933	346
64	960	192	501	933	346
128	960	192	508	933	346
192	960	192	519	934	346
256	960	192	536	934	347
320	960	192	558	935	347
384	960	192	585	936	348
448	960	192	616	936	349
512	960	192	648	938	350
576	960	192	684	939	353
640	960	192	724	941	355
704	960	192	766	943	357
768	960	192	810	944	359
832	960	192	854	946	362
896	960	192	900	948	365
960	960	192	947	951	368
1023	960	192	992	954	371
0	1023	192	531	995	362
64	1023	192	533	995	362
128	1023	192	538	996	362
192	1023	192	550	996	363
256	1023	192	566	996	363
320	1023	192	587	997	364
384	1023	192	613	998	365
448	1023	192	640	999	366
512	1023	192	672	1000	367
576	1023	192	707	1001	369
640	1023	192	744	1002	371
704	1023	192	787	1004	373
768	1023	192	828	1006	375
832	1023	192	871	1007	377
896	1023	192	917	1010	380
960	1023	192	961	1011	383
1023	1023	192	1006	1014	386
0	0	256	53	0	246
64	0	256	75	23	247
128	0	256	122	32	247
192	0	256	176	44	248
256	0	256	230	57	248
320	0	256	286	69	250
384	0	256	341	87	251
448	0	256	398	101	253
512	0	256	452	114	256
576	0	256	506	129	258
640	0	256	561	143	261
704	0	256	617	158	264
768	0	256	670	172	268
832	0	256	725	187	271
896	0	256	782	201	275
960	0	256	837	215	280
1023	0	256	890	228	284
0	64	256	60	63	247
64	64	256	82	63	248
128	64	256	125	69	248
192	64	256	178	75	248
256	64	256	232	85	248
320	64	256	287	93	250
384	64	256	343	104	252
448	64	256	398	116	253
512	64	256	453	129	256
576	64	256	507	141	258
640	64	256	562	155	261
704	64	256	617	167	264
768	64	256	670	180	268
832	64	256	725	194	272
896	64	256	783	208	276
960	64	256	837	222	281
1023	64	256	891	235	285
0	128	256	85	128	249
64	128	256	97	128	249
128	128	256	137	129	250
192	128	256	185	133	250
256	128	256	237	138	251
320	128	256	291	143	252
384	128	256	346	150	253
448	128	256	401	159	255
512	128	256	455	167	258
576	128	256	509	177	260
640	128	256	564	187	262
704	128	256	619	198	266
768	128	256	672	208	270
832	128	256	727	220	273
896	128	256	784	232	277
960	128	256	838	243	282
1023	128	256	891	255	286
0	192	256	111	192	252
64	192	256	120	192	252
128	192	256	153	193	252
192	192	256	198	195	253
256	192	256	247	198	253
320	192	256	299	202	254
384	192	256	352	206	256
448	192	256	406	212	258
512	192	256	459	218	260
576	192	256	512	225	263
640	192	256	567	233	266
704	192	256	622	242	268
768	192	256	675	250	272
832	192	256	729	260	276
896	192	256	787	270	280
960	192	256	840	279	284
1023	192	256	893	289	289
0	256	256	141	255	256
64	256	256	149	256	256
128	256	256	176	256	256
192	256	256	214	258	257
256	256	256	260	260	258
320	256	256	309	263	258
384	256	256	361	267	260
448	256	256	413	271	262
512	256	256	465	276	264
576	256	256	518	281	267
640	256	256	573	287	270
704	256	256	626	294	272
768	256	256	679	301	277
832	256	256	733	308	281
896	256	256	790	316	284
960	256	256	843	324	289
1023	256	256	896	332	293
0	320	256	173	319	263
64	320	256	179	320	263
128	320	256	201	320	263
192	320	256	234	322	264
256	320	256	276	323	265
320	320	256	322	325	265
384	320	256	372	328	266
448	320	256	423	331	268
512	320	256	473	335	271
576	320	256	526	339	273
640	320	256	579	344	276
704	320	256	632	349	279
768	320	256	684	355	282
832	320	256	737	361	285
896	320	256	794	367	289
960	320	256	846	374	293
1023	320	256	899	381	298
0	384	256	205	382	270
64	384	256	209	383	271
128	384	256	228	384	271
192	384	256	258	384	271
256	384	256	295	386	271
320	384	256	339	387	272
384	384	256	386	390	274
448	384	256	434	393	275
512	384	256	484	395	277
576	384	256	534	399	279
640	384	256	587	402	282
704	384	256	638	407	285
768	384	256	690	411	289
832	384	256	743	416	292
896	384	256	799	421	296
960	384	256	851	426	300
1023	384	256	904	432	304
0	448	256	236	443	279
64	448	256	241	443	279
128	448	256	257	444	279
192	448	256	283	444	280
256	448	256	317	446	279
320	448	256	357	447	280
384	448	256	402	450	282
448	448	256	448	451	284
512	448	256	496	454	285
576	448	256	545	457	288
640	448	256	597	460	290
704	448	256	647	463	293
768	448	256	699	467	296
832	448	256	751	471	300
896	448	256	805	475	303
960	448	256	858	480	308
1023	448	256	909	484	311
0	512	256	269	504	288
64	512	256	274	504	288
128	512	256	287	504	289
192	512	256	310	505	289
256	512	256	341	506	289
320	512	256	379	508	290
384	512	256	420	510	291
448	512	256	463	511	293
512	512	256	509	513	295
576	512	256	558	516	297
640	512	256	608	518	300
704	512	256	657	521	302
768	512	256	707	525	305
832	512	256	760	528	308
896	512	256	813	532	311
960	512	256	864	536	315
1023	512	256	917	540	319
0	576	256	303	567	298
64	576	256	306	567	299
128	576	256	318	568	299
192	576	256	339	568	299
256	576	256	367	569	300
320	576	256	401	571	301
384	576	256	439	572	302
448	576	256	481	573	304
512	576	256	525	575	305
576	576	256	572	577	307
640	576	256	620	580	309
704	576	256	668	583	312
768	576	256	718	586	315
832	576	256	770	589	318
896	576	256	821	593	322
960	576	256	873	596	325
1023	576	256	925	601	329
0	640	256	336	628	310
64	640	256	339	628	310
128	640	256	349	628	310
192	640	256	368	629	311
256	640	256	394	630	311
320	640	256	425	630	312
384	640	256	461	631	313
448	640	256	500	633	315
512	640	256	542	634	316
576	640	256	588	636	318
640	640	256	634	638	320
704	640	256	681	640	323
768	640	256	730	643	326
832	640	256	783	645	329
896	640	256	831	647	332
960	640	256	883	651	335
1023	640	256	934	654	339
0	704	256	369	687	322
64	704	256	372	688	322
128	704	256	381	688	322
192	704	256	398	688	323
256	704	256	421	689	323
320	704	256	450	689	324
384	704	256	483	690	325
448	704	256	520	692	327
512	704	256	561	693	328
576	704	256	606	695	330
640	704	256	649	697	332
704	704	256	695	699	334
768	704	256	743	702	337
832	704	256	795	705	340
896	704	256	843	707	343
960	704	256	893	710	347
1023	704	256	943	713	350
0	768	256	402	749	335
64	768	256	405	749	335
128	768	256	413	749	335
192	768	256	428	749	336
256	768	256	448	750	336
320	768	256	475	750	337
384	768	256	507	752	338
448	768	256	542	754	339
512	768	256	582	755	341
576	768	256	624	756	343
640	768	256	666	758	345
704	768	256	711	761	347
768	768	256	758	763	349
832	768	256	807	765	352
896	768	256	855	768	355
960	768	256	905	772	358
1023	768	256	954	775	362
0	832	256	434	812	349
64	832	256	437	812	349
128	832	256	444	812	349
192	832	256	458	813	349
256	832	256	477	813	350
320	832	256	502	814	351
384	832	256	532	815	352
448	832	256	566	816	353
512	832	256	604	817	355
576	832	256	643	819	356
640	832	256	684	820	358
704	832	256	728	822	361
768	832	256	775	824	363
832	832	256	821	826	365
896	832	256	869	828	368
960	832	256	918	831	371
1023	832	256	966	834	374
0	896	256	467	872	363
64	896	256	469	872	364
128	896	256	476	872	364
192	896	256	489	873	364
256	896	256	507	873	365
320	896	256	530	874	365
384	896	256	558	875	366
448	896	256	591	876	368
512	896	256	626	877	368
576	896	256	663	878	370
640	896	256	703	880	372
704	896	256	746	882	375
768	896	256	793	883	376
832	896	256	838	885	379
896	896	256	885	888	382
960	896	256	933	890	385
1023	896	256	979	893	388
0	960	256	500	933	378
64	960	256	501	933	378
128	960	256	508	934	379
192	960	256	519	934	379
256	960	256	537	935	379
320	960	256	559	935	380
384	960	256	586	936	381
448	960	256	616	937	382
512	960	256	649	938	384
576	960	256	685	939	385
640	960	256	724	941	387
704	960	256	767	943	389
768	960	256	810	945	391
832	960	256	855	947	393
896	960	256	899	948	396
960	960	256	947	952	399
1023	960	256	993	955	402
0	1023	256	532	996	393
64	1023	256	533	996	393
128	1023	256	539	996	394
192	1023	256	550	996	394
256	1023	256	566	997	394
320	1023	256	587	997	395
384	1023	256	613	998	396
448	1023	256	640	999	397
512	1023	256	672	1000	398
576	1023	256	707	1001	400
640	1023	256	744	1002	402
704	1023	256	787	1004	403
768	1023	256	829	1006	406
832	1023	256	871	1007	407
896	1023	256	917	1010	410
960	1023	256	962	1012	412
1023	1023	256	1007	1014	415
0	0	320	66	0	308
64	0	320	87	23	311
128	0	320	128	32	311
192	0	320	179	44	311
256	0	320	233	57	312
320	0	320	288	75	312
384	0	320	343	87	313
448	0	320	398	101	314
512	0	320	453	116	316
576	0	320	507	129	318
640	0	320	562	144	320
704	0	320	617	158	322
768	0	320	670	173	325
832	0	320	725	188	328
896	0	320	783	201	331
960	0	320	837	215	335
1023	0	320	890	229	338
0	64	320	72	63	311
64	64	320	91	63	311
128	64	320	130	69	311
192	64	320	181	77	312
256	64	320	234	85	312
320	64	320	289	93	312
384	64	320	344	104	313
448	64	320	399	117	315
512	64	320	454	129	316
576	64	320	508	142	318
640	64	320	563	155	320
704	64	320	618	168	322
768	64	320	671	181	325
832	64	320	726	194	329
896	64	320	783	209	332
960	64	320	837	222	335
1023	64	320	891	235	339
0	128	320	91	129	313
64	128	320	104	129	313
128	128	320	142	132	312
192	128	320	188	134	312
256	128	320	240	138	313
320	128	320	293	143	313
384	128	320	347	151	314
448	128	320	402	159	316
512	128	320	456	168	317
576	128	320	510	177	319
640	128	320	565	188	321
704	128	320	619	198	324
768	128	320	672	209	327
832	128	320	727	221	330
896	128	320	784	232	333
960	128	320	838	244	336
1023	128	320	892	256	340
0	192	320	116	193	315
64	192	320	126	193	314
128	192	320	158	193	315
192	192	320	199	195	315
256	192	320	249	199	315
320	192	320	300	202	315
384	192	320	353	208	317
448	192	320	407	212	318
512	192	320	460	219	319
576	192	320	513	226	321
640	192	320	568	234	323
704	192	320	622	242	326
768	192	320	675	251	329
832	192	320	730	261	331
896	192	320	787	270	335
960	192	320	840	280	338
1023	192	320	893	290	342
0	256	320	145	256	318
64	256	320	153	256	317
128	256	320	179	258	318
192	256	320	216	259	317
256	256	320	261	261	318
320	256	320	310	264	318
384	256	320	362	267	319
448	256	320	414	272	321
512	256	320	466	276	322
576	256	320	519	282	325
640	256	320	573	288	327
704	256	320	627	295	329
768	256	320	679	301	332
832	256	320	733	308	335
896	256	320	790	317	338
960	256	320	843	324	341
1023	256	320	896	332	345
0	320	320	176	320	322
64	320	320	182	320	322
128	320	320	204	321	322
192	320	320	237	322	322
256	320	320	278	324	323
320	320	320	324	327	323
384	320	320	373	329	324
448	320	320	424	332	326
512	320	320	474	336	327
576	320	320	526	340	329
640	320	320	580	345	331
704	320	320	632	350	334
768	320	320	684	355	337
832	320	320	738	361	339
896	320	320	794	368	342
960	320	320	847	374	346
1023	320	320	900	381	349
0	384	320	207	383	327
64	384	320	212	384	327
128	384	320	231	384	328
192	384	320	259	385	328
256	384	320	297	386	327
320	384	320	340	388	328
384	384	320	387	390	330
448	384	320	435	393	331
512	384	320	485	396	333
576	384	320	535	399	334
640	384	320	588	403	337
704	384	320	639	407	339
768	384	320	691	412	342
832	384	320	744	416	345
896	384	320	799	421	347
960	384	320	852	427	351
1023	384	320	904	432	354
0	448	320	239	444	334
64	448	320	243	444	334
128	448	320	259	444	334
192	448	320	284	445	334
256	448	320	319	447	334
320	448	320	359	448	335
384	448	320	403	450	337
448	448	320	449	452	338
512	448	320	496	454	339
576	448	320	546	457	341
640	448	320	598	460	343
704	448	320	647	463	345
768	448	320	699	467	348
832	448	320	751	471	350
896	448	320	806	475	353
960	448	320	858	480	357
1023	448	320	910	485	360
0	512	320	271	505	341
64	512	320	275	505	341
128	512	320	289	505	342
192	512	320	312	506	342
256	512	320	343	507	342
320	512	320	380	508	343
384	512	320	421	510	344
448	512	320	464	511	345
512	512	320	510	513	347
576	512	320	558	516	348
640	512	320	609	518	350
704	512	320	657	522	353
768	512	320	708	525	355
832	512	320	760	529	357
896	512	320	813	532	360
960	512	320	865	536	363
1023	512	320	917	541	366
0	576	320	304	567	349
64	576	320	308	567	349
128	576	320	319	568	350
192	576	320	340	568	350
256	576	320	368	569	350
320	576	320	402	570	351
384	576	320	440	572	353
448	576	320	481	573	354
512	576	320	526	575	355
576	576	320	573	578	357
640	576	320	621	580	359
704	576	320	669	583	361
768	576	320	718	586	363
832	576	320	771	590	366
896	576	320	822	593	369
960	576	320	874	597	371
1023	576	320	926	602	375
0	640	320	337	628	359
64	640	320	340	628	359
128	640	320	351	628	359
192	640	320	369	629	360
256	640	320	395	630	360
320	640	320	426	631	361
384	640	320	461	632	362
448	640	320	501	633	363
512	640	320	543	634	365
576	640	320	589	636	366
640	640	320	635	638	368
704	640	320	682	640	370
768	640	320	730	643	372
832	640	320	783	645	375
896	640	320	832	648	378
960	640	320	883	651	381
1023	640	320	934	654	384
0	704	320	370	687	369
64	704	320	373	687	369
128	704	320	382	688	370
192	704	320	399	688	370
256	704	320	422	689	370
320	704	320	451	690	372
384	704	320	484	691	372
448	704	320	521	692	373
512	704	320	562	693	375
576	704	320	606	695	376
640	704	320	650	697	378
704	704	320	696	699	380
768	704	320	743	702	382
832	704	320	795	705	385
896	704	320	843	707	387
960	704	320	894	710	390
1023	704	320	944	714	393
0	768	320	403	749	380
64	768	320	406	749	380
128	768	320	414	749	381
192	768	320	429	749	381
256	768	320	449	750	381
320	768	320	476	751	382
384	768	320	507	752	383
448	768	320	543	754	384
512	768	320	583	755	385
576	768	320	624	757	387
640	768	320	666	759	389
704	768	320	711	761	391
768	768	320	759	764	393
832	768	320	808	766	395
896	768	320	856	768	397
960	768	320	906	772	400
1023	768	320	954	776	403
0	832	320	436	813	392
64	832	320	438	813	392
128	832	320	445	813	392
192	832	320	459	813	393
256	832	320	478	813	393
320	832	320	503	814	394
384	832	320	532	815	395
448	832	320	567	816	396
512	832	320	605	817	397
576	832	320	644	819	399
640	832	320	685	821	400
704	832	320	728	822	403
768	832	320	776	825	404
832	832	320	822	826	406
896	832	320	870	828	409
960	832	320	919	831	412
1023	832	320	966	834	414
0	896	320	468	873	405
64	896	320	470	873	405
128	896	320	477	873	406
192	896	320	489	873	406
256	896	320	508	874	406
320	896	320	531	874	407
384	896	320	559	875	408
448	896	320	592	876	409
512	896	320	626	877	409
576	896	320	663	878	411
640	896	320	704	880	412
704	896	320	747	882	414
768	896	320	793	883	416
832	896	320	838	886	418
896	896	320	885	888	421
960	896	320	933	891	424
1023	896	320	979	894	426
0	960	320	500	934	418
64	960	320	502	934	418
128	960	320	509	934	418
192	960	320	520	934	419
256	960	320	537	935	419
320	960	320	559	936	420
384	960	320	586	936	420
448	960	320	617	937	421
512	960	320	649	939	422
576	960	320	685	940	424
640	960	320	725	942	425
704	960	320	767	944	427
768	960	320	811	945	429
832	960	320	855	947	431
896	960	320	900	949	432
960	960	320	947	952	435
1023	960	320	994	956	438
0	1023	320	532	996	431
64	1023	320	534	996	431
128	1023	320	540	997	431
192	1023	320	551	997	431
256	1023	320	567	997	432
320	1023	320	588	998	432
384	1023	320	613	998	433
448	1023	320	641	999	434
512	1023	320	672	1000	435
576	1023	320	707	1002	436
640	1023	320	745	1003	438
704	1023	320	788	1005	439
768	1023	320	829	1006	441
832	1023	320	872	1008	443
896	1023	320	917	1010	445
960	1023	320	962	1013	447
1023	1023	320	1007	1015	450
0	0	384	80	0	370
64	0	384	95	23	371
128	0	384	134	32	371
192	0	384	184	44	372
256	0	384	236	57	372
320	0	384	291	75	372
384	0	384	345	87	373
448	0	384	400	101	374
512	0	384	454	116	375
576	0	384	508	130	377
640	0	384	563	144	379
704	0	384	618	159	381
768	0	384	672	173	383
832	0	384	726	188	385
896	0	384	784	202	388
960	0	384	837	215	391
1023	0	384	891	229	394
0	64	384	87	63	371
64	64	384	99	66	371
128	64	384	138	69	371
192	64	384	186	77	372
256	64	384	238	85	372
320	64	384	292	95	372
384	64	384	346	104	373
448	64	384	401	117	374
512	64	384	455	129	376
576	64	384	509	142	377
640	64	384	564	155	379
704	64	384	619	168	381
768	64	384	672	182	384
832	64	384	727	195	386
896	64	384	784	209	388
960	64	384	838	222	391
1023	64	384	891	236	394
0	128	384	101	129	372
64	128	384	113	130	372
128	128	384	147	132	372
192	128	384	192	134	373
256	128	384	242	138	373
320	128	384	295	144	373
384	128	384	349	151	374
448	128	384	404	160	375
512	128	384	457	168	376
576	128	384	511	177	378
640	128	384	566	188	380
704	128	384	620	198	382
768	128	384	673	209	384
832	128	384	728	221	387
896	128	384	785	233	389
960	128	384	839	244	392
1023	128	384	892	256	395
0	192	384	123	193	374
64	192	384	133	193	374
128	192	384	162	193	374
192	192	384	204	196	374
256	192	384	252	199	375
320	192	384	302	202	375
384	192	384	355	208	376
448	192	384	409	214	377
512	192	384	461	220	378
576	192	384	515	227	380
640	192	384	569	235	382
704	192	384	623	243	384
768	192	384	676	251	386
832	192	384	730	261	388
896	192	384	788	271	391
960	192	384	840	280	394
1023	192	384	894	290	397
0	256	384	151	256	377
64	256	384	159	256	377
128	256	384	183	258	377
192	256	384	220	259	377
256	256	384	264	262	378
320	256	384	313	265	378
384	256	384	364	269	379
448	256	384	416	272	380
512	256	384	467	277	381
576	256	384	520	283	382
640	256	384	574	289	384
704	256	384	628	295	386
768	256	384	680	302	389
832	256	384	734	309	392
896	256	384	791	317	394
960	256	384	843	324	397
1023	256	384	897	333	400
0	320	384	180	320	381
64	320	384	187	321	381
128	320	384	206	321	381
192	320	384	240	322	382
256	320	384	280	324	382
320	320	384	326	327	382
384	320	384	375	329	383
448	320	384	425	333	384
512	320	384	475	336	385
576	320	384	527	340	387
640	320	384	581	345	389
704	320	384	633	350	390
768	320	384	685	356	393
832	320	384	738	362	395
896	320	384	795	368	397
960	320	384	847	375	400
1023	320	384	900	382	403
0	384	384	210	383	386
64	384	384	216	384	386
128	384	384	233	384	386
192	384	384	262	385	387
256	384	384	299	386	386
320	384	384	342	388	386
384	384	384	389	391	388
448	384	384	437	393	388
512	384	384	486	397	390
576	384	384	536	400	391
640	384	384	589	404	393
704	384	384	640	408	395
768	384	384	692	412	397
832	384	384	744	417	399
896	384	384	800	421	401
960	384	384	852	427	404
1023	384	384	905	432	407
0	448	384	242	444	392
64	448	384	247	444	392
128	448	384	262	445	392
192	448	384	287	446	392
256	448	384	321	447	391
320	448	384	361	448	392
384	448	384	405	450	393
448	448	384	450	452	394
512	448	384	497	454	395
576	448	384	547	457	397
640	448	384	598	460	398
704	448	384	648	463	400
768	448	384	699	467	402
832	448	384	751	471	404
896	448	384	806	476	407
960	448	384	858	480	409
1023	448	384	910	485	412
0	512	384	274	505	398
64	512	384	278	505	398
128	512	384	291	505	398
192	512	384	314	506	397
256	512	384	344	507	397
320	512	384	381	508	398
384	512	384	422	509	399
448	512	384	465	511	400
512	512	384	511	514	401
576	512	384	559	516	402
640	512	384	610	519	404
704	512	384	658	522	406
768	512	384	708	525	408
832	512	384	761	529	411
896	512	384	814	533	412
960	512	384	866	537	415
1023	512	384	918	542	418
0	576	384	306	567	404
64	576	384	309	567	404
128	576	384	321	567	404
192	576	384	342	568	404
256	576	384	370	569	405
320	576	384	404	570	405
384	576	384	441	572	406
448	576	384	483	573	407
512	576	384	527	575	409
576	576	384	574	578	410
640	576	384	622	580	411
704	576	384	669	583	413
768	576	384	719	586	415
832	576	384	772	590	417
896	576	384	822	593	419
960	576	384	874	598	422
1023	576	384	926	602	424
0	640	384	339	628	412
64	640	384	342	628	412
128	640	384	353	628	412
192	640	384	371	629	412
256	640	384	397	630	413
320	640	384	428	631	414
384	640	384	463	632	414
448	640	384	502	633	415
512	640	384	544	635	416
576	640	384	590	637	417
640	640	384	636	638	419
704	640	384	683	641	420
768	640	384	731	643	422
832	640	384	783	645	424
896	640	384	833	648	427
960	640	384	884	651	429
1023	640	384	935	655	431
0	704	384	372	687	420
64	704	384	375	688	420
128	704	384	384	688	420
192	704	384	401	688	420
256	704	384	423	689	421
320	704	384	452	690	422
384	704	384	485	691	422
448	704	384	522	693	423
512	704	384	563	694	424
576	704	384	607	696	426
640	704	384	651	698	427
704	704	384	697	700	429
768	704	384	744	703	431
832	704	384	796	705	432
896	704	384	844	708	435
960	704	384	894	711	437
1023	704	384	944	714	439
0	768	384	405	749	429
64	768	384	407	749	430
128	768	384	415	749	430
192	768	384	430	750	430
256	768	384	451	750	430
320	768	384	477	751	431
384	768	384	509	753	431
448	768	384	544	754	432
512	768	384	584	756	433
576	768	384	625	757	434
640	768	384	667	759	436
704	768	384	712	762	438
768	768	384	760	765	439
832	768	384	809	767	441
896	768	384	856	769	443
960	768	384	906	773	446
1023	768	384	955	776	448
0	832	384	437	813	439
64	832	384	439	813	439
128	832	384	447	813	439
192	832	384	460	813	440
256	832	384	479	814	440
320	832	384	504	815	441
384	832	384	534	816	441
448	832	384	568	817	442
512	832	384	606	818	443
576	832	384	644	820	444
640	832	384	685	821	446
704	832	384	729	823	448
768	832	384	777	825	449
832	832	384	823	827	451
896	832	384	871	829	453
960	832	384	919	832	455
1023	832	384	967	835	458
0	896	384	469	873	450
64	896	384	471	873	450
128	896	384	478	873	450
192	896	384	491	874	451
256	896	384	509	874	451
320	896	384	532	875	451
384	896	384	560	876	452
448	896	384	593	877	453
512	896	384	627	878	454
576	896	384	664	879	455
640	896	384	705	881	456
704	896	384	748	883	458
768	896	384	794	885	460
832	896	384	839	887	462
896	896	384	885	888	463
960	896	384	934	892	466
1023	896	384	980	895	468
0	960	384	502	935	461
64	960	384	504	935	462
128	960	384	510	935	462
192	960	384	521	935	462
256	960	384	538	936	462
320	960	384	561	936	462
384	960	384	588	937	463
448	960	384	618	938	464
512	960	384	651	940	465
576	960	384	687	941	466
640	960	384	726	943	468
704	960	384	768	945	469
768	960	384	812	946	471
832	960	384	856	948	472
896	960	384	901	951	474
960	960	384	948	953	477
1023	960	384	994	957	479
0	1023	384	534	997	473
64	1023	384	535	998	473
128	1023	384	541	998	473
192	1023	384	552	998	473
256	1023	384	568	998	474
320	1023	384	589	999	474
384	1023	384	614	999	474
448	1023	384	642	1000	475
512	1023	384	673	1001	476
576	1023	384	708	1002	477
640	1023	384	746	1004	479
704	1023	384	789	1006	480
768	1023	384	829	1007	481
832	1023	384	873	1009	483
896	1023	384	918	1011	485
960	1023	384	963	1014	488
1023	1023	384	1008	1016	490
0	0	448	93	23	433
64	0	448	106	23	433
128	0	448	143	32	433
192	0	448	188	44	433
256	0	448	240	60	432
320	0	448	293	75	432
384	0	448	348	87	433
448	0	448	402	101	434
512	0	448	456	116	435
576	0	448	510	130	436
640	0	448	565	144	438
704	0	448	620	160	439
768	0	448	672	173	441
832	0	448	727	188	443
896	0	448	785	202	445
960	0	448	838	215	447
1023	0	448	891	229	449
0	64	448	97	63	433
64	64	448	109	66	433
128	64	448	145	69	433
192	64	448	191	77	433
256	64	448	242	85	433
320	64	448	295	95	433
384	64	448	348	104	433
448	64	448	403	117	434
512	64	448	457	129	435
576	64	448	510	143	437
640	64	448	565	156	438
704	64	448	620	168	439
768	64	448	673	182	441
832	64	448	728	195	443
896	64	448	785	209	445
960	64	448	838	222	447
1023	64	448	892	236	449
0	128	448	111	129	434
64	128	448	122	130	434
128	128	448	153	132	434
192	128	448	197	134	434
256	128	448	246	138	433
320	128	448	298	145	433
384	128	448	352	151	434
448	128	448	406	160	435
512	128	448	459	168	436
576	128	448	512	178	437
640	128	448	567	188	439
704	128	448	622	198	440
768	128	448	675	209	442
832	128	448	729	221	444
896	128	448	786	233	446
960	128	448	839	245	448
1023	128	448	893	256	450
0	192	448	132	193	435
64	192	448	141	193	435
128	192	448	168	194	435
192	192	448	208	196	435
256	192	448	255	199	435
320	192	448	305	203	435
384	192	448	357	208	435
448	192	448	411	214	436
512	192	448	463	220	438
576	192	448	516	227	439
640	192	448	570	235	440
704	192	448	625	243	442
768	192	448	677	252	443
832	192	448	731	261	445
896	192	448	789	271	447
960	192	448	841	280	449
1023	192	448	894	291	451
0	256	448	158	257	438
64	256	448	165	257	437
128	256	448	188	258	437
192	256	448	224	259	437
256	256	448	267	262	437
320	256	448	315	265	437
384	256	448	366	269	438
448	256	448	418	273	438
512	256	448	469	277	439
576	256	448	522	283	441
640	256	448	576	289	442
704	256	448	629	295	443
768	256	448	681	302	446
832	256	448	735	309	448
896	256	448	792	317	449
960	256	448	844	324	452
1023	256	448	897	333	454
0	320	448	185	321	440
64	320	448	192	321	440
128	320	448	211	321	440
192	320	448	243	322	440
256	320	448	283	325	440
320	320	448	328	327	440
384	320	448	377	329	441
448	320	448	427	333	442
512	320	448	477	336	443
576	320	448	529	341	444
640	320	448	582	345	445
704	320	448	634	350	447
768	320	448	686	356	448
832	320	448	739	362	451
896	320	448	795	368	452
960	320	448	848	375	454
1023	320	448	900	382	457
0	384	448	215	384	444
64	384	448	220	384	444
128	384	448	237	384	444
192	384	448	265	385	444
256	384	448	302	387	443
320	384	448	344	389	444
384	384	448	391	391	444
448	384	448	438	393	445
512	384	448	487	396	446
576	384	448	537	400	447
640	384	448	590	404	449
704	384	448	641	408	450
768	384	448	692	412	452
832	384	448	745	417	454
896	384	448	800	422	456
960	384	448	853	427	458
1023	384	448	905	433	460
0	448	448	246	445	448
64	448	448	250	445	448
128	448	448	265	445	448
192	448	448	290	446	448
256	448	448	323	447	447
320	448	448	363	448	448
384	448	448	406	450	448
448	448	448	451	452	449
512	448	448	499	455	451
576	448	448	548	457	452
640	448	448	600	460	453
704	448	448	649	464	454
768	448	448	700	467	456
832	448	448	753	472	458
896	448	448	807	476	460
960	448	448	859	481	462
1023	448	448	912	486	465
0	512	448	277	505	453
64	512	448	281	505	453
128	512	448	294	506	452
192	512	448	317	506	452
256	512	448	347	507	453
320	512	448	384	508	454
384	512	448	424	510	454
448	512	448	467	512	455
512	512	448	513	514	456
576	512	448	561	516	457
640	512	448	611	519	458
704	512	448	659	522	460
768	512	448	709	526	461
832	512	448	762	530	463
896	512	448	814	533	465
960	512	448	867	538	467
1023	512	448	919	542	469
0	576	448	308	568	458
64	576	448	312	568	458
128	576	448	324	568	458
192	576	448	344	569	458
256	576	448	372	570	459
320	576	448	406	571	459
384	576	448	443	573	460
448	576	448	485	574	460
512	576	448	528	576	462
576	576	448	575	579	463
640	576	448	623	581	464
704	576	448	670	584	465
768	576	448	720	587	467
832	576	448	773	591	469
896	576	448	824	594	471
960	576	448	875	598	473
1023	576	448	927	603	474
0	640	448	342	629	465
64	640	448	344	629	465
128	640	448	355	629	465
192	640	448	373	629	465
256	640	448	399	630	465
320	640	448	429	631	466
384	640	448	464	632	466
448	640	448	503	633	467
512	640	448	546	635	468
576	640	448	591	637	469
640	640	448	637	639	470
704	640	448	683	641	471
768	640	448	732	643	473
832	640	448	784	646	475
896	640	448	834	649	477
960	640	448	885	652	479
1023	640	448	936	656	482
0	704	448	374	689	472
64	704	448	377	689	472
128	704	448	386	689	472
192	704	448	403	689	473
256	704	448	426	690	473
320	704	448	454	691	473
384	704	448	487	692	474
448	704	448	524	694	475
512	704	448	565	695	476
576	704	448	609	697	476
640	704	448	652	699	478
704	704	448	698	702	480
768	704	448	746	704	481
832	704	448	797	706	483
896	704	448	845	709	484
960	704	448	895	712	486
1023	704	448	945	715	489
0	768	448	407	751	480
64	768	448	409	751	480
128	768	448	418	751	480
192	768	448	432	751	480
256	768	448	453	752	481
320	768	448	479	752	481
384	768	448	510	753	482
448	768	448	546	755	483
512	768	448	585	756	483
576	768	448	626	758	485
640	768	448	669	761	486
704	768	448	714	763	487
768	768	448	761	766	489
832	768	448	810	768	491
896	768	448	858	770	492
960	768	448	907	773	494
1023	768	448	955	777	496
0	832	448	438	813	488
64	832	448	440	813	488
128	832	448	448	813	488
192	832	448	462	814	489
256	832	448	481	814	489
320	832	448	506	815	490
384	832	448	535	817	491
448	832	448	570	818	492
512	832	448	607	818	492
576	832	448	645	820	493
640	832	448	686	821	494
704	832	448	730	824	496
768	832	448	778	826	497
832	832	448	824	828	500
896	832	448	871	830	501
960	832	448	920	833	503
1023	832	448	968	836	505
0	896	448	471	874	498
64	896	448	473	874	498
128	896	448	480	874	499
192	896	448	492	874	499
256	896	448	510	875	499
320	896	448	533	875	499
384	896	448	561	876	500
448	896	448	594	877	501
512	896	448	629	878	502
576	896	448	665	880	502
640	896	448	706	882	504
704	896	448	749	884	505
768	896	448	796	886	507
832	896	448	840	888	508
896	896	448	886	889	510
960	896	448	935	893	512
1023	896	448	981	895	515
0	960	448	503	935	508
64	960	448	505	935	508
128	960	448	511	936	508
192	960	448	523	936	509
256	960	448	539	936	509
320	960	448	562	937	510
384	960	448	589	938	510
448	960	448	619	939	511
512	960	448	652	940	512
576	960	448	688	942	513
640	960	448	726	943	514
704	960	448	769	945	516
768	960	448	813	947	517
832	960	448	857	949	518
896	960	448	902	951	520
960	960	448	949	954	522
1023	960	448	995	957	524
0	1023	448	535	998	519
64	1023	448	537	998	519
128	1023	448	543	999	519
192	1023	448	554	999	519
256	1023	448	570	999	519
320	1023	448	591	1000	520
384	1023	448	616	1000	520
448	1023	448	643	1001	521
512	1023	448	674	1002	522
576	1023	448	709	1003	523
640	1023	448	747	1005	524
704	1023	448	790	1006	525
768	1023	448	830	1007	527
832	1023	448	874	1010	528
896	1023	448	919	1012	530
960	1023	448	964	1015	532
1023	1023	448	1009	1017	534
0	0	512	106	23	493
64	0	512	117	23	493
128	0	512	151	32	493
192	0	512	194	44	493
256	0	512	245	60	492
320	0	512	296	75	491
384	0	512	350	89	492
448	0	512	405	101	493
512	0	512	458	117	494
576	0	512	511	130	495
640	0	512	566	145	496
704	0	512	621	160	497
768	0	512	674	173	498
832	0	512	728	188	500
896	0	512	786	202	502
960	0	512	839	215	503
1023	0	512	893	230	506
0	64	512	109	66	493
64	64	512	120	66	493
128	64	512	153	69	493
192	64	512	197	77	493
256	64	512	246	87	492
320	64	512	297	95	491
384	64	512	351	106	492
448	64	512	405	117	493
512	64	512	459	129	494
576	64	512	512	143	495
640	64	512	567	157	496
704	64	512	622	169	497
768	64	512	674	182	499
832	64	512	729	195	500
896	64	512	786	209	502
960	64	512	839	223	504
1023	64	512	893	236	506
0	128	512	122	130	494
64	128	512	132	130	494
128	128	512	161	132	494
192	128	512	202	134	493
256	128	512	250	138	493
320	128	512	301	145	492
384	128	512	355	151	493
448	128	512	408	160	494
512	128	512	461	168	494
576	128	512	514	179	495
640	128	512	569	188	497
704	128	512	623	199	498
768	128	512	676	210	499
832	128	512	730	221	501
896	128	512	788	233	503
960	128	512	840	245	504
1023	128	512	894	257	507
0	192	512	141	193	495
64	192	512	149	193	495
128	192	512	175	194	495
192	192	512	213	196	494
256	192	512	259	199	494
320	192	512	308	203	493
384	192	512	360	208	494
448	192	512	413	214	495
512	192	512	465	220	496
576	192	512	518	227	497
640	192	512	572	235	498
704	192	512	626	243	499
768	192	512	678	252	501
832	192	512	732	261	502
896	192	512	790	271	504
960	192	512	842	281	505
1023	192	512	896	291	508
0	256	512	165	256	496
64	256	512	172	257	497
128	256	512	193	258	496
192	256	512	228	259	496
256	256	512	271	262	495
320	256	512	318	265	495
384	256	512	368	269	496
448	256	512	419	273	497
512	256	512	471	277	497
576	256	512	523	283	498
640	256	512	577	289	500
704	256	512	630	295	501
768	256	512	683	302	502
832	256	512	736	309	504
896	256	512	793	317	505
960	256	512	845	325	508
1023	256	512	898	334	510
0	320	512	191	321	499
64	320	512	197	321	499
128	320	512	216	321	499
192	320	512	247	322	498
256	320	512	286	325	498
320	320	512	331	327	498
384	320	512	379	330	498
448	320	512	429	333	499
512	320	512	479	337	499
576	320	512	530	341	501
640	320	512	583	346	502
704	320	512	635	350	503
768	320	512	687	356	504
832	320	512	740	362	506
896	320	512	796	368	508
960	320	512	849	375	510
1023	320	512	901	382	512
0	384	512	220	384	502
64	384	512	225	384	502
128	384	512	242	385	502
192	384	512	269	386	502
256	384	512	305	387	501
320	384	512	347	389	501
384	384	512	392	391	501
448	384	512	440	393	502
512	384	512	488	397	502
576	384	512	538	400	504
640	384	512	591	404	505
704	384	512	642	408	506
768	384	512	693	412	508
832	384	512	746	417	509
896	384	512	801	422	511
960	384	512	854	428	513
1023	384	512	906	433	515
0	448	512	250	445	505
64	448	512	255	445	505
128	448	512	269	445	505
192	448	512	293	446	504
256	448	512	326	447	504
320	448	512	365	449	505
384	448	512	408	450	505
448	448	512	453	452	506
512	448	512	500	455	507
576	448	512	550	458	508
640	448	512	601	461	509
704	448	512	650	464	510
768	448	512	701	468	511
832	448	512	754	472	513
896	448	512	808	476	515
960	448	512	860	481	517
1023	448	512	913	486	519
0	512	512	281	505	509
64	512	512	284	506	509
128	512	512	297	506	508
192	512	512	319	506	508
256	512	512	350	508	509
320	512	512	386	509	509
384	512	512	426	510	510
448	512	512	469	512	511
512	512	512	515	515	511
576	512	512	563	517	512
640	512	512	612	520	513
704	512	512	660	522	514
768	512	512	710	526	516
832	512	512	763	530	518
896	512	512	815	533	519
960	512	512	868	538	521
1023	512	512	919	542	523
0	576	512	312	568	513
64	576	512	315	568	513
128	576	512	327	569	514
192	576	512	347	569	514
256	576	512	375	570	514
320	576	512	408	572	515
384	576	512	446	573	515
448	576	512	486	575	516
512	576	512	530	577	517
576	576	512	577	579	517
640	576	512	624	581	518
704	576	512	671	584	519
768	576	512	721	587	521
832	576	512	774	591	523
896	576	512	825	595	524
960	576	512	876	598	526
1023	576	512	928	603	528
0	640	512	344	629	519
64	640	512	347	629	519
128	640	512	357	629	519
192	640	512	376	630	520
256	640	512	401	630	520
320	640	512	431	631	520
384	640	512	466	633	521
448	640	512	505	634	521
512	640	512	547	636	523
576	640	512	593	637	523
640	640	512	638	639	524
704	640	512	685	641	525
768	640	512	733	644	527
832	640	512	785	647	529
896	640	512	835	650	530
960	640	512	886	653	532
1023	640	512	937	656	534
0	704	512	376	689	526
64	704	512	379	689	526
128	704	512	389	689	526
192	704	512	405	690	526
256	704	512	427	690	526
320	704	512	455	691	527
384	704	512	489	692	527
448	704	512	526	694	528
512	704	512	567	695	529
576	704	512	610	697	530
640	704	512	653	699	530
704	704	512	700	702	532
768	704	512	747	704	534
832	704	512	798	707	535
896	704	512	847	710	537
960	704	512	896	712	538
1023	704	512	946	716	540
0	768	512	409	751	533
64	768	512	411	751	533
128	768	512	419	751	533
192	768	512	434	751	533
256	768	512	455	752	533
320	768	512	481	753	534
384	768	512	512	754	534
448	768	512	547	755	535
512	768	512	587	757	536
576	768	512	628	759	537
640	768	512	670	761	538
704	768	512	715	764	539
768	768	512	762	766	540
832	768	512	811	769	542
896	768	512	859	771	544
960	768	512	908	774	545
1023	768	512	957	778	547
0	832	512	441	815	541
64	832	512	443	815	541
128	832	512	451	815	541
192	832	512	464	815	541
256	832	512	483	816	541
320	832	512	508	817	542
384	832	512	537	818	542
448	832	512	571	819	543
512	832	512	609	820	544
576	832	512	646	820	545
640	832	512	687	822	546
704	832	512	732	825	547
768	832	512	779	827	548
832	832	512	825	829	550
896	832	512	873	831	551
960	832	512	921	833	553
1023	832	512	969	837	556
0	896	512	473	874	549
64	896	512	475	874	549
128	896	512	481	874	549
192	896	512	494	875	550
256	896	512	512	875	550
320	896	512	535	876	550
384	896	512	563	877	551
448	896	512	596	878	552
512	896	512	630	879	553
576	896	512	667	881	553
640	896	512	707	882	554
704	896	512	750	884	556
768	896	512	797	886	557
832	896	512	841	888	559
896	896	512	887	890	560
960	896	512	936	893	562
1023	896	512	982	897	564
0	960	512	505	936	558
64	960	512	506	936	558
128	960	512	513	936	558
192	960	512	525	937	559
256	960	512	541	937	559
320	960	512	563	938	560
384	960	512	590	939	560
448	960	512	620	939	561
512	960	512	653	941	561
576	960	512	689	942	563
640	960	512	727	944	564
704	960	512	770	946	565
768	960	512	814	948	567
832	960	512	858	950	568
896	960	512	903	952	569
960	960	512	950	955	571
1023	960	512	996	958	573
0	1023	512	537	999	568
64	1023	512	538	999	568
128	1023	512	544	999	568
192	1023	512	555	1000	569
256	1023	512	571	1000	569
320	1023	512	592	1001	570
384	1023	512	617	1001	570
448	1023	512	645	1002	570
512	1023	512	676	1003	571
576	1023	512	711	1004	572
640	1023	512	748	1006	573
704	1023	512	791	1007	575
768	1023	512	831	1008	575
832	1023	512	875	1010	577
896	1023	512	920	1013	578
960	1023	512	965	1015	581
1023	1023	512	1010	1017	582
0	0	576	119	23	549
64	0	576	129	23	549
128	0	576	160	38	549
192	0	576	202	48	549
256	0	576	249	60	552
320	0	576	300	75	551
384	0	576	353	89	552
448	0	576	407	103	552
512	0	576	460	117	553
576	0	576	513	130	554
640	0	576	568	145	555
704	0	576	623	160	556
768	0	576	675	173	557
832	0	576	729	188	559
896	0	576	787	202	560
960	0	576	840	216	562
1023	0	576	894	230	564
0	64	576	123	66	549
64	64	576	132	66	549
128	64	576	162	69	549
192	64	576	203	80	553
256	64	576	250	87	552
320	64	576	301	95	551
384	64	576	354	106	552
448	64	576	408	119	553
512	64	576	461	130	553
576	64	576	514	143	554
640	64	576	569	157	555
704	64	576	623	169	556
768	64	576	676	182	557
832	64	576	730	196	559
896	64	576	788	210	561
960	64	576	840	223	562
1023	64	576	894	236	564
0	128	576	133	130	554
64	128	576	142	130	554
128	128	576	169	132	553
192	128	576	209	134	553
256	128	576	255	139	553
320	128	576	305	145	552
384	128	576	357	152	552
448	128	576	411	160	553
512	128	576	463	169	554
576	128	576	516	179	555
640	128	576	570	188	555
704	128	576	625	199	557
768	128	576	677	210	558
832	128	576	731	221	559
896	128	576	789	234	561
960	128	576	841	245	562
1023	128	576	895	257	565
0	192	576	150	193	555
64	192	576	158	193	555
128	192	576	182	194	555
192	192	576	219	197	554
256	192	576	263	199	553
320	192	576	312	204	553
384	192	576	363	208	553
448	192	576	415	214	554
512	192	576	467	220	555
576	192	576	520	228	556
640	192	576	574	235	557
704	192	576	627	243	557
768	192	576	680	252	559
832	192	576	734	262	561
896	192	576	791	271	562
960	192	576	843	281	563
1023	192	576	897	291	566
0	256	576	173	257	556
64	256	576	179	258	556
128	256	576	200	258	556
192	256	576	234	260	555
256	256	576	275	262	555
320	256	576	322	265	554
384	256	576	371	269	555
448	256	576	422	273	556
512	256	576	473	277	557
576	256	576	525	283	557
640	256	576	579	289	558
704	256	576	632	295	559
768	256	576	684	302	561
832	256	576	737	310	562
896	256	576	794	317	563
960	256	576	846	325	565
1023	256	576	900	334	567
0	320	576	198	321	558
64	320	576	203	321	558
128	320	576	222	322	558
192	320	576	252	323	557
256	320	576	290	325	557
320	320	576	334	327	557
384	320	576	382	330	557
448	320	576	431	333	557
512	320	576	481	337	558
576	320	576	532	341	559
640	320	576	585	346	560
704	320	576	637	350	561
768	320	576	688	356	563
832	320	576	742	362	564
896	320	576	797	369	566
960	320	576	850	376	567
1023	320	576	903	383	569
0	384	576	225	384	561
64	384	576	230	384	561
128	384	576	246	385	561
192	384	576	273	386	560
256	384	576	308	387	559
320	384	576	350	389	559
384	384	576	395	391	560
448	384	576	442	394	560
512	384	576	490	397	561
576	384	576	540	400	562
640	384	576	592	404	563
704	384	576	643	408	564
768	384	576	695	413	566
832	384	576	747	417	567
896	384	576	802	423	569
960	384	576	855	428	570
1023	384	576	908	434	572
0	448	576	255	445	564
64	448	576	259	445	564
128	448	576	272	446	563
192	448	576	297	447	563
256	448	576	329	447	563
320	448	576	368	449	563
384	448	576	411	451	563
448	448	576	456	452	564
512	448	576	502	455	564
576	448	576	552	458	566
640	448	576	603	461	567
704	448	576	652	465	567
768	448	576	703	468	569
832	448	576	755	473	571
896	448	576	809	477	572
960	448	576	862	482	574
1023	448	576	914	487	576
0	512	576	284	506	567
64	512	576	288	506	567
128	512	576	301	506	566
192	512	576	323	507	566
256	512	576	353	508	567
320	512	576	389	509	567
384	512	576	428	511	567
448	512	576	471	512	568
512	512	576	516	515	569
576	512	576	564	517	570
640	512	576	614	520	571
704	512	576	661	523	572
768	512	576	711	526	573
832	512	576	764	530	574
896	512	576	817	534	576
960	512	576	869	538	578
1023	512	576	921	543	580
0	576	576	315	568	571
64	576	576	318	569	571
128	576	576	330	569	571
192	576	576	350	570	571
256	576	576	377	570	571
320	576	576	410	572	572
384	576	576	447	573	573
448	576	576	488	575	573
512	576	576	532	577	574
576	576	576	579	579	575
640	576	576	626	582	575
704	576	576	673	584	576
768	576	576	722	588	578
832	576	576	775	592	580
896	576	576	826	596	581
960	576	576	877	599	582
1023	576	576	929	604	584
0	640	576	348	630	576
64	640	576	350	630	577
128	640	576	361	630	577
192	640	576	379	630	577
256	640	576	404	631	577
320	640	576	434	632	577
384	640	576	468	633	578
448	640	576	507	635	579
512	640	576	549	637	579
576	640	576	595	638	580
640	640	576	640	640	581
704	640	576	686	642	582
768	640	576	735	645	583
832	640	576	787	647	585
896	640	576	836	650	587
960	640	576	887	654	588
1023	640	576	938	658	590
0	704	576	380	690	583
64	704	576	382	690	583
128	704	576	392	690	583
192	704	576	408	691	583
256	704	576	430	691	583
320	704	576	458	692	584
384	704	576	491	693	584
448	704	576	528	695	584
512	704	576	569	696	585
576	704	576	612	698	586
640	704	576	655	700	587
704	704	576	701	703	588
768	704	576	749	705	589
832	704	576	799	707	591
896	704	576	848	710	592
960	704	576	897	713	593
1023	704	576	947	717	596
0	768	576	411	751	589
64	768	576	414	751	589
128	768	576	422	752	589
192	768	576	437	752	589
256	768	576	457	753	590
320	768	576	483	754	590
384	768	576	514	755	590
448	768	576	549	756	591
512	768	576	589	758	592
576	768	576	629	760	592
640	768	576	671	762	593
704	768	576	716	764	595
768	768	576	763	767	596
832	768	576	812	769	597
896	768	576	861	772	598
960	768	576	909	775	600
1023	768	576	958	779	603
0	832	576	443	815	596
64	832	576	445	815	596
128	832	576	453	815	596
192	832	576	466	816	597
256	832	576	485	816	597
320	832	576	510	817	597
384	832	576	538	818	598
448	832	576	573	819	598
512	832	576	610	820	599
576	832	576	647	821	600
640	832	576	689	823	600
704	832	576	733	825	602
768	832	576	780	828	603
832	832	576	827	830	605
896	832	576	874	832	606
960	832	576	923	835	608
1023	832	576	970	838	610
0	896	576	475	875	604
64	896	576	477	875	604
128	896	576	484	875	604
192	896	576	496	876	604
256	896	576	514	876	605
320	896	576	537	877	605
384	896	576	565	878	606
448	896	576	598	879	606
512	896	576	632	881	607
576	896	576	669	882	608
640	896	576	709	884	608
704	896	576	751	886	610
768	896	576	798	887	611
832	896	576	842	889	612
896	896	576	889	891	614
960	896	576	937	894	615
1023	896	576	984	898	617
0	960	576	507	937	612
64	960	576	509	937	612
128	960	576	515	937	613
192	960	576	527	938	613
256	960	576	543	938	613
320	960	576	565	939	613
384	960	576	592	940	614
448	960	576	622	941	614
512	960	576	655	942	615
576	960	576	690	943	616
640	960	576	729	945	617
704	960	576	772	947	618
768	960	576	815	949	619
832	960	576	859	951	619
896	960	576	905	953	621
960	960	576	951	956	622
1023	960	576	997	958	624
0	1023	576	538	1000	620
64	1023	576	540	1000	620
128	1023	576	546	1000	621
192	1023	576	557	1000	621
256	1023	576	573	1001	621
320	1023	576	594	1001	621
384	1023	576	619	1002	621
448	1023	576	646	1003	622
512	1023	576	677	1004	623
576	1023	576	712	1005	623
640	1023	576	749	1007	624
704	1023	576	792	1008	625
768	1023	576	833	1009	626
832	1023	576	876	1011	627
896	1023	576	921	1013	628
960	1023	576	966	1016	630
1023	1023	576	1011	1018	632
0	0	640	133	23	616
64	0	640	141	32	616
128	0	640	168	38	615
192	0	640	208	48	615
256	0	640	254	60	613
320	0	640	304	77	612
384	0	640	357	89	613
448	0	640	410	103	614
512	0	640	463	117	614
576	0	640	516	130	615
640	0	640	571	145	615
704	0	640	625	160	616
768	0	640	677	174	617
832	0	640	731	188	618
896	0	640	789	202	619
960	0	640	842	217	621
1023	0	640	895	230	622
0	64	640	136	66	616
64	64	640	144	69	616
128	64	640	170	72	615
192	64	640	209	80	615
256	64	640	255	87	613
320	64	640	305	95	613
384	64	640	358	106	613
448	64	640	411	119	614
512	64	640	464	130	614
576	64	640	517	143	615
640	64	640	571	157	616
704	64	640	625	169	616
768	64	640	678	183	617
832	64	640	732	197	618
896	64	640	789	210	620
960	64	640	842	223	621
1023	64	640	895	236	622
0	128	640	144	130	616
64	128	640	152	130	616
128	128	640	178	133	616
192	128	640	215	136	615
256	128	640	260	139	614
320	128	640	308	145	613
384	128	640	361	152	614
448	128	640	414	161	614
512	128	640	466	169	615
576	128	640	519	179	615
640	128	640	573	189	616
704	128	640	627	199	617
768	128	640	679	211	617
832	128	640	733	222	619
896	128	640	790	234	620
960	128	640	843	246	621
1023	128	640	896	258	623
0	192	640	160	193	617
64	192	640	167	193	617
128	192	640	190	194	616
192	192	640	225	197	616
256	192	640	268	200	614
320	192	640	316	204	614
384	192	640	366	209	614
448	192	640	418	214	615
512	192	640	470	221	616
576	192	640	522	228	616
640	192	640	576	236	617
704	192	640	629	244	618
768	192	640	681	252	618
832	192	640	735	262	620
896	192	640	792	271	621
960	192	640	845	281	622
1023	192	640	898	291	623
0	256	640	180	258	618
64	256	640	187	258	618
128	256	640	207	258	617
192	256	640	239	260	617
256	256	640	279	263	615
320	256	640	325	266	615
384	256	640	375	269	616
448	256	640	425	274	617
512	256	640	475	278	617
576	256	640	527	284	618
640	256	640	581	289	618
704	256	640	633	296	619
768	256	640	685	302	620
832	256	640	739	310	621
896	256	640	795	318	622
960	256	640	848	326	623
1023	256	640	901	334	625
0	320	640	205	321	619
64	320	640	210	322	619
128	320	640	228	322	619
192	320	640	257	323	618
256	320	640	295	325	617
320	320	640	338	328	617
384	320	640	386	331	617
448	320	640	434	334	618
512	320	640	483	337	618
576	320	640	534	341	619
640	320	640	587	346	620
704	320	640	639	351	620
768	320	640	690	357	621
832	320	640	743	363	623
896	320	640	799	369	624
960	320	640	852	376	625
1023	320	640	905	384	627
0	384	640	231	385	621
64	384	640	236	385	621
128	384	640	252	385	621
192	384	640	277	386	620
256	384	640	313	388	619
320	384	640	353	390	619
384	384	640	399	392	619
448	384	640	445	394	620
512	384	640	493	397	620
576	384	640	543	401	621
640	384	640	595	405	622
704	384	640	645	409	623
768	384	640	696	413	624
832	384	640	749	418	625
896	384	640	804	423	626
960	384	640	857	429	628
1023	384	640	910	435	629
0	448	640	259	446	623
64	448	640	263	446	623
128	448	640	277	446	623
192	448	640	301	447	622
256	448	640	333	448	622
320	448	640	372	450	622
384	448	640	414	451	622
448	448	640	458	454	623
512	448	640	505	456	623
576	448	640	554	459	624
640	448	640	605	462	625
704	448	640	653	465	625
768	448	640	704	469	626
832	448	640	757	473	628
896	448	640	811	478	629
960	448	640	864	483	630
1023	448	640	916	488	632
0	512	640	289	506	625
64	512	640	293	506	625
128	512	640	305	507	625
192	512	640	327	508	625
256	512	640	356	508	625
320	512	640	392	510	625
384	512	640	431	511	625
448	512	640	474	513	626
512	512	640	519	515	627
576	512	640	566	518	627
640	512	640	616	520	628
704	512	640	663	524	629
768	512	640	714	527	630
832	512	640	766	531	631
896	512	640	818	535	632
960	512	640	870	539	634
1023	512	640	923	544	635
0	576	640	320	569	628
64	576	640	322	569	628
128	576	640	334	570	629
192	576	640	354	570	629
256	576	640	381	571	629
320	576	640	413	572	629
384	576	640	450	574	629
448	576	640	491	575	630
512	576	640	534	578	630
576	576	640	581	580	631
640	576	640	628	582	632
704	576	640	675	585	633
768	576	640	724	589	634
832	576	640	777	592	635
896	576	640	827	596	636
960	576	640	879	600	637
1023	576	640	930	604	639
0	640	640	351	630	633
64	640	640	354	631	633
128	640	640	364	631	633
192	640	640	382	631	633
256	640	640	406	632	633
320	640	640	436	633	634
384	640	640	471	634	634
448	640	640	509	635	634
512	640	640	551	637	635
576	640	640	597	639	636
640	640	640	642	641	636
704	640	640	688	643	637
768	640	640	736	646	638
832	640	640	789	648	639
896	640	640	838	651	640
960	640	640	888	654	642
1023	640	640	940	658	644
0	704	640	383	690	638
64	704	640	386	691	638
128	704	640	395	691	638
192	704	640	411	691	638
256	704	640	433	692	638
320	704	640	461	693	639
384	704	640	493	694	639
448	704	640	530	695	639
512	704	640	570	697	640
576	704	640	614	699	640
640	704	640	656	700	641
704	704	640	702	703	642
768	704	640	750	705	643
832	704	640	800	708	643
896	704	640	849	711	645
960	704	640	899	714	646
1023	704	640	948	717	648
0	768	640	414	752	643
64	768	640	417	752	643
128	768	640	425	753	643
192	768	640	439	753	643
256	768	640	459	753	643
320	768	640	485	754	643
384	768	640	516	755	644
448	768	640	551	757	644
512	768	640	590	758	645
576	768	640	631	760	645
640	768	640	673	762	646
704	768	640	717	764	647
768	768	640	764	767	648
832	768	640	813	769	648
896	768	640	861	773	650
960	768	640	910	776	652
1023	768	640	959	779	653
0	832	640	445	815	648
64	832	640	447	815	648
128	832	640	455	816	648
192	832	640	468	816	649
256	832	640	487	816	648
320	832	640	511	817	649
384	832	640	540	818	649
448	832	640	574	819	650
512	832	640	612	821	650
576	832	640	650	822	651
640	832	640	691	824	652
704	832	640	734	826	653
768	832	640	782	828	654
832	832	640	827	830	655
896	832	640	875	833	656
960	832	640	924	836	658
1023	832	640	971	839	660
0	896	640	478	877	655
64	896	640	480	877	655
128	896	640	486	877	655
192	896	640	499	877	656
256	896	640	516	878	656
320	896	640	539	879	656
384	896	640	567	880	656
448	896	640	600	881	657
512	896	640	634	882	657
576	896	640	671	883	658
640	896	640	711	885	659
704	896	640	753	887	660
768	896	640	799	888	661
832	896	640	844	890	662
896	896	640	890	893	664
960	896	640	938	895	665
1023	896	640	984	898	667
0	960	640	509	938	663
64	960	640	511	938	663
128	960	640	517	938	663
192	960	640	529	938	663
256	960	640	545	939	663
320	960	640	567	939	664
384	960	640	594	940	664
448	960	640	624	941	664
512	960	640	656	943	665
576	960	640	692	944	666
640	960	640	730	946	666
704	960	640	773	948	668
768	960	640	816	950	668
832	960	640	860	951	669
896	960	640	906	954	671
960	960	640	952	956	672
1023	960	640	997	959	674
0	1023	640	540	1001	670
64	1023	640	542	1001	670
128	1023	640	548	1001	671
192	1023	640	559	1001	671
256	1023	640	575	1002	671
320	1023	640	596	1002	671
384	1023	640	620	1003	671
448	1023	640	648	1004	672
512	1023	640	679	1005	672
576	1023	640	713	1006	673
640	1023	640	751	1008	674
704	1023	640	793	1008	675
768	1023	640	834	1011	676
832	1023	640	877	1012	677
896	1023	640	922	1014	678
960	1023	640	967	1017	680
1023	1023	640	1012	1019	682
0	0	704	145	32	672
64	0	704	153	32	672
128	0	704	178	38	671
192	0	704	215	48	671
256	0	704	259	63	670
320	0	704	308	77	669
384	0	704	361	89	669
448	0	704	413	103	670
512	0	704	465	117	670
576	0	704	518	133	671
640	0	704	573	145	671
704	0	704	626	161	672
768	0	704	679	175	673
832	0	704	733	189	675
896	0	704	790	202	676
960	0	704	843	217	676
1023	0	704	896	231	678
0	64	704	148	69	672
64	64	704	156	69	672
128	64	704	179	75	672
192	64	704	217	80	671
256	64	704	261	87	670
320	64	704	309	97	669
384	64	704	361	108	669
448	64	704	414	119	670
512	64	704	466	132	670
576	64	704	519	144	671
640	64	704	573	157	672
704	64	704	626	169	672
768	64	704	679	183	673
832	64	704	733	197	675
896	64	704	790	210	676
960	64	704	843	223	677
1023	64	704	896	237	678
0	128	704	157	130	672
64	128	704	164	132	672
128	128	704	187	133	672
192	128	704	223	136	671
256	128	704	266	141	670
320	128	704	314	147	669
384	128	704	364	152	670
448	128	704	416	161	670
512	128	704	468	169	671
576	128	704	521	179	671
640	128	704	575	189	672
704	128	704	628	199	672
768	128	704	680	211	674
832	128	704	735	223	675
896	128	704	791	234	676
960	128	704	844	246	677
1023	128	704	897	258	678
0	192	704	171	194	673
64	192	704	178	194	673
128	192	704	198	196	672
192	192	704	232	198	672
256	192	704	274	201	671
320	192	704	320	204	670
384	192	704	370	209	671
448	192	704	421	215	671
512	192	704	472	221	672
576	192	704	524	228	672
640	192	704	578	236	673
704	192	704	631	244	673
768	192	704	683	253	674
832	192	704	737	262	676
896	192	704	794	272	677
960	192	704	846	282	678
1023	192	704	899	292	679
0	256	704	190	258	674
64	256	704	195	258	674
128	256	704	215	259	674
192	256	704	246	261	673
256	256	704	285	263	672
320	256	704	330	266	672
384	256	704	378	270	672
448	256	704	428	274	672
512	256	704	478	279	673
576	256	704	529	284	673
640	256	704	583	290	674
704	256	704	635	296	675
768	256	704	687	303	676
832	256	704	740	310	678
896	256	704	796	318	678
960	256	704	849	326	679
1023	256	704	902	334	681
0	320	704	212	322	675
64	320	704	218	322	675
128	320	704	235	322	675
192	320	704	263	324	675
256	320	704	299	326	673
320	320	704	343	328	674
384	320	704	389	331	674
448	320	704	437	334	674
512	320	704	486	337	675
576	320	704	537	342	675
640	320	704	589	347	676
704	320	704	640	352	677
768	320	704	692	357	678
832	320	704	745	363	679
896	320	704	800	370	680
960	320	704	853	376	681
1023	320	704	906	384	683
0	384	704	238	385	678
64	384	704	243	385	678
128	384	704	258	386	678
192	384	704	283	387	677
256	384	704	317	389	676
320	384	704	358	390	676
384	384	704	402	393	676
448	384	704	448	395	676
512	384	704	496	398	677
576	384	704	545	401	678
640	384	704	597	406	678
704	384	704	647	409	679
768	384	704	698	413	680
832	384	704	751	418	681
896	384	704	805	423	682
960	384	704	858	429	683
1023	384	704	910	435	685
0	448	704	265	446	680
64	448	704	269	446	680
128	448	704	282	447	679
192	448	704	306	447	678
256	448	704	337	448	678
320	448	704	375	450	678
384	448	704	417	451	678
448	448	704	461	454	679
512	448	704	507	456	679
576	448	704	556	459	680
640	448	704	607	462	681
704	448	704	655	465	682
768	448	704	706	469	682
832	448	704	759	473	684
896	448	704	812	478	685
960	448	704	864	483	686
1023	448	704	916	488	687
0	512	704	294	506	681
64	512	704	297	506	681
128	512	704	309	507	681
192	512	704	331	508	681
256	512	704	360	508	681
320	512	704	395	510	681
384	512	704	434	511	682
448	512	704	476	514	682
512	512	704	521	516	683
576	512	704	568	518	683
640	512	704	617	521	684
704	512	704	665	524	685
768	512	704	715	528	686
832	512	704	768	532	687
896	512	704	819	535	688
960	512	704	872	540	689
1023	512	704	923	544	691
0	576	704	324	570	685
64	576	704	327	570	685
128	576	704	338	570	685
192	576	704	357	570	685
256	576	704	384	572	685
320	576	704	416	573	685
384	576	704	453	574	685
448	576	704	493	576	686
512	576	704	536	578	687
576	576	704	583	580	687
640	576	704	629	583	688
704	576	704	677	586	689
768	576	704	726	589	690
832	576	704	778	593	691
896	576	704	828	596	692
960	576	704	880	600	693
1023	576	704	931	604	694
0	640	704	355	631	689
64	640	704	357	631	689
128	640	704	367	631	689
192	640	704	385	632	689
256	640	704	409	633	689
320	640	704	439	633	690
384	640	704	473	634	690
448	640	704	512	636	690
512	640	704	553	637	691
576	640	704	599	639	691
640	640	704	643	641	692
704	640	704	689	643	693
768	640	704	738	646	694
832	640	704	790	649	695
896	640	704	839	651	696
960	640	704	890	655	697
1023	640	704	940	658	699
0	704	704	386	691	694
64	704	704	389	691	694
128	704	704	398	691	694
192	704	704	413	692	694
256	704	704	435	692	694
320	704	704	463	693	695
384	704	704	495	694	695
448	704	704	532	695	695
512	704	704	572	697	696
576	704	704	615	699	696
640	704	704	658	701	697
704	704	704	704	704	698
768	704	704	751	706	699
832	704	704	802	708	699
896	704	704	850	711	701
960	704	704	900	714	702
1023	704	704	949	718	704
0	768	704	417	753	698
64	768	704	419	753	698
128	768	704	427	753	698
192	768	704	441	753	699
256	768	704	462	753	699
320	768	704	487	754	699
384	768	704	518	755	700
448	768	704	553	757	700
512	768	704	592	758	700
576	768	704	632	760	701
640	768	704	674	762	702
704	768	704	718	765	703
768	768	704	766	767	704
832	768	704	814	770	705
896	768	704	862	772	706
960	768	704	911	776	707
1023	768	704	960	780	709
0	832	704	448	816	704
64	832	704	450	816	704
128	832	704	457	816	705
192	832	704	470	817	705
256	832	704	489	817	705
320	832	704	513	817	705
384	832	704	542	818	705
448	832	704	576	820	705
512	832	704	614	821	707
576	832	704	651	823	707
640	832	704	692	825	708
704	832	704	736	827	709
768	832	704	783	828	710
832	832	704	828	830	711
896	832	704	876	833	712
960	832	704	924	835	713
1023	832	704	971	838	715
0	896	704	480	876	711
64	896	704	481	877	711
128	896	704	488	877	711
192	896	704	501	877	711
256	896	704	518	878	712
320	896	704	541	879	712
384	896	704	569	879	712
448	896	704	601	880	713
512	896	704	635	881	713
576	896	704	671	882	713
640	896	704	711	884	714
704	896	704	754	886	715
768	896	704	800	888	716
832	896	704	844	890	717
896	896	704	890	892	718
960	896	704	939	895	720
1023	896	704	985	898	721
0	960	704	511	938	717
64	960	704	513	938	717
128	960	704	519	938	718
192	960	704	531	938	718
256	960	704	547	939	718
320	960	704	569	940	718
384	960	704	595	940	718
448	960	704	625	941	719
512	960	704	657	942	719
576	960	704	693	944	720
640	960	704	732	946	721
704	960	704	774	948	722
768	960	704	817	950	722
832	960	704	861	951	723
896	960	704	906	954	724
960	960	704	953	956	726
1023	960	704	998	959	727
0	1023	704	542	1001	724
64	1023	704	544	1001	724
128	1023	704	550	1001	724
192	1023	704	561	1001	724
256	1023	704	577	1002	725
320	1023	704	598	1002	725
384	1023	704	622	1003	725
448	1023	704	649	1004	726
512	1023	704	680	1005	726
576	1023	704	715	1006	727
640	1023	704	752	1008	727
704	1023	704	794	1009	728
768	1023	704	835	1011	729
832	1023	704	878	1013	730
896	1023	704	923	1015	731
960	1023	704	968	1017	732
1023	1023	704	1013	1019	734
0	0	768	158	32	729
64	0	768	165	32	729
128	0	768	188	38	729
192	0	768	223	53	729
256	0	768	266	63	728
320	0	768	313	77	728
384	0	768	364	91	728
448	0	768	416	104	728
512	0	768	468	119	729
576	0	768	520	132	729
640	0	768	574	147	730
704	0	768	628	161	730
768	0	768	680	174	731
832	0	768	734	188	732
896	0	768	791	203	733
960	0	768	844	217	734
1023	0	768	897	231	735
0	64	768	160	69	729
64	64	768	167	69	729
128	64	768	189	72	729
192	64	768	224	82	729
256	64	768	267	89	728
320	64	768	314	97	728
384	64	768	365	108	728
448	64	768	416	120	728
512	64	768	469	132	729
576	64	768	521	144	729
640	64	768	575	158	730
704	64	768	628	170	730
768	64	768	681	183	731
832	64	768	734	197	733
896	64	768	791	211	733
960	64	768	844	223	734
1023	64	768	897	237	735
0	128	768	167	132	730
64	128	768	174	132	730
128	128	768	196	133	730
192	128	768	229	136	729
256	128	768	271	141	729
320	128	768	317	147	728
384	128	768	368	153	728
448	128	768	419	161	729
512	128	768	471	169	729
576	128	768	523	179	730
640	128	768	577	189	730
704	128	768	630	200	731
768	128	768	682	211	732
832	128	768	736	222	733
896	128	768	792	234	734
960	128	768	845	246	735
1023	128	768	899	258	736
0	192	768	180	193	731
64	192	768	187	194	731
128	192	768	207	195	731
192	192	768	238	198	730
256	192	768	279	200	730
320	192	768	324	205	729
384	192	768	373	209	729
448	192	768	424	215	729
512	192	768	475	221	730
576	192	768	526	228	730
640	192	768	580	236	731
704	192	768	633	243	732
768	192	768	685	253	732
832	192	768	738	262	734
896	192	768	794	272	735
960	192	768	847	282	736
1023	192	768	900	292	736
0	256	768	198	258	733
64	256	768	204	258	733
128	256	768	222	259	733
192	256	768	252	261	732
256	256	768	289	263	732
320	256	768	334	266	730
384	256	768	382	269	730
448	256	768	431	274	730
512	256	768	480	278	731
576	256	768	531	283	732
640	256	768	585	290	732
704	256	768	636	296	733
768	256	768	688	303	734
832	256	768	741	310	735
896	256	768	797	318	735
960	256	768	850	326	736
1023	256	768	903	335	738
0	320	768	220	321	733
64	320	768	225	321	733
128	320	768	242	322	733
192	320	768	269	324	733
256	320	768	304	326	732
320	320	768	346	327	732
384	320	768	392	331	732
448	320	768	439	334	732
512	320	768	488	337	733
576	320	768	538	342	734
640	320	768	591	346	734
704	320	768	642	352	735
768	320	768	693	357	735
832	320	768	746	363	736
896	320	768	801	370	737
960	320	768	854	376	738
1023	320	768	907	384	740
0	384	768	243	385	737
64	384	768	248	385	737
128	384	768	263	385	737
192	384	768	287	386	737
256	384	768	321	388	733
320	384	768	361	390	734
384	384	768	405	392	734
448	384	768	450	395	734
512	384	768	498	398	734
576	384	768	547	401	735
640	384	768	599	405	736
704	384	768	649	409	737
768	384	768	699	413	737
832	384	768	753	419	738
896	384	768	807	424	739
960	384	768	859	429	740
1023	384	768	912	435	742
0	448	768	270	445	738
64	448	768	274	446	738
128	448	768	286	446	738
192	448	768	310	447	735
256	448	768	341	448	735
320	448	768	378	449	736
384	448	768	420	451	736
448	448	768	463	453	737
512	448	768	509	456	737
576	448	768	558	459	737
640	448	768	608	462	738
704	448	768	656	465	739
768	448	768	707	469	739
832	448	768	760	474	741
896	448	768	813	478	741
960	448	768	865	482	742
1023	448	768	917	488	744
0	512	768	298	506	738
64	512	768	302	506	738
128	512	768	314	506	738
192	512	768	334	507	738
256	512	768	363	508	738
320	512	768	398	510	739
384	512	768	437	511	739
448	512	768	479	513	739
512	512	768	523	516	740
576	512	768	570	518	740
640	512	768	619	521	740
704	512	768	667	524	741
768	512	768	717	528	742
832	512	768	769	532	743
896	512	768	821	535	744
960	512	768	873	540	745
1023	512	768	925	545	747
0	576	768	328	569	741
64	576	768	331	569	741
128	576	768	342	570	741
192	576	768	361	571	741
256	576	768	388	572	742
320	576	768	419	573	742
384	576	768	455	574	742
448	576	768	495	576	742
512	576	768	538	578	743
576	576	768	585	580	743
640	576	768	631	583	744
704	576	768	678	586	745
768	576	768	728	590	746
832	576	768	780	593	747
896	576	768	830	596	748
960	576	768	881	601	750
1023	576	768	933	605	751
0	640	768	359	631	745
64	640	768	361	631	745
128	640	768	371	631	745
192	640	768	389	632	746
256	640	768	412	633	745
320	640	768	442	633	746
384	640	768	476	634	746
448	640	768	514	636	746
512	640	768	556	638	747
576	640	768	601	640	748
640	640	768	645	642	749
704	640	768	692	644	750
768	640	768	740	646	751
832	640	768	792	649	752
896	640	768	841	652	753
960	640	768	891	655	754
1023	640	768	942	659	756
0	704	768	390	691	750
64	704	768	393	691	750
128	704	768	401	692	750
192	704	768	417	692	750
256	704	768	438	693	751
320	704	768	466	694	751
384	704	768	498	695	751
448	704	768	534	696	751
512	704	768	575	697	752
576	704	768	617	699	752
640	704	768	660	701	753
704	704	768	705	704	754
768	704	768	753	706	755
832	704	768	803	709	756
896	704	768	851	711	757
960	704	768	902	715	758
1023	704	768	951	718	760
0	768	768	421	753	755
64	768	768	423	753	755
128	768	768	431	754	755
192	768	768	445	754	755
256	768	768	465	755	755
320	768	768	491	755	756
384	768	768	520	756	756
448	768	768	555	758	756
512	768	768	595	759	757
576	768	768	634	761	758
640	768	768	676	763	758
704	768	768	721	766	759
768	768	768	768	768	760
832	768	768	816	770	761
896	768	768	864	773	762
960	768	768	913	777	763
1023	768	768	961	780	765
0	832	768	451	817	761
64	832	768	454	817	761
128	832	768	461	817	761
192	832	768	474	817	761
256	832	768	492	818	761
320	832	768	516	819	762
384	832	768	545	819	762
448	832	768	579	820	762
512	832	768	615	822	763
576	832	768	653	823	763
640	832	768	694	825	764
704	832	768	737	827	766
768	832	768	785	829	766
832	832	768	830	831	767
896	832	768	878	834	768
960	832	768	927	837	770
1023	832	768	973	839	771
0	896	768	483	877	768
64	896	768	485	877	768
128	896	768	491	878	768
192	896	768	503	878	768
256	896	768	521	879	768
320	896	768	543	879	768
384	896	768	572	880	769
448	896	768	604	881	769
512	896	768	637	882	770
576	896	768	674	884	770
640	896	768	714	885	771
704	896	768	756	888	772
768	896	768	802	889	772
832	896	768	846	891	773
896	896	768	893	893	775
960	896	768	941	896	776
1023	896	768	986	899	778
0	960	768	514	938	774
64	960	768	515	938	774
128	960	768	521	939	774
192	960	768	533	939	774
256	960	768	549	940	774
320	960	768	571	940	775
384	960	768	598	941	775
448	960	768	627	942	775
512	960	768	659	943	776
576	960	768	695	945	777
640	960	768	734	947	778
704	960	768	776	949	778
768	960	768	819	950	779
832	960	768	863	952	780
896	960	768	908	955	781
960	960	768	954	957	783
1023	960	768	1000	960	784
0	1023	768	545	1001	781
64	1023	768	547	1001	781
128	1023	768	553	1002	781
192	1023	768	564	1002	781
256	1023	768	579	1002	781
320	1023	768	600	1003	781
384	1023	768	624	1004	782
448	1023	768	651	1005	783
512	1023	768	683	1006	783
576	1023	768	717	1007	784
640	1023	768	755	1009	784
704	1023	768	797	1011	785
768	1023	768	837	1012	786
832	1023	768	880	1014	787
896	1023	768	925	1016	788
960	1023	768	969	1018	790
1023	1023	768	1015	1021	791
0	0	832	171	32	790
64	0	832	177	38	790
128	0	832	198	44	790
192	0	832	231	53	790
256	0	832	272	63	791
320	0	832	319	80	791
384	0	832	369	91	792
448	0	832	420	104	792
512	0	832	472	119	792
576	0	832	524	133	793
640	0	832	578	147	793
704	0	832	630	161	793
768	0	832	683	176	794
832	0	832	736	189	795
896	0	832	793	203	796
960	0	832	846	218	797
1023	0	832	900	232	798
0	64	832	173	69	790
64	64	832	179	75	790
128	64	832	199	77	791
192	64	832	232	82	791
256	64	832	273	89	791
320	64	832	320	99	791
384	64	832	370	109	792
448	64	832	421	120	792
512	64	832	472	132	792
576	64	832	525	144	793
640	64	832	578	158	793
704	64	832	631	170	794
768	64	832	683	184	794
832	64	832	737	198	795
896	64	832	793	211	796
960	64	832	846	225	797
1023	64	832	900	238	798
0	128	832	179	132	791
64	128	832	185	132	791
128	128	832	205	134	791
192	128	832	237	137	792
256	128	832	277	142	792
320	128	832	323	147	792
384	128	832	373	153	792
448	128	832	423	162	792
512	128	832	474	170	793
576	128	832	526	179	794
640	128	832	580	190	794
704	128	832	632	200	794
768	128	832	685	212	795
832	128	832	738	223	795
896	128	832	794	235	796
960	128	832	847	247	798
1023	128	832	901	259	799
0	192	832	191	194	796
64	192	832	197	194	796
128	192	832	215	196	796
192	192	832	246	198	794
256	192	832	284	202	793
320	192	832	330	205	793
384	192	832	378	210	793
448	192	832	428	215	793
512	192	832	478	222	793
576	192	832	530	229	794
640	192	832	583	236	794
704	192	832	635	245	795
768	192	832	687	253	796
832	192	832	740	262	796
896	192	832	796	272	797
960	192	832	849	282	798
1023	192	832	902	292	800
0	256	832	208	258	797
64	256	832	213	258	797
128	256	832	230	259	796
192	256	832	259	261	795
256	256	832	295	263	793
320	256	832	339	266	794
384	256	832	386	270	794
448	256	832	434	274	794
512	256	832	484	279	794
576	256	832	535	284	795
640	256	832	587	290	795
704	256	832	639	297	796
768	256	832	690	304	797
832	256	832	743	311	798
896	256	832	799	318	799
960	256	832	853	327	800
1023	256	832	905	335	801
0	320	832	228	322	798
64	320	832	233	322	798
128	320	832	248	323	797
192	320	832	275	324	796
256	320	832	310	326	796
320	320	832	351	328	796
384	320	832	397	331	796
448	320	832	443	334	795
512	320	832	491	337	795
576	320	832	541	342	796
640	320	832	593	346	796
704	320	832	644	352	797
768	320	832	696	358	798
832	320	832	748	364	799
896	320	832	804	370	800
960	320	832	857	377	801
1023	320	832	909	385	802
0	384	832	252	385	799
64	384	832	256	386	799
128	384	832	270	386	798
192	384	832	294	388	797
256	384	832	327	389	797
320	384	832	366	391	797
384	384	832	409	393	797
448	384	832	454	395	797
512	384	832	501	398	797
576	384	832	550	402	797
640	384	832	601	405	798
704	384	832	651	410	799
768	384	832	702	414	800
832	384	832	755	419	801
896	384	832	809	425	802
960	384	832	862	430	803
1023	384	832	914	436	804
0	448	832	277	447	800
64	448	832	281	447	800
128	448	832	293	447	799
192	448	832	316	448	799
256	448	832	346	449	799
320	448	832	384	451	799
384	448	832	424	452	799
448	448	832	467	454	799
512	448	832	512	457	799
576	448	832	561	459	800
640	448	832	611	463	801
704	448	832	659	466	801
768	448	832	710	470	802
832	448	832	763	475	803
896	448	832	816	479	804
960	448	832	868	484	805
1023	448	832	920	489	806
0	512	832	304	507	801
64	512	832	308	507	801
128	512	832	319	508	801
192	512	832	340	509	801
256	512	832	368	510	801
320	512	832	403	511	801
384	512	832	441	512	802
448	512	832	482	514	802
512	512	832	526	516	802
576	512	832	573	519	803
640	512	832	621	522	803
704	512	832	669	525	804
768	512	832	719	528	805
832	512	832	772	532	806
896	512	832	823	537	807
960	512	832	875	540	807
1023	512	832	927	546	809
0	576	832	334	570	804
64	576	832	336	571	804
128	576	832	347	571	804
192	576	832	366	572	804
256	576	832	392	573	804
320	576	832	423	574	804
384	576	832	459	575	805
448	576	832	498	577	805
512	576	832	541	579	805
576	576	832	588	581	806
640	576	832	634	584	806
704	576	832	680	586	807
768	576	832	730	590	808
832	576	832	782	594	808
896	576	832	832	597	810
960	576	832	883	601	810
1023	576	832	935	606	812
0	640	832	363	632	808
64	640	832	366	632	808
128	640	832	376	632	808
192	640	832	393	633	808
256	640	832	416	633	808
320	640	832	446	634	808
384	640	832	479	635	808
448	640	832	517	637	808
512	640	832	559	638	809
576	640	832	604	640	809
640	640	832	647	642	810
704	640	832	693	644	810
768	640	832	742	647	811
832	640	832	794	650	812
896	640	832	843	653	813
960	640	832	893	656	814
1023	640	832	943	660	816
0	704	832	394	692	811
64	704	832	397	692	811
128	704	832	405	692	811
192	704	832	420	693	811
256	704	832	442	693	812
320	704	832	469	694	812
384	704	832	501	695	812
448	704	832	537	697	812
512	704	832	578	698	813
576	704	832	620	700	813
640	704	832	662	702	814
704	704	832	708	705	814
768	704	832	755	707	815
832	704	832	806	710	816
896	704	832	854	713	817
960	704	832	904	716	818
1023	704	832	953	720	819
0	768	832	424	754	815
64	768	832	426	754	815
128	768	832	434	754	815
192	768	832	448	755	816
256	768	832	468	755	816
320	768	832	494	756	816
384	768	832	524	757	816
448	768	832	559	759	816
512	768	832	598	760	817
576	768	832	637	762	817
640	768	832	679	764	818
704	768	832	723	767	818
768	768	832	771	769	819
832	768	832	818	772	820
896	768	832	867	775	821
960	768	832	916	778	822
1023	768	832	964	782	824
0	832	832	455	818	820
64	832	832	457	818	820
128	832	832	464	818	820
192	832	832	477	818	820
256	832	832	496	819	820
320	832	832	520	820	821
384	832	832	548	821	821
448	832	832	582	822	822
512	832	832	619	823	821
576	832	832	655	824	822
640	832	832	696	826	822
704	832	832	740	829	824
768	832	832	788	830	824
832	832	832	833	833	825
896	832	832	880	835	826
960	832	832	929	837	827
1023	832	832	976	841	828
0	896	832	486	878	825
64	896	832	488	878	825
128	896	832	494	878	825
192	896	832	506	879	826
256	896	832	524	879	826
320	896	832	547	880	826
384	896	832	574	881	826
448	896	832	606	882	827
512	896	832	639	883	827
576	896	832	676	885	827
640	896	832	716	887	828
704	896	832	759	889	829
768	896	832	805	891	829
832	896	832	849	893	831
896	896	832	895	895	832
960	896	832	943	898	833
1023	896	832	989	901	834
0	960	832	517	940	831
64	960	832	519	940	831
128	960	832	525	940	831
192	960	832	536	941	832
256	960	832	553	941	832
320	960	832	575	942	832
384	960	832	601	943	832
448	960	832	630	944	832
512	960	832	662	945	833
576	960	832	698	947	833
640	960	832	736	948	834
704	960	832	779	950	835
768	960	832	821	952	835
832	960	832	865	954	836
896	960	832	911	956	837
960	960	832	957	959	839
1023	960	832	1003	962	839
0	1023	832	548	1003	837
64	1023	832	550	1003	837
128	1023	832	556	1003	837
192	1023	832	567	1004	837
256	1023	832	583	1004	837
320	1023	832	603	1005	838
384	1023	832	627	1006	838
448	1023	832	654	1006	838
512	1023	832	685	1008	839
576	1023	832	720	1009	839
640	1023	832	757	1010	840
704	1023	832	799	1012	841
768	1023	832	839	1013	841
832	1023	832	882	1015	842
896	1023	832	927	1017	843
960	1023	832	971	1020	844
1023	1023	832	1017	1022	845
0	0	896	184	38	852
64	0	896	189	38	852
128	0	896	209	44	852
192	0	896	240	53	851
256	0	896	280	69	850
320	0	896	325	80	850
384	0	896	375	93	850
448	0	896	425	106	850
512	0	896	475	120	851
576	0	896	527	134	851
640	0	896	581	149	851
704	0	896	634	162	852
768	0	896	686	176	853
832	0	896	739	190	853
896	0	896	796	204	854
960	0	896	849	218	855
1023	0	896	902	232	856
0	64	896	186	75	852
64	64	896	191	75	852
128	64	896	210	77	852
192	64	896	242	82	851
256	64	896	281	91	851
320	64	896	326	99	850
384	64	896	375	111	851
448	64	896	425	120	850
512	64	896	476	133	851
576	64	896	528	145	851
640	64	896	581	159	851
704	64	896	634	172	852
768	64	896	686	185	853
832	64	896	739	198	853
896	64	896	796	212	854
960	64	896	849	225	855
1023	64	896	902	238	856
0	128	896	191	133	853
64	128	896	197	133	852
128	128	896	216	134	852
192	128	896	246	138	852
256	128	896	285	142	851
320	128	896	330	148	851
384	128	896	378	155	851
448	128	896	428	162	851
512	128	896	478	171	851
576	128	896	530	181	851
640	128	896	583	190	852
704	128	896	635	202	852
768	128	896	687	212	853
832	128	896	741	224	854
896	128	896	797	236	855
960	128	896	850	247	855
1023	128	896	903	259	857
0	192	896	202	195	853
64	192	896	208	196	853
128	192	896	225	197	853
192	192	896	255	199	853
256	192	896	292	202	851
320	192	896	336	206	851
384	192	896	384	211	852
448	192	896	432	216	852
512	192	896	482	223	852
576	192	896	533	229	852
640	192	896	586	237	852
704	192	896	638	245	853
768	192	896	690	255	854
832	192	896	743	264	854
896	192	896	799	273	855
960	192	896	852	283	856
1023	192	896	905	293	857
0	256	896	218	259	855
64	256	896	223	259	855
128	256	896	240	261	854
192	256	896	266	262	854
256	256	896	302	265	852
320	256	896	345	267	852
384	256	896	392	271	853
448	256	896	439	275	853
512	256	896	488	280	852
576	256	896	538	285	853
640	256	896	591	291	854
704	256	896	642	298	854
768	256	896	694	305	855
832	256	896	747	312	855
896	256	896	802	320	856
960	256	896	855	328	857
1023	256	896	908	336	858
0	320	896	238	323	855
64	320	896	242	323	855
128	320	896	257	324	855
192	320	896	282	325	854
256	320	896	317	327	853
320	320	896	357	329	853
384	320	896	401	332	853
448	320	896	447	335	853
512	320	896	495	339	853
576	320	896	545	343	854
640	320	896	597	348	855
704	320	896	647	353	855
768	320	896	699	359	856
832	320	896	752	365	857
896	320	896	807	371	857
960	320	896	859	378	858
1023	320	896	912	385	859
0	384	896	259	387	859
64	384	896	263	387	859
128	384	896	277	387	859
192	384	896	300	388	855
256	384	896	333	390	855
320	384	896	371	391	855
384	384	896	413	394	855
448	384	896	458	396	855
512	384	896	505	399	855
576	384	896	553	402	855
640	384	896	605	407	856
704	384	896	654	411	857
768	384	896	705	415	858
832	384	896	758	420	859
896	384	896	812	426	860
960	384	896	864	431	860
1023	384	896	917	437	861
0	448	896	284	447	860
64	448	896	288	448	860
128	448	896	300	448	856
192	448	896	322	449	856
256	448	896	352	450	856
320	448	896	388	451	857
384	448	896	428	453	856
448	448	896	471	455	857
512	448	896	516	458	857
576	448	896	564	460	857
640	448	896	614	464	858
704	448	896	662	467	859
768	448	896	713	471	859
832	448	896	766	476	860
896	448	896	818	480	861
960	448	896	870	485	863
1023	448	896	923	490	863
0	512	896	311	508	859
64	512	896	314	509	859
128	512	896	326	509	859
192	512	896	346	510	859
256	512	896	373	510	859
320	512	896	407	512	859
384	512	896	445	513	859
448	512	896	486	515	859
512	512	896	530	517	860
576	512	896	577	520	860
640	512	896	625	523	861
704	512	896	672	526	861
768	512	896	722	530	862
832	512	896	775	534	863
896	512	896	825	537	864
960	512	896	878	542	865
1023	512	896	930	547	866
0	576	896	339	572	861
64	576	896	342	572	861
128	576	896	353	572	861
192	576	896	371	573	861
256	576	896	397	574	862
320	576	896	428	575	861
384	576	896	463	576	862
448	576	896	502	578	862
512	576	896	545	580	863
576	576	896	591	582	863
640	576	896	636	585	863
704	576	896	683	588	864
768	576	896	733	591	865
832	576	896	785	595	866
896	576	896	835	598	867
960	576	896	886	602	868
1023	576	896	937	607	869
0	640	896	368	633	864
64	640	896	372	633	864
128	640	896	381	633	864
192	640	896	398	634	864
256	640	896	421	634	864
320	640	896	450	635	865
384	640	896	483	636	866
448	640	896	521	638	866
512	640	896	562	640	866
576	640	896	607	641	867
640	640	896	650	643	867
704	640	896	697	646	868
768	640	896	745	648	869
832	640	896	796	651	869
896	640	896	845	654	870
960	640	896	895	657	871
1023	640	896	946	661	872
0	704	896	399	693	869
64	704	896	402	693	869
128	704	896	410	694	869
192	704	896	425	694	869
256	704	896	446	695	869
320	704	896	473	696	869
384	704	896	505	697	869
448	704	896	541	698	870
512	704	896	581	700	870
576	704	896	623	702	870
640	704	896	665	704	871
704	704	896	710	705	872
768	704	896	758	708	872
832	704	896	808	711	873
896	704	896	857	714	874
960	704	896	906	717	875
1023	704	896	955	720	876
0	768	896	429	756	873
64	768	896	431	756	873
128	768	896	439	756	873
192	768	896	452	756	873
256	768	896	472	757	873
320	768	896	497	758	873
384	768	896	527	759	873
448	768	896	562	760	874
512	768	896	601	762	874
576	768	896	640	763	874
640	768	896	682	766	875
704	768	896	726	768	875
768	768	896	773	770	876
832	768	896	820	773	877
896	768	896	869	776	878
960	768	896	918	779	879
1023	768	896	965	782	880
0	832	896	459	819	877
64	832	896	461	819	877
128	832	896	468	819	877
192	832	896	481	819	877
256	832	896	499	820	877
320	832	896	523	821	877
384	832	896	552	822	878
448	832	896	585	823	878
512	832	896	621	824	878
576	832	896	658	825	878
640	832	896	699	827	879
704	832	896	742	829	880
768	832	896	790	832	881
832	832	896	835	833	882
896	832	896	882	836	882
960	832	896	931	839	884
1023	832	896	978	842	885
0	896	896	489	879	882
64	896	896	491	879	882
128	896	896	498	880	882
192	896	896	510	880	882
256	896	896	527	880	882
320	896	896	549	881	882
384	896	896	577	882	882
448	896	896	609	883	883
512	896	896	642	884	883
576	896	896	679	886	884
640	896	896	718	887	884
704	896	896	761	889	885
768	896	896	806	891	886
832	896	896	850	893	886
896	896	896	897	895	887
960	896	896	944	897	888
1023	896	896	990	901	890
0	960	896	520	941	887
64	960	896	522	941	887
128	960	896	528	941	887
192	960	896	539	941	887
256	960	896	556	942	887
320	960	896	578	943	887
384	960	896	604	943	888
448	960	896	632	944	888
512	960	896	664	946	888
576	960	896	700	947	889
640	960	896	738	949	890
704	960	896	781	950	890
768	960	896	823	952	891
832	960	896	867	954	891
896	960	896	912	956	892
960	960	896	958	959	893
1023	960	896	1004	962	895
0	1023	896	551	1004	892
64	1023	896	553	1004	892
128	1023	896	559	1004	892
192	1023	896	570	1004	892
256	1023	896	585	1005	893
320	1023	896	606	1005	893
384	1023	896	629	1006	893
448	1023	896	656	1007	893
512	1023	896	687	1008	894
576	1023	896	721	1009	894
640	1023	896	759	1011	895
704	1023	896	801	1012	896
768	1023	896	841	1014	896
832	1023	896	884	1015	897
896	1023	896	928	1017	898
960	1023	896	973	1020	899
1023	1023	896	1019	1023	900
0	0	960	195	38	912
64	0	960	201	44	912
128	0	960	218	48	912
192	0	960	248	57	911
256	0	960	285	69	909
320	0	960	331	82	909
384	0	960	379	93	909
448	0	960	429	108	909
512	0	960	479	120	909
576	0	960	530	134	909
640	0	960	584	149	910
704	0	960	636	162	910
768	0	960	688	177	911
832	0	960	741	191	912
896	0	960	797	205	913
960	0	960	851	219	913
1023	0	960	904	233	914
0	64	960	197	75	912
64	64	960	202	75	912
128	64	960	220	80	912
192	64	960	249	85	911
256	64	960	286	91	910
320	64	960	331	99	909
384	64	960	380	111	909
448	64	960	430	122	909
512	64	960	479	134	909
576	64	960	531	145	910
640	64	960	584	159	910
704	64	960	636	172	910
768	64	960	688	186	911
832	64	960	742	198	912
896	64	960	798	212	913
960	64	960	851	225	913
1023	64	960	904	239	914
0	128	960	203	133	912
64	128	960	208	133	912
128	128	960	225	136	912
192	128	960	254	139	911
256	128	960	291	143	910
320	128	960	335	148	910
384	128	960	383	156	910
448	128	960	432	163	910
512	128	960	482	172	910
576	128	960	533	181	910
640	128	960	586	191	910
704	128	960	638	202	911
768	128	960	690	212	911
832	128	960	743	224	912
896	128	960	799	236	913
960	128	960	852	248	914
1023	128	960	905	260	915
0	192	960	214	196	913
64	192	960	218	196	913
128	192	960	235	198	913
192	192	960	262	199	912
256	192	960	298	203	910
320	192	960	341	206	910
384	192	960	388	212	910
448	192	960	436	216	910
512	192	960	486	223	910
576	192	960	536	230	910
640	192	960	589	238	911
704	192	960	640	246	912
768	192	960	692	255	912
832	192	960	745	263	913
896	192	960	801	273	914
960	192	960	854	283	914
1023	192	960	907	293	915
0	256	960	228	260	914
64	256	960	232	260	914
128	256	960	248	261	913
192	256	960	274	262	913
256	256	960	309	265	911
320	256	960	350	268	911
384	256	960	396	271	911
448	256	960	443	275	911
512	256	960	491	280	911
576	256	960	541	285	911
640	256	960	594	291	912
704	256	960	644	297	912
768	256	960	696	305	913
832	256	960	749	312	914
896	256	960	804	320	915
960	256	960	857	328	915
1023	256	960	909	336	916
0	320	960	247	323	914
64	320	960	250	324	914
128	320	960	265	324	913
192	320	960	289	326	911
256	320	960	322	327	912
320	320	960	362	330	912
384	320	960	406	332	912
448	320	960	451	335	912
512	320	960	499	339	912
576	320	960	548	343	912
640	320	960	600	348	913
704	320	960	650	353	913
768	320	960	701	359	914
832	320	960	754	365	915
896	320	960	808	371	916
960	320	960	861	378	917
1023	320	960	913	385	917
0	384	960	267	386	916
64	384	960	270	387	916
128	384	960	284	388	916
192	384	960	307	388	913
256	384	960	338	390	913
320	384	960	376	392	913
384	384	960	418	394	913
448	384	960	462	397	913
512	384	960	508	399	913
576	384	960	557	403	914
640	384	960	608	407	914
704	384	960	656	411	915
768	384	960	708	416	916
832	384	960	760	420	916
896	384	960	813	425	917
960	384	960	866	431	918
1023	384	960	918	437	919
0	448	960	290	447	914
64	448	960	294	447	914
128	448	960	307	448	914
192	448	960	328	449	915
256	448	960	357	450	915
320	448	960	393	452	915
384	448	960	432	454	915
448	448	960	475	455	915
512	448	960	520	458	915
576	448	960	567	461	916
640	448	960	617	464	916
704	448	960	665	467	917
768	448	960	715	471	918
832	448	960	768	475	918
896	448	960	820	480	919
960	448	960	872	485	920
1023	448	960	924	490	922
0	512	960	317	508	917
64	512	960	320	508	917
128	512	960	331	509	917
192	512	960	351	510	917
256	512	960	379	511	917
320	512	960	412	512	917
384	512	960	449	514	917
448	512	960	489	516	917
512	512	960	533	518	918
576	512	960	580	520	918
640	512	960	627	523	918
704	512	960	675	526	919
768	512	960	724	530	920
832	512	960	777	534	921
896	512	960	827	538	922
960	512	960	879	542	922
1023	512	960	931	547	924
0	576	960	345	572	919
64	576	960	348	572	919
128	576	960	358	572	919
192	576	960	376	573	920
256	576	960	401	574	919
320	576	960	431	575	920
384	576	960	467	576	920
448	576	960	506	578	920
512	576	960	548	580	921
576	576	960	594	583	921
640	576	960	639	585	922
704	576	960	686	588	922
768	576	960	734	591	923
832	576	960	787	595	924
896	576	960	836	598	924
960	576	960	888	603	925
1023	576	960	939	607	927
0	640	960	373	633	922
64	640	960	376	633	922
128	640	960	385	633	923
192	640	960	402	634	923
256	640	960	425	635	923
320	640	960	453	636	923
384	640	960	487	637	923
448	640	960	524	638	923
512	640	960	565	640	924
576	640	960	610	642	924
640	640	960	653	643	925
704	640	960	699	646	925
768	640	960	747	649	926
832	640	960	798	651	927
896	640	960	847	654	927
960	640	960	897	658	929
1023	640	960	947	661	930
0	704	960	403	693	926
64	704	960	406	693	926
128	704	960	414	693	926
192	704	960	429	694	926
256	704	960	450	694	926
320	704	960	476	695	927
384	704	960	508	697	926
448	704	960	543	698	927
512	704	960	584	700	927
576	704	960	625	702	928
640	704	960	667	704	928
704	704	960	713	706	929
768	704	960	760	709	929
832	704	960	809	711	930
896	704	960	858	714	931
960	704	960	908	717	932
1023	704	960	957	721	933
0	768	960	432	755	930
64	768	960	435	755	930
128	768	960	442	756	930
192	768	960	456	756	930
256	768	960	476	757	930
320	768	960	501	758	931
384	768	960	531	759	931
448	768	960	565	761	930
512	768	960	603	762	931
576	768	960	642	763	931
640	768	960	683	765	932
704	768	960	728	768	933
768	768	960	775	771	934
832	768	960	822	773	934
896	768	960	870	776	935
960	768	960	919	779	936
1023	768	960	967	783	937
0	832	960	462	819	934
64	832	960	465	819	934
128	832	960	471	820	934
192	832	960	484	820	934
256	832	960	502	820	934
320	832	960	526	821	935
384	832	960	555	822	935
448	832	960	588	823	935
512	832	960	624	824	935
576	832	960	661	826	936
640	832	960	701	827	936
704	832	960	744	830	938
768	832	960	792	832	938
832	832	960	837	834	939
896	832	960	884	836	939
960	832	960	932	839	940
1023	832	960	979	842	941
0	896	960	493	880	939
64	896	960	495	880	939
128	896	960	501	880	939
192	896	960	513	881	939
256	896	960	530	881	940
320	896	960	553	882	940
384	896	960	581	883	940
448	896	960	612	884	940
512	896	960	645	885	940
576	896	960	681	886	941
640	896	960	720	888	941
704	896	960	763	890	942
768	896	960	808	891	942
832	896	960	853	894	943
896	896	960	898	895	944
960	896	960	946	898	945
1023	896	960	992	901	946
0	960	960	523	941	944
64	960	960	525	941	944
128	960	960	531	942	944
192	960	960	542	942	944
256	960	960	559	942	944
320	960	960	580	943	944
384	960	960	606	944	944
448	960	960	635	945	945
512	960	960	666	946	945
576	960	960	702	947	946
640	960	960	740	949	946
704	960	960	783	951	947
768	960	960	825	953	947
832	960	960	869	955	948
896	960	960	914	957	949
960	960	960	960	960	950
1023	960	960	1005	963	951
0	1023	960	554	1004	949
64	1023	960	556	1004	949
128	1023	960	562	1005	949
192	1023	960	573	1005	949
256	1023	960	588	1005	949
320	1023	960	609	1006	949
384	1023	960	632	1007	950
448	1023	960	658	1008	950
512	1023	960	689	1009	950
576	1023	960	724	1010	951
640	1023	960	762	1012	951
704	1023	960	803	1013	952
768	1023	960	843	1014	952
832	1023	960	886	1016	953
896	1023	960	930	1018	954
960	1023	960	975	1021	955
1023	1023	960	1020	1023	956
0	0	1023	206	44	971
64	0	1023	212	44	971
128	0	1023	230	48	970
192	0	1023	256	57	969
256	0	1023	293	72	967
320	0	1023	337	82	967
384	0	1023	384	95	967
448	0	1023	433	108	967
512	0	1023	483	120	967
576	0	1023	534	136	968
640	0	1023	587	150	968
704	0	1023	639	163	968
768	0	1023	691	177	969
832	0	1023	744	191	970
896	0	1023	800	205	971
960	0	1023	853	219	971
1023	0	1023	906	233	973
0	64	1023	208	77	971
64	64	1023	213	77	971
128	64	1023	230	80	970
192	64	1023	258	85	969
256	64	1023	294	93	967
320	64	1023	338	101	967
384	64	1023	385	111	967
448	64	1023	433	122	967
512	64	1023	483	134	967
576	64	1023	534	148	968
640	64	1023	588	159	968
704	64	1023	639	173	968
768	64	1023	691	186	969
832	64	1023	744	199	970
896	64	1023	800	212	971
960	64	1023	853	225	971
1023	64	1023	906	239	973
0	128	1023	214	134	971
64	128	1023	219	134	971
128	128	1023	235	136	970
192	128	1023	262	139	969
256	128	1023	298	143	968
320	128	1023	341	149	968
384	128	1023	388	156	967
448	128	1023	436	163	967
512	128	1023	485	172	967
576	128	1023	536	182	968
640	128	1023	589	191	968
704	128	1023	640	202	969
768	128	1023	692	213	970
832	128	1023	745	225	970
896	128	1023	801	236	971
960	128	1023	854	248	972
1023	128	1023	907	260	973
0	192	1023	224	196	971
64	192	1023	228	197	971
128	192	1023	244	198	971
192	192	1023	270	200	970
256	192	1023	305	202	968
320	192	1023	347	206	968
384	192	1023	393	212	968
448	192	1023	440	217	968
512	192	1023	489	223	968
576	192	1023	539	230	969
640	192	1023	592	238	969
704	192	1023	643	246	969
768	192	1023	695	255	970
832	192	1023	748	265	971
896	192	1023	803	274	972
960	192	1023	856	284	972
1023	192	1023	909	294	973
0	256	1023	238	260	972
64	256	1023	242	260	972
128	256	1023	256	261	971
192	256	1023	281	263	970
256	256	1023	315	265	969
320	256	1023	356	267	969
384	256	1023	401	271	969
448	256	1023	447	276	969
512	256	1023	495	280	969
576	256	1023	545	286	970
640	256	1023	597	292	970
704	256	1023	647	298	970
768	256	1023	699	305	971
832	256	1023	751	312	972
896	256	1023	806	320	972
960	256	1023	859	328	973
1023	256	1023	912	337	974
0	320	1023	255	324	971
64	320	1023	259	324	971
128	320	1023	272	324	970
192	320	1023	296	326	969
256	320	1023	328	327	969
320	320	1023	368	330	970
384	320	1023	410	333	970
448	320	1023	455	335	970
512	320	1023	502	339	970
576	320	1023	552	344	970
640	320	1023	603	348	971
704	320	1023	652	353	971
768	320	1023	703	359	972
832	320	1023	756	365	973
896	320	1023	810	372	973
960	320	1023	863	378	974
1023	320	1023	915	385	975
0	384	1023	274	387	973
64	384	1023	278	387	973
128	384	1023	291	388	971
192	384	1023	314	389	971
256	384	1023	344	390	971
320	384	1023	382	392	971
384	384	1023	422	394	971
448	384	1023	466	397	971
512	384	1023	512	400	971
576	384	1023	560	403	972
640	384	1023	611	408	972
704	384	1023	659	411	973
768	384	1023	710	415	974
832	384	1023	762	420	974
896	384	1023	815	425	975
960	384	1023	868	431	976
1023	384	1023	920	437	977
0	448	1023	298	448	972
64	448	1023	301	448	972
128	448	1023	313	448	972
192	448	1023	334	449	972
256	448	1023	363	450	972
320	448	1023	398	452	972
384	448	1023	436	454	973
448	448	1023	478	456	973
512	448	1023	523	458	973
576	448	1023	571	461	973
640	448	1023	619	464	974
704	448	1023	667	467	974
768	448	1023	717	471	975
832	448	1023	770	476	976
896	448	1023	822	480	977
960	448	1023	874	485	978
1023	448	1023	926	491	979
0	512	1023	323	509	974
64	512	1023	327	509	974
128	512	1023	337	509	974
192	512	1023	357	510	974
256	512	1023	384	511	975
320	512	1023	416	512	975
384	512	1023	453	514	975
448	512	1023	493	516	975
512	512	1023	536	518	975
576	512	1023	583	520	976
640	512	1023	630	523	976
704	512	1023	677	526	977
768	512	1023	727	530	978
832	512	1023	779	534	978
896	512	1023	829	538	979
960	512	1023	881	542	980
1023	512	1023	932	547	981
0	576	1023	350	572	977
64	576	1023	353	572	977
128	576	1023	364	573	977
192	576	1023	381	573	977
256	576	1023	406	574	977
320	576	1023	436	575	977
384	576	1023	471	577	977
448	576	1023	509	579	978
512	576	1023	552	581	978
576	576	1023	597	583	978
640	576	1023	642	585	979
704	576	1023	688	588	980
768	576	1023	737	592	980
832	576	1023	790	595	981
896	576	1023	839	599	982
960	576	1023	889	603	982
1023	576	1023	940	607	983
0	640	1023	379	634	980
64	640	1023	382	634	980
128	640	1023	391	634	980
192	640	1023	407	634	980
256	640	1023	429	635	980
320	640	1023	457	636	980
384	640	1023	490	637	980
448	640	1023	527	638	981
512	640	1023	568	640	981
576	640	1023	612	642	981
640	640	1023	655	644	982
704	640	1023	701	646	982
768	640	1023	750	649	983
832	640	1023	800	651	984
896	640	1023	849	654	985
960	640	1023	899	657	986
1023	640	1023	949	661	987
0	704	1023	408	694	983
64	704	1023	410	694	983
128	704	1023	419	694	983
192	704	1023	433	695	983
256	704	1023	454	695	984
320	704	1023	481	696	983
384	704	1023	511	697	983
448	704	1023	547	699	984
512	704	1023	587	700	984
576	704	1023	628	702	985
640	704	1023	670	704	985
704	704	1023	715	706	986
768	704	1023	762	709	986
832	704	1023	811	711	987
896	704	1023	861	715	988
960	704	1023	909	717	988
1023	704	1023	958	721	990
0	768	1023	436	756	986
64	768	1023	438	756	986
128	768	1023	446	756	987
192	768	1023	460	756	987
256	768	1023	479	757	987
320	768	1023	504	758	987
384	768	1023	533	759	987
448	768	1023	568	760	987
512	768	1023	606	762	988
576	768	1023	644	764	988
640	768	1023	686	766	989
704	768	1023	730	768	989
768	768	1023	777	770	990
832	768	1023	824	773	990
896	768	1023	872	776	991
960	768	1023	921	779	992
1023	768	1023	968	783	993
0	832	1023	466	819	990
64	832	1023	468	819	990
128	832	1023	475	819	990
192	832	1023	488	820	991
256	832	1023	506	821	991
320	832	1023	530	821	991
384	832	1023	558	823	991
448	832	1023	591	824	992
512	832	1023	626	825	992
576	832	1023	663	826	992
640	832	1023	704	829	992
704	832	1023	746	829	993
768	832	1023	794	833	995
832	832	1023	839	835	995
896	832	1023	886	837	996
960	832	1023	935	840	997
1023	832	1023	981	842	998
0	896	1023	496	880	996
64	896	1023	498	880	996
128	896	1023	505	880	996
192	896	1023	516	881	996
256	896	1023	533	881	996
320	896	1023	556	882	996
384	896	1023	583	883	996
448	896	1023	614	883	996
512	896	1023	647	885	996
576	896	1023	683	886	997
640	896	1023	722	888	997
704	896	1023	765	890	998
768	896	1023	810	892	998
832	896	1023	854	894	999
896	896	1023	900	896	1000
960	896	1023	948	899	1001
1023	896	1023	994	902	1002
0	960	1023	527	942	1000
64	960	1023	529	942	1000
128	960	1023	535	943	1000
192	960	1023	546	943	1000
256	960	1023	563	944	1000
320	960	1023	584	944	1000
384	960	1023	610	945	1000
448	960	1023	638	946	1001
512	960	1023	669	947	1001
576	960	1023	704	948	1001
640	960	1023	743	950	1002
704	960	1023	785	952	1003
768	960	1023	827	954	1003
832	960	1023	871	955	1003
896	960	1023	916	958	1005
960	960	1023	962	961	1006
1023	960	1023	1008	964	1006
0	1023	1023	558	1005	1005
64	1023	1023	560	1005	1005
128	1023	1023	565	1006	1005
192	1023	1023	576	1006	1005
256	1023	1023	591	1006	1005
320	1023	1023	611	1007	1005
384	1023	1023	634	1007	1005
448	1023	1023	661	1008	1005
512	1023	1023	692	1009	1006
576	1023	1023	726	1011	1006
640	1023	1023	764	1012	1007
704	1023	1023	805	1014	1007
768	1023	1023	845	1015	1008
832	1023	1023	887	1017	1008
896	1023	1023	933	1019	1009
960	1023	1023	977	1021	1010
1023	1023	1023	1022	1023	1011
